image_path,label,class_name,width,height,file_size,is_valid,is_small,is_exact_duplicate,is_phash_duplicate,blur_score,brightness_mean,contrast_std,is_blurry,is_too_dark,is_too_bright,is_low_contrast,is_low_quality,error,file_hash,phash
data/dataset/algal_spot/20211226_102756 - Copy (3).jpg,0,algal_spot,256,256,5088,True,False,True,True,156.42188778868876,155.6551971435547,59.89472110902172,False,False,False,False,False,,3137322b4f3ef9a820795fe44444a827d815b3cc17c11897f39f2dc8f08b55f4,faaa85a07e1fa1e0
data/dataset/algal_spot/20211226_102756 - Copy.jpg,0,algal_spot,256,256,5088,True,False,True,True,156.42188778868876,155.6551971435547,59.89472110902172,False,False,False,False,False,,3137322b4f3ef9a820795fe44444a827d815b3cc17c11897f39f2dc8f08b55f4,faaa85a07e1fa1e0
data/dataset/algal_spot/20211226_102756.jpg,0,algal_spot,256,256,5088,True,False,True,True,156.42188778868876,155.6551971435547,59.89472110902172,False,False,False,False,False,,3137322b4f3ef9a820795fe44444a827d815b3cc17c11897f39f2dc8f08b55f4,faaa85a07e1fa1e0
data/dataset/algal_spot/20211226_102837 - Copy (3).jpg,0,algal_spot,256,256,5735,True,False,True,True,236.31347784562968,175.28042602539062,69.55354917294211,False,False,False,False,False,,023335e8675d1ad1355f9b95096448a2dc87cce3a40b62fdc588cef9011e1ebe,ea94956a5aa169d6
data/dataset/algal_spot/20211226_102837 - Copy.jpg,0,algal_spot,256,256,5735,True,False,True,True,236.31347784562968,175.28042602539062,69.55354917294211,False,False,False,False,False,,023335e8675d1ad1355f9b95096448a2dc87cce3a40b62fdc588cef9011e1ebe,ea94956a5aa169d6
data/dataset/algal_spot/20211226_102837.jpg,0,algal_spot,256,256,5735,True,False,True,True,236.31347784562968,175.28042602539062,69.55354917294211,False,False,False,False,False,,023335e8675d1ad1355f9b95096448a2dc87cce3a40b62fdc588cef9011e1ebe,ea94956a5aa169d6
data/dataset/algal_spot/20211226_102904 - Copy (3).jpg,0,algal_spot,256,256,5227,True,False,True,True,214.0048457235098,153.5358428955078,67.27655228972364,False,False,False,False,False,,8691357161ad41f3069e19ef3bc993ba22e7f2420ea46f939221fdab784db026,ffaa80505fa6e0d4
data/dataset/algal_spot/20211226_102904 - Copy.jpg,0,algal_spot,256,256,5227,True,False,True,True,214.0048457235098,153.5358428955078,67.27655228972364,False,False,False,False,False,,8691357161ad41f3069e19ef3bc993ba22e7f2420ea46f939221fdab784db026,ffaa80505fa6e0d4
data/dataset/algal_spot/20211226_102904.jpg,0,algal_spot,256,256,5227,True,False,True,True,214.0048457235098,153.5358428955078,67.27655228972364,False,False,False,False,False,,8691357161ad41f3069e19ef3bc993ba22e7f2420ea46f939221fdab784db026,ffaa80505fa6e0d4
data/dataset/algal_spot/20211226_102949 - Copy (3).jpg,0,algal_spot,256,256,5126,True,False,True,True,236.92227919003926,172.8451385498047,71.10625354839108,False,False,False,False,False,,404338eed7f92a581a9cb5bcff52fadc5fbeac5174b1047fa646f233a34dcf82,fe2bc1906e4bb03c
data/dataset/algal_spot/20211226_102949 - Copy.jpg,0,algal_spot,256,256,5126,True,False,True,True,236.92227919003926,172.8451385498047,71.10625354839108,False,False,False,False,False,,404338eed7f92a581a9cb5bcff52fadc5fbeac5174b1047fa646f233a34dcf82,fe2bc1906e4bb03c
data/dataset/algal_spot/20211226_102949.jpg,0,algal_spot,256,256,5126,True,False,True,True,236.92227919003926,172.8451385498047,71.10625354839108,False,False,False,False,False,,404338eed7f92a581a9cb5bcff52fadc5fbeac5174b1047fa646f233a34dcf82,fe2bc1906e4bb03c
data/dataset/algal_spot/20211226_103212 - Copy (3).jpg,0,algal_spot,256,256,6323,True,False,True,True,342.43464644416235,155.34043884277344,77.88747598450668,False,False,False,False,False,,75d5ccd4e175d5fe3c710d36bf2b7877e301dd2d2ceedec5797a5725c5d7a4ad,eaaa855e5f626885
data/dataset/algal_spot/20211226_103212 - Copy.jpg,0,algal_spot,256,256,6323,True,False,True,True,342.43464644416235,155.34043884277344,77.88747598450668,False,False,False,False,False,,75d5ccd4e175d5fe3c710d36bf2b7877e301dd2d2ceedec5797a5725c5d7a4ad,eaaa855e5f626885
data/dataset/algal_spot/20211226_103212.jpg,0,algal_spot,256,256,6323,True,False,True,True,342.43464644416235,155.34043884277344,77.88747598450668,False,False,False,False,False,,75d5ccd4e175d5fe3c710d36bf2b7877e301dd2d2ceedec5797a5725c5d7a4ad,eaaa855e5f626885
data/dataset/algal_spot/20211226_103244 - Copy (3).jpg,0,algal_spot,256,256,4693,True,False,True,True,191.830882727867,172.19845581054688,65.84368938586029,False,False,False,False,False,,19cfca986498ba7b8dc9d7a5a93f6be20b19431fe1d74ae05859a090c3033044,fbaa84b06e4ab1ac
data/dataset/algal_spot/20211226_103244 - Copy.jpg,0,algal_spot,256,256,4693,True,False,True,True,191.830882727867,172.19845581054688,65.84368938586029,False,False,False,False,False,,19cfca986498ba7b8dc9d7a5a93f6be20b19431fe1d74ae05859a090c3033044,fbaa84b06e4ab1ac
data/dataset/algal_spot/20211226_103244.jpg,0,algal_spot,256,256,4693,True,False,True,True,191.830882727867,172.19845581054688,65.84368938586029,False,False,False,False,False,,19cfca986498ba7b8dc9d7a5a93f6be20b19431fe1d74ae05859a090c3033044,fbaa84b06e4ab1ac
data/dataset/algal_spot/20211226_103338 - Copy (3).jpg,0,algal_spot,256,256,4774,True,False,True,True,188.659591663396,178.99996948242188,61.57631234842429,False,False,False,False,False,,40e65b7aac200faf633a085e725384b1933a1deaa47526c2bd8b4b7e6f31799a,ff90c06a2fb5b04a
data/dataset/algal_spot/20211226_103338 - Copy.jpg,0,algal_spot,256,256,4774,True,False,True,True,188.659591663396,178.99996948242188,61.57631234842429,False,False,False,False,False,,40e65b7aac200faf633a085e725384b1933a1deaa47526c2bd8b4b7e6f31799a,ff90c06a2fb5b04a
data/dataset/algal_spot/20211226_103338.jpg,0,algal_spot,256,256,4774,True,False,True,True,188.659591663396,178.99996948242188,61.57631234842429,False,False,False,False,False,,40e65b7aac200faf633a085e725384b1933a1deaa47526c2bd8b4b7e6f31799a,ff90c06a2fb5b04a
data/dataset/algal_spot/20211226_103354 - Copy (3).jpg,0,algal_spot,256,256,5485,True,False,True,True,222.5427691449877,177.79942321777344,66.40458044985326,False,False,False,False,False,,163d73ad62c65d2caabd7450feb11f70e87b0db3833dc1794f86a3c06d72153d,fa90812e7ee1a19e
data/dataset/algal_spot/20211226_103354 - Copy.jpg,0,algal_spot,256,256,5485,True,False,True,True,222.5427691449877,177.79942321777344,66.40458044985326,False,False,False,False,False,,163d73ad62c65d2caabd7450feb11f70e87b0db3833dc1794f86a3c06d72153d,fa90812e7ee1a19e
data/dataset/algal_spot/20211226_103354.jpg,0,algal_spot,256,256,5485,True,False,True,True,222.5427691449877,177.79942321777344,66.40458044985326,False,False,False,False,False,,163d73ad62c65d2caabd7450feb11f70e87b0db3833dc1794f86a3c06d72153d,fa90812e7ee1a19e
data/dataset/algal_spot/20211226_103431 - Copy (3).jpg,0,algal_spot,256,256,5024,True,False,True,True,194.00727030052803,155.94105529785156,67.11675432551125,False,False,False,False,False,,142f8950851d9d92578cc295fd8d53b2fe9e523495debd6d2529847944a837f5,f8aa87687a9721d2
data/dataset/algal_spot/20211226_103431 - Copy.jpg,0,algal_spot,256,256,5024,True,False,True,True,194.00727030052803,155.94105529785156,67.11675432551125,False,False,False,False,False,,142f8950851d9d92578cc295fd8d53b2fe9e523495debd6d2529847944a837f5,f8aa87687a9721d2
data/dataset/algal_spot/20211226_103431.jpg,0,algal_spot,256,256,5024,True,False,True,True,194.00727030052803,155.94105529785156,67.11675432551125,False,False,False,False,False,,142f8950851d9d92578cc295fd8d53b2fe9e523495debd6d2529847944a837f5,f8aa87687a9721d2
data/dataset/algal_spot/20211226_103528 - Copy (3).jpg,0,algal_spot,256,256,4998,True,False,True,True,155.72795098251663,175.46165466308594,64.99979971495871,False,False,False,False,False,,390afd930588064e5fbd993bde00e893a136a404874296c7e4cd94ac6f18618c,faaa85975e5a6029
data/dataset/algal_spot/20211226_103528 - Copy.jpg,0,algal_spot,256,256,4998,True,False,True,True,155.72795098251663,175.46165466308594,64.99979971495871,False,False,False,False,False,,390afd930588064e5fbd993bde00e893a136a404874296c7e4cd94ac6f18618c,faaa85975e5a6029
data/dataset/algal_spot/20211226_103528.jpg,0,algal_spot,256,256,4998,True,False,True,True,155.72795098251663,175.46165466308594,64.99979971495871,False,False,False,False,False,,390afd930588064e5fbd993bde00e893a136a404874296c7e4cd94ac6f18618c,faaa85975e5a6029
data/dataset/algal_spot/20211226_103558 - Copy (3).jpg,0,algal_spot,256,256,7968,True,False,True,True,571.4741955117788,153.98609924316406,73.39190596940966,False,False,False,False,False,,77bea9c6b50c3f1715760060687c604e38826b5be0d10faa79b24df3735bb4e8,eaa0950f5ff82ac1
data/dataset/algal_spot/20211226_103558 - Copy.jpg,0,algal_spot,256,256,7968,True,False,True,True,571.4741955117788,153.98609924316406,73.39190596940966,False,False,False,False,False,,77bea9c6b50c3f1715760060687c604e38826b5be0d10faa79b24df3735bb4e8,eaa0950f5ff82ac1
data/dataset/algal_spot/20211226_103558.jpg,0,algal_spot,256,256,7968,True,False,True,True,571.4741955117788,153.98609924316406,73.39190596940966,False,False,False,False,False,,77bea9c6b50c3f1715760060687c604e38826b5be0d10faa79b24df3735bb4e8,eaa0950f5ff82ac1
data/dataset/algal_spot/20211226_103611 - Copy (3).jpg,0,algal_spot,256,256,5501,True,False,True,True,224.37014692183584,179.60696411132812,66.31342825499856,False,False,False,False,False,,8d3f75f7a76e7cfa21a08be4e84fc66c20bf60e1cf82c79620c7bbb481211e3b,ea9495685ea5e0da
data/dataset/algal_spot/20211226_103611 - Copy.jpg,0,algal_spot,256,256,5501,True,False,True,True,224.37014692183584,179.60696411132812,66.31342825499856,False,False,False,False,False,,8d3f75f7a76e7cfa21a08be4e84fc66c20bf60e1cf82c79620c7bbb481211e3b,ea9495685ea5e0da
data/dataset/algal_spot/20211226_103611.jpg,0,algal_spot,256,256,5501,True,False,True,True,224.37014692183584,179.60696411132812,66.31342825499856,False,False,False,False,False,,8d3f75f7a76e7cfa21a08be4e84fc66c20bf60e1cf82c79620c7bbb481211e3b,ea9495685ea5e0da
data/dataset/algal_spot/20211226_103627 - Copy (3).jpg,0,algal_spot,256,256,6178,True,False,True,True,267.02520736213773,179.3064727783203,64.92379043201477,False,False,False,False,False,,a2bab4c055be99c1cd416eaf01947d78295eb7edf1e921d5f22913121b83d6d1,ef91d06a2bb534c2
data/dataset/algal_spot/20211226_103627 - Copy.jpg,0,algal_spot,256,256,6178,True,False,True,True,267.02520736213773,179.3064727783203,64.92379043201477,False,False,False,False,False,,a2bab4c055be99c1cd416eaf01947d78295eb7edf1e921d5f22913121b83d6d1,ef91d06a2bb534c2
data/dataset/algal_spot/20211226_103627.jpg,0,algal_spot,256,256,6178,True,False,True,True,267.02520736213773,179.3064727783203,64.92379043201477,False,False,False,False,False,,a2bab4c055be99c1cd416eaf01947d78295eb7edf1e921d5f22913121b83d6d1,ef91d06a2bb534c2
data/dataset/algal_spot/20211226_103655 - Copy (3).jpg,0,algal_spot,256,256,5313,True,False,True,True,224.45292132697068,176.48194885253906,68.34508585539898,False,False,False,False,False,,f01c821adc09c9a350f77e30cf5262cb8787a3a2f291863d77531817abfb7257,bf94d02b0bb4b5c2
data/dataset/algal_spot/20211226_103655 - Copy.jpg,0,algal_spot,256,256,5313,True,False,True,True,224.45292132697068,176.48194885253906,68.34508585539898,False,False,False,False,False,,f01c821adc09c9a350f77e30cf5262cb8787a3a2f291863d77531817abfb7257,bf94d02b0bb4b5c2
data/dataset/algal_spot/20211226_103655.jpg,0,algal_spot,256,256,5313,True,False,True,True,224.45292132697068,176.48194885253906,68.34508585539898,False,False,False,False,False,,f01c821adc09c9a350f77e30cf5262cb8787a3a2f291863d77531817abfb7257,bf94d02b0bb4b5c2
data/dataset/algal_spot/20211226_103718 - Copy (3).jpg,0,algal_spot,256,256,5316,True,False,True,True,241.39034537877887,179.53390502929688,66.01354479237165,False,False,False,False,False,,b368dc68aa842f58e75feb213bb97c4cd66a212b8649b0af0ec33ec0a7be892e,fa90856a7eb4e18a
data/dataset/algal_spot/20211226_103718 - Copy.jpg,0,algal_spot,256,256,5316,True,False,True,True,241.39034537877887,179.53390502929688,66.01354479237165,False,False,False,False,False,,b368dc68aa842f58e75feb213bb97c4cd66a212b8649b0af0ec33ec0a7be892e,fa90856a7eb4e18a
data/dataset/algal_spot/20211226_103718.jpg,0,algal_spot,256,256,5316,True,False,True,True,241.39034537877887,179.53390502929688,66.01354479237165,False,False,False,False,False,,b368dc68aa842f58e75feb213bb97c4cd66a212b8649b0af0ec33ec0a7be892e,fa90856a7eb4e18a
data/dataset/algal_spot/20211226_103754 - Copy (3).jpg,0,algal_spot,256,256,7795,True,False,True,True,476.0800216847565,152.5574951171875,77.41922664318145,False,False,False,False,False,,09622aa0fe599c96926753ff9ad30990699ca10d1e5e85bb3dc0253d9451f2dc,ea94d5684a3d3dd0
data/dataset/algal_spot/20211226_103754 - Copy.jpg,0,algal_spot,256,256,7795,True,False,True,True,476.0800216847565,152.5574951171875,77.41922664318145,False,False,False,False,False,,09622aa0fe599c96926753ff9ad30990699ca10d1e5e85bb3dc0253d9451f2dc,ea94d5684a3d3dd0
data/dataset/algal_spot/20211226_103754.jpg,0,algal_spot,256,256,7795,True,False,True,True,476.0800216847565,152.5574951171875,77.41922664318145,False,False,False,False,False,,09622aa0fe599c96926753ff9ad30990699ca10d1e5e85bb3dc0253d9451f2dc,ea94d5684a3d3dd0
data/dataset/algal_spot/20211226_103838 - Copy (3).jpg,0,algal_spot,256,256,9108,True,False,True,True,755.2837909234222,145.74717712402344,73.19261780684292,False,False,False,False,False,,93adec19620d9a719e5e7f24635e52a1260194296a57c308f9aa2f4053b48a31,aad4d52b4a35a5d2
data/dataset/algal_spot/20211226_103838 - Copy.jpg,0,algal_spot,256,256,9108,True,False,True,True,755.2837909234222,145.74717712402344,73.19261780684292,False,False,False,False,False,,93adec19620d9a719e5e7f24635e52a1260194296a57c308f9aa2f4053b48a31,aad4d52b4a35a5d2
data/dataset/algal_spot/20211226_103838.jpg,0,algal_spot,256,256,9108,True,False,True,True,755.2837909234222,145.74717712402344,73.19261780684292,False,False,False,False,False,,93adec19620d9a719e5e7f24635e52a1260194296a57c308f9aa2f4053b48a31,aad4d52b4a35a5d2
data/dataset/algal_spot/20211227_101139 - Copy (3).jpg,0,algal_spot,256,256,4541,True,False,True,True,188.44715810916387,181.531005859375,62.59167848750166,False,False,False,False,False,,a45e98aac801d9c2b9192f7e0cd7f80298ff03591e869dc3f33ba78b98df6804,ef90d00f2bf4e40b
data/dataset/algal_spot/20211227_101139 - Copy.jpg,0,algal_spot,256,256,4541,True,False,True,True,188.44715810916387,181.531005859375,62.59167848750166,False,False,False,False,False,,a45e98aac801d9c2b9192f7e0cd7f80298ff03591e869dc3f33ba78b98df6804,ef90d00f2bf4e40b
data/dataset/algal_spot/20211227_101139.jpg,0,algal_spot,256,256,4541,True,False,True,True,188.44715810916387,181.531005859375,62.59167848750166,False,False,False,False,False,,a45e98aac801d9c2b9192f7e0cd7f80298ff03591e869dc3f33ba78b98df6804,ef90d00f2bf4e40b
data/dataset/algal_spot/20211227_101206 - Copy (3).jpg,0,algal_spot,256,256,5622,True,False,True,True,285.6609770038631,179.92376708984375,68.07409750084923,False,False,False,False,False,,b8ffc1f898cdb508df6efd6debd4cc4b878113b2f2003768dcc21c9611b9891a,fa90856a7aa1a19f
data/dataset/algal_spot/20211227_101206 - Copy.jpg,0,algal_spot,256,256,5622,True,False,True,True,285.6609770038631,179.92376708984375,68.07409750084923,False,False,False,False,False,,b8ffc1f898cdb508df6efd6debd4cc4b878113b2f2003768dcc21c9611b9891a,fa90856a7aa1a19f
data/dataset/algal_spot/20211227_101206.jpg,0,algal_spot,256,256,5622,True,False,True,True,285.6609770038631,179.92376708984375,68.07409750084923,False,False,False,False,False,,b8ffc1f898cdb508df6efd6debd4cc4b878113b2f2003768dcc21c9611b9891a,fa90856a7aa1a19f
data/dataset/algal_spot/20211227_101227 - Copy (3).jpg,0,algal_spot,256,256,4559,True,False,True,True,182.79884326062165,179.48190307617188,61.63020925261311,False,False,False,False,False,,1a9cb16e6a7bcb49edbddf83029737164c33e6555428564c317e8359c130f2a6,eb86946a7a85e15a
data/dataset/algal_spot/20211227_101227 - Copy.jpg,0,algal_spot,256,256,4559,True,False,True,True,182.79884326062165,179.48190307617188,61.63020925261311,False,False,False,False,False,,1a9cb16e6a7bcb49edbddf83029737164c33e6555428564c317e8359c130f2a6,eb86946a7a85e15a
data/dataset/algal_spot/20211227_101227.jpg,0,algal_spot,256,256,4559,True,False,True,True,182.79884326062165,179.48190307617188,61.63020925261311,False,False,False,False,False,,1a9cb16e6a7bcb49edbddf83029737164c33e6555428564c317e8359c130f2a6,eb86946a7a85e15a
data/dataset/algal_spot/20211227_101408 - Copy (3).jpg,0,algal_spot,256,256,4423,True,False,True,True,180.8050537025556,179.65606689453125,60.00917920759584,False,False,False,False,False,,2c829fe781594287053bd9c567fcb44ba51447442bfaf3df309ca4ff2c4b2e9f,ef8a903c6bc3b41c
data/dataset/algal_spot/20211227_101408 - Copy.jpg,0,algal_spot,256,256,4423,True,False,True,True,180.8050537025556,179.65606689453125,60.00917920759584,False,False,False,False,False,,2c829fe781594287053bd9c567fcb44ba51447442bfaf3df309ca4ff2c4b2e9f,ef8a903c6bc3b41c
data/dataset/algal_spot/20211227_101408.jpg,0,algal_spot,256,256,4423,True,False,True,True,180.8050537025556,179.65606689453125,60.00917920759584,False,False,False,False,False,,2c829fe781594287053bd9c567fcb44ba51447442bfaf3df309ca4ff2c4b2e9f,ef8a903c6bc3b41c
data/dataset/algal_spot/20211227_101515 - Copy (3).jpg,0,algal_spot,256,256,4478,True,False,True,True,163.97007147944532,173.1807403564453,56.916274854381754,False,False,False,False,False,,2d565f6c00bf90ecae618aba33624b45628c7b9467618cebf25c306d87ac6696,e8a1955c78e3a71c
data/dataset/algal_spot/20211227_101515 - Copy.jpg,0,algal_spot,256,256,4478,True,False,True,True,163.97007147944532,173.1807403564453,56.916274854381754,False,False,False,False,False,,2d565f6c00bf90ecae618aba33624b45628c7b9467618cebf25c306d87ac6696,e8a1955c78e3a71c
data/dataset/algal_spot/20211227_101515.jpg,0,algal_spot,256,256,4478,True,False,True,True,163.97007147944532,173.1807403564453,56.916274854381754,False,False,False,False,False,,2d565f6c00bf90ecae618aba33624b45628c7b9467618cebf25c306d87ac6696,e8a1955c78e3a71c
data/dataset/algal_spot/20211227_101555 - Copy (3).jpg,0,algal_spot,256,256,4182,True,False,True,True,157.45564124709927,154.06378173828125,57.974811397682814,False,False,False,False,False,,6c2f92b9a3514f835c0454ae650311dff45df2f76a412b2ec89a9e3d8043438b,ea83857e7a81855e
data/dataset/algal_spot/20211227_101555 - Copy.jpg,0,algal_spot,256,256,4182,True,False,True,True,157.45564124709927,154.06378173828125,57.974811397682814,False,False,False,False,False,,6c2f92b9a3514f835c0454ae650311dff45df2f76a412b2ec89a9e3d8043438b,ea83857e7a81855e
data/dataset/algal_spot/20211227_101555.jpg,0,algal_spot,256,256,4182,True,False,True,True,157.45564124709927,154.06378173828125,57.974811397682814,False,False,False,False,False,,6c2f92b9a3514f835c0454ae650311dff45df2f76a412b2ec89a9e3d8043438b,ea83857e7a81855e
data/dataset/algal_spot/20211227_101632 - Copy (3).jpg,0,algal_spot,256,256,4724,True,False,True,True,229.06672636582516,179.19964599609375,63.07025756084001,False,False,False,False,False,,44b078b1a493b15cae733aceb2c257034a0bf26aa0dbd2af8bc21ca5f51cef4d,eaa8952c7ac0e59e
data/dataset/algal_spot/20211227_101632 - Copy.jpg,0,algal_spot,256,256,4724,True,False,True,True,229.06672636582516,179.19964599609375,63.07025756084001,False,False,False,False,False,,44b078b1a493b15cae733aceb2c257034a0bf26aa0dbd2af8bc21ca5f51cef4d,eaa8952c7ac0e59e
data/dataset/algal_spot/20211227_101632.jpg,0,algal_spot,256,256,4724,True,False,True,True,229.06672636582516,179.19964599609375,63.07025756084001,False,False,False,False,False,,44b078b1a493b15cae733aceb2c257034a0bf26aa0dbd2af8bc21ca5f51cef4d,eaa8952c7ac0e59e
data/dataset/brown_blight/20211228_125609 - Copy.jpg,1,brown_blight,256,256,5019,True,False,True,True,171.55682369694114,161.5499267578125,49.12623631748313,False,False,False,False,False,,117fb97b3bc08ee36bc7aeaf76e09ad78c7225f8d4f8cbced5568ea58e7c6037,fe81c11e3ee1d11a
data/dataset/brown_blight/20211228_125609.jpg,1,brown_blight,256,256,5019,True,False,True,True,171.55682369694114,161.5499267578125,49.12623631748313,False,False,False,False,False,,117fb97b3bc08ee36bc7aeaf76e09ad78c7225f8d4f8cbced5568ea58e7c6037,fe81c11e3ee1d11a
data/dataset/brown_blight/20211228_125619 - Copy.jpg,1,brown_blight,256,256,5031,True,False,True,True,186.7687529490795,159.42398071289062,52.174450041962764,False,False,False,False,False,,a4bbc05e41faf22925aa5c96dd7547f5a60e12ee0a147250e2f2a04068543bce,ff9ec0601e87e138
data/dataset/brown_blight/20211228_125619.jpg,1,brown_blight,256,256,5031,True,False,True,True,186.7687529490795,159.42398071289062,52.174450041962764,False,False,False,False,False,,a4bbc05e41faf22925aa5c96dd7547f5a60e12ee0a147250e2f2a04068543bce,ff9ec0601e87e138
data/dataset/brown_blight/20211228_125706 - Copy.jpg,1,brown_blight,256,256,5053,True,False,True,True,198.5944207077846,171.81695556640625,54.59919631408079,False,False,False,False,False,,5929d576170ddcda2a166c8373b960376ba194375dd0a17490bd9e6d97cd924d,fa94856b3e94c10f
data/dataset/brown_blight/20211228_125706.jpg,1,brown_blight,256,256,5053,True,False,True,True,198.5944207077846,171.81695556640625,54.59919631408079,False,False,False,False,False,,5929d576170ddcda2a166c8373b960376ba194375dd0a17490bd9e6d97cd924d,fa94856b3e94c10f
data/dataset/brown_blight/20211228_131114 - Copy.jpg,1,brown_blight,256,256,5692,True,False,True,True,254.7995297908783,176.092529296875,68.03157509790492,False,False,False,False,False,,d042601e853c07a370f4e18b427fb2db8fb1edfb6823105f00f19a081da6bd6d,ea94853f3ac0e19e
data/dataset/brown_blight/20211228_131114.jpg,1,brown_blight,256,256,5692,True,False,True,True,254.7995297908783,176.092529296875,68.03157509790492,False,False,False,False,False,,d042601e853c07a370f4e18b427fb2db8fb1edfb6823105f00f19a081da6bd6d,ea94853f3ac0e19e
data/dataset/brown_blight/20211228_131310 - Copy.jpg,1,brown_blight,256,256,4719,True,False,True,True,121.17237853980623,168.86788940429688,53.628905849738466,False,False,False,False,False,,8faff8fd8b06c81d907ab2a2383e464dc427f82a25af5638a4c16d40536598a9,e9c9963469cbb438
data/dataset/brown_blight/20211228_131310.jpg,1,brown_blight,256,256,4719,True,False,True,True,121.17237853980623,168.86788940429688,53.628905849738466,False,False,False,False,False,,8faff8fd8b06c81d907ab2a2383e464dc427f82a25af5638a4c16d40536598a9,e9c9963469cbb438
data/dataset/brown_blight/20211228_153504 - Copy.jpg,1,brown_blight,256,256,5469,True,False,True,True,291.5705411580857,177.20269775390625,71.44208868852559,False,False,False,False,False,,0c7c790f181ebc09b737f211e6e528493a3892281494bf92f644a0547029cc8f,be87c0606f3734ca
data/dataset/brown_blight/20211228_153504.jpg,1,brown_blight,256,256,5469,True,False,True,True,291.5705411580857,177.20269775390625,71.44208868852559,False,False,False,False,False,,0c7c790f181ebc09b737f211e6e528493a3892281494bf92f644a0547029cc8f,be87c0606f3734ca
data/dataset/brown_blight/20211228_153745 - Copy.jpg,1,brown_blight,256,256,4688,True,False,True,True,162.5356584803667,176.92030334472656,54.203438707390454,False,False,False,False,False,,73a1e563f868603e4b3ad3dcd48eb9ee0332df50daf1ac2492810ad4087484e0,fab5c0ca2d35d2c8
data/dataset/brown_blight/20211228_153745.jpg,1,brown_blight,256,256,4688,True,False,True,True,162.5356584803667,176.92030334472656,54.203438707390454,False,False,False,False,False,,73a1e563f868603e4b3ad3dcd48eb9ee0332df50daf1ac2492810ad4087484e0,fab5c0ca2d35d2c8
data/dataset/brown_blight/20211228_153754 - Copy.jpg,1,brown_blight,256,256,4359,True,False,True,True,77.92397950589657,176.60206604003906,77.92303927628059,True,False,False,False,True,,84d366a51e0c5c7fcd899fae332c70bcc55ccd6ca2c19f3f84c06bdd2ce105d7,bfd0d02e2af0b5c2
data/dataset/brown_blight/20211228_153754.jpg,1,brown_blight,256,256,4359,True,False,True,True,77.92397950589657,176.60206604003906,77.92303927628059,True,False,False,False,True,,84d366a51e0c5c7fcd899fae332c70bcc55ccd6ca2c19f3f84c06bdd2ce105d7,bfd0d02e2af0b5c2
data/dataset/brown_blight/20211228_153803 - Copy.jpg,1,brown_blight,256,256,4596,True,False,True,True,126.60676504275762,181.7925567626953,58.060679140864465,False,False,False,False,False,,c90af15b895d9a6a20972c15ec565049f6198f49c5ad01d2af2d825d274054e3,e86895857a7ae1a5
data/dataset/brown_blight/20211228_153803.jpg,1,brown_blight,256,256,4596,True,False,True,True,126.60676504275762,181.7925567626953,58.060679140864465,False,False,False,False,False,,c90af15b895d9a6a20972c15ec565049f6198f49c5ad01d2af2d825d274054e3,e86895857a7ae1a5
data/dataset/brown_blight/20211228_154026 - Copy.jpg,1,brown_blight,256,256,6593,True,False,True,True,248.27827686071396,168.818603515625,67.77602160493636,False,False,False,False,False,,6c20fe868c86877ca90f14d09f7ea9fdd47794a1aa4f3dda46575ffffd82d262,ebcad2159db021c7
data/dataset/brown_blight/20211228_154026.jpg,1,brown_blight,256,256,6593,True,False,True,True,248.27827686071396,168.818603515625,67.77602160493636,False,False,False,False,False,,6c20fe868c86877ca90f14d09f7ea9fdd47794a1aa4f3dda46575ffffd82d262,ebcad2159db021c7
data/dataset/brown_blight/20211228_154323 - Copy.jpg,1,brown_blight,256,256,4871,True,False,True,True,132.4819639986381,180.3104705810547,57.65801808760652,False,False,False,False,False,,b3e5f941efcd55c32fa155738d168e92adc66dad8c5942dcaff7b35c9f54cfc1,ea85955a2be1649e
data/dataset/brown_blight/20211228_154323.jpg,1,brown_blight,256,256,4871,True,False,True,True,132.4819639986381,180.3104705810547,57.65801808760652,False,False,False,False,False,,b3e5f941efcd55c32fa155738d168e92adc66dad8c5942dcaff7b35c9f54cfc1,ea85955a2be1649e
data/dataset/brown_blight/20211228_154603 - Copy.jpg,1,brown_blight,256,256,4931,True,False,True,True,204.6325368275866,178.56605529785156,65.33954098358568,False,False,False,False,False,,7060e3d3473c6986e818d311b90d560d0322ac01868161a8896eeb9c7d8b6297,bf6ac0952f6ab025
data/dataset/brown_blight/20211228_154603.jpg,1,brown_blight,256,256,4931,True,False,True,True,204.6325368275866,178.56605529785156,65.33954098358568,False,False,False,False,False,,7060e3d3473c6986e818d311b90d560d0322ac01868161a8896eeb9c7d8b6297,bf6ac0952f6ab025
data/dataset/brown_blight/20211228_154849 - Copy.jpg,1,brown_blight,256,256,4790,True,False,True,True,219.08222094154917,179.65711975097656,61.35005506317779,False,False,False,False,False,,8b4e31ebdca768b44cc0bda240e92fe274e946baf95cfa969a3325335a998ddb,efe0d09d2f60e095
data/dataset/brown_blight/20211228_154849.jpg,1,brown_blight,256,256,4790,True,False,True,True,219.08222094154917,179.65711975097656,61.35005506317779,False,False,False,False,False,,8b4e31ebdca768b44cc0bda240e92fe274e946baf95cfa969a3325335a998ddb,efe0d09d2f60e095
data/dataset/brown_blight/20211228_155035 - Copy.jpg,1,brown_blight,256,256,6804,True,False,True,True,218.61096177995205,160.24081420898438,63.153703863980994,False,False,False,False,False,,93fb1b53f6fb1350ed97ee0ac28c5b6795a714e5b841e94775b5190b77e5e174,ff3cc0c04bcbe02d
data/dataset/brown_blight/20211228_155035.jpg,1,brown_blight,256,256,6804,True,False,True,True,218.61096177995205,160.24081420898438,63.153703863980994,False,False,False,False,False,,93fb1b53f6fb1350ed97ee0ac28c5b6795a714e5b841e94775b5190b77e5e174,ff3cc0c04bcbe02d
data/dataset/brown_blight/20211228_155121 - Copy.jpg,1,brown_blight,256,256,5095,True,False,True,True,99.19549471046776,158.82859802246094,56.569077338139984,False,False,False,False,False,,d65bc7ddae99a2017bec976a0f204dfeba75d155a5a59a4682d964b46f29fa32,e98a9685785ae3a5
data/dataset/brown_blight/20211228_155121.jpg,1,brown_blight,256,256,5095,True,False,True,True,99.19549471046776,158.82859802246094,56.569077338139984,False,False,False,False,False,,d65bc7ddae99a2017bec976a0f204dfeba75d155a5a59a4682d964b46f29fa32,e98a9685785ae3a5
data/dataset/brown_blight/image_0_10 - Copy.jpg,1,brown_blight,256,256,5630,True,False,True,True,150.2816270997282,167.00596618652344,70.08393238496511,False,False,False,False,False,,b22bd887f2b6c4c409c1adc415e1d90ee05f5e2d4ceb5a10ff309bf62072325b,bfc0c02f41b5afc2
data/dataset/brown_blight/image_0_10.jpg,1,brown_blight,256,256,5630,True,False,True,True,150.2816270997282,167.00596618652344,70.08393238496511,False,False,False,False,False,,b22bd887f2b6c4c409c1adc415e1d90ee05f5e2d4ceb5a10ff309bf62072325b,bfc0c02f41b5afc2
data/dataset/brown_blight/image_0_104 - Copy.jpg,1,brown_blight,256,256,5455,True,False,True,True,128.15461713983677,176.29637145996094,69.4225964367034,False,False,False,False,False,,3ae54f467ff1c63c5b1dafeffbbad8e68e73612596d68373a57ed4843609786e,bce1c39e1cd83127
data/dataset/brown_blight/image_0_104.jpg,1,brown_blight,256,256,5455,True,False,True,True,128.15461713983677,176.29637145996094,69.4225964367034,False,False,False,False,False,,3ae54f467ff1c63c5b1dafeffbbad8e68e73612596d68373a57ed4843609786e,bce1c39e1cd83127
data/dataset/brown_blight/image_0_113 - Copy.jpg,1,brown_blight,256,256,5070,True,False,True,True,156.08209220971912,211.65884399414062,71.07923512907792,False,False,False,False,False,,44e7c3673abf31fa83b9d54d1ac31ff76d04cde06f4aed917f1b9aa4da7194f7,e0cf9a30656f4c99
data/dataset/brown_blight/image_0_113.jpg,1,brown_blight,256,256,5070,True,False,True,True,156.08209220971912,211.65884399414062,71.07923512907792,False,False,False,False,False,,44e7c3673abf31fa83b9d54d1ac31ff76d04cde06f4aed917f1b9aa4da7194f7,e0cf9a30656f4c99
data/dataset/brown_blight/image_0_144 - Copy.jpg,1,brown_blight,256,256,5038,True,False,True,True,386.48919454123825,223.5492401123047,59.91709501364557,False,False,True,False,True,,aec0c2af594f4e2b519bb1f70e816e3b643086c7cfe49a7615cac8dcefd6b76c,f19ade653092c749
data/dataset/brown_blight/image_0_144.jpg,1,brown_blight,256,256,5038,True,False,True,True,386.48919454123825,223.5492401123047,59.91709501364557,False,False,True,False,True,,aec0c2af594f4e2b519bb1f70e816e3b643086c7cfe49a7615cac8dcefd6b76c,f19ade653092c749
data/dataset/brown_blight/image_0_145 - Copy.jpg,1,brown_blight,256,256,4667,True,False,True,True,370.9453119179234,227.48443603515625,63.578455254958406,False,False,True,False,True,,01c373eeb7b56d0753383b13ee43b41e7caaeb6999f982115a2a176deecdcfe1,a4d2836d3c92c76b
data/dataset/brown_blight/image_0_145.jpg,1,brown_blight,256,256,4667,True,False,True,True,370.9453119179234,227.48443603515625,63.578455254958406,False,False,True,False,True,,01c373eeb7b56d0753383b13ee43b41e7caaeb6999f982115a2a176deecdcfe1,a4d2836d3c92c76b
data/dataset/brown_blight/image_0_155 - Copy.jpg,1,brown_blight,256,256,6043,True,False,True,True,237.9138178229332,203.72373962402344,73.15286900762976,False,False,False,False,False,,f9a21cb323d636f588be97ac5f254e905a9385622391d4067dacc69ba3411068,eccb963ce162ce18
data/dataset/brown_blight/image_0_155.jpg,1,brown_blight,256,256,6043,True,False,True,True,237.9138178229332,203.72373962402344,73.15286900762976,False,False,False,False,False,,f9a21cb323d636f588be97ac5f254e905a9385622391d4067dacc69ba3411068,eccb963ce162ce18
data/dataset/brown_blight/image_0_164 - Copy.jpg,1,brown_blight,256,256,5284,True,False,True,True,295.7047534470912,184.12725830078125,54.017203333831304,False,False,False,False,False,,39677710b342550f52997d9cccfce1755d71e20e02847f7507d8869a41ff9f80,ad92966d3194cec3
data/dataset/brown_blight/image_0_164.jpg,1,brown_blight,256,256,5284,True,False,True,True,295.7047534470912,184.12725830078125,54.017203333831304,False,False,False,False,False,,39677710b342550f52997d9cccfce1755d71e20e02847f7507d8869a41ff9f80,ad92966d3194cec3
data/dataset/brown_blight/image_0_197 - Copy.jpg,1,brown_blight,256,192,3705,True,False,True,True,140.44089692789646,198.98590087890625,50.804379193704875,False,False,False,False,False,,b71a9412c53584feda2b39b5f716c9184af5dacaec1da83d14de1b609c9278c9,e5cc9a3364c9b386
data/dataset/brown_blight/image_0_197.jpg,1,brown_blight,256,192,3705,True,False,True,True,140.44089692789646,198.98590087890625,50.804379193704875,False,False,False,False,False,,b71a9412c53584feda2b39b5f716c9184af5dacaec1da83d14de1b609c9278c9,e5cc9a3364c9b386
data/dataset/brown_blight/image_0_22 - Copy.jpg,1,brown_blight,256,256,6465,True,False,True,True,511.44889630167745,191.20753479003906,69.94495912586225,False,False,False,False,False,,def790facd33ea6d098d818aab85b9a16a0276178e38ef3e973a8f6cfcf522a0,e94a963c68636ecc
data/dataset/brown_blight/image_0_22.jpg,1,brown_blight,256,256,6465,True,False,True,True,511.44889630167745,191.20753479003906,69.94495912586225,False,False,False,False,False,,def790facd33ea6d098d818aab85b9a16a0276178e38ef3e973a8f6cfcf522a0,e94a963c68636ecc
data/dataset/brown_blight/image_0_225 - Copy.jpg,1,brown_blight,256,256,6873,True,False,True,True,343.27295468747616,166.17591857910156,66.25650105773975,False,False,False,False,False,,5efc7ab3ce42e0747bcdf3e663b3c09d713e40f777c1ae2594e550bfcc6a881c,ff8fc0602f1750d8
data/dataset/brown_blight/image_0_225.jpg,1,brown_blight,256,256,6873,True,False,True,True,343.27295468747616,166.17591857910156,66.25650105773975,False,False,False,False,False,,5efc7ab3ce42e0747bcdf3e663b3c09d713e40f777c1ae2594e550bfcc6a881c,ff8fc0602f1750d8
data/dataset/brown_blight/image_0_243 - Copy.jpg,1,brown_blight,256,256,5077,True,False,True,True,121.45872329338454,207.86167907714844,66.66438467681903,False,False,False,False,False,,a20479363f2fbada6b85840b912b0bfd7d6f359b12d248122929cbf453f1a798,e5869e3861e63cd8
data/dataset/brown_blight/image_0_243.jpg,1,brown_blight,256,256,5077,True,False,True,True,121.45872329338454,207.86167907714844,66.66438467681903,False,False,False,False,False,,a20479363f2fbada6b85840b912b0bfd7d6f359b12d248122929cbf453f1a798,e5869e3861e63cd8
data/dataset/brown_blight/image_0_251 - Copy.jpg,1,brown_blight,256,256,6042,True,False,True,True,348.04199185129255,174.7618408203125,68.98233876652249,False,False,False,False,False,,20ce652364614e0ca2fecf549f641bfbf83ec48e2e098742c27e2a9f5a2363f5,fac2953548da17b1
data/dataset/brown_blight/image_0_251.jpg,1,brown_blight,256,256,6042,True,False,True,True,348.04199185129255,174.7618408203125,68.98233876652249,False,False,False,False,False,,20ce652364614e0ca2fecf549f641bfbf83ec48e2e098742c27e2a9f5a2363f5,fac2953548da17b1
data/dataset/brown_blight/image_0_270 - Copy.jpg,1,brown_blight,256,256,5512,True,False,True,True,376.1831787896808,217.92108154296875,63.20377513302977,False,False,False,False,False,,1987b8cb93b1562ee62c2c6974122d698000faefef86a73370ef836461f73351,eb6ad4952b62c295
data/dataset/brown_blight/image_0_270.jpg,1,brown_blight,256,256,5512,True,False,True,True,376.1831787896808,217.92108154296875,63.20377513302977,False,False,False,False,False,,1987b8cb93b1562ee62c2c6974122d698000faefef86a73370ef836461f73351,eb6ad4952b62c295
data/dataset/brown_blight/image_0_285 - Copy.jpg,1,brown_blight,256,256,7218,True,False,True,True,326.9484645759221,162.18197631835938,68.66230199273704,False,False,False,False,False,,2644412a0cc0d890b40182a057498f4270f08fb51e042dba423c8a841585013f,ea95846a3fad7091
data/dataset/brown_blight/image_0_285.jpg,1,brown_blight,256,256,7218,True,False,True,True,326.9484645759221,162.18197631835938,68.66230199273704,False,False,False,False,False,,2644412a0cc0d890b40182a057498f4270f08fb51e042dba423c8a841585013f,ea95846a3fad7091
data/dataset/brown_blight/image_0_323 - Copy.jpg,1,brown_blight,256,256,7455,True,False,True,True,398.8902956834063,186.38253784179688,78.10805009256399,False,False,False,False,False,,bfdc103b516d83ba399620d1c638e11056da2c0a93ff5bfbdf26d881a39cb803,aa95d56a2d85729a
data/dataset/brown_blight/image_0_323.jpg,1,brown_blight,256,256,7455,True,False,True,True,398.8902956834063,186.38253784179688,78.10805009256399,False,False,False,False,False,,bfdc103b516d83ba399620d1c638e11056da2c0a93ff5bfbdf26d881a39cb803,aa95d56a2d85729a
data/dataset/brown_blight/image_0_324 - Copy.jpg,1,brown_blight,256,256,6267,True,False,True,True,340.1128233037889,167.715087890625,59.05643985024194,False,False,False,False,False,,b1d221cc50a9ffcee87675f940ffb0b64d30796c2720c98344b35992619a65c0,a8349b4b65b47a33
data/dataset/brown_blight/image_0_324.jpg,1,brown_blight,256,256,6267,True,False,True,True,340.1128233037889,167.715087890625,59.05643985024194,False,False,False,False,False,,b1d221cc50a9ffcee87675f940ffb0b64d30796c2720c98344b35992619a65c0,a8349b4b65b47a33
data/dataset/brown_blight/image_0_364 - Copy.jpg,1,brown_blight,256,256,4931,True,False,True,True,186.44100946187973,216.62362670898438,67.14846026673051,False,False,False,False,False,,2d44b6195811032a2c361aba0596d06215c8fd12b69d4ff634d4cf5f3cfd08eb,e8b197ce78318596
data/dataset/brown_blight/image_0_364.jpg,1,brown_blight,256,256,4931,True,False,True,True,186.44100946187973,216.62362670898438,67.14846026673051,False,False,False,False,False,,2d44b6195811032a2c361aba0596d06215c8fd12b69d4ff634d4cf5f3cfd08eb,e8b197ce78318596
data/dataset/brown_blight/image_0_374 - Copy.jpg,1,brown_blight,256,256,4581,True,False,True,True,98.37553405179642,219.69248962402344,57.6673359281264,False,False,False,False,False,,92493661c325c47017b3235e8f280f7a3a259d16ad7a87cbcd007e277c49fc8d,bc9ac3653a9ee1c0
data/dataset/brown_blight/image_0_374.jpg,1,brown_blight,256,256,4581,True,False,True,True,98.37553405179642,219.69248962402344,57.6673359281264,False,False,False,False,False,,92493661c325c47017b3235e8f280f7a3a259d16ad7a87cbcd007e277c49fc8d,bc9ac3653a9ee1c0
data/dataset/brown_blight/image_0_391 - Copy.jpg,1,brown_blight,256,256,4966,True,False,True,True,166.92839040025137,190.9303741455078,68.49857114955337,False,False,False,False,False,,edaa9c8fbbb0c5eb3f655192be663f3978528cb558c7245c877ef0a093cbf127,b898cf67b28b6590
data/dataset/brown_blight/image_0_391.jpg,1,brown_blight,256,256,4966,True,False,True,True,166.92839040025137,190.9303741455078,68.49857114955337,False,False,False,False,False,,edaa9c8fbbb0c5eb3f655192be663f3978528cb558c7245c877ef0a093cbf127,b898cf67b28b6590
data/dataset/brown_blight/image_0_404 - Copy.jpg,1,brown_blight,256,256,5234,True,False,True,True,345.74818173400126,189.23504638671875,56.045369617736206,False,False,False,False,False,,17327f9f62f3156a304c035d0f3788bdb590ebff6caade8643e9b2959ae866fc,f093cf65349a6171
data/dataset/brown_blight/image_0_404.jpg,1,brown_blight,256,256,5234,True,False,True,True,345.74818173400126,189.23504638671875,56.045369617736206,False,False,False,False,False,,17327f9f62f3156a304c035d0f3788bdb590ebff6caade8643e9b2959ae866fc,f093cf65349a6171
data/dataset/brown_blight/image_0_439 - Copy.jpg,1,brown_blight,256,256,5248,True,False,True,True,128.8460076712072,180.1756134033203,66.54517543685516,False,False,False,False,False,,3d7cad2587f4ccbc98939f095ebf161b84dd0993c839d9080c8a71f1faf404c3,fac885377a40278f
data/dataset/brown_blight/image_0_439.jpg,1,brown_blight,256,256,5248,True,False,True,True,128.8460076712072,180.1756134033203,66.54517543685516,False,False,False,False,False,,3d7cad2587f4ccbc98939f095ebf161b84dd0993c839d9080c8a71f1faf404c3,fac885377a40278f
data/dataset/brown_blight/image_0_465 - Copy.jpg,1,brown_blight,256,256,5848,True,False,True,True,356.4180497431662,207.54006958007812,67.97184852596091,False,False,False,False,False,,0e4b64fdcc0bd92b4c7a4f8cb10e4b14e46cf7e6894f23e5780ff10ab5b13838,fd97c02917c26917
data/dataset/brown_blight/image_0_465.jpg,1,brown_blight,256,256,5848,True,False,True,True,356.4180497431662,207.54006958007812,67.97184852596091,False,False,False,False,False,,0e4b64fdcc0bd92b4c7a4f8cb10e4b14e46cf7e6894f23e5780ff10ab5b13838,fd97c02917c26917
data/dataset/brown_blight/image_0_468 - Copy.jpg,1,brown_blight,256,256,6082,True,False,True,True,480.694885071367,209.1346435546875,74.50182590221243,False,False,False,False,False,,673303e253f60cbd473d6c98e123a6fe55c27107b5f206da094f2dff61031511,a9c4c07a3fc5e09e
data/dataset/brown_blight/image_0_468.jpg,1,brown_blight,256,256,6082,True,False,True,True,480.694885071367,209.1346435546875,74.50182590221243,False,False,False,False,False,,673303e253f60cbd473d6c98e123a6fe55c27107b5f206da094f2dff61031511,a9c4c07a3fc5e09e
data/dataset/brown_blight/image_0_498 - Copy.jpg,1,brown_blight,256,256,4821,True,False,True,True,234.6335601748433,221.4202117919922,69.27349375529228,False,False,True,False,True,,f7d92caa597a6a89828336ea4f01c2fef0446dbc637384997525e82c7d3c32cb,e0b0cc4fb71269b5
data/dataset/brown_blight/image_0_498.jpg,1,brown_blight,256,256,4821,True,False,True,True,234.6335601748433,221.4202117919922,69.27349375529228,False,False,True,False,True,,f7d92caa597a6a89828336ea4f01c2fef0446dbc637384997525e82c7d3c32cb,e0b0cc4fb71269b5
data/dataset/brown_blight/image_0_506 - Copy.jpg,1,brown_blight,256,256,6028,True,False,True,True,427.9001292118337,208.9402313232422,58.09208300203091,False,False,False,False,False,,f6024bb6da20ab8b491a5be38eb01a9b2c4a3e01df04bf8612265f77186cf98a,f467cb1a62642dc3
data/dataset/brown_blight/image_0_506.jpg,1,brown_blight,256,256,6028,True,False,True,True,427.9001292118337,208.9402313232422,58.09208300203091,False,False,False,False,False,,f6024bb6da20ab8b491a5be38eb01a9b2c4a3e01df04bf8612265f77186cf98a,f467cb1a62642dc3
data/dataset/brown_blight/image_0_507 - Copy.jpg,1,brown_blight,256,256,5293,True,False,True,True,216.65111583471298,205.22923278808594,71.09923970432432,False,False,False,False,False,,7073e3edb704b9c09f5c7c1aebd43e02349e9295f00dd3f485af0b80904e28ba,feb6814030be5f49
data/dataset/brown_blight/image_0_507.jpg,1,brown_blight,256,256,5293,True,False,True,True,216.65111583471298,205.22923278808594,71.09923970432432,False,False,False,False,False,,7073e3edb704b9c09f5c7c1aebd43e02349e9295f00dd3f485af0b80904e28ba,feb6814030be5f49
data/dataset/brown_blight/image_0_533 - Copy.jpg,1,brown_blight,256,256,4490,True,False,True,True,467.72999448678456,234.81396484375,54.03053633360316,False,False,True,False,True,,7b3d8af9aca9c0d74a91dcc82d870d13e7a21be6d51ad36ba831f1fe2565def6,bdb6c2693492c9e4
data/dataset/brown_blight/image_0_533.jpg,1,brown_blight,256,256,4490,True,False,True,True,467.72999448678456,234.81396484375,54.03053633360316,False,False,True,False,True,,7b3d8af9aca9c0d74a91dcc82d870d13e7a21be6d51ad36ba831f1fe2565def6,bdb6c2693492c9e4
data/dataset/brown_blight/image_0_566 - Copy.jpg,1,brown_blight,256,256,5723,True,False,True,True,308.9292870750651,162.2381591796875,61.05980499930201,False,False,False,False,False,,783649832d466a5429d7c90161960827634c32e0bb6ccc78a4e4c61cc0013793,e34f9eb03147664c
data/dataset/brown_blight/image_0_566.jpg,1,brown_blight,256,256,5723,True,False,True,True,308.9292870750651,162.2381591796875,61.05980499930201,False,False,False,False,False,,783649832d466a5429d7c90161960827634c32e0bb6ccc78a4e4c61cc0013793,e34f9eb03147664c
data/dataset/brown_blight/image_0_574 - Copy.jpg,1,brown_blight,256,256,5956,True,False,True,True,133.11689732945524,210.66262817382812,64.22568116547207,False,False,False,False,False,,ff584bfd58c3541d6105d33fdcff43140d6773e73d5aa9221afc7795557f6d50,a8b49b4bb58c6633
data/dataset/brown_blight/image_0_574.jpg,1,brown_blight,256,256,5956,True,False,True,True,133.11689732945524,210.66262817382812,64.22568116547207,False,False,False,False,False,,ff584bfd58c3541d6105d33fdcff43140d6773e73d5aa9221afc7795557f6d50,a8b49b4bb58c6633
data/dataset/brown_blight/image_0_603 - Copy.jpg,1,brown_blight,256,256,5671,True,False,True,True,308.346496488899,171.79103088378906,63.05309821167464,False,False,False,False,False,,cdcd7e220fd2e0a521cc57dc2e0879aefaf42a9f1a1b1b62b9945a7c581a08bf,ed96c2693c366391
data/dataset/brown_blight/image_0_603.jpg,1,brown_blight,256,256,5671,True,False,True,True,308.346496488899,171.79103088378906,63.05309821167464,False,False,False,False,False,,cdcd7e220fd2e0a521cc57dc2e0879aefaf42a9f1a1b1b62b9945a7c581a08bf,ed96c2693c366391
data/dataset/brown_blight/image_0_606 - Copy.jpg,1,brown_blight,256,256,5466,True,False,True,True,380.4495318902191,218.5836639404297,69.76045255604058,False,False,False,False,False,,d20e5c3a59b4df40c583969407e278e8207e1007194b7182362d2abaaa5adadc,fbc2847dc2872ed0
data/dataset/brown_blight/image_0_606.jpg,1,brown_blight,256,256,5466,True,False,True,True,380.4495318902191,218.5836639404297,69.76045255604058,False,False,False,False,False,,d20e5c3a59b4df40c583969407e278e8207e1007194b7182362d2abaaa5adadc,fbc2847dc2872ed0
data/dataset/brown_blight/image_0_609 - Copy.jpg,1,brown_blight,256,256,3772,True,False,True,True,149.1094512657728,237.84033203125,49.69414190608721,False,False,True,False,True,,298f6baafca1f869e9c6f48bf621be62e8582018dae405422d834dcbfc0ae404,f192cf653098cd66
data/dataset/brown_blight/image_0_609.jpg,1,brown_blight,256,256,3772,True,False,True,True,149.1094512657728,237.84033203125,49.69414190608721,False,False,True,False,True,,298f6baafca1f869e9c6f48bf621be62e8582018dae405422d834dcbfc0ae404,f192cf653098cd66
data/dataset/brown_blight/image_0_644 - Copy.jpg,1,brown_blight,256,256,5737,True,False,True,True,293.362211859785,181.75047302246094,55.96942454998466,False,False,False,False,False,,d00ad47c9f5cdd45771621875ae7cd9273343dbe17c57a1ffdc68f0ef8c0dceb,ac92c369349e6bd1
data/dataset/brown_blight/image_0_644.jpg,1,brown_blight,256,256,5737,True,False,True,True,293.362211859785,181.75047302246094,55.96942454998466,False,False,False,False,False,,d00ad47c9f5cdd45771621875ae7cd9273343dbe17c57a1ffdc68f0ef8c0dceb,ac92c369349e6bd1
data/dataset/brown_blight/image_0_65 - Copy.jpg,1,brown_blight,256,256,5531,True,False,True,True,541.3503870142158,226.44911193847656,62.80563092691491,False,False,True,False,True,,1413d4ffc79fad9f6426b662ea4aa638c739512591d3205d4d87ee223b5cefd1,b891c74e3c94d26b
data/dataset/brown_blight/image_0_65.jpg,1,brown_blight,256,256,5531,True,False,True,True,541.3503870142158,226.44911193847656,62.80563092691491,False,False,True,False,True,,1413d4ffc79fad9f6426b662ea4aa638c739512591d3205d4d87ee223b5cefd1,b891c74e3c94d26b
data/dataset/brown_blight/image_0_651 - Copy.jpg,1,brown_blight,256,192,3837,True,False,True,True,151.19150792517596,193.5504353841146,53.65462312395934,False,False,False,False,False,,0caa7ab6c166d82ce2b483a38ffba7351a4fa1bfcc7376e26f36e160c22a93df,f0cbcf3430936c6c
data/dataset/brown_blight/image_0_651.jpg,1,brown_blight,256,192,3837,True,False,True,True,151.19150792517596,193.5504353841146,53.65462312395934,False,False,False,False,False,,0caa7ab6c166d82ce2b483a38ffba7351a4fa1bfcc7376e26f36e160c22a93df,f0cbcf3430936c6c
data/dataset/brown_blight/image_0_683 - Copy.jpg,1,brown_blight,256,256,4646,True,False,True,True,227.8131103515625,225.2485809326172,64.15590410757812,False,False,True,False,True,,77ab82cbf2528a4df79de4ba5225e39cdefc603e36b2f622b476c388bac78809,ea3495ca6a31bc1e
data/dataset/brown_blight/image_0_683.jpg,1,brown_blight,256,256,4646,True,False,True,True,227.8131103515625,225.2485809326172,64.15590410757812,False,False,True,False,True,,77ab82cbf2528a4df79de4ba5225e39cdefc603e36b2f622b476c388bac78809,ea3495ca6a31bc1e
data/dataset/brown_blight/image_0_685 - Copy.jpg,1,brown_blight,256,256,6107,True,False,True,True,508.0322087367531,215.89654541015625,62.05063021034803,False,False,False,False,False,,c46835876de60e7f7e96e2d2fe74a21f81d74c234eadaf8a80d23f79e07f0416,a2359dcb65385a87
data/dataset/brown_blight/image_0_685.jpg,1,brown_blight,256,256,6107,True,False,True,True,508.0322087367531,215.89654541015625,62.05063021034803,False,False,False,False,False,,c46835876de60e7f7e96e2d2fe74a21f81d74c234eadaf8a80d23f79e07f0416,a2359dcb65385a87
data/dataset/brown_blight/image_0_688 - Copy.jpg,1,brown_blight,256,256,4917,True,False,True,True,72.58559456071816,150.85755920410156,93.05357698785105,True,False,False,False,True,,da2038241a627d417444a3ff414c8ac03a64ab81e7da2c9e522d7cd42107ffac,aa97d5682aa4749e
data/dataset/brown_blight/image_0_688.jpg,1,brown_blight,256,256,4917,True,False,True,True,72.58559456071816,150.85755920410156,93.05357698785105,True,False,False,False,True,,da2038241a627d417444a3ff414c8ac03a64ab81e7da2c9e522d7cd42107ffac,aa97d5682aa4749e
data/dataset/brown_blight/image_0_706 - Copy.jpg,1,brown_blight,256,256,4645,True,False,True,True,206.04684438928962,217.17430114746094,73.32744766223522,False,False,False,False,False,,4d663baeeaa0e73b239e821ecc1ac2f3c5848f2da8f47d6c6c39d509aee80139,ea9c95617a94e1ca
data/dataset/brown_blight/image_0_706.jpg,1,brown_blight,256,256,4645,True,False,True,True,206.04684438928962,217.17430114746094,73.32744766223522,False,False,False,False,False,,4d663baeeaa0e73b239e821ecc1ac2f3c5848f2da8f47d6c6c39d509aee80139,ea9c95617a94e1ca
data/dataset/brown_blight/image_0_707 - Copy.jpg,1,brown_blight,256,256,4512,True,False,True,True,231.61935424804688,225.33798217773438,65.84770615214099,False,False,True,False,True,,9136cce47524c6172e62d7d2a86a0e9ba02e2752d12c5c3cfd96004d36b41473,afe5d81a27e10a1e
data/dataset/brown_blight/image_0_707.jpg,1,brown_blight,256,256,4512,True,False,True,True,231.61935424804688,225.33798217773438,65.84770615214099,False,False,True,False,True,,9136cce47524c6172e62d7d2a86a0e9ba02e2752d12c5c3cfd96004d36b41473,afe5d81a27e10a1e
data/dataset/brown_blight/image_0_90 - Copy.jpg,1,brown_blight,256,256,6021,True,False,True,True,461.14904773887247,181.61769104003906,60.16686014499815,False,False,False,False,False,,263d2857c62262194c436fee237b5a418c175d8cf79b197200b1eb55d0e8da6a,eac0953c62c39cbd
data/dataset/brown_blight/image_0_90.jpg,1,brown_blight,256,256,6021,True,False,True,True,461.14904773887247,181.61769104003906,60.16686014499815,False,False,False,False,False,,263d2857c62262194c436fee237b5a418c175d8cf79b197200b1eb55d0e8da6a,eac0953c62c39cbd
data/dataset/helopeltis/image_0_1823.jpg,4,helopeltis,256,256,7860,True,False,True,True,499.90390014555305,196.59400939941406,77.23340384546728,False,False,False,False,False,,e87f783bd65af52b7ad3117021c6032b07df5591302de2a3ef030a71c17fb036,b9c2873dc23cc927
data/dataset/helopeltis/image_0_1832.jpg,4,helopeltis,256,256,5940,True,False,True,True,99.00083325710148,191.30674743652344,76.73529771340866,False,False,False,False,False,,0f36e9a9ebe28fe2f0f9d9cca744425b21dd14a78c8c057ccd7d7855771c51d0,ab93d44e1aed2992
data/dataset/helopeltis/image_0_1838.jpg,4,helopeltis,256,256,4938,True,False,True,True,117.08523546159267,199.9021453857422,59.88115537324593,False,False,False,False,False,,e1a4dd8848618b3bae7c7bfcc63f7f08c32f0d418140c52cd4af69bca22ed85c,b2c69899c73966cc
data/dataset/helopeltis/image_0_1843.jpg,4,helopeltis,256,256,5020,True,False,True,True,163.65338134393096,202.7438201904297,58.17664062877389,False,False,False,False,False,,1c9bf1b194a9da1b527ef196c65f78f7c5358f757b4d9d0d1d7b0b15b368769b,bcd2cb65361b49c4
data/dataset/helopeltis/image_0_1848.jpg,4,helopeltis,256,256,3750,True,False,True,True,71.9535519098863,237.33248901367188,40.29701038268658,True,False,True,False,True,,d4c089449513879dd04af5db64caeef7922e04522cfd3cb1a3fa58ce45663249,b3d98c663399cc26
data/dataset/helopeltis/image_0_1849.jpg,4,helopeltis,256,256,5992,True,False,True,True,188.5077313107904,169.1861114501953,67.58372775259801,False,False,False,False,False,,c30f49467da721616729651e6df07f240b9a9d3ba041f09b2ad0574f27cdc273,e19acfc5cc668266
data/dataset/helopeltis/image_0_1852.jpg,4,helopeltis,256,256,5389,True,False,True,True,80.12773109949194,206.72084045410156,58.03463497297935,False,False,False,False,False,,86636f5c0a53922579fb1ac148f707bc811ef802283425fa0635a568363dcf22,b8c3c32c6c90b3cf
data/dataset/helopeltis/image_0_1853.jpg,4,helopeltis,256,256,5029,True,False,True,True,89.62525892793201,182.0256805419922,55.70294088816871,False,False,False,False,False,,f5781cfc78ecf84d98eeb0583d2c7c6a4af3174f4f91075997f9789df1f33f24,e996c669341e8bd1
data/dataset/helopeltis/image_0_1854.jpg,4,helopeltis,256,256,5235,True,False,True,True,125.12203963752836,189.51612854003906,51.25025827514076,False,False,False,False,False,,63a45da4d05ff7744b903bb5e858dde825885fc90fc7dc26f46ec9deff5a59eb,f3989cc5cfc63130
data/dataset/helopeltis/image_0_1872.jpg,4,helopeltis,256,256,5030,True,False,True,True,76.95553561951965,191.61456298828125,50.681446977217696,True,False,False,False,True,,fe36129ece080f187005d1cfbdd79ad7cea273979bd4eec313e204991721a04f,f018cf65309acfe1
data/dataset/helopeltis/image_0_1889.jpg,4,helopeltis,256,256,6053,True,False,True,True,159.08912598132156,184.3924102783203,68.30552872415068,False,False,False,False,False,,0ab0a7e5fddd66a8a2f0740f881e7fb36cafb4e3b359fdef55b602bdf2fce40a,bec0953f684a668d
data/dataset/helopeltis/image_0_1890.jpg,4,helopeltis,256,256,6134,True,False,True,True,206.1998596182093,167.7752685546875,72.59313624650515,False,False,False,False,False,,072eb616653b9de4c77f90952daaf72cf2860ddb9495dc32eace689d597bc50d,bd96c0683c371acd
data/dataset/helopeltis/image_0_1901.jpg,4,helopeltis,256,256,5732,True,False,True,True,306.21929670032114,183.70571899414062,72.84800578789769,False,False,False,False,False,,ffee94f066bc307eb10407f46659351c36ceede16e3fe1abe5929c8b4ebfce67,b4cd9b36606966cc
data/dataset/helopeltis/image_0_1910.jpg,4,helopeltis,256,256,5374,True,False,True,True,55.55180277838372,204.36563110351562,63.385042045478514,True,False,False,False,True,,64e6feef237f85c994eb12f1975de10ebb11e4a68a0413b764186bfcfa21fcc7,aee1901e3ee0e587
data/dataset/helopeltis/image_0_1920.jpg,4,helopeltis,256,256,5701,True,False,True,True,243.1186804389581,204.6188201904297,75.43900475161831,False,False,False,False,False,,5e060e73041262b68f4058dd8456fe3cbf963e05bda522721cad6f651d9f9d58,f0ce95384b36ed30
data/dataset/helopeltis/image_0_1934.jpg,4,helopeltis,256,256,4231,True,False,True,True,182.88104248046875,234.3052978515625,51.811228862942805,False,False,True,False,True,,8efdd8b098c3ed52ed1a0e947aa89bd9a2063981bb1cf680b4228f870eca0a05,f393cc6c321866b3
data/dataset/helopeltis/image_0_1945.jpg,4,helopeltis,256,256,5865,True,False,True,True,372.0001983528491,180.21826171875,74.93158378345368,False,False,False,False,False,,ca8587fc6c0f41e3b7f0360edc9040c1029129ca94032cbf52ff777cd30361f7,e9cb9634a1b326cc
data/dataset/helopeltis/image_0_1965.jpg,4,helopeltis,256,256,5783,True,False,True,True,123.01554870582186,168.7589874267578,66.04513419218674,False,False,False,False,False,,747897839165f54ff2a038c542b411afe1b08bf6f78311b23d17ef2fc6a98859,ad96c0691f271acb
data/dataset/helopeltis/image_0_1975.jpg,4,helopeltis,256,256,6046,True,False,True,True,448.505615234375,214.46658325195312,73.19968608698441,False,False,False,False,False,,82bfe81707f25a3462a70be7244b3c327e278ec1583ab037cad1118b85c5b2fa,bcc9c33e6d7086c1
data/dataset/helopeltis/image_0_1980.jpg,4,helopeltis,256,256,5246,True,False,True,True,134.00656120385975,190.22723388671875,54.3877317104725,False,False,False,False,False,,37f5cd1b60291e69bacb96e97e6e62f255c3252c35e64a1338a799ec39b8e965,fcc3923469e3368c
data/dataset/helopeltis/image_0_1982.jpg,4,helopeltis,256,256,5651,True,False,True,True,177.7625406673178,172.5605926513672,63.68030587714519,False,False,False,False,False,,962091e6b92ae83e46906511e121b9932b30f3aab1df9dc0835805131e32d939,e199ce69a4673239
data/dataset/helopeltis/image_0_2006.jpg,4,helopeltis,256,256,6583,True,False,True,True,474.7933053933084,190.18630981445312,87.12857894724284,False,False,False,False,False,,abaea11c22cb835cc05fde60263d97c68b416d461eef346d0087324a0fb52b41,fec0813f7cd0234e
data/dataset/helopeltis/image_0_2019.jpg,4,helopeltis,256,256,5333,True,False,True,True,146.4947204440832,197.772705078125,62.624920351487944,False,False,False,False,False,,105db13b1db6c78db18591e3053ab08606157e41573fe4ff99b9b18743521b80,b2d9cb64cc366433
data/dataset/helopeltis/image_0_2029.jpg,4,helopeltis,256,256,5432,True,False,True,True,52.10357582196593,186.94024658203125,58.82648725797781,True,False,False,False,True,,edb60356e7913907503b05565776f331180879e36b100bb224180103b10d4c08,e4928bcd9c66e331
data/dataset/helopeltis/image_0_2030.jpg,4,helopeltis,256,256,6803,True,False,True,True,323.21320819086395,178.33065795898438,64.97169496227716,False,False,False,False,False,,6d4c65cd6743450db724758a57e15b8c5de4558cf50424f3f6ec9a29974b926a,af94c06f3de092c9
data/dataset/helopeltis/image_0_2031.jpg,4,helopeltis,256,256,3944,True,False,True,True,107.60037231445312,233.99913024902344,53.574863562245866,False,False,True,False,True,,ee28d8e59a1c022a8fc661271f500d90c05a2a6bf2b855bfd48b4fd5826a3285,b4c9cb363cc9c316
data/dataset/helopeltis/image_0_2036.jpg,4,helopeltis,256,256,4874,True,False,True,True,69.85107421502471,195.5153350830078,48.61393782015713,True,False,False,False,True,,f1f98138a1b0ad5e1b9e4ab5a85a274e69732eb2e93dfae196ae8df49ccfdeb8,e3959c6a2590ce9b
data/dataset/helopeltis/image_0_2040.jpg,4,helopeltis,256,256,5116,True,False,True,True,115.62063594069332,207.5698699951172,61.20501652337937,False,False,False,False,False,,c1ec0a2b8c07d632b2420d7dcc98f96812f938964acdf1a2cc067fca9f5bb515,e8c5963c68c3a59e
data/dataset/helopeltis/image_0_2057.jpg,4,helopeltis,256,256,5228,True,False,True,True,162.50245662569068,189.3884735107422,65.46689949895486,False,False,False,False,False,,826c142e6d01dc6dda6720a2a01aa9dafff89d4d8f5fea1603ccc30fafe8f538,aec89137e8ca3cd1
data/dataset/helopeltis/image_0_2067.jpg,4,helopeltis,256,256,5615,True,False,True,True,103.40394373214804,169.22775268554688,64.30491916040285,False,False,False,False,False,,e085bbf44934e81aa2ac65e9979771451d2015fe842c97dbfbe44b99956ecbd3,ebcc9932c634e589
data/dataset/helopeltis/image_0_2069.jpg,4,helopeltis,256,256,6229,True,False,True,True,201.04537678859197,156.58482360839844,64.58266415078337,False,False,False,False,False,,e120e7d3580dd8b0f348f6c728be8bcd1333ff80ca4cbe553b003ab3521a560b,a8c7943be04f9578
data/dataset/helopeltis/image_0_2079.jpg,4,helopeltis,256,256,7561,True,False,True,True,330.33260875567794,167.29483032226562,67.46332319813887,False,False,False,False,False,,8ef3e47db160342befb54a4c9bea875642cecfcb66e7e0666acfea40e4444359,fac5956a7027ca94
data/dataset/helopeltis/image_0_2089.jpg,4,helopeltis,256,256,5547,True,False,True,True,95.5574800958857,186.00970458984375,62.89053860483692,False,False,False,False,False,,29deb6ba8521e168e38a07361d521c2110f912fef4e6ef898d8c2e71dadd041b,b49acbe59c263338
data/dataset/helopeltis/image_0_2097.jpg,4,helopeltis,256,256,5789,True,False,True,True,203.36662292457186,181.50772094726562,65.6270872637279,False,False,False,False,False,,b326681ca0d7148912dc27ad7e201324ffed06a6590a52d519ce4242375fe37d,e994cecb85663239
data/dataset/helopeltis/image_0_2100.jpg,4,helopeltis,256,256,5514,True,False,True,True,188.56179173197597,189.88717651367188,65.79311216800401,False,False,False,False,False,,673744b8f6775b439998f9b44fb5c74b7976d66cc81403e9ce3adbce78dd1c2f,afbad0007efea103
data/dataset/helopeltis/image_0_2101.jpg,4,helopeltis,256,256,4805,True,False,True,True,113.96128841280006,180.0560302734375,52.74963295713407,False,False,False,False,False,,79c9bbf1b562bfb46af5da327643defe29d27464ec85a44120cc9f119baba416,bd16c0693f92c0fc
data/dataset/helopeltis/image_0_2119.jpg,4,helopeltis,256,256,4353,True,False,True,True,90.92564385361038,185.51368713378906,52.60649943104874,False,False,False,False,False,,cb791ba2facd88527866e4bc81f511ac10df556196d6c1939bbf80bdeba868af,e4c59a3065cf2ecc
data/dataset/helopeltis/image_0_2120.jpg,4,helopeltis,256,256,4551,True,False,True,True,69.39358504768461,195.56326293945312,51.01932409538665,True,False,False,False,True,,5679b1df678656231c61d323d90e7d383e85a85e69927815db03ec6da679ff4e,b346cc3966cc33c6
data/dataset/helopeltis/image_0_2122.jpg,4,helopeltis,256,256,4959,True,False,True,True,140.43101501255296,204.11758422851562,66.81525102406029,False,False,False,False,False,,bd5b125d8e25cb6e70a9c9694cc55207f6fcedf103fccf1f9b8b5db530cc3041,aac5d52a6a950f6a
data/dataset/helopeltis/image_0_2127.jpg,4,helopeltis,256,256,5067,True,False,True,True,113.16401670477353,213.9013214111328,68.82643243848217,False,False,False,False,False,,47da369528fbe864808388db8ee0d9c1a40b0eac55bc4d9b1c1d8f19fc3fa00c,a6cc9e3999639926
data/dataset/helopeltis/image_0_2129.jpg,4,helopeltis,256,256,5175,True,False,True,True,198.0365905612707,214.62037658691406,70.48321120641111,False,False,False,False,False,,deea05a6e98bc9a1b0968e4f99f6195b8291a4238ddfcc90dc763c2d95dae21d,eac2953c4ae32d9a
data/dataset/helopeltis/image_0_2142.jpg,4,helopeltis,256,256,4506,True,False,True,True,136.6700439453125,225.21356201171875,62.36405172780049,False,False,True,False,True,,70862c33200b64ee9d3ec4c122eb31688660ff8ccd153df3587a8bbb6d3a3e9d,e895c66a3d95c2e8
data/dataset/helopeltis/image_0_2143.jpg,4,helopeltis,256,256,5169,True,False,True,True,177.22602837509476,214.56512451171875,69.0405002043434,False,False,False,False,False,,599db7036ed888b1f73a2fac9b886a822bee532079371c9b0a8a9c38fbbea7aa,e9cf9630654a6cc9
data/dataset/helopeltis/image_0_2145.jpg,4,helopeltis,256,256,4432,True,False,True,True,96.2293548581656,190.88926696777344,51.24212338993234,False,False,False,False,False,,dfe1c9316665212535fff631a2f4a90ce252127e4d37d0d100164d399a2cffef,f0cf9a3065c3969c
data/dataset/helopeltis/image_0_2155.jpg,4,helopeltis,256,256,4955,True,False,True,True,78.01924118748866,190.7786407470703,53.80775559994314,True,False,False,False,True,,8f100ad54f441724d23bec304134847b201893325ddf23fcbc420f05c804b205,b098cde633993539
data/dataset/helopeltis/image_0_2162.jpg,4,helopeltis,256,256,5301,True,False,True,True,146.2887420465704,210.8144073486328,64.8189012107693,False,False,False,False,False,,f17f9bdb3167823802ed025217626ea6e24c2785e5ca937fda727cbfdd8bec1c,bfbd90c069341673
data/dataset/helopeltis/image_0_2163.jpg,4,helopeltis,256,256,5319,True,False,True,True,156.1794711612165,215.96116638183594,63.60302908640988,False,False,False,False,False,,085b24e18c8573122d303d516f68f76f32170c61ba79689404f4c2c91f6c3f61,bec1c03e2bf4b48a
data/dataset/helopeltis/image_0_2166.jpg,4,helopeltis,256,256,4801,True,False,True,True,101.75077727413736,205.51295471191406,63.17389536287889,False,False,False,False,False,,292ebd7de202514da432a7702114ad42b9c7e494e89735509339fbd43a64d031,e192de6d30966399
data/dataset/helopeltis/image_0_2167.jpg,4,helopeltis,256,256,3432,True,False,True,True,102.24270623922348,241.0501251220703,45.21318897805054,False,False,True,False,True,,277c8cea21966ea2f354aebfcefa1102fd9c8c57004c88dbbd2951e857673817,e1659e907167ce98
data/dataset/helopeltis/image_0_2170.jpg,4,helopeltis,256,256,5103,True,False,True,True,66.53671255335212,183.80406188964844,46.860526241798425,True,False,False,False,True,,a080ec4717391248461d24e02e4d267199ec7b3c50a9acaa5a7ecf7936959486,fcb1c34e3ca0e01f
data/dataset/helopeltis/image_0_2179.jpg,4,helopeltis,256,256,5104,True,False,True,True,115.70745771285146,171.2368621826172,59.65154786170814,False,False,False,False,False,,8b6ee7ceefc551f7359940adeb0f9e42d409b09034f97ce6115eedaed6272d23,ea359c4a316d3693
data/dataset/helopeltis/image_0_2181.jpg,4,helopeltis,256,256,6544,True,False,True,True,428.7115169232711,212.29920959472656,69.37729244248906,False,False,False,False,False,,06047fb9d50a8bba243ec304e297ef4fa62b9b29de9ade61a16f11a76b036535,e3cc9131cb724c6b
data/dataset/helopeltis/image_0_2192.jpg,4,helopeltis,256,256,4397,True,False,True,True,99.9389034723863,230.01918029785156,53.81680743378594,False,False,True,False,True,,57facbc4d50f7ff7e0732c0bc5f490d4a5dae7afe9f4fda45d2f0aca3b44733e,e5929a653398cc97
data/dataset/helopeltis/image_0_2196.jpg,4,helopeltis,256,256,5328,True,False,True,True,184.56105927354656,215.7234649658203,68.0123337449642,False,False,False,False,False,,25344f0230882e71636307206eaee65b6d98deae193b4b85630f103ec7b3f4b3,eac894356acae58d
data/dataset/helopeltis/image_0_2206.jpg,4,helopeltis,256,256,6074,True,False,True,True,467.87716674711555,196.54562377929688,86.41957574692991,False,False,False,False,False,,51687ee1fb1fe6a07d4ef714cf8004b2f5271cc539408994cad286d96aa1519f,b8c3973c686326cd
data/dataset/helopeltis/image_0_2215.jpg,4,helopeltis,256,256,8261,True,False,True,True,373.2738778507337,151.31246948242188,83.84988770997191,False,False,False,False,False,,ec782076d7150ae089845707e18d02ebd302a4e9015ef4732b787b457ec9f09a,ed81d05e836ddf20
data/dataset/helopeltis/image_0_2216.jpg,4,helopeltis,256,256,4037,True,False,True,True,45.60734535730444,187.21458435058594,38.73824585863362,True,False,False,False,True,,e2d2b12596360248b4e1e66ddfe8475d94c2c23ef3a2932f44b6c5256c7e339c,e4b29b4d663299c9
data/dataset/helopeltis/image_0_2219.jpg,4,helopeltis,256,256,4586,True,False,True,True,147.99163813795894,187.75198364257812,46.18432420308254,False,False,False,False,False,,16b4666e44d874e033c3058cbe7a24c7b8bd74e1912322c084f0dd8654ff6a70,e3cc9cb1674c9893
data/dataset/helopeltis/image_0_2226.jpg,4,helopeltis,256,256,5287,True,False,True,True,102.90660094073974,208.56903076171875,70.61405189712674,False,False,False,False,False,,2392817aa819f5c3fabd022dfd518999ea9f013258fec1ff8334f56d91fce3f7,e84b9f34256362ce
data/dataset/helopeltis/image_0_2229.jpg,4,helopeltis,256,256,5233,True,False,True,True,174.71484103426337,204.86599731445312,70.36248735148637,False,False,False,False,False,,73003b2c15a2aa1aa7dbde744d2d305412868add371df4578ef36c0cce2a05a3,e8c3953c6bc23c99
data/dataset/helopeltis/image_0_2235.jpg,4,helopeltis,256,256,3907,True,False,True,True,97.44650267064571,236.4220428466797,51.37946409215544,False,False,True,False,True,,1821e706cc922added8fe54285d5a0d12bec82e4cae566862859fe7c1948b712,ed65929e2861c796
data/dataset/helopeltis/image_0_2239.jpg,4,helopeltis,256,256,5300,True,False,True,True,136.6175992479548,203.76341247558594,69.07158350085056,False,False,False,False,False,,2af102af57ca400a4866d20b658c87806424443c3979f70cece19ee0cb69d2a7,ea3495c36a38a5c7
data/dataset/helopeltis/image_0_2241.jpg,4,helopeltis,256,256,4029,True,False,True,True,48.677137000253424,182.26548767089844,37.913664423429466,True,False,False,False,True,,dd8dcdd28aa274eb78911d316cea4922814704f15fb3b556bc943ad64c67afb1,e63699c9643693c9
data/dataset/helopeltis/image_0_2242.jpg,4,helopeltis,256,256,5645,True,False,True,True,121.42423950671218,171.4807586669922,61.94554672388883,False,False,False,False,False,,35ef65a5d10dd7fa1e64ca487d55572aef8c116545d2ebc055bf2f17a3f650e6,a09ecb65927b994c
data/dataset/helopeltis/image_0_2247.jpg,4,helopeltis,256,256,3573,True,False,True,True,103.4678954994306,236.29417419433594,52.83128243111128,False,False,True,False,True,,3a43d6817c78682f07201ac96f12c6c100c9bd9973868ee46652f4fa56776374,b0c9cf32388de6e2
data/dataset/helopeltis/image_0_2251.jpg,4,helopeltis,256,256,4360,True,False,True,True,84.43157940730453,224.71092224121094,54.52634100255143,False,False,True,False,True,,a1540509920d61059e17524c5150473dafe73434f0f4d695d160abe97fb9ba2c,e34e9c3163ce9c31
data/dataset/helopeltis/image_0_2254.jpg,4,helopeltis,256,256,4178,True,False,True,True,83.1317901329603,227.45196533203125,61.21445212504561,False,False,True,False,True,,ee52c32be14d926f80afbd7ad17288e9b3945750322a51b87abdc34ee2d5d269,e592986d3324b69b
data/dataset/helopeltis/image_0_2260.jpg,4,helopeltis,256,256,4550,True,False,True,True,57.70225195190869,182.03256225585938,55.35349195430611,True,False,False,False,True,,2336eeff25b8231634d4f71e3ee5af537f6a6c79ef3d0fd0601dce45396c2bbc,addac66d3896e148
data/dataset/helopeltis/image_0_2261.jpg,4,helopeltis,256,256,4001,True,False,True,True,107.41106925904751,236.19558715820312,49.81965047348551,False,False,True,False,True,,1955a41d74e7ad9ef058b04574e94f05e1e047e338c8080d484d65ecdcb3d663,e69b996c23934cc9
data/dataset/helopeltis/image_0_2268.jpg,4,helopeltis,256,256,5427,True,False,True,True,153.36193820741028,216.1316375732422,65.90789047523818,False,False,False,False,False,,85ee856622472c15fa9fa68daa7d00d3698bcc2349a7bd2c133f7a8d5f3e8f29,f465ce98931831e7
data/dataset/helopeltis/image_0_2271.jpg,4,helopeltis,256,256,5094,True,False,True,True,125.41906717326492,176.5419158935547,48.845914080950216,False,False,False,False,False,,76f33de08bb034dd7328679a8a7b8b8503dd35adcc871a55a049fc92734b4bf9,f192ce65309ecbc1
data/dataset/helopeltis/image_0_2279.jpg,4,helopeltis,256,256,5195,True,False,True,True,83.17457570298575,181.94488525390625,60.29193136730261,False,False,False,False,False,,4907980c55c8871da0324d866d39859ff0da04e7da73c958cdb96d716783beb9,e8de976038a7e1d0
data/dataset/helopeltis/image_0_2284.jpg,4,helopeltis,256,256,4736,True,False,True,True,90.99252177681774,196.30287170410156,60.775358117834,False,False,False,False,False,,a5c489efeacd757e09a213ad0bf89ebb1610d6514b9b7f9b1eace8c1d46838e4,bf84c23f3dc0920f
data/dataset/helopeltis/image_0_2297.jpg,4,helopeltis,256,256,4903,True,False,True,True,63.71870329952799,199.94735717773438,52.083355980469825,True,False,False,False,True,,3bb6a5d09d3143aa8906dde9e02a9c9d83e74cc89157b9a4f1a8c02157a96c36,f465ca9a3061cf9c
data/dataset/helopeltis/image_0_2299.jpg,4,helopeltis,256,256,4673,True,False,True,True,84.04316664277576,198.13096618652344,42.20011438240732,False,False,False,False,False,,416d5340cdc4bbc6067269fb4bf0ef68c43ec665a32f1840c6af3da5c75628e6,e59ada61678e9831
data/dataset/helopeltis/image_0_2302.jpg,4,helopeltis,256,256,5680,True,False,True,True,217.510421741521,203.11663818359375,81.11137535927251,False,False,False,False,False,,ba16ad3030de676c36a9370cc87d3be3dd11e15b1c06ebe0d8db0d2f02e790a0,b9b4c26b3d0e319a
data/dataset/helopeltis/image_0_2311.jpg,4,helopeltis,256,256,5052,True,False,True,True,86.54708854760975,183.2792510986328,55.376027313505084,False,False,False,False,False,,1618bce21f061b114307c705e57161d204dc8f0b1257b742a4ffa891c73e90de,eacb953463ca3c89
data/dataset/helopeltis/image_0_2318.jpg,4,helopeltis,256,256,6571,True,False,True,True,328.3904724083841,209.74266052246094,70.2817774644067,False,False,False,False,False,,b82fcd33cba4876226673872a65847b31c8a30325e4857b7767fba61a7ac9b6e,e84985b73bc2668d
data/dataset/helopeltis/image_0_2319.jpg,4,helopeltis,256,256,5252,True,False,True,True,127.88206446520053,210.27256774902344,59.245635970127026,False,False,False,False,False,,b4bebaf90948d5a65fce486decd46a82694a8a243c5d61c5b90cd24c61d7d7e1,b4d0c26d3cb2c3cd
data/dataset/helopeltis/image_0_2323.jpg,4,helopeltis,256,256,6684,True,False,True,True,231.3486785774585,205.42779541015625,63.84127130049049,False,False,False,False,False,,e4292c777b553c85b1f4ca0c6bd1e108563d7456096ec97f043968d7f8bdc14a,eac2973dc832654b
data/dataset/helopeltis/image_0_2326.jpg,4,helopeltis,256,256,4657,True,False,True,True,95.44581593736075,190.2379150390625,51.20388526907926,False,False,False,False,False,,d21df5fcd356377820a7ab2556bc2535b0ad437b3df4c8750afa5027fe734876,e5cd9a3265cd3898
data/dataset/helopeltis/image_0_2327.jpg,4,helopeltis,256,256,6091,True,False,True,True,118.70407020673156,165.7222442626953,67.82943190882285,False,False,False,False,False,,b81005025456aa882301c110c60682cbfd8f48699de840b112245d7ab26fd9c4,eb96c06a9d673238
data/dataset/helopeltis/image_0_2339.jpg,4,helopeltis,256,256,4900,True,False,True,True,69.30702177598141,188.12306213378906,55.566733234963195,True,False,False,False,True,,7b7342ea034117cc59fa221b6ea36cf63440aba304c477c88247c7ffa3ad8ace,e3969c6863869c5b
data/dataset/helopeltis/image_0_2361.jpg,4,helopeltis,256,256,6575,True,False,True,True,203.24287413968705,183.31468200683594,71.39283001297078,False,False,False,False,False,,b238c785eed0220aadedaf3dcec121f6412e37559600b38bf3f230825a524c0b,b7c6c117cd380ef0
data/dataset/helopeltis/image_0_2363.jpg,4,helopeltis,256,256,5019,True,False,True,True,133.93104551336728,214.6683807373047,62.4100086888986,False,False,False,False,False,,b900615bc43356b32a561e5655bfd6d63d023d5c3aa68609525548777d2529e1,e592da4d343c66c3
data/dataset/helopeltis/image_0_2365.jpg,4,helopeltis,256,256,5342,True,False,True,True,154.22741697728634,184.8841094970703,59.793234382018596,False,False,False,False,False,,88146a9c84221944edd4d043cf5e64196ddd0b8a518164347cb7bc3c2dfb26a3,f8c3973c634a1c8d
data/dataset/helopeltis/image_0_2373.jpg,4,helopeltis,256,256,5963,True,False,True,True,93.27388672321104,146.08255004882812,76.21897396083067,False,False,False,False,False,,3b5bfd117c612fef658bca4e8d398c2789763f3b212b5bbdaf88e144d8bcbb6b,fe60812f5c3063cf
data/dataset/helopeltis/image_0_2374.jpg,4,helopeltis,256,256,6318,True,False,True,True,170.52130122389644,192.0687713623047,60.94620568917276,False,False,False,False,False,,ff303847f6a300da3d3374ecfc90b6af9ddf5703b46fc835ee6b125fc00e5c48,be95c868361be1d4
data/dataset/helopeltis/image_0_2378.jpg,4,helopeltis,256,256,5230,True,False,True,True,92.20491027808748,182.39373779296875,57.30690738792966,False,False,False,False,False,,08044dc8b96fd2a18b1ea10f376e5bd7fc855f7d4ada97273252673d25a3ea24,e1cf9c31634a64cd
data/dataset/helopeltis/image_0_2383.jpg,4,helopeltis,256,256,5110,True,False,True,True,80.26348831877112,192.26296997070312,60.26261421267485,False,False,False,False,False,,979a750e25f978884293510767efd1e7a70fb286bf4cdf043bc0c6cf7a1f6b73,a1cf9e30656966cc
data/dataset/helopeltis/image_0_2391.jpg,4,helopeltis,256,256,6026,True,False,True,True,151.83799556060694,188.75254821777344,78.958545293814,False,False,False,False,False,,c056afc2b28b5b988dd764a3cd85885944eb703217aa07efdff964f8d6a826c5,ae95d07a0ba5745a
data/dataset/helopeltis/image_0_2394.jpg,4,helopeltis,256,256,5268,True,False,True,True,100.36123656388372,208.70591735839844,69.90800830827182,False,False,False,False,False,,cabaaff57435dc9bbc7c95de7beabf6c4e244e7e57231cfe5736b3c5a135d7c9,f895814a2fb5f05a
data/dataset/helopeltis/image_0_2402.jpg,4,helopeltis,256,256,5028,True,False,True,True,102.4371781849768,194.36256408691406,52.006649782731635,False,False,False,False,False,,b2285ff5fa4fafc8481da1b9aebae27a02d9b7b7ca9e515d4c9037b804334f3a,e58c9a336c4c339e
data/dataset/helopeltis/image_0_2411.jpg,4,helopeltis,256,256,4970,True,False,True,True,156.39727724995464,195.15811157226562,61.72009833968829,False,False,False,False,False,,1defa3b0541976d5bc4ace0337c87c09b3528db78afc0fd72b2bbfaf76c892fd,e7a99a92cc692ccc
data/dataset/helopeltis/image_0_2414.jpg,4,helopeltis,256,256,3998,True,False,True,True,105.66308593377471,235.36387634277344,52.30674205391936,False,False,True,False,True,,07b2f01a96970bcc9dff15f4e3bd040566a0b9c9af07acbb06bc805d936650d8,e1949e6b3194ce63
data/dataset/helopeltis/image_0_2415.jpg,4,helopeltis,256,256,5160,True,False,True,True,158.798184906831,180.07083129882812,59.9145636023294,False,False,False,False,False,,116e5f3d0a3f43d38c010126db9e987264dda150789c1a2560f65e996c9d73db,fae685582aa5f452
data/dataset/helopeltis/image_0_2423.jpg,4,helopeltis,256,256,4901,True,False,True,True,84.16729735955596,184.0404510498047,60.345451218224596,False,False,False,False,False,,1201915e9612de84da932c60fbf793f90a187608f98708880b32c63a776aa4e7,f2c6cb38cc332693
data/dataset/helopeltis/image_0_2427.jpg,4,helopeltis,256,256,4879,True,False,True,True,160.60009765531868,219.30653381347656,59.67435369405707,False,False,False,False,False,,41335f82f4099f1294c13d70586c62e361d7a8ee3bcd03f65d11e1d876600b13,fa82953d60c29eb9
data/dataset/helopeltis/image_0_2433.jpg,4,helopeltis,256,256,5165,True,False,True,True,86.41374082467519,190.9220733642578,59.88564580563197,False,False,False,False,False,,3125b20adc45227ecdd84a56b518e69b7b3799389cdb30a05406ebd6b225b410,bdc8c2376dc89287
data/dataset/helopeltis/image_0_2464.jpg,4,helopeltis,256,256,4690,True,False,True,True,57.035705383867025,175.54063415527344,44.15622612004171,True,False,False,False,True,,3f955b46c00ec424c5a8c22d5c5829459c74ef26885bca6758244511dcd002ad,a69b98653386cb99
data/dataset/helopeltis/image_0_2465.jpg,4,helopeltis,256,256,5951,True,False,True,True,102.71800047508441,168.98818969726562,61.77546183739771,False,False,False,False,False,,a4ba0b7841bc6834d6b042fc73735af46c5e74fe2d9d72937c09db938456b4bd,eaca94356bea058d
data/dataset/helopeltis/image_0_2474.jpg,4,helopeltis,256,256,5395,True,False,True,True,95.79256705846637,209.8517303466797,68.61305700039173,False,False,False,False,False,,39b3898ac67669f3a61c25a7a3129050e159127503cd722a3423e72bda0774b9,e3359c4e63b15c46
data/dataset/helopeltis/image_0_2490.jpg,4,helopeltis,256,256,4153,True,False,True,True,52.954421773320064,228.83885192871094,52.876447669910355,True,False,True,False,True,,5923ce15ebe51ada1e6aa11faa7d00ccfab0df2a3a9eedfff2aaf162734742cb,e25a9d63629c8d71
data/dataset/helopeltis/image_0_2493.jpg,4,helopeltis,256,256,4847,True,False,True,True,92.05329834460281,194.82806396484375,45.76364993136835,False,False,False,False,False,,ab60428cace84c9ee63caab4f6530fdf320052febdcafb81a82219ff351592f5,e68c9932646d67c9
data/dataset/helopeltis/image_0_2497.jpg,4,helopeltis,256,256,5088,True,False,True,True,176.50338745117188,228.2216033935547,49.73637267201695,False,False,True,False,True,,ec3dcba2352e5bd60ccbc2792bc09411b12078d6a07e598c99b7c28eebb98d0d,b83ecbc164363399
data/dataset/helopeltis/image_0_2508.jpg,4,helopeltis,256,256,5033,True,False,True,True,56.733947708271444,218.3417510986328,60.07498376467722,True,False,False,False,True,,6906c64af4257d0e4f58e05e8a1fd036d18606e99e22f3a4395cbd1b3f47e85f,ea9485426abdb5d2
data/dataset/helopeltis/image_0_2515.jpg,4,helopeltis,256,256,4618,True,False,True,True,61.49195860675536,180.82473754882812,58.040273027295235,True,False,False,False,True,,b249a46fc8b4b0cf8a38ffb74da544d86ec7ac690f51383f1af348892c178ea9,fc8b913c6bc0941f
data/dataset/helopeltis/image_0_2516.jpg,4,helopeltis,256,256,5152,True,False,True,True,129.7684326171875,197.7203826904297,56.99577784548559,False,False,False,False,False,,c9de9de57ae84a37af6531d376f9df2b81968fb260f36c0919ee1f8699266708,a9d7c22c6fd0904f
data/dataset/helopeltis/image_0_2525.jpg,4,helopeltis,256,256,7003,True,False,True,True,241.77033931179903,202.0750732421875,70.79136549886472,False,False,False,False,False,,c0729c28d9095faff162c2b45dc55d33e9a39f12c53af758be5e04ccb08f9c8a,e7c990376972268d
data/dataset/helopeltis/image_0_2528.jpg,4,helopeltis,256,256,4436,True,False,True,True,94.44264215952717,212.0128936767578,47.570887641129985,False,False,False,False,False,,d6f31bdc8a20c3e88865faeb113ba089601606b86e19f688d45879475f85e706,b246cd993266c63e
data/dataset/helopeltis/image_0_2547.jpg,4,helopeltis,256,256,4946,True,False,True,True,72.80018491647206,194.10226440429688,47.03687100182159,True,False,False,False,True,,43fca4b9615b22277e86ec93ace79acd55aba4eb9af558177ecf6024ff8d7941,f0c79e38679e9064
data/dataset/helopeltis/image_0_2559.jpg,4,helopeltis,256,256,5902,True,False,True,True,307.8454064419493,188.6878662109375,91.06601734926757,False,False,False,False,False,,af84350a1f46e6eaa56447094cafc58cbbd3d5f70f409c88789593d91c321fa5,bf1f80e07eaf2118
data/dataset/helopeltis/image_0_2566.jpg,4,helopeltis,256,256,5309,True,False,True,True,60.395064988872036,172.38584899902344,56.985929664734385,True,False,False,False,True,,a1f630a3bf22c2f1c455c8ffa4215628162c429665c7dbff032797d8e7f7d79f,a898ce67b158bd64
data/dataset/helopeltis/image_0_2567.jpg,4,helopeltis,256,256,5898,True,False,True,True,83.37215619906783,160.98699951171875,54.47188702895391,False,False,False,False,False,,900091675d1925bad16d5cc99be7d599af17ec349e249525c457fc8dc94c147f,ff9ec161b416231c
data/dataset/helopeltis/image_0_2571.jpg,4,helopeltis,256,256,5437,True,False,True,True,84.86141965445131,185.76748657226562,59.903107668597066,False,False,False,False,False,,c95c805f82325ff3c71e30f28c757cf1a93386f1e05c7b89919dc8dc900f0d7f,b0b8cf03cda63cc6
data/dataset/helopeltis/image_0_2583.jpg,4,helopeltis,256,256,5858,True,False,True,True,160.64477529749274,188.50625610351562,68.15896957099858,False,False,False,False,False,,0cd73575ea840424110c6e36d02203784973dcdd7e55948cd1ae8989c94fadc4,ad96c0691fa4d8ce
data/dataset/helopeltis/image_0_2588.jpg,4,helopeltis,256,256,5224,True,False,True,True,92.46943663409911,193.5017547607422,53.621387820384655,False,False,False,False,False,,ec8d809f6528d39db77b2fd4d2a3aba4824b084099964a3811d7b1cee4140c88,f41acf6530984d97
data/dataset/helopeltis/image_0_2589.jpg,4,helopeltis,256,256,5618,True,False,True,True,155.51847832626663,173.84201049804688,65.68158927498912,False,False,False,False,False,,8562607f511ac87a1f0174c09b1a48a4bf3e0997b157bb632df436edfdbf8e87,a5d6966998379266
data/dataset/helopeltis/image_0_2593.jpg,4,helopeltis,256,256,5710,True,False,True,True,162.1204976120498,170.5660400390625,73.32561500400249,False,False,False,False,False,,874716e6c596ffe613cfc811917391213e1789e1d1b39cfd83f9aa1db0ea1f95,e1f297498c6dcc86
data/dataset/helopeltis/image_0_2597.jpg,4,helopeltis,256,256,6179,True,False,True,True,154.47599785751663,203.4200897216797,70.547854314505,False,False,False,False,False,,12566b8e09705eb3a9d72b08f7e1ff4aba27b48619895abf0249a45acce7c6ac,af9dc0683d253a9a
data/dataset/helopeltis/image_0_2626.jpg,4,helopeltis,256,256,5129,True,False,True,True,204.4891509951558,188.2523651123047,65.07069087535186,False,False,False,False,False,,abe223e92b6735e3cdc7bbeb0f475e34ff3597da0168884b879ee2a73e5c69bd,a89687693c9663d9
data/dataset/helopeltis/image_0_2646.jpg,4,helopeltis,256,256,6027,True,False,True,True,113.1887340338435,201.6658172607422,67.49985849592593,False,False,False,False,False,,522f3f51355b9f7e393e439b71ca381b9754f70a5b79761fcaa5d435d253ece1,ed9ac2693d84e19a
data/dataset/helopeltis/image_0_2649.jpg,4,helopeltis,256,256,5313,True,False,True,True,129.28396604117006,191.2564239501953,64.49062803274263,False,False,False,False,False,,3a3270b9bb222ac2f725f00e7299e0f1ea0cb85e74ac6f93d21b111ec9105400,b6c0c91f72646dcc
data/dataset/helopeltis/image_0_2666.jpg,4,helopeltis,256,256,4469,True,False,True,True,66.63217113818973,198.5074005126953,49.142760723839444,True,False,False,False,True,,3e191cbb0dd4c3206c0d4cc559e85e99e38f9c43d56622c32c37b19b2e984226,b8c3c71c337139c6
data/dataset/helopeltis/image_0_2668.jpg,4,helopeltis,256,256,5250,True,False,True,True,109.58544900920242,190.4326629638672,54.640373226926826,False,False,False,False,False,,a4953177150b655ec4d59069ba53deef47029e6b75cee77f9a8057f97cd2cf30,e98b963069ceb4b1
data/dataset/helopeltis/image_0_2673.jpg,4,helopeltis,256,256,5431,True,False,True,True,211.24371337890625,215.8920135498047,67.16375384100743,False,False,False,False,False,,736125f64e90c9fec3dc8a30384eef5874b41b6bc89c0cf2b2db0b0c2030a24d,bd96c361341e99cc
data/dataset/helopeltis/image_0_2678.jpg,4,helopeltis,256,256,4925,True,False,True,True,48.27136777341366,188.97799682617188,52.841144845794624,True,False,False,False,True,,b2ec0a3acbf40bce1dfaf7ef18311e67b9ffa54a97e850e786e56422bfd786b1,eac2853d78c2a23f
data/dataset/helopeltis/image_0_2681.jpg,4,helopeltis,256,256,6354,True,False,True,True,129.13253711163998,177.54173278808594,63.522423080045805,False,False,False,False,False,,898f7d3c577e218c9a867dbc6c4f5977b13cebb925fa0599d4e924affde8bb07,af96c0693770d2c9
data/dataset/helopeltis/image_0_2687.jpg,4,helopeltis,256,256,7790,True,False,True,True,447.0826901048422,194.5414581298828,79.47456033045769,False,False,False,False,False,,8ab3b6cf646f2b254e6389a8f15849ba9cdb44ed56d9aff422c8b34a2b9a38a0,ab94c96a943398ed
data/dataset/helopeltis/image_0_2697.jpg,4,helopeltis,256,256,6996,True,False,True,True,256.9124409330543,169.89132690429688,75.16102911956813,False,False,False,False,False,,47d87b8d6e11924399f3b2cf946e8ade0ddbf7768deac4d57eb0107091ca9310,eb9dd00a0f359cd2
data/dataset/helopeltis/image_0_2699.jpg,4,helopeltis,256,256,3688,True,False,True,True,58.39886474609375,234.50291442871094,52.19546297362919,True,False,True,False,True,,3624fc95f11d2dcc835953202cc7b3692c4cc61d6179deb7e1394c83fb44ba6a,e53398cc66b33133
data/dataset/helopeltis/image_0_2707.jpg,4,helopeltis,256,256,5850,True,False,True,True,117.08328246232122,178.42706298828125,54.45899461744683,False,False,False,False,False,,1bfb1586c307453104bba6f29af09e9f85946dcedaf054e95506d4078745f2bc,bd9ac03d9bc86c86
data/dataset/helopeltis/image_0_2712.jpg,4,helopeltis,256,256,4625,True,False,True,True,50.02673316001892,210.45468139648438,50.263559727287024,True,False,False,False,True,,a8628553df6a106c2c20214e921585c37bfb5be34479134678c94ddfead44246,b2ced931668c99c9
data/dataset/helopeltis/image_0_2725.jpg,4,helopeltis,256,256,4919,True,False,True,True,87.78395075327717,189.41952514648438,47.58813292340688,False,False,False,False,False,,91a8004a0a7c180905576281b2b9ff47f727872cd7e4500a8f326b62eafd48c0,e894cf693498cb65
data/dataset/helopeltis/image_0_2729.jpg,4,helopeltis,256,256,4746,True,False,True,True,130.72872920241207,177.55081176757812,46.31825701134027,False,False,False,False,False,,d9c1a44a29ae2e0a936917f25d019563a590040205b68212d58ec99efdd00e47,a592cb6d329acd91
data/dataset/helopeltis/image_0_2756.jpg,4,helopeltis,256,256,6425,True,False,True,True,451.7003514766693,186.8867950439453,84.56769762957613,False,False,False,False,False,,7e4efc6a8b94da112a78fe4cf4cee7d84fc77bd7925400600c91a8602e2f1213,bd9dc2e275a5221a
data/dataset/helopeltis/image_0_2763.jpg,4,helopeltis,256,256,6345,True,False,True,True,138.606444417499,178.08689880371094,66.44577777055844,False,False,False,False,False,,b625d99606841fd30c289b2150bdbb70ac6f7d4f7e052922fcd8a6344e3ee1ff,fa85957a68a11e9c
data/dataset/helopeltis/image_0_2778.jpg,4,helopeltis,256,256,4578,True,False,True,True,99.60485771950334,226.17462158203125,58.908845945189796,False,False,True,False,True,,093daa0b027946560b33d20e3b16e736eb7f1167700a641b3576970afa107b69,e99697693896c398
data/dataset/helopeltis/image_0_2801.jpg,4,helopeltis,256,256,5543,True,False,True,True,130.33194358437322,178.9463348388672,57.02597501552585,False,False,False,False,False,,2b069903a382f973ced054e6e5883c49ba7cbcb735abb52e16fb3a4af220ff49,afc0903d6af2b48d
data/dataset/helopeltis/image_0_2811.jpg,4,helopeltis,256,256,6267,True,False,True,True,141.1280669325497,184.56666564941406,68.17201989926855,False,False,False,False,False,,0b84cc6513bedb859339451d29d36a4747c3e61d0043f5a54d334681d50a9dde,e8cf95b4c332474a
data/dataset/helopeltis/image_0_2813.jpg,4,helopeltis,256,256,6222,True,False,True,True,139.05577031499706,196.661865234375,79.96650709313963,False,False,False,False,False,,b51fdebd66191127f9717beed47c1ed6a2c58609622d04502688b68af9c51722,e8ca9735907267c9
data/dataset/helopeltis/image_0_2818.jpg,4,helopeltis,256,256,4889,True,False,True,True,145.88130184053443,218.06715393066406,69.17145448958037,False,False,False,False,False,,69715aa4f83579e7e5a2fd276fea191e9a2140253c266eadfe70f8b094df9acf,e78c98335b266d4c
data/dataset/helopeltis/image_0_2828.jpg,4,helopeltis,256,256,5538,True,False,True,True,110.811834651744,178.4879608154297,63.08025352938487,False,False,False,False,False,,22fe0d967c40049fc255c77dd8ffdb6fccba905ac719a80d07a102e5de45ff06,ea13956c78a3c71c
data/dataset/helopeltis/image_0_2829.jpg,4,helopeltis,256,256,4082,True,False,True,True,168.341796875,233.7600555419922,52.7072623984856,False,False,True,False,True,,e7f90ddc77903aabe8d58fdae056d4b4d5212cff8c8c4063a81ba089875195c7,e39c9e636994964a
data/dataset/helopeltis/image_0_2833.jpg,4,helopeltis,256,256,4570,True,False,True,True,56.759414667030796,187.82276916503906,48.628713504444576,True,False,False,False,True,,b03ca49602085891ffcf85e00e6323aea1da4b73b165f66253eec5fd55638dab,e1949e6f6194866b
data/dataset/helopeltis/image_0_2835.jpg,4,helopeltis,256,256,5127,True,False,True,True,108.9194082384929,184.14993286132812,67.84787459839775,False,False,False,False,False,,8f541bc74ca5d6fc628c045698a79dfa01e3f44ee33b26fc7370a4dbdd1a9289,ae80d07b2ae4f55a
data/dataset/helopeltis/image_0_2839.jpg,4,helopeltis,256,256,5197,True,False,True,True,83.97950663580559,178.9266357421875,60.160896642862426,False,False,False,False,False,,b951b5d2f32aa830bbfd25992bf31f24d66a587aef11219560c5d6bd71bfc4f4,bf16c0683f97486c
data/dataset/helopeltis/image_0_2852.jpg,4,helopeltis,256,256,4746,True,False,True,True,96.3362579063978,225.0016326904297,53.68015265858118,False,False,True,False,True,,dd62e8299e1311e9f8607310863d736778cf828797fc28376aaddf7f774f7cb4,eae4951a6ae5a552
data/dataset/helopeltis/image_0_2855.jpg,4,helopeltis,256,256,5848,True,False,True,True,181.5243072488811,201.40151977539062,67.10552507426655,False,False,False,False,False,,f81539fc7a13161a0cc77b1a16a34d58dc83662fa6985d9a5c3f6380c0408547,a8ce97394ac69d32
data/dataset/helopeltis/image_0_2856.jpg,4,helopeltis,256,256,6596,True,False,True,True,181.7151213735342,193.4947052001953,72.26328228494746,False,False,False,False,False,,888e337aabcf222de9b1891d57eaace83689a334d670f8567fec38ffce6f0f0d,bd9ec9e0cc638067
data/dataset/helopeltis/image_0_2863.jpg,4,helopeltis,256,256,5289,True,False,True,True,185.08663940429688,204.88470458984375,74.78303852323216,False,False,False,False,False,,ee528f6fd7bfd137ddc0b1913f88c9ef7a9d7de4e9a3e9977e1870329c832215,e4cc9e38993331c7
data/dataset/helopeltis/image_0_2866.jpg,4,helopeltis,256,256,5656,True,False,True,True,173.8991848619189,174.65086364746094,69.71921665733358,False,False,False,False,False,,1b83902d9ecfff46023d2f3118bfed8485074815242fcbd974ad5c9d5b70b610,aa5fd5604a17b1b8
data/dataset/helopeltis/image_0_2872.jpg,4,helopeltis,256,256,5649,True,False,True,True,129.4657428448554,185.67221069335938,53.9864468598491,False,False,False,False,False,,3dc02b60f608b62e5b6dfceab58547da1b954c592e2745d35efca40e72576b36,acc5db3261cd1cd2
data/dataset/helopeltis/image_0_2875.jpg,4,helopeltis,256,256,4018,True,False,True,True,95.24285888578743,236.91165161132812,45.66466705632434,False,False,True,False,True,,19d15cfbecb3b8bbb02653b44078f282c3c359ff80ac61269953f47e39d8b3c2,e2959c4a63b5cc4b
data/dataset/helopeltis/image_0_2877.jpg,4,helopeltis,256,256,5078,True,False,True,True,143.25492858304642,181.95370483398438,66.22666198101962,False,False,False,False,False,,ef88bf3c694baa37438154b226ff98eee91767f5902c6f83796ca6d3abcb5e92,f8c3963461cb36cc
data/dataset/helopeltis/image_0_2882.jpg,4,helopeltis,256,256,6184,True,False,True,True,264.18739016144536,188.75253295898438,83.31175865348575,False,False,False,False,False,,0260b643c20d8d07215a2d781e41ced0d6b04512e82d35144edceb9ac0a6e3b9,efb1805d3b6824d3
data/dataset/helopeltis/image_0_2888.jpg,4,helopeltis,256,256,4804,True,False,True,True,61.83659554924816,172.2582550048828,46.55914614632569,True,False,False,False,True,,a72cffe24f9c1aae70470ee787622836e21e24495a2a8c276d96da2885eef68c,b780c81d36f0d98f
data/dataset/helopeltis/image_0_2894.jpg,4,helopeltis,256,256,5502,True,False,True,True,168.00789619144052,187.26055908203125,69.25850261098591,False,False,False,False,False,,fe6ebbf874a3f6b4493a3870e91025bfc978d114feed1a75f1c212fac29568b5,ebb494421aade5d4
data/dataset/helopeltis/image_0_2895.jpg,4,helopeltis,256,256,5110,True,False,True,True,186.86892700195312,226.580078125,55.43840440702655,False,False,True,False,True,,9cfbe42e6cddf76ac477b91640899d7fd1feb31bfd00cc97f0764bc522afeaa3,ba94c1693c9672d9
data/dataset/helopeltis/image_0_2896.jpg,4,helopeltis,256,256,4981,True,False,True,True,111.3367156793829,189.2529754638672,59.72094849246356,False,False,False,False,False,,cab3fb048784c5d5710f3d169c7ac68d607d5b89488d8a168ce433fa3dba3ebd,f499ce658e669b08
data/dataset/helopeltis/image_0_2908.jpg,4,helopeltis,256,256,5367,True,False,True,True,110.4193724989891,190.49525451660156,58.832451871835765,False,False,False,False,False,,995acf23a88d103780694ddfc877e45f83bd3bf5eb3da5231bbe3c9b2b1b53fc,ea96856a3aa5e0da
data/dataset/helopeltis/image_0_2910.jpg,4,helopeltis,256,256,6413,True,False,True,True,278.5096083076205,199.50025939941406,76.0691767620304,False,False,False,False,False,,15e8f458f6e2000e54aa450475e1fa26de8693b7916463f70810b51861e24692,b219c3e1c9f1c8e3
data/dataset/helopeltis/image_0_2911.jpg,4,helopeltis,256,256,5042,True,False,True,True,87.54125881195068,193.0077667236328,57.07452941603455,False,False,False,False,False,,446e2a20106c794a23ab7eea38f84d257c7dd62c1269b76cf5ec2939b0ace6ff,ed7292c9383cc6c3
data/dataset/helopeltis/image_0_2918.jpg,4,helopeltis,256,256,5605,True,False,True,True,223.50671337451786,185.52780151367188,58.97379734233056,False,False,False,False,False,,f2219bab9a5f68b616e67dae68736a2db632b1b4bfc91813944a143b2c259e69,edc9923465c23e8d
data/dataset/helopeltis/image_0_2920.jpg,4,helopeltis,256,256,4664,True,False,True,True,117.64843744039536,227.1946258544922,57.986086596861796,False,False,True,False,True,,3cd9fed98b828da1ebe5d2377356fed0b3f2b391a1144b56012420c92c61d5bd,b69ac9e4361f6990
data/dataset/helopeltis/image_0_2953.jpg,4,helopeltis,256,256,6216,True,False,True,True,148.8971096666064,176.5598602294922,74.09846864920505,False,False,False,False,False,,708324f1e7b396eae20169a2e481cb187053a75a262a71c8d9414b4847b59003,e9b6974b1e2d7090
data/dataset/helopeltis/image_0_2957.jpg,4,helopeltis,256,256,5560,True,False,True,True,162.0513458137866,182.739501953125,61.580405517083385,False,False,False,False,False,,496a9737fe6b2afa7413d0a21c4b0f8edb9510882663381280f1870b412d8b57,ad96c269361f33c8
data/dataset/helopeltis/image_0_2962.jpg,4,helopeltis,256,256,4986,True,False,True,True,121.35426308191381,199.25558471679688,59.596482335167885,False,False,False,False,False,,354c56d6eceb0f6ae86dce5978fdfb92327fb829b84fad4e67b713e82a96a91b,b0cf9a3065cb3e98
data/dataset/helopeltis/image_0_2991.jpg,4,helopeltis,256,256,4628,True,False,True,True,61.92626951634884,198.92864990234375,50.739352362418906,True,False,False,False,True,,f76677cb81263bb61bd5e811daed9589efae5b399512a22a9f3d44759820d9e5,b4cbd23c69d21c69
data/dataset/helopeltis/image_0_3002.jpg,4,helopeltis,256,256,5485,True,False,True,True,158.99857891886495,209.24366760253906,70.8117772573227,False,False,False,False,False,,b4de419e3fff17410a182fd5ae05c4377720c17986a8d70e9b0ce321aae534b9,bee4c11a6ee9b046
data/dataset/helopeltis/image_0_3007.jpg,4,helopeltis,256,256,4994,True,False,True,True,49.35983222723007,178.75137329101562,60.83764290215753,True,False,False,False,True,,2c780c1825bbc9f19aaf1483003434eb8a74f2370f6381719e502754d730145c,a14f9e30676c6b4c
data/dataset/helopeltis/image_0_3010.jpg,4,helopeltis,256,256,5070,True,False,True,True,153.52775028697215,217.48854064941406,63.480154152477816,False,False,False,False,False,,5a9eec302239125c847b9521b3ede0a9fbec7973eec2b16278f8ecb2bc9c4517,eac0842f7ae0a39f
data/dataset/helopeltis/image_0_3012.jpg,4,helopeltis,256,256,6164,True,False,True,True,144.647048558807,216.39454650878906,66.48584283537316,False,False,False,False,False,,7619c970dbe2d1a8851a4ae059fdf0a0a51241f3b5b67eac92cf5d0d011a56b2,bf96c160361f319c
data/dataset/helopeltis/image_0_3014.jpg,4,helopeltis,256,256,5815,True,False,True,True,101.13828959478997,178.0970458984375,67.78176515705745,False,False,False,False,False,,f19af4a12161b9b183e4648b53c947f3f7a8eb1a1531cf8d8f02c7a2e0dafcf9,bf9fc0602f35309a
data/dataset/helopeltis/image_0_3017.jpg,4,helopeltis,256,256,6378,True,False,True,True,171.31506320741028,162.23306274414062,69.01846444570351,False,False,False,False,False,,7b63778cd56651e62c0146b959f5ee707e3b6c78de0fc2db64213fb93f953e2a,bdedc017963a30e1
data/dataset/helopeltis/image_0_3018.jpg,4,helopeltis,256,256,5698,True,False,True,True,228.63524080603383,206.22166442871094,74.18445947995572,False,False,False,False,False,,35218e24cdb3f40de2bf4ac2c46a17df556d545a15c9b8c42d347ef5fe9cc660,b299cf598ccdcc44
data/dataset/helopeltis/image_0_3019.jpg,4,helopeltis,256,256,4739,True,False,True,True,63.01130661717616,188.49781799316406,47.65673470680327,True,False,False,False,True,,fc43ff615a221e2174a4a64b07cad4e25aab90651bac389d2fb5560d62a0887d,b2c0c91f36e09b9e
data/dataset/helopeltis/image_0_3022.jpg,4,helopeltis,256,256,4472,True,False,True,True,154.89468377828598,227.4061279296875,56.591849486200665,False,False,True,False,True,,01fcdf86029f49b7cc30dfa64d19929195164a4fdab27b622119b351ab917272,b4c3cb3c70c31ed8
data/dataset/helopeltis/image_0_3026.jpg,4,helopeltis,256,256,5655,True,False,True,True,113.01579283527099,189.08346557617188,63.1537560492367,False,False,False,False,False,,e8c16806515938bdf948c921fb0aa5937e334a200ba898a36c5c33d591556e0e,ec81933f6ac0a55b
data/dataset/helopeltis/image_0_3030.jpg,4,helopeltis,256,256,4015,True,False,True,True,56.15469330176711,220.416259765625,65.93963919645226,True,False,True,False,True,,dda8d89704579215fa4e8024a5a92eabf1ed941b431eab3e40b156e307fe1cb6,e8979469c6b46b46
data/dataset/helopeltis/image_0_3031.jpg,4,helopeltis,256,256,5511,True,False,True,True,190.0404201017227,214.21131896972656,67.08404330861327,False,False,False,False,False,,509a877830639a248551e4a4967c0c5090f5921ea838850bb3f9b303a47a02e8,b8c39b34656b469c
data/dataset/helopeltis/image_0_3037.jpg,4,helopeltis,256,256,6635,True,False,True,True,243.06058832909912,177.82122802734375,86.93221119396439,False,False,False,False,False,,2fae78a38504dd79cb8267dac17eb2894933f5b7d5a49f64afa3088a8b96add8,aa94d57a0f21b44f
data/dataset/helopeltis/image_0_3060.jpg,4,helopeltis,256,256,5259,True,False,True,True,137.84018367528915,203.80740356445312,72.43840989183802,False,False,False,False,False,,49e9baece4581602ac33804bd63e2b6a39b5fe606e96d613873eb5776f504ae1,b4c3923cf1674b94
data/dataset/helopeltis/image_0_3063.jpg,4,helopeltis,256,256,4532,True,False,True,True,79.42050159629434,221.5609130859375,55.17659814591089,True,False,True,False,True,,92d976219d1ed1a00f12718c184803c3cb5dfe140d8b35b3a2c375950d11b84e,f486993967cc38c3
data/dataset/helopeltis/image_0_3064.jpg,4,helopeltis,256,256,6709,True,False,True,True,191.29159284289926,209.62911987304688,61.61890848785108,False,False,False,False,False,,3d390860a65ce24bd9d3bab20f5a9c7934d73bb2262b77a22bebcb7befa13759,e4cdcb4d98929365
data/dataset/helopeltis/image_0_3079.jpg,4,helopeltis,256,256,5205,True,False,True,True,130.9622802399099,174.50596618652344,50.43582784606494,False,False,False,False,False,,f4123d02a4b69da6f060b1011aa9403190b1c58b4824f3a3676e7640d2467c88,f19acf653218699c
data/dataset/helopeltis/image_0_3081.jpg,4,helopeltis,256,256,4589,True,False,True,True,131.11256408668123,220.78665161132812,66.63914296266898,False,False,True,False,True,,21c2200e993c377db504d801a77ff22db36c5a5c0a9626b06ad8fa65ef367704,bf92c0693f92e04e
data/dataset/helopeltis/image_0_3088.jpg,4,helopeltis,256,256,5042,True,False,True,True,93.93058659485541,192.88072204589844,54.00610579893318,False,False,False,False,False,,2ac4e579536ef5acf9761c233a0efc4a6630398f8f7c4b23dfa4261da4e3f679,ed9a922d69c29639
data/dataset/helopeltis/image_0_3105.jpg,4,helopeltis,256,256,4334,True,False,True,True,101.24887084960938,231.7581787109375,53.15558885219805,False,False,True,False,True,,ed0ece25c3849cdaabc27fb72baf84334f793b5092231501bf074326998946c9,b318cce7cc323cc6
data/dataset/helopeltis/image_0_3106.jpg,4,helopeltis,256,256,3324,True,False,True,True,78.74038696289062,242.31396484375,42.31259481794138,True,False,True,False,True,,9fb96db2ffc3308c48e60b6784895a76bac993aacc2cce7bbd7a082f62b044eb,e6998c663399cca6
data/dataset/helopeltis/image_0_3107.jpg,4,helopeltis,256,256,6478,True,False,True,True,211.89579059905373,206.35752868652344,65.83543244192644,False,False,False,False,False,,aab540b0042a959b6999b2fb04b010d104501b076d0574cd2c0e5f0aec148a55,ad92c26d16339c4f
data/dataset/helopeltis/image_0_3110.jpg,4,helopeltis,256,256,4154,True,False,True,True,95.24409479624592,231.79718017578125,49.45019154123275,False,False,True,False,True,,2f104dfb66f2c59346d7865a9bb0fe2a05b7e5b49630b0266bda82a375441343,b3d8cc6664333399
data/dataset/helopeltis/image_0_3111.jpg,4,helopeltis,256,256,5288,True,False,True,True,127.35160826495849,220.33493041992188,59.42383172340821,False,False,True,False,True,,40dbda1d8e3cb97354c59438119bcdba903a67827d01970529ed4676da124c7d,fec0953f68c2278c
data/dataset/helopeltis/image_0_3112.jpg,4,helopeltis,256,256,5258,True,False,True,True,107.55469173192978,206.2475128173828,64.904310962535,False,False,False,False,False,,5f53772c463d0c4aca20c319599ad85f07699e51fb196035d2f3004eb957a06f,ab95d06a2d95d2ca
data/dataset/helopeltis/image_0_3119.jpg,4,helopeltis,256,256,5614,True,False,True,True,188.0028228086885,207.02755737304688,71.2027577146234,False,False,False,False,False,,c03d13fefe9363fd3d0c65ae660963bf87a22fc3d95e203d5649137319f0e216,ecb4d349353e62b0
data/dataset/helopeltis/image_0_3120.jpg,4,helopeltis,256,256,6532,True,False,True,True,176.9179048202932,186.36923217773438,80.2093541081499,False,False,False,False,False,,72417e909868f5442294518f992bfddf3a2ac9ae04717a94587991228e0deed8,ea4285bfd811674e
data/dataset/helopeltis/image_0_3123.jpg,4,helopeltis,256,256,6030,True,False,True,True,147.44865091796964,194.33287048339844,76.25016743930176,False,False,False,False,False,,7a89da92adcfeb00e814837f28a7b5bd63deb7c0a8cb2de481f3de84411cfdb5,fec0811f58706b8f
data/dataset/helopeltis/image_0_3124.jpg,4,helopeltis,256,256,5507,True,False,True,True,153.4065528267529,172.53953552246094,70.11341101897625,False,False,False,False,False,,478725a6d7f458fc2a2293352b6c862ecdc9d5b753c95f69c724200df8ceceac,ff48803b0bd4ecaa
data/dataset/helopeltis/image_0_3136.jpg,4,helopeltis,256,256,6330,True,False,True,True,109.31508788373321,177.2077178955078,71.35890963301773,False,False,False,False,False,,627e68f0f13da051c612fe6fba587b664d46f0a6f746de754744b806e146f110,afd5d06a0f355c82
data/dataset/helopeltis/image_0_3146.jpg,4,helopeltis,256,256,5014,True,False,True,True,133.1513823622372,225.50906372070312,50.10649739483937,False,False,True,False,True,,91cf54864ea725845b97d7d062ee691039282c9a2c458c15825ce240fc334127,f19ace65308b6596
data/dataset/helopeltis/image_0_3155.jpg,4,helopeltis,256,256,4685,True,False,True,True,218.3017578125,223.99986267089844,65.57305084353925,False,False,True,False,True,,6dabed2ade2002039345e7677d3d0805c4ec5766342e246da7cdc431d1b4a6fd,ec2c8783783a87e5
data/dataset/helopeltis/image_0_3156.jpg,4,helopeltis,256,256,5440,True,False,True,True,90.51019286271185,169.53506469726562,66.19713437211831,False,False,False,False,False,,fe57458fc521628f3c8db3f9ac0b35ff72f5e6ca8b8b1964eda5110a2f2e6476,e895876a3c2f3392
data/dataset/helopeltis/image_0_3168.jpg,4,helopeltis,256,256,5369,True,False,True,True,78.59847833868116,178.82850646972656,62.75419907633463,True,False,False,False,True,,036d95a1675984a0e337b736d40123ae554a1f09a8c028f430949c8761e3336c,b41ac9e4b26f3319
data/dataset/helopeltis/image_0_3171.jpg,4,helopeltis,256,256,5419,True,False,True,True,86.08322339481674,164.00279235839844,63.73134594297935,False,False,False,False,False,,b92bb856b3758070f9103c30de7185bdc07dcd8a79c65264b4cd270e6cdf0cb1,afead0940a4a3fa5
data/dataset/helopeltis/image_0_3181.jpg,4,helopeltis,256,256,6144,True,False,True,True,201.41332998499274,186.13375854492188,73.35712392884959,False,False,False,False,False,,99ef47e2b3b83058a0f96e052f8a7517c5d8d318f596073a79f377edefad2991,ea96c0683fa5d2ca
data/dataset/helopeltis/image_0_3182.jpg,4,helopeltis,256,256,4728,True,False,True,True,119.57136527239345,194.77944946289062,58.52780379595136,False,False,False,False,False,,f582f828a9c2041171e0bb40be7435fc2bef9eedd13cb3bb1b4ddc84a3bf2470,bc9ec3613c9661c9
data/dataset/helopeltis/image_0_3186.jpg,4,helopeltis,256,256,5211,True,False,True,True,95.19677639007568,190.80145263671875,65.38757489219512,False,False,False,False,False,,c6bbf20a8b81bc948ef626245a0999477d0802b2eb8dfcac638c5ffd4e7a1c80,eabf85c0683fb540
data/dataset/helopeltis/image_0_3190.jpg,4,helopeltis,256,256,5555,True,False,True,True,141.32219508942217,164.76153564453125,55.76031662519319,False,False,False,False,False,,e09b9e8d1058305f21a52c68a010e8130d5b340c8203aaa05e531307e81c991b,a897d76934c5c29a
data/dataset/helopeltis/image_0_3196.jpg,4,helopeltis,256,256,4946,True,False,True,True,101.36651610489935,187.777587890625,58.470328361680544,False,False,False,False,False,,de20508a4d49a715a3f7464ca792d45c9d81a6e4024c24405c50bfda8cd1236a,fac7953862c79489
data/dataset/helopeltis/image_0_3204.jpg,4,helopeltis,256,256,6001,True,False,True,True,287.84318822971545,175.89064025878906,84.30555475640897,False,False,False,False,False,,e98bbdb8f4970f32853c0743727604d9a05a29a2fccd23a647586fd746b694a3,ba96c4684f93389e
data/dataset/helopeltis/image_0_3212.jpg,4,helopeltis,256,256,5285,True,False,True,True,89.90856930240989,214.3456268310547,68.3196715287893,False,False,False,False,False,,e8355afe877079274c40b1a33d82b8104a23588d98d47534f4bac90641395662,eb6bc2943ca1e332
data/dataset/helopeltis/image_0_3214.jpg,4,helopeltis,256,256,5633,True,False,True,True,100.62019346258603,182.0117645263672,65.51245114501927,False,False,False,False,False,,8534faa1558719bfdc88f0ea3be3d1d4210ecaeb64eab9cf47f88580c1fe1efe,bd9ec2603d973298
data/dataset/helopeltis/image_0_3216.jpg,4,helopeltis,256,256,5091,True,False,True,True,151.6381161948666,196.4821319580078,66.35919714863638,False,False,False,False,False,,e0b8c20baa70a166494544129efc57cf86ee0bb01fcc3bfc9336628e4c3ba750,e5929c6ba966b330
data/dataset/helopeltis/image_0_3219.jpg,4,helopeltis,256,256,4758,True,False,True,True,91.33715802058578,198.46340942382812,62.28304878154462,False,False,False,False,False,,6485d66b64f1654bde4e073b11ae88d98fc82f7b7ea0b493a8eb00dc1911148b,bc81c33f2cc093cf
data/dataset/helopeltis/image_0_3220.jpg,4,helopeltis,256,256,5674,True,False,True,True,174.8282621053513,179.93035888671875,58.68413031516922,False,False,False,False,False,,16f7688063b6e49ca0d6f6d324ac6ee50f4ecaa51635b6b459b9a8c3401e9c8f,b41acf65d8263339
data/dataset/helopeltis/image_0_3223.jpg,4,helopeltis,256,256,4825,True,False,True,True,47.21725663449615,178.7985382080078,61.72737270412523,True,False,False,False,True,,6c316272629e9a93078242a5b6f50954ebc2fc67f2c3b9ab8c872a1a5cb3ee2d,be40853f6ac0973d
data/dataset/helopeltis/image_0_3231.jpg,4,helopeltis,256,256,6146,True,False,True,True,312.2915446048137,131.6353759765625,77.42545981234831,False,False,False,False,False,,97f4056f7d5fb1030d28e534d372fa60ab93a3c6dc429e3f5476b5e7254ab0a6,ae71d50e4abf28d0
data/dataset/helopeltis/image_0_3232.jpg,4,helopeltis,256,256,5319,True,False,True,True,161.54812608659267,183.29959106445312,61.919485644419645,False,False,False,False,False,,dc4c1aca19dc685103dee35a6b7b1e429974a5182e3c1928410d0a367afcb7b5,bb96c0681f95e8ca
data/dataset/helopeltis/image_0_3238.jpg,4,helopeltis,256,256,5387,True,False,True,True,204.06869930028915,178.43203735351562,68.02552039330426,False,False,False,False,False,,305ff8409c5cc20271242a22e1988d368c60bd0167e2695a343a06799e66858c,af92c0693482e9fd
data/dataset/helopeltis/image_0_3241.jpg,4,helopeltis,256,256,5681,True,False,True,True,94.59820472821593,177.2824249267578,58.85546597554752,False,False,False,False,False,,3420401ddacba07c0af04539377cc441e58600cbbf3ee56d385378e0f4d69c13,aff4d00b3df020c7
data/dataset/helopeltis/image_0_3262.jpg,4,helopeltis,256,256,4331,True,False,True,True,67.75906367506832,210.62489318847656,47.91400290771677,True,False,False,False,True,,b080a999abbbc3ca8a18ee08c52b09ba9aed6cf0b9bb996fc86dbbad2bb52846,b08fcf3034cb933c
data/dataset/helopeltis/image_0_3265.jpg,4,helopeltis,256,256,4113,True,False,True,True,102.09258751478046,234.93820190429688,49.838153235342,False,False,True,False,True,,243a40b75c8a95086dbf726a3c51827c4c3635e28994b04c7f5810e8f0363eb2,e6d9986433936699
data/dataset/helopeltis/image_0_3268.jpg,4,helopeltis,256,256,5125,True,False,True,True,358.94296264555305,226.14779663085938,64.1382032269938,False,False,True,False,True,,43db3be1994563ee3f8d7e6948a958be8f518bd08ed4719a353e758219eb6699,a79cd0632f9cc4e8
data/dataset/helopeltis/image_0_3269.jpg,4,helopeltis,256,256,5583,True,False,True,True,152.32282949588262,175.61122131347656,63.63702138808473,False,False,False,False,False,,cbb562185ee1eba1369005ec10036123f485743a3aef9ec908302deddea20b2e,e8ce95394ae42db2
data/dataset/helopeltis/image_0_3274.jpg,4,helopeltis,256,256,5526,True,False,True,True,121.14185441937298,172.89002990722656,63.20690299440501,False,False,False,False,False,,75df4c1b2990aa8153abc0ee0734aa8407067a170d468984f0519f2b22e46c29,ee2e91c07a3b2764
data/dataset/helopeltis/image_0_3282.jpg,4,helopeltis,256,256,6643,True,False,True,True,422.0087785786018,180.33665466308594,90.73379492877977,False,False,False,False,False,,ada0187cda151421bf16d9343d5f9ac06b27aa1507f30b896f369740136d60c6,feb1814e1f686895
data/dataset/helopeltis/image_0_3285.jpg,4,helopeltis,256,256,6868,True,False,True,True,246.87898132856935,202.57086181640625,71.41932201764727,False,False,False,False,False,,0800920cb59b948d5e4ebf559abe70a5faad7d0f0ca133b75f977f06e5814b97,eb95c0683d2f329a
data/dataset/helopeltis/image_0_3291.jpg,4,helopeltis,256,256,6528,True,False,True,True,201.9741152813658,196.6703643798828,71.78563290590063,False,False,False,False,False,,e240b7c5ee56f2969b9260eb0f22c8f13d547017bad5bc1fd43d6dbef3836d6a,e83095ce95dc6e23
data/dataset/helopeltis/image_0_3292.jpg,4,helopeltis,256,256,4703,True,False,True,True,90.39598080678843,200.05738830566406,54.183760768976505,False,False,False,False,False,,2d2292034bebc2b92a5fb3efd07d9fc363d9a3858c78a9e7831e85cb9610e8da,b098cf243ccb65b6
data/dataset/helopeltis/image_0_3293.jpg,4,helopeltis,256,256,4733,True,False,True,True,67.13277874048799,176.57725524902344,49.58003451634663,True,False,False,False,True,,8ca230764bc78de69e33c8752589e2682109cd080be32c8405363bb6c9bc9af6,b833c74d6c329369
data/dataset/helopeltis/image_0_3296.jpg,4,helopeltis,256,256,5033,True,False,True,True,111.17868041619658,178.04806518554688,57.15713640041592,False,False,False,False,False,,bd54b3261b1d26bf3eeab5c13496e0168f1118e4e10cf7b9b3c7cae19b1674a7,a5cb9e34e12c9693
data/dataset/helopeltis/image_0_3307.jpg,4,helopeltis,256,256,5039,True,False,True,True,110.86978143453598,181.79525756835938,53.70266680157643,False,False,False,False,False,,7968079aeccba4b85edff5c455fdd65ca724422650950ec15ffb333b6451131c,a8b597ca683d25d2
data/dataset/helopeltis/image_0_3308.jpg,4,helopeltis,256,256,6187,True,False,True,True,204.5438727790024,169.7774200439453,74.59937128473807,False,False,False,False,False,,0e3d5237ec9a47785b24d3075a5539e321eba840fe7e0c51a77a3285000ab62f,ab91d44a0ab577d2
data/dataset/helopeltis/image_0_3312.jpg,4,helopeltis,256,256,5785,True,False,True,True,116.86915568797849,203.5491180419922,61.07829761436326,False,False,False,False,False,,1f09682525cd69c46e4a4f969638b52e47d5479a91cdb96d5254db9dc44395ed,ff98c0603d9662d9
data/dataset/helopeltis/image_0_3315.jpg,4,helopeltis,256,256,4967,True,False,True,True,72.05898974835873,195.1168212890625,54.63113859291509,True,False,False,False,True,,d70c3bae71e0942b1de3b228d11e2d194efc5daa0794a9e6a95d72e2ea53095b,e5ce9231cf38c992
data/dataset/helopeltis/image_0_3323.jpg,4,helopeltis,256,256,5144,True,False,True,True,149.97393798734993,219.5435333251953,68.3134948489858,False,False,False,False,False,,97dc19b448999a3001f0c1723f4944402833c57c653c5c5188f30d9a709763ae,e2959d6a31b4c699
data/dataset/helopeltis/image_0_3329.jpg,4,helopeltis,256,256,5512,True,False,True,True,122.09558099508286,175.248779296875,63.39004992825269,False,False,False,False,False,,9b1fbce71a0c0418b6a03b924e78ff436e141e48b3c4565b74c58acdb3c90a6e,e8c79630485b676d
data/dataset/helopeltis/image_0_3347.jpg,4,helopeltis,256,256,4929,True,False,True,True,141.33377075195312,218.8892822265625,63.4552604438783,False,False,False,False,False,,4be2f9ae922b40142e3fe247313486c0d6a1b11878dec069ae1c15c14aa1c8c4,b4dac32e92711d96
data/dataset/helopeltis/image_0_3349.jpg,4,helopeltis,256,256,5543,True,False,True,True,172.81790137290955,178.14212036132812,42.44875455738151,False,False,False,False,False,,716653aa9c408c40cb09fc1570fb62bae5fcaf8cdf87a566a626097c251c78a2,fa9487c3303ccec3
data/dataset/helopeltis/image_0_3358.jpg,4,helopeltis,256,256,6844,True,False,True,True,176.9284362643957,175.38934326171875,63.24814087527055,False,False,False,False,False,,9f0e6c6d836492d560de8d3c126cc338e10ee5dd55777e6df7629d001e235024,b29cc56b3c2672d8
data/dataset/helopeltis/image_0_3375.jpg,4,helopeltis,256,256,5577,True,False,True,True,139.88752695149742,185.9015655517578,69.16785855772287,False,False,False,False,False,,a28acf6dcaae6af47665733dcc80952e35823860a9b01d426ba4046ec630bf19,b4e7c31a0d36706b
data/dataset/helopeltis/image_0_3381.jpg,4,helopeltis,256,256,4529,True,False,True,True,96.92953389789909,187.1541748046875,50.62867255826892,False,False,False,False,False,,aaad754aa405d5b01c2e623ee2d43141ff6c4cc976d117a567f7311253e7cd75,e76b9896276cc852
data/dataset/helopeltis/image_0_3398.jpg,4,helopeltis,256,256,6113,True,False,True,True,195.48139906465076,173.08782958984375,69.52312501387988,False,False,False,False,False,,6bac9c0ee2631d99dacf7080978c4ec40a4d1cef779cf2d5cdecfb8709c98607,fa1d97c269b46710
data/dataset/helopeltis/image_0_3407.jpg,4,helopeltis,256,256,7076,True,False,True,True,455.68163648969494,198.61309814453125,81.01965090992162,False,False,False,False,False,,0ba2bac9c54fb22d475897bdbc0fcf55bf5f161a391104a3e3b24c15aec35014,eacb853c52c16b9c
data/dataset/helopeltis/image_0_3408.jpg,4,helopeltis,256,256,4864,True,False,True,True,167.2769775353372,223.4523162841797,60.828308997390316,False,False,True,False,True,,834de38121174fa27eb812aedd0ebe57c30ac7e006332eae1150de6d9009d714,bd9ac2653e92e14c
data/dataset/helopeltis/image_0_3425.jpg,4,helopeltis,256,256,5951,True,False,True,True,205.96218793746084,182.8962860107422,70.81930092441665,False,False,False,False,False,,47dbfb6a91f53282fab35d8d076570dc5168cb541d6f388dd508464e9cecb04e,e5319cc69b8c9b98
data/dataset/helopeltis/image_0_3428.jpg,4,helopeltis,256,256,4737,True,False,True,True,83.31199633679353,208.94772338867188,54.25618120133772,False,False,False,False,False,,ea48ae9fb2eed3a7d7d52bcea1b44aede244d709f0271ef87c0375f5a135ca17,b42bcb3435c3d23c
data/dataset/helopeltis/image_0_3444.jpg,4,helopeltis,256,256,5415,True,False,True,True,126.61943037225865,179.62042236328125,59.00426501705168,False,False,False,False,False,,1cf1445fb66e5dfc49c659f0988a1907a9b7985a7782b9f093ebb47b9360ba92,b4c5cb3ac13366cc
data/dataset/helopeltis/image_0_3455.jpg,4,helopeltis,256,256,4720,True,False,True,True,169.63812255859375,217.44801330566406,68.48676800213127,False,False,False,False,False,,86a9334027a76872b7bcd1a682f04915485dd1cdc9057054d407b0e78c932f89,edcf9234616b2ec0
data/dataset/helopeltis/image_0_3462.jpg,4,helopeltis,256,256,5274,True,False,True,True,122.78529970999807,221.467529296875,55.754818955555045,False,False,True,False,True,,741efff8fdaaca17a91e004a0f202a0efc16182161b0b22bff5097369452cf35,ba95c0e83f3730d8
data/dataset/helopeltis/image_0_3477.jpg,4,helopeltis,256,256,5938,True,False,True,True,145.72785371541977,167.047607421875,66.06056618679635,False,False,False,False,False,,eea5a15792c7c085857781071dbb3525f20b55fba20c0f42d508f4473ff67368,bf92c02d1630d9e7
data/dataset/helopeltis/image_0_3485.jpg,4,helopeltis,256,256,6163,True,False,True,True,166.3300912824925,196.53211975097656,75.59187561339701,False,False,False,False,False,,4a454ba1ea8d6b7e3e6d3c94bdc09ed12d1a655783f2ba788ab97be369e8035e,ad9ec2e9c463903b
data/dataset/helopeltis/image_0_3487.jpg,4,helopeltis,256,256,5589,True,False,True,True,138.89306634664536,170.57501220703125,53.61451277046271,False,False,False,False,False,,d688d05539f63ab90ed7ade1aa53181e48551721da9c17414b705836652e99f8,b49ac3613c9e63c9
data/dataset/helopeltis/image_0_3488.jpg,4,helopeltis,256,256,4982,True,False,True,True,105.62069701775908,187.93006896972656,62.64558708877189,False,False,False,False,False,,0dee0a4912e06b44b37ad929c6bf507b4d8f04764c45d49b4531f637db54bb7c,b61bc8e03c1bf278
data/dataset/helopeltis/image_0_3491.jpg,4,helopeltis,256,256,5527,True,False,True,True,75.38316343328916,166.15956115722656,51.790784672845966,True,False,False,False,True,,86a1a998e65bbc643b841b2caf09fac3ab7b4797a54b0c1ce88bbb0dea339c21,ff81806c2fb4b0cb
data/dataset/helopeltis/image_0_3503.jpg,4,helopeltis,256,256,5339,True,False,True,True,102.5641021670308,176.36337280273438,53.47895080040457,False,False,False,False,False,,c6f4038ac1625f4815c2654dc19d0405ccd7c7a70ffd0f544b63e09da4af6103,aac5953a6a85975a
data/dataset/helopeltis/image_0_3511.jpg,4,helopeltis,256,256,4916,True,False,True,True,94.82081044628285,181.08908081054688,65.45787102265224,False,False,False,False,False,,d942f8d8ce74e52f6cb876bf43644a5fe11294f7166a6ad2b22fdf1a1b99f568,bf78c00725b6ba68
data/dataset/helopeltis/image_0_3516.jpg,4,helopeltis,256,256,5163,True,False,True,True,126.46247857040726,185.6573944091797,59.29351811313258,False,False,False,False,False,,aa63110cab6d9ebc9e8290dbad37e37e4d177151d1f22323f89e4f707add9e4d,e890cf6b343e62b1
data/dataset/helopeltis/image_0_3521.jpg,4,helopeltis,256,256,5653,True,False,True,True,193.52970877825283,186.39285278320312,74.22916411437262,False,False,False,False,False,,53a04786c7f8a4bc71e9124e0cb37c7b57b29a82a77acf8f37cea20168f87f1e,f8c395344a72658f
data/dataset/helopeltis/image_0_3528.jpg,4,helopeltis,256,256,5209,True,False,True,True,64.8829599879682,176.9730224609375,58.55081712313334,True,False,False,False,True,,479a6d5a95d18f1f507e48bb34cbba4aa5c6bcdf86fc4ae3301a04afbde9b33c,e3219cde63399c46
data/dataset/helopeltis/image_0_3535.jpg,4,helopeltis,256,256,4407,True,False,True,True,57.929991892538965,186.1654052734375,46.56281181189441,True,False,False,False,True,,0496a874e85402b5934d3f90a04896d19093070ad9eb845612beaebaef36940f,e733986c36936c32
data/dataset/helopeltis/image_0_3536.jpg,4,helopeltis,256,256,5318,True,False,True,True,165.89815657958388,176.97035217285156,61.41910764550567,False,False,False,False,False,,6132e5db39f68c2bc2ac846df24139403b8723cf209d469ec790b419262a9e9a,f3998e4c8c663333
data/dataset/helopeltis/image_0_3539.jpg,4,helopeltis,256,256,5218,True,False,True,True,306.7038574209437,209.30511474609375,80.32504717595776,False,False,False,False,False,,a2cf416657194534a114e0c0978de1580cbeea27aa180122b6e324026b48dde8,f8bc87436894533b
data/dataset/helopeltis/image_0_3540.jpg,4,helopeltis,256,256,4789,True,False,True,True,87.05268855928443,181.64138793945312,60.006756198613786,False,False,False,False,False,,994a8612efd65edb9d82481e731d687960d668fd79ba434880d41d822b0c4deb,e82b9785785ac761
data/dataset/helopeltis/image_0_3553.jpg,4,helopeltis,256,256,4780,True,False,True,True,113.63296506460756,222.64105224609375,50.41127061816723,False,False,True,False,True,,adc52e4a2cb475bff3f131aa250997049cd4efbd196158dee9607b4b71f8c1ba,a1cc9a3365cd9276
data/dataset/helopeltis/image_0_3561.jpg,4,helopeltis,256,256,7280,True,False,True,True,258.4030912851449,208.78619384765625,63.1439301640933,False,False,False,False,False,,5a875f668c3ad7005ecd346054d0a9b8051764659af4bb5f61fef98dafbfc093,efc1921e4b7065c3
data/dataset/helopeltis/image_0_3565.jpg,4,helopeltis,256,256,4411,True,False,True,True,38.74113461538218,190.42306518554688,51.614525141146494,True,False,False,False,True,,488f9fda612b50a14280841163888451a2c26ffdef1671c1bf7f777bc7107623,e67399cc39996609
data/dataset/helopeltis/image_0_3566.jpg,4,helopeltis,256,256,4098,True,False,True,True,47.54740905179642,208.39788818359375,39.80970371892598,True,False,False,False,True,,9a801bcf5c7745cff695114f65c9a012cedf420013c39a1f93b3a72a8a0b68d1,b2c7cd3066cf9930
data/dataset/helopeltis/image_0_3569.jpg,4,helopeltis,256,256,5255,True,False,True,True,251.7697446346283,210.67843627929688,71.34794607606814,False,False,False,False,False,,9fc967585ac8f9dc9081ffab7c789e06246083fe41d828773d6d6a78b521d670,ad9acb61946e3319
data/dataset/helopeltis/image_0_3578.jpg,4,helopeltis,256,256,5867,True,False,True,True,188.27384938462637,195.1881866455078,62.77072762873898,False,False,False,False,False,,0a3b8f03ff95e67e9d8c49f292cd4321d0fa8ada8e5a3fa6c8934fd1bc9945fb,bdc0c23f6dc012cf
data/dataset/helopeltis/image_0_3583.jpg,4,helopeltis,256,256,5614,True,False,True,True,162.94049067702144,179.2333526611328,69.63408086243437,False,False,False,False,False,,7c7d5cc4e6f03087ae90e6c83df43503869c9aa42d42c161911cf2d5ff1984e6,acc99a35c53ec81b
data/dataset/helopeltis/image_0_3593.jpg,4,helopeltis,256,256,4791,True,False,True,True,122.13993834867142,214.69456481933594,70.77645164992467,False,False,False,False,False,,37b91beb5a2329f1443773d9851eda6415166b8faea11656a757ce470e1ffb1a,b89ec36134966b99
data/dataset/helopeltis/image_0_3594.jpg,4,helopeltis,256,256,6348,True,False,True,True,114.07173156714998,177.4033966064453,70.54487344067545,False,False,False,False,False,,c5d764028435789d1761d029ef89208113b896414701b0702214367b2422e96b,bf96c861360b61dc
data/dataset/helopeltis/image_0_3597.jpg,4,helopeltis,256,256,5290,True,False,True,True,93.00004446669482,178.01751708984375,63.9705575800061,False,False,False,False,False,,5b7329d17921b1aa072f17e7ed86cea7abb1a8be18ec11a2b8f03e1aa61e6724,f498ce6d8c669362
data/dataset/helopeltis/image_0_3606.jpg,4,helopeltis,256,256,5024,True,False,True,True,113.79507367964834,181.0131378173828,55.12312928754558,False,False,False,False,False,,6902174029a4fd8f7e8fe85c258c41e78d024004aca30f50fbf3f074479eff8c,f489cf3638611bcc
data/dataset/helopeltis/image_0_3609.jpg,4,helopeltis,256,256,5246,True,False,True,True,51.01281505450606,166.36264038085938,59.34752235912684,True,False,False,False,True,,26c4b03cdcdbbdaa6a7513428edfb95ff70f964a2246b7dc9d87d887c5b09fd3,ad69c09636fd3862
data/dataset/helopeltis/image_0_3613.jpg,4,helopeltis,256,256,5827,True,False,True,True,138.61421189061366,197.42649841308594,56.588119783588155,False,False,False,False,False,,27721075becfa7c310c310dd3d076ce1cc83fa29059c71f6dae36782588e5b08,a916d2693686f93c
data/dataset/helopeltis/image_0_3614.jpg,4,helopeltis,256,256,5204,True,False,True,True,105.52148400247097,191.09046936035156,57.142572030993655,False,False,False,False,False,,d998986a49412687b0332d43115a78e1e4f4ec862111ffe33327d0e0bc3ed85d,bd9ec1603e9b60d4
data/dataset/helopeltis/image_0_3615.jpg,4,helopeltis,256,256,7542,True,False,True,True,372.24061070382595,160.07818603515625,80.59939290376587,False,False,False,False,False,,2106808314661525ae6e561a9d98bb88030e5780c6ecf8834e031bccbb360750,af34d0c60b8b9d1d
data/dataset/helopeltis/image_0_3627.jpg,4,helopeltis,256,256,5054,True,False,True,True,132.11817928194068,181.7874755859375,66.91215677470402,False,False,False,False,False,,ebcaca08fb4beaa60150461b4d8c9cd4e92ff04611da5e03ba6c30a7401061d4,fc90c36d3c92e08f
data/dataset/helopeltis/image_0_3659.jpg,4,helopeltis,256,256,5081,True,False,True,True,64.8416592606809,169.69374084472656,48.58942342709236,True,False,False,False,True,,ddfcb70d9f0c9df9487be5ba138dc49382dcbe4bbff9ddf686b28058bae6db5f,a592986d336693d9
data/dataset/helopeltis/image_0_3661.jpg,4,helopeltis,256,256,4831,True,False,True,True,194.04391473531723,206.43997192382812,61.403390798170776,False,False,False,False,False,,0a29292ac67c67f06cd2641626b49ae99279b2c85a713fe0d894b4837d04efb5,a1cf9a30674d2ecc
data/dataset/helopeltis/image_0_3662.jpg,4,helopeltis,256,256,4596,True,False,True,True,162.36300659179688,218.50477600097656,70.27869548764885,False,False,False,False,False,,651e344c103384d3c36eefa308dd19b73d14f5cd3fd23876c5a586af70a55c51,bde1c21e3de12b06
data/dataset/helopeltis/image_0_3665.jpg,4,helopeltis,256,256,4829,True,False,True,True,102.48274229816161,221.16012573242188,57.018179104752996,False,False,True,False,True,,26d131ab11c682edb66e75124c4bcbdf61e285ef2e3dfdbad72b5db780f30083,f098cf6730986db2
data/dataset/helopeltis/image_0_3667.jpg,4,helopeltis,256,256,4682,True,False,True,True,62.98935219994746,170.5247039794922,40.22949833997503,True,False,False,False,True,,d25a5ca2f23af8502ddc22a9c5437c44904ea1960dafc0bfe714081cc06c9a1b,f219cd6633398cc9
data/dataset/helopeltis/image_0_3668.jpg,4,helopeltis,256,256,4449,True,False,True,True,65.44352715439163,183.94300842285156,52.49430658425628,True,False,False,False,True,,e5b23a92b629d74db04e42d11edd072b922d80466ca4a9b47477b1e622a57fb3,f8c7973863879c48
data/dataset/helopeltis/image_0_3669.jpg,4,helopeltis,256,256,4079,True,False,True,True,108.66383349499665,225.9495391845703,59.08217008326707,False,False,True,False,True,,5d97ecc021591a96b889f3d9820e69fb098aad2ffeb6763f2b557361ec2b7053,b689c0349fe1e4b3
data/dataset/helopeltis/image_0_3678.jpg,4,helopeltis,256,256,6031,True,False,True,True,180.89559772238135,199.34593200683594,65.70488654829994,False,False,False,False,False,,4d3b1a0a8db9aeaf578084154e05510cf8c4ab9c575fc2a498b1fd886e6e6407,abdcd0233fdce102
data/dataset/helopeltis/image_0_3679.jpg,4,helopeltis,256,256,4708,True,False,True,True,172.47964477539062,214.47183227539062,71.98618480832957,False,False,False,False,False,,2f007d7d332749794c3c27e0b68bb9105d418a3a283cf8be6f52cac86d9e4f1d,e996c2693e85f0ca
data/dataset/helopeltis/image_0_3682.jpg,4,helopeltis,256,256,5185,True,False,True,True,161.44623330957256,210.34378051757812,68.1931486368713,False,False,False,False,False,,c5988d85d302974d0c60710079ee259bbeee5a1de1d7e4a43554ce6e11534829,b7e1c8122f7d30e2
data/dataset/helopeltis/image_0_3683.jpg,4,helopeltis,256,256,5634,True,False,True,True,219.12574768043123,219.24253845214844,65.93649402318079,False,False,False,False,False,,48361592d8dc48f9375fa08ad4b75efd8339e22b3519a4e0adb86300060ed6c7,bd9ec1619269b4cc
data/dataset/helopeltis/image_0_3684.jpg,4,helopeltis,256,256,6941,True,False,True,True,176.93941841996275,156.2262725830078,56.70336283026053,False,False,False,False,False,,a7869964c0203f3005f86a11c0aab65a867e9058f2e9de67040de66b0882b762,fec0803e3af064cf
data/dataset/helopeltis/image_0_3687.jpg,4,helopeltis,256,256,5676,True,False,True,True,120.10650634393096,172.4971160888672,57.61924168146201,False,False,False,False,False,,741ffd66827454128d701332f03e59fc8f3ce0a94df640ff9bd96f73d346860a,add0c26b3db4ca85
data/dataset/helopeltis/image_0_3698.jpg,4,helopeltis,256,256,5188,True,False,True,True,186.35719299293123,205.27767944335938,76.1240922634571,False,False,False,False,False,,f9a91774f99629a4c6da99f89373b520db9a4dccbe706036ee2ef7df01083d23,e1b29669cce56c86
data/dataset/helopeltis/image_0_3704.jpg,4,helopeltis,256,256,5030,True,False,True,True,222.71014403924346,207.45762634277344,78.31938769017911,False,False,False,False,False,,5de59931db3d78805bec7b22f7d8a45f038427a541de4880759eedfd0a0acf2b,b467c39a8e583366
data/dataset/helopeltis/image_0_3707.jpg,4,helopeltis,256,256,5035,True,False,True,True,103.32931491639465,190.39317321777344,64.4067001489267,False,False,False,False,False,,c92fc39ceae4c8fd522e83bde40ca6e20aed05e308d05915e6f5194666d72449,b2ddc9660e333899
data/dataset/helopeltis/image_0_3721.jpg,4,helopeltis,256,256,5397,True,False,True,True,241.10490417457186,207.87367248535156,73.91405848831151,False,False,False,False,False,,953c4c9e1d25f8060addcb9ea36d2e07bf0d6b01b0916cae3cf34157cefdcc29,eab5954e3aa14c9a
data/dataset/helopeltis/image_0_3724.jpg,4,helopeltis,256,256,6404,True,False,True,True,138.30579342297278,171.5323944091797,57.73111237327893,False,False,False,False,False,,b6e22b690b7d13260130bdc9561ec38cf03d9b3ebc25faef95614d88a2e03b51,fcc3843c7354a798
data/dataset/helopeltis/image_0_3729.jpg,4,helopeltis,256,256,6571,True,False,True,True,490.9008483886719,209.07672119140625,76.11251255043187,False,False,False,False,False,,cee6f717d87a489417452fa20499fe68efbe1112377e06f8ce2e8fc80fe7cc08,e894876bb43792cc
data/dataset/helopeltis/image_0_3731.jpg,4,helopeltis,256,256,5158,True,False,True,True,115.82795577286743,188.657470703125,60.295443277890136,False,False,False,False,False,,b14ffad70bc4f167a52cae0fe42c02e62e4c91b6f7ab52ae969e19f41c215510,b3b199e58cc699c4
data/dataset/helopeltis/image_0_3737.jpg,4,helopeltis,256,256,4902,True,False,True,True,128.5800017786678,208.41287231445312,57.13737510691411,False,False,False,False,False,,c618fc612f0eeef7dd069a281b2b768724f620be79699477787e5e20a9e5219a,a5ce98736630ce99
data/dataset/helopeltis/image_0_3739.jpg,4,helopeltis,256,256,4860,True,False,True,True,79.00436333473772,195.2855224609375,49.984184404142745,True,False,False,False,True,,76a567ac528a41b25f79b0ecbb6b20c11cd3f2a694c43cba4f1b8e772a5b6dce,e4999b678c65c992
data/dataset/helopeltis/image_0_3743.jpg,4,helopeltis,256,256,5692,True,False,True,True,177.41515289247036,212.24069213867188,69.5075033319628,False,False,False,False,False,,f00a401b64bfc74be751ab2dca99a3a97d21f1f967043adaa025ccb3543c4ff4,aa91d46e23bd5c43
data/dataset/helopeltis/image_0_3749.jpg,4,helopeltis,256,256,4829,True,False,True,True,194.22430419921875,220.17454528808594,68.96210825612084,False,False,True,False,True,,6ea48a45b8032fe3ba2927ad29c350645533d66ef34a55581410e5577df042d8,b894c36b2db4f24a
data/dataset/helopeltis/image_0_3751.jpg,4,helopeltis,256,256,6284,True,False,True,True,203.70820617466234,182.7900390625,57.68190789524887,False,False,False,False,False,,7e06f3563b0edefa1880e88acb1adc72662dda6a1a4de456c14c0554bd4866ca,afc0d03f6ae0958d
data/dataset/helopeltis/image_0_3755.jpg,4,helopeltis,256,256,4932,True,False,True,True,124.81184364832006,218.1352996826172,65.1681989495109,False,False,False,False,False,,b97d2497f101ae23dfc1b036ba84aaf27e2c7a9dbe2dc5fa9d614b89edc3abf3,a5cf9a3065cb3c98
data/dataset/helopeltis/image_0_3758.jpg,4,helopeltis,256,256,4598,True,False,True,True,79.05255081877112,192.73883056640625,42.60135401046548,True,False,False,False,True,,013a92eeea8e15e45a2defb363f8766b0b0d871f4b6eed72758c53406eb20e39,e78c983364cc9337
data/dataset/helopeltis/image_0_3761.jpg,4,helopeltis,256,256,5631,True,False,True,True,109.79327308759093,187.57345581054688,79.98055473359695,False,False,False,False,False,,5fab7703fbe6b8eb888e7d6dcf80466e37303fb6cdd57cf563047dcb00752646,ae97c0783f25309e
data/dataset/helopeltis/image_0_3777.jpg,4,helopeltis,256,256,4958,True,False,True,True,135.17205810546875,221.88063049316406,58.23709306247288,False,False,True,False,True,,66444613dacf426302e68fb315d3344415edda65940194a86166b89c8245b2a8,a6b3d90e996c32b2
data/dataset/helopeltis/image_0_3782.jpg,4,helopeltis,256,256,5561,True,False,True,True,170.23881444125436,192.6978302001953,56.27769054913254,False,False,False,False,False,,35e94983dbb5e8547a20c6823703b878ad5b56ff8072968a929f9cfb8b67ddc5,f89c8763789c5b48
data/dataset/helopeltis/image_0_3783.jpg,4,helopeltis,256,256,6807,True,False,True,True,452.0529785118997,207.67039489746094,76.49911151446628,False,False,False,False,False,,66580d110c8a829034d785fb1027ab330538d785a3815afb7b692d6811ac32fd,a39fd460783c2793
data/dataset/helopeltis/image_0_3787.jpg,4,helopeltis,256,256,4117,True,False,True,True,109.36029052734375,225.58287048339844,60.073593011465526,False,False,True,False,True,,0738a2942198cb8153ce1c925213a2b8a82a06d8a6fb5d8225300274e99f6be5,e869c7963c69c326
data/dataset/helopeltis/image_0_3788.jpg,4,helopeltis,256,256,5259,True,False,True,True,138.5753115704283,210.74807739257812,70.13392413824545,False,False,False,False,False,,21a8a013057ed35a9f43405eb8d5c1c159e7c7c9a0471b746c09c59cc6d21c70,e5cc9a189b3393c6
data/dataset/helopeltis/image_0_3796.jpg,4,helopeltis,256,256,5898,True,False,True,True,186.99776655063033,182.74325561523438,69.34959438774476,False,False,False,False,False,,445aaf9582bb9d0ccf32007fd3ce0d03e3e9fea5666780e2e0b3023080697a9e,fa6a85973d483265
data/dataset/helopeltis/image_0_3809.jpg,4,helopeltis,256,256,5110,True,False,True,True,75.82858070638031,192.1747589111328,46.4671027991903,True,False,False,False,True,,d618313fadda3d3e89eb56fdc1edc98097966b420a8f15c84700dbb78c4f19b2,b4c1cb3e24c19b9e
data/dataset/helopeltis/image_0_3811.jpg,4,helopeltis,256,256,5313,True,False,True,True,318.35791013296694,207.91741943359375,81.91730340084247,False,False,False,False,False,,1125058d05e131d21de5a35b99d5ce2d70dc79dd24dc910a24d3e6b41fc735e3,ed48d2b63ce9624c
data/dataset/helopeltis/image_0_3818.jpg,4,helopeltis,256,256,3709,True,False,True,True,67.73248270060867,239.10128784179688,43.49104684378184,True,False,True,False,True,,d176c1b0bc8f2b88cf9ee611be265f707a7e2d0427971a22eaae034c65920bb8,f089df26609d9761
data/dataset/helopeltis/image_0_3825.jpg,4,helopeltis,256,256,5414,True,False,True,True,132.1610409906134,185.2233428955078,56.935412295414864,False,False,False,False,False,,79923f5b30811bd5be3ad09db34fe05a5a01dd1140b2dd7fe5ebbe21fdb4a3ea,f092cf6d94663338
data/dataset/helopeltis/image_0_3828.jpg,4,helopeltis,256,256,4717,True,False,True,True,73.93339482671581,203.53152465820312,54.021931873854946,True,False,False,False,True,,5f74c632bc9c8112c2d470c98c2877eb3b1d3d347ce8001af3994cb11ad248bc,f08b933c69c3961d
data/dataset/helopeltis/image_0_3829.jpg,4,helopeltis,256,256,4991,True,False,True,True,81.48669120296836,183.8328094482422,52.20595071323875,False,False,False,False,False,,ee04571bcb732497ca1fa0a294b6a391bf61a6204d9f942043b4bf951c472df5,a54f9a3267cd18cc
data/dataset/helopeltis/image_0_3833.jpg,4,helopeltis,256,256,4892,True,False,True,True,66.05023163184524,175.04244995117188,48.92405294231485,True,False,False,False,True,,61230e4d45148df8e8ce67f98eefd78ec3bac24bfcfa0ee5248da8508d3bf0a2,a8c79668c9976a78
data/dataset/helopeltis/image_0_3837.jpg,4,helopeltis,256,256,6013,True,False,True,True,195.36083970963955,186.11976623535156,56.06060794012363,False,False,False,False,False,,06856d9fe7832515ac271491dc5f6cd9b6ee18c5364671826ebc4addd0eac068,e192cf65343c3b98
data/dataset/helopeltis/image_0_3854.jpg,4,helopeltis,256,256,5316,True,False,True,True,143.013702317141,208.75421142578125,62.54122844733219,False,False,False,False,False,,17b23c171941aadab2c7cf2ca1f3a01fa0816090ebced3c4d13ba565ec45118e,afdec0602b97e4c8
data/dataset/helopeltis/image_0_3866.jpg,4,helopeltis,256,256,5147,True,False,True,True,107.85163878812455,186.53976440429688,56.71472582438462,False,False,False,False,False,,c6a73738ac34b2ec1cc289bb91db9345dbb73ca0eff1f3414ca3c9a2110962e5,e0cb9734694336cd
data/dataset/helopeltis/image_0_3874.jpg,4,helopeltis,256,256,4855,True,False,True,True,118.14805601886474,186.87643432617188,59.16112530739702,False,False,False,False,False,,e90ec6df48a69c3d3ae721689af8e19e671423cdc6e93e3869dfb8d0119044b9,e1cf9a304b6764cc
data/dataset/helopeltis/image_0_3875.jpg,4,helopeltis,256,256,4847,True,False,True,True,81.53445433080196,207.57220458984375,51.43060105592553,False,False,False,False,False,,e8f1a1051666f872798dbb4bf162a5146e52add81f90e3be4f0e4a7186d16f75,f4cd9a30cd9630cd
data/dataset/helopeltis/image_0_3876.jpg,4,helopeltis,256,256,8111,True,False,True,True,496.1702290466055,179.45774841308594,85.67673906268102,False,False,False,False,False,,6bf97edf1a3f1d332df833193d83628d3e3b088e3ad621157fc85d11d1413988,fa7881b5cfc1b0c8
data/dataset/helopeltis/image_0_3882.jpg,4,helopeltis,256,256,4595,True,False,True,True,86.5967710306868,193.22584533691406,58.479038266829306,False,False,False,False,False,,047f3176fff817f789c2d93fc2762126f8c494fff03fc841847e16f065e8fdbc,b299cc64987799c6
data/dataset/helopeltis/image_0_3883.jpg,4,helopeltis,256,256,6132,True,False,True,True,159.41722067794763,163.75950622558594,69.6087240185984,False,False,False,False,False,,86991070536e04ab70dc698a53d1baf119d4eb203b8a9d73a765868f9c07e6b8,aac0953dd8336d6a
data/dataset/helopeltis/image_0_3898.jpg,4,helopeltis,256,256,5090,True,False,True,True,118.84886113530956,217.62249755859375,65.52086634220356,False,False,False,False,False,,4a52b05101ede2eb4a91d3cc05b00e0821eaba4719bab2d3e5c75925c6f5ec93,bf90c06d3f9078c9
data/dataset/helopeltis/image_0_3899.jpg,4,helopeltis,256,256,6359,True,False,True,True,199.34107833146118,161.81887817382812,70.18442763973007,False,False,False,False,False,,038c8a3ffdd44a533e22866742c9247f6bacee088bbd1df268ef1978cd3d9157,f895c369c466b26a
data/dataset/helopeltis/image_0_3900.jpg,4,helopeltis,256,256,5054,True,False,True,True,77.52450550254434,193.0635528564453,44.53526474198767,True,False,False,False,True,,79543903642671ecf7a8c257991d410114b19c3564815ac8eec8a60de8ae139b,bc1ac2653d9ad06d
data/dataset/helopeltis/image_0_3904.jpg,4,helopeltis,256,256,5745,True,False,True,True,111.53994683083147,179.1577911376953,53.82896056843159,False,False,False,False,False,,c6764814bda271dd76adc2f53eed64b702e2f6f86f581d70a698300a6a8f3ecc,b9c6d669c1964e70
data/dataset/helopeltis/image_0_3918.jpg,4,helopeltis,256,256,6168,True,False,True,True,187.477947935462,154.357177734375,75.77366275480523,False,False,False,False,False,,e643f825c1b5e189ca0403ede50575f8f8ebbe96d215ffd9bd5f7f7b3e87d6aa,ffe0801f726861a7
data/dataset/helopeltis/image_0_3922.jpg,4,helopeltis,256,256,4749,True,False,True,True,88.10617038514465,188.58746337890625,62.01176201523,False,False,False,False,False,,202c970505a083e76acaf1d9d89d382b912f881350b25c31bb0a929ad9d347ca,e36e9cb16346ac29
data/dataset/helopeltis/image_0_3943.jpg,4,helopeltis,256,256,5302,True,False,True,True,325.3158874511719,229.0878448486328,55.07698902823535,False,False,True,False,True,,c8264980df3a9f3bad1a827aae11e6092bb5b39d8967bf2c53aec56127908b66,b4e7cd1873246746
data/dataset/helopeltis/image_0_3948.jpg,4,helopeltis,256,256,5836,True,False,True,True,177.61681492533535,163.2142333984375,63.485359986884184,False,False,False,False,False,,550c179f6ebb06be1e486e65796a179f9d522326ba298448ae4c4a10433938a0,e394877825c69ccb
data/dataset/helopeltis/image_0_3953.jpg,4,helopeltis,256,256,4347,True,False,True,True,165.36477661132812,231.1103973388672,55.72204577019105,False,False,True,False,True,,6ca232a54b77a3f170757d0e5022cdaad6197c75968776503d8ce1b4927b7ef1,e19a9661799687c9
data/dataset/helopeltis/image_0_3955.jpg,4,helopeltis,256,256,4822,True,False,True,True,109.46940384595655,191.70777893066406,60.652895165273385,False,False,False,False,False,,fe197d675007bd5f71ffe776c274c2def828d69d403ae343abab9afb28b5144d,b61bc9e43e0f3198
data/dataset/helopeltis/image_0_3966.jpg,4,helopeltis,256,256,5203,True,False,True,True,92.55805968097411,184.7377471923828,51.758539449640715,False,False,False,False,False,,fca2adca67ec982e0246872bde67b5ab03fcff9084596cc592ffcf013b12f9c2,acc193bc6b60a58f
data/dataset/helopeltis/image_0_3980.jpg,4,helopeltis,256,256,5259,True,False,True,True,174.95048942323774,213.9850311279297,67.01540531469193,False,False,False,False,False,,8114f409e476bb0ad19db839949182a3b847bd97ea7c71f66bd73b7339cc6cd9,b2c9c76687339c38
data/dataset/helopeltis/image_0_3983.jpg,4,helopeltis,256,256,4827,True,False,True,True,80.60017393133603,203.73660278320312,53.224653092879386,False,False,False,False,False,,b92a35929265752d38bd364bb80b0b115b385e73444528397d8c85aee32f570e,e1ca9e3065cf9e30
data/dataset/helopeltis/image_0_3998.jpg,4,helopeltis,256,256,5115,True,False,True,True,243.79620361328125,215.23094177246094,68.22969079377926,False,False,False,False,False,,1bac9f305a1fc32aa22ccc54409c26d2f76d48d0e90d9c77e69883c4deece0d4,bd9ec36134363398
data/dataset/helopeltis/image_0_3999.jpg,4,helopeltis,256,256,6114,True,False,True,True,427.79670714749955,190.67849731445312,80.82199561918114,False,False,False,False,False,,e05bae1f314fe5f57f23f1729e3acfa6f25d6af0e147e7913b9ad64d24e35aa3,e8ca963c697266cc
data/dataset/helopeltis/image_0_4006.jpg,4,helopeltis,256,256,5340,True,False,True,True,229.53437805152498,221.32550048828125,65.09665623101905,False,False,True,False,True,,bac99461d2ae6713dbbd9ecde01b122a3570c779b9bcc97f0707f1b98493634a,b992cf6532193639
data/dataset/helopeltis/image_0_4010.jpg,4,helopeltis,256,256,5068,True,False,True,True,236.91874675243162,207.3722686767578,77.81924845637184,False,False,False,False,False,,51bd1256530823c5c9de2feea366983e1455ec90a406e0f8a89044dd65a60937,f89b85684a35b1da
data/dataset/helopeltis/image_0_4011.jpg,4,helopeltis,256,256,6386,True,False,True,True,203.9516291609034,187.83804321289062,76.40792581386334,False,False,False,False,False,,9d681f6acc645a8f87bf951f5c4958bbbeb1c6fb52dc27ca216c4f82739c2dbb,fac0952ffa30654a
data/dataset/helopeltis/image_0_4012.jpg,4,helopeltis,256,256,5396,True,False,True,True,146.16662534698844,174.60830688476562,60.12613532411046,False,False,False,False,False,,6333779b3bb799a33401e1845767745e9d21d5e52c49c186d5c2507b253d5ba4,aa37d1c8291756f2
data/dataset/helopeltis/image_0_4041.jpg,4,helopeltis,256,256,5970,True,False,True,True,285.83239743765444,211.71951293945312,71.24443081549398,False,False,False,False,False,,b8fa6f2c6e4c41e808921994d226bb6f6b85390cbe8fb73edcf6b15953733c82,ee93c0683f84da99
data/dataset/helopeltis/image_0_4042.jpg,4,helopeltis,256,256,4945,True,False,True,True,159.7592468112707,223.26583862304688,63.882278721570984,False,False,True,False,True,,fc6a3908c062b2f668554ad31e345d4355b16aaffe3a2c0105a5ddffc79426fa,ad92c26d349be1d8
data/dataset/helopeltis/image_0_4043.jpg,4,helopeltis,256,256,5459,True,False,True,True,151.44047546363436,212.37261962890625,69.30935919163814,False,False,False,False,False,,6e7f6cc83943edca667aad9d87fade6ae4b5d76f816ed60d8e34eda455c3db41,eab1954e78a16732
data/dataset/helopeltis/image_0_4047.jpg,4,helopeltis,256,256,5544,True,False,True,True,190.00544738559984,222.33529663085938,60.684951202812165,False,False,True,False,True,,4160c35c48a123ae3491ee5788e1f1e48fcad1623899525d251f8be1396ad1d1,bf96c060369f6994
data/dataset/helopeltis/image_0_4048.jpg,4,helopeltis,256,256,4689,True,False,True,True,195.3125,222.97901916503906,67.12783894438023,False,False,True,False,True,,61231def609e25c983f2dd06dcadf0ee2b27b786f3f684aab4e9c1f3fa8864f6,a49aca6530363f9b
data/dataset/helopeltis/image_0_4054.jpg,4,helopeltis,256,256,4898,True,False,True,True,127.38626098260283,184.90200805664062,49.903369561334536,False,False,False,False,False,,4d38aa8d869cca5f1e905964b6e1b8f82f67599044f71d591aaa0e3d518408b6,e5cc9ab3614e662c
data/dataset/helopeltis/image_0_4083.jpg,4,helopeltis,256,256,5029,True,False,True,True,108.20988463214599,187.04173278808594,60.28487300138687,False,False,False,False,False,,11dde369af24bceeb54258cdbe484c9e201f122271be5aab2588607d2795a565,f887877868a5b4ca
data/dataset/helopeltis/image_0_4085.jpg,4,helopeltis,256,256,5213,True,False,True,True,113.56835722923279,181.2305450439453,55.39912274143696,False,False,False,False,False,,822a70013eea2281c564f3d8551f6540657bff6ed5da1c77f72caddb447b245a,bb95d4c00b27b5d8
data/dataset/helopeltis/image_0_4088.jpg,4,helopeltis,256,256,5276,True,False,True,True,122.70858522411436,187.06724548339844,64.0942112169004,False,False,False,False,False,,e39267d8e6467d91559275bdc814430b2d651beb2a1dc71a25b8d3c855161d02,eac1953ec8a51fd0
data/dataset/helopeltis/image_0_4091.jpg,4,helopeltis,256,256,5092,True,False,True,True,87.14939876436256,165.28787231445312,50.03510745629896,False,False,False,False,False,,da609b844960e618f424a5e7985984f75898e6575cc458606456b2902fbec672,f749c0362fc9f00e
data/dataset/helopeltis/image_0_4108.jpg,4,helopeltis,256,256,6669,True,False,True,True,460.27772519155405,196.36270141601562,82.21011364827156,False,False,False,False,False,,ddf755e3e8354e6e43336233f24715a81f6dab1981f17aca461d5c57a245f8a3,bfc0901fc878674d
data/dataset/helopeltis/image_0_4109.jpg,4,helopeltis,256,256,4641,True,False,True,True,95.11726378812455,220.75001525878906,58.64778595604572,False,False,True,False,True,,06223087e7065d8e9454e396249807d1a15c0bbe63784a0edae993939383b256,b6c2c93c36c3996c
data/dataset/helopeltis/image_0_4110.jpg,4,helopeltis,256,256,5666,True,False,True,True,249.7315215782728,200.3728790283203,79.05124276746587,False,False,False,False,False,,645dd5343c7f0b7401f56197956cbbe8aa193e8ae69256ea1b7144b82bd750e5,bd9ac1619633996c
data/dataset/helopeltis/image_0_4116.jpg,4,helopeltis,256,256,6224,True,False,True,True,311.0651092247572,219.29562377929688,60.79514880965541,False,False,False,False,False,,e02401b2e36222f3d4f380460c84cb61f2b17672e8e377dab290504572326875,b092cf693cb4638b
data/dataset/helopeltis/image_0_4117.jpg,4,helopeltis,256,256,5747,True,False,True,True,187.20979958679527,180.42581176757812,64.65155290086146,False,False,False,False,False,,e5b7d386aad5d4ba2f8bcc054f519796472d084e4c13cd30f31a7453611bac42,afe0d01f6c6823cd
data/dataset/helopeltis/image_0_4118.jpg,4,helopeltis,256,256,4711,True,False,True,True,46.70565742254257,190.5337371826172,57.58116503792516,True,False,False,False,True,,1081c31deb0890ffa083a461bcb3d1f2e7813df1540409ac4bd11c50be5ffde3,e54c98b3963336cc
data/dataset/helopeltis/image_0_4127.jpg,4,helopeltis,256,256,5926,True,False,True,True,204.00270198076032,195.7758331298828,76.00310648186068,False,False,False,False,False,,821fc53817bc9e8e234579bb6a0069b4c3c8eafda7a92917b30deb037c1cbf04,b4c5c312cf389bc6
data/dataset/helopeltis/image_0_4133.jpg,4,helopeltis,256,256,6835,True,False,True,True,237.69824212789536,164.16465759277344,63.60195597632857,False,False,False,False,False,,7ce8563c6e9e799dc37ded5f2168367fd544def95e73989ec99c323b5613649b,e583961ec9712f26
data/dataset/helopeltis/image_0_4140.jpg,4,helopeltis,256,256,4314,True,False,True,True,57.5758361062035,201.9981689453125,45.89876392508151,True,False,False,False,True,,c4b8e00258f70f72ece4cc982bd6c575eb3821120890f4349e8972c2d9d18938,e4dc9a3165cec638
data/dataset/helopeltis/image_0_4142.jpg,4,helopeltis,256,256,4834,True,False,True,True,86.31593310437165,197.30699157714844,53.23234596950126,False,False,False,False,False,,6768b9ccc921a0e537f8959d33e8e0b17c60a2256000a74536144fee2adaa252,b0d9ce66399ac349
data/dataset/helopeltis/image_0_4152.jpg,4,helopeltis,256,256,5318,True,False,True,True,122.03486624895595,173.3327178955078,59.757427706617186,False,False,False,False,False,,18852fe9fcc6b0787e66098242db6efc8a0d18eabb26597dd4c55fe2780ef1f3,a1cf9e31c32cc798
data/dataset/helopeltis/image_0_4159.jpg,4,helopeltis,256,256,4710,True,False,True,True,126.21800225204788,192.62786865234375,52.48115338754518,False,False,False,False,False,,8b0869c06c3a37d5d027c2eff380584add3be0c913f4f8032ace864c5c4f8216,bcd2c361369bc9c4
data/dataset/helopeltis/image_0_4163.jpg,4,helopeltis,256,256,5398,True,False,True,True,92.89179888158105,172.47227478027344,59.36161182622245,False,False,False,False,False,,fd874c3a5731130b94f633adf8187ae1845208e8eec5b197bcc0fe6fa4bd0cf6,add0d20e6bf0b48b
data/dataset/helopeltis/image_0_4166.jpg,4,helopeltis,256,256,5817,True,False,True,True,199.19682297459804,197.78054809570312,79.53008615947537,False,False,False,False,False,,88b97d87272cb5d8b5c5f28f1f7420fc4a50db03bd99cb12faed9e3704119001,eac1953e4a618fd2
data/dataset/helopeltis/image_0_4168.jpg,4,helopeltis,256,256,4670,True,False,True,True,196.91781615372747,228.89254760742188,61.82543949601901,False,False,True,False,True,,a710cbfaf0eebbe0e58098a857557141e8b17290193f4fe4ee4aac84bd3ad8d9,bc1ac3e1341ecbe1
data/dataset/helopeltis/image_0_4170.jpg,4,helopeltis,256,256,4792,True,False,True,True,144.91516092326492,184.5736846923828,57.947708784546506,False,False,False,False,False,,cede6ae646f602ffc94662ac39fa250b64669e6c85ea165e5f6c78cb04fc27af,b41ac3653e9369cc
data/dataset/helopeltis/image_0_4186.jpg,4,helopeltis,256,256,6142,True,False,True,True,204.71497604786418,211.74200439453125,68.57441443051674,False,False,False,False,False,,0574ffbaf23500094d0938e37e0dcf2b94bdf3b2a8de60fcb3d1b7b2cd4dda4e,fac4853a4ae0ac9f
data/dataset/helopeltis/image_0_4201.jpg,4,helopeltis,256,256,5885,True,False,True,True,243.04656945168972,183.6416778564453,84.54038086453674,False,False,False,False,False,,2edb93e86d262650fdd866ae35c2c40c2be2ec2c7d864346f9ae629412f83b56,bf97c06896488e67
data/dataset/helopeltis/image_0_4218.jpg,4,helopeltis,256,256,5457,True,False,True,True,142.27513121976517,171.02879333496094,60.38018620704944,False,False,False,False,False,,dab48ec0499210260a51c3348efd24e76a993ae76e2d46953c03904a65e31d1e,bec0c79e31696346
data/dataset/helopeltis/image_0_4227.jpg,4,helopeltis,256,256,5386,True,False,True,True,195.90298461914062,220.33255004882812,57.30387274741336,False,False,True,False,True,,9bad6d9e6516d4f91858e621b88bea836088b70f18813968dea2e1a9cf73e290,f862c79c38e1226f
data/dataset/helopeltis/image_0_4232.jpg,4,helopeltis,256,256,4382,True,False,True,True,146.6190795749426,223.0205535888672,65.00177601830109,False,False,True,False,True,,fee4699d848c4fdb505e854643ed758576804dc3847566c2d1dc13046f0cc24c,e8c3973c61cb1ea4
data/dataset/helopeltis/image_0_4233.jpg,4,helopeltis,256,256,5317,True,False,True,True,149.19943123217672,194.89427185058594,63.0566273351161,False,False,False,False,False,,5e3f2993d482a70a502b62bc023137eef37ee8e029285d1d3d34c308d95fdc1f,e1ce96714f249d92
data/dataset/helopeltis/image_0_4237.jpg,4,helopeltis,256,256,5582,True,False,True,True,194.3435516243335,203.61874389648438,69.35268899040287,False,False,False,False,False,,6a85afdda3c00b9def3bd387a9ff8135425c44be60e0f2ffd921b1bb8a8cdd8e,e98694786ac7a49e
data/dataset/helopeltis/image_0_4244.jpg,4,helopeltis,256,256,5283,True,False,True,True,172.49502561148256,216.78419494628906,65.75693964075617,False,False,False,False,False,,7716b4765773fe2567ca263ef1c267195a6a10166543cc98236b0cd909e095aa,bf9dc0621d9658a5
data/dataset/helopeltis/image_0_4251.jpg,4,helopeltis,256,256,4520,True,False,True,True,69.62271102424711,192.19351196289062,46.013937436108684,True,False,False,False,True,,eeefa0049f015a889f99a1640e310bde9ca31690dadbd40681cab721b8a2ced6,b067ce3861e79899
data/dataset/helopeltis/image_0_4255.jpg,4,helopeltis,256,256,5237,True,False,True,True,157.24325561523438,229.4099578857422,51.25463617878878,False,False,True,False,True,,6929fffb5217a09a0a33d728cbe73fc75518ccdfc36c4d445304ddbf58c4c983,bc93c36c3691e08f
data/dataset/helopeltis/image_0_4257.jpg,4,helopeltis,256,256,6008,True,False,True,True,252.7964324930217,200.16041564941406,77.3558354026879,False,False,False,False,False,,87406447b0f2322895ffbe9bef9b1251169cd9fb9e357edf5bb0794068a50732,eb95c06a3f2198cb
data/dataset/helopeltis/image_0_4259.jpg,4,helopeltis,256,256,5332,True,False,True,True,55.97634923248552,167.6074676513672,62.04219773922652,True,False,False,False,True,,256dd47547527f9791002d96d18dae9f97f64aaf68c46bf06ce1b8ecae8afa7a,aad5957ac2a51f50
data/dataset/helopeltis/image_0_4267.jpg,4,helopeltis,256,256,5141,True,False,True,True,129.6373136190232,179.15328979492188,68.35245144075982,False,False,False,False,False,,266c0fef4c40dbe81b1bfa6c6c0542a4e8686e65bbb2bdd12c36d4cbf0a0dcbf,f49ac3613cb661d8
data/dataset/helopeltis/image_0_4275.jpg,4,helopeltis,256,256,4352,True,False,True,True,167.21788019663654,226.85470581054688,61.76430237839587,False,False,True,False,True,,95f9f7e4ef2b9b791efaca300f059e772372ac4ec9d8cb9467eeba49f90eb910,e193cd4c323c7393
data/dataset/helopeltis/image_0_4279.jpg,4,helopeltis,256,256,5219,True,False,True,True,192.6054076999426,220.2892608642578,67.73249996073325,False,False,True,False,True,,bf06bca1226acfebcc4d444421f3c234099e9f881ea5145fb0981da84571bc9e,bec0953d68c897b4
data/dataset/helopeltis/image_0_4286.jpg,4,helopeltis,256,256,4597,True,False,True,True,108.77793874009512,193.73159790039062,57.605945779246774,False,False,False,False,False,,d83974c2911e1dc7a2c2718ceb226c080b8969f2eb1d7a815012ff1b9f58ca18,f946d63868c3964e
data/dataset/helopeltis/image_0_4293.jpg,4,helopeltis,256,256,4477,True,False,True,True,89.76672363188118,224.95443725585938,58.418576683883025,False,False,True,False,True,,682406fc7fbb748e75946f3c83fd38d61877fbf3ec4b508766edefecdeb64892,b6d9c9241e916cce
data/dataset/helopeltis/image_0_4303.jpg,4,helopeltis,256,256,5899,True,False,True,True,237.62922668433748,203.97569274902344,50.34582496744559,False,False,False,False,False,,9ec96e50f46382f0643500dec43235a5eb1be21c3577ce596f57f72dec97cb1b,f8948fc733381a8d
data/dataset/helopeltis/image_0_4307.jpg,4,helopeltis,256,256,4930,True,False,True,True,142.54731748602353,217.4766845703125,66.45582161413904,False,False,False,False,False,,24ae41655fbe67d8c21219b9f525e6c4c64fbaa3165270906536c9f997a3bf3e,bd94c2683db570ca
data/dataset/helopeltis/image_0_4312.jpg,4,helopeltis,256,256,5443,True,False,True,True,170.5009998807218,191.05419921875,69.07226465679067,False,False,False,False,False,,afd8c4021f06ea189dc3654ac80b7e0a45a58df62c3752c71d014fbc497f9382,aec8d13f4ed03589
data/dataset/helopeltis/image_0_4318.jpg,4,helopeltis,256,256,5515,True,False,True,True,119.41850237711333,180.7631072998047,59.27208227277943,False,False,False,False,False,,86ae13c1808d770d193fd4ec07eda5f04a588e5927689d0b7dde7135766d9e35,a192cf65b4723939
data/dataset/helopeltis/image_0_4345.jpg,4,helopeltis,256,256,5612,True,False,True,True,187.06426990684122,212.17169189453125,62.58636953663445,False,False,False,False,False,,314def5b1a17bf754b7fa67e9d688b4606258285886bea5d06bc752fe3685b5c,bd98c0613f9ee8e0
data/dataset/helopeltis/image_0_4346.jpg,4,helopeltis,256,256,4473,True,False,True,True,79.11308283335529,225.09613037109375,57.69968992294245,True,False,True,False,True,,fc9c3478773895aaf73e71e720af78b04f9263897973eb49c193d28496628732,e89c9763689c8763
data/dataset/helopeltis/image_0_4347.jpg,4,helopeltis,256,256,5758,True,False,True,True,191.10269165039062,216.5413055419922,66.35504392767152,False,False,False,False,False,,d36b442f64cb9a6e6fc427ebb418c68153fd11c02a1eaa30433d39d92fb216ff,f9c69535621acd98
data/dataset/helopeltis/image_0_4349.jpg,4,helopeltis,256,256,4751,True,False,True,True,73.60755735985003,173.73924255371094,50.47047708260549,True,False,False,False,True,,0a3e1fcd1264776195b361ae0a9bc1e1da2999ed8ca06a9d53d1f2f35c93bec7,e5129acf63303c9b
data/dataset/helopeltis/image_0_4365.jpg,4,helopeltis,256,256,5825,True,False,True,True,137.92431969102472,170.37709045410156,63.16069510721934,False,False,False,False,False,,463e5db9d54ba5eeaadd6e7d6071a0512911108cb43b80482d7aea8bf840a760,aa6ad4152bfa70c5
data/dataset/red_spot/20211205_154648.jpg,5,red_spot,256,256,5230,True,False,True,True,266.97274599969387,144.8291015625,54.73300477582485,False,False,False,False,False,,bb04df9bf4556b2bc36d825f1e5bcacff40a9e607a7654078c98d879b1397607,bfc0c02f6eb485ca
data/dataset/red_spot/20211205_154736.jpg,5,red_spot,256,256,5553,True,False,True,True,213.2949811881408,170.26797485351562,65.84053609766762,False,False,False,False,False,,9360f49d5ef4c93ff5e746ce27f4362995b6d942aa86558c98194cc7403bb6e2,ffc0c0346e30b5cb
data/dataset/red_spot/20211205_154758.jpg,5,red_spot,256,256,5076,True,False,True,True,140.7742907172069,167.2760009765625,57.03822379428922,False,False,False,False,False,,8d1df06dea1ebc2dbb1640a7addff5173f1474ad1611f755e7d660b0f8cb4600,f8c2c7383826b5cb
data/dataset/red_spot/20211205_154858.jpg,5,red_spot,256,256,4723,True,False,True,True,96.2256011122372,166.80238342285156,48.6799745699283,False,False,False,False,False,,0a07f4a048abdb2114c212f827c79e359e440602980b96fa8c4a1207c0d2d6c1,e994966a68a5a71e
data/dataset/red_spot/20211205_154920.jpg,5,red_spot,256,256,5052,True,False,True,True,127.16380494832993,158.6295928955078,56.16272327541401,False,False,False,False,False,,7b7a6db6aa635afe6265abf486f22ec16a7911df86b2f1823cc1f01f32b61e54,fed1816e52942f4a
data/dataset/red_spot/20211205_154944.jpg,5,red_spot,256,256,4137,True,False,True,True,121.86138915177435,167.00689697265625,47.52272098742827,False,False,False,False,False,,a113051052425cc9198250f95fb0dddaf06b2761e1d1ece90c93fed5f5dfd4a6,e1d19e64619ec639
data/dataset/red_spot/20211205_155013.jpg,5,red_spot,256,256,4599,True,False,True,True,98.8177794283256,169.206298828125,49.5241247154417,False,False,False,False,False,,1da97d0fc70a468b8c39217c59c4004a4e701163b24b32fa99ba27e806e0579a,f5c6c2392dc6960d
data/dataset/red_spot/20211205_161432.jpg,5,red_spot,256,256,5111,True,False,True,True,176.8842881040182,161.21697998046875,53.14878352967422,False,False,False,False,False,,91768698de2ba84deff4228bedf3264096440065cf993c1536f66516e1ef2288,fec2c13d6ed0b441
data/dataset/red_spot/20211225_223318 - Copy - Copy (2) - Copy.jpg,5,red_spot,256,256,4436,True,False,True,True,185.64005734561943,168.55084228515625,38.25563568155587,False,False,False,False,False,,8627b46deae2a8fd2bef08a8f7a0531c6835b39b0703ebc3cc387324bc4b9410,a1929e6d69969669
data/dataset/red_spot/20211225_223318 - Copy - Copy (2).jpg,5,red_spot,256,256,4436,True,False,True,True,185.64005734561943,168.55084228515625,38.25563568155587,False,False,False,False,False,,8627b46deae2a8fd2bef08a8f7a0531c6835b39b0703ebc3cc387324bc4b9410,a1929e6d69969669
data/dataset/red_spot/20211225_223318 - Copy - Copy (3).jpg,5,red_spot,256,256,4436,True,False,True,True,185.64005734561943,168.55084228515625,38.25563568155587,False,False,False,False,False,,8627b46deae2a8fd2bef08a8f7a0531c6835b39b0703ebc3cc387324bc4b9410,a1929e6d69969669
data/dataset/red_spot/20211225_223318 - Copy - Copy - Copy.jpg,5,red_spot,256,256,4436,True,False,True,True,185.64005734561943,168.55084228515625,38.25563568155587,False,False,False,False,False,,8627b46deae2a8fd2bef08a8f7a0531c6835b39b0703ebc3cc387324bc4b9410,a1929e6d69969669
data/dataset/red_spot/20211225_223318 - Copy - Copy.jpg,5,red_spot,256,256,4436,True,False,True,True,185.64005734561943,168.55084228515625,38.25563568155587,False,False,False,False,False,,8627b46deae2a8fd2bef08a8f7a0531c6835b39b0703ebc3cc387324bc4b9410,a1929e6d69969669
data/dataset/red_spot/20211225_223318 - Copy.jpg,5,red_spot,256,256,4436,True,False,True,True,185.64005734561943,168.55084228515625,38.25563568155587,False,False,False,False,False,,8627b46deae2a8fd2bef08a8f7a0531c6835b39b0703ebc3cc387324bc4b9410,a1929e6d69969669
data/dataset/red_spot/20211225_223318.jpg,5,red_spot,256,256,4436,True,False,True,True,185.64005734561943,168.55084228515625,38.25563568155587,False,False,False,False,False,,8627b46deae2a8fd2bef08a8f7a0531c6835b39b0703ebc3cc387324bc4b9410,a1929e6d69969669
data/dataset/red_spot/20211225_223359.jpg,5,red_spot,256,256,4450,True,False,True,True,153.0942975943908,150.56484985351562,37.948297842524326,False,False,False,False,False,,1f68e90675c812fd59c9044ae73e3c0d45b707f9c055abda86bc13b59615fa54,a19c94636b9e8579
data/dataset/red_spot/20211225_223433.jpg,5,red_spot,256,256,4398,True,False,True,True,173.10175767703913,151.2779083251953,41.12350274802109,False,False,False,False,False,,29b7e2cc5f13df6807c49765bc3f459820b07bdb3fb82fb05b0c0541cc4803df,a03887c76c7893b7
data/dataset/red_spot/20211225_223532.jpg,5,red_spot,256,256,4620,True,False,True,True,199.9265864433255,151.40499877929688,42.70322442888281,False,False,False,False,False,,819fae466b505d731c89b9c153269f6bebd30aa0d7e39886d1ba5a3bb2f4e464,a187977868c79758
data/dataset/red_spot/20211225_223553.jpg,5,red_spot,256,256,4563,True,False,True,True,197.08367830421776,150.8817901611328,42.217852439957234,False,False,False,False,False,,f75d9043498a3d4e001036cd1d0441b7cfb682c344782ba43ba40ff2279fc75c,a193d66d3d96c249
data/dataset/red_spot/20211225_223638.jpg,5,red_spot,256,256,4439,True,False,True,True,167.94320222362876,151.0957489013672,31.721388094486834,False,False,False,False,False,,b28356f80dc253bc05f40393aee39db4ee4292d9a677f1f99c221393ca2d9c40,a1c79e9869c79638
data/dataset/red_spot/20211225_223652.jpg,5,red_spot,256,256,4917,True,False,True,True,203.72312734439038,150.83111572265625,39.46351131634537,False,False,False,False,False,,774dbc515252b373ffb8e35ca72ddd5d359eec4b3ef7a1ecb1301495767260cd,a899976e6891c76a
data/dataset/red_spot/20211225_223710.jpg,5,red_spot,256,256,5155,True,False,True,True,188.10700857802294,151.08872985839844,40.81680813229898,False,False,False,False,False,,8d7fa7a8380b9488f6f9c525fd215f8f7bd1630c4d0ef2d19b4707c21ce18d8a,b8c687797e85914a
data/dataset/red_spot/20211225_223733.jpg,5,red_spot,256,256,4655,True,False,True,True,193.16148300818168,150.24668884277344,36.79634354327737,False,False,False,False,False,,9dc9f18662970ab1b7f5aa8d5d33c1bedb9506b7dc24393bb5c5f68400d1b6a6,b4cacb343cd2d22d
data/dataset/red_spot/20211225_223812.jpg,5,red_spot,256,256,4419,True,False,True,True,177.10758925019763,150.47203063964844,34.02522839273488,False,False,False,False,False,,6764c9b7383777f9502a20f29733bb1270cad12d1dc3221a7d6ef5d216ebe120,a0c6cf693496c36d
data/dataset/red_spot/20211225_223835.jpg,5,red_spot,256,256,4993,True,False,True,True,172.48484609439038,152.96836853027344,44.74747488524237,False,False,False,False,False,,6cc6fee5be310e31d6521687edd2f9084ef150ee573662d95aac7e0489d5fefa,a899876f7a91850f
data/dataset/red_spot/20211225_223855.jpg,5,red_spot,256,256,4746,True,False,True,True,205.06690375483595,151.26966857910156,42.00055024780256,False,False,False,False,False,,b0bb19f827684ca89ae09c277991b4b6055c4babd93fc6dc12b0b2d7cc10d9ca,a0d3876d7891874f
data/dataset/red_spot/20211225_223921.jpg,5,red_spot,256,256,5613,True,False,True,True,292.5643861293793,152.1934356689453,48.83167374854524,False,False,False,False,False,,42d6306c9cf7b873f8cb1927b61dab6069f06054490cbfaec0c58b383ad64903,a194957a78a5a5da
data/dataset/red_spot/20211225_223937.jpg,5,red_spot,256,256,5008,True,False,True,True,191.45666047558188,152.1572723388672,39.44514848087187,False,False,False,False,False,,9ed09b3ebe421f2150fa18ba103f718f83617bb866899a5b2c5287e9df38c968,a89797686a97855a
data/dataset/red_spot/20211225_224108.jpg,5,red_spot,256,256,4441,True,False,True,True,153.8021054675337,151.0332489013672,38.697612282806816,False,False,False,False,False,,199fe95fb68c2873caeb39326e51c92d047c0abbb3b8ff53def81c81df915b00,a18e9e7969869639
data/dataset/red_spot/20211225_224131.jpg,5,red_spot,256,256,4943,True,False,True,True,180.05875747813843,153.02195739746094,44.30102586842394,False,False,False,False,False,,cf58090b729f7e284c8e6b17601bdd02d31c92e2f0eaa436c300cb31ee7fa1d9,a0ad977a68a5875a
data/dataset/red_spot/20211225_224157.jpg,5,red_spot,256,256,4104,True,False,True,True,154.69124996569008,149.82449340820312,36.45851920313089,False,False,False,False,False,,e0dd46c80416557501fd32e41e49c0ee110f89a5c7e722b924b258108583c4a3,a48edb306ccb933c
data/dataset/red_spot/20211225_224219.jpg,5,red_spot,256,256,5181,True,False,True,True,202.03048672433943,153.07542419433594,44.95544876124248,False,False,False,False,False,,0b3d90f3ed227bf6e5072731cffb3655957c740f5ac35a238e85c5c21d40ddf7,a893976c6897a55a
data/dataset/red_spot/20211225_224236.jpg,5,red_spot,256,256,4525,True,False,True,True,170.70284892525524,151.16256713867188,35.667431644004324,False,False,False,False,False,,22b887062ea2a7eb2afb4f25bcb5dbbf9629e2302d20d9f8699c7ecc36cae3c1,a1969e696996876a
data/dataset/red_spot/20211225_224316.jpg,5,red_spot,256,256,5125,True,False,True,True,254.42966871871613,151.1128387451172,43.00653923479234,False,False,False,False,False,,4cb69040f2bdfc0a20d631f99a322e39fa3fe4deabd9ab1ccb515507dca9ced1,a087853c7ec3a55e
data/dataset/red_spot/20211225_224354.jpg,5,red_spot,256,256,4352,True,False,True,True,166.16230656555854,151.205078125,33.91195942848264,False,False,False,False,False,,ad33614136b1c6ad3ff3adff699065f5d1da7c21e5b8c234f192fd84f8185c99,a18f8e3069cf966c
data/dataset/red_spot/20211225_224418.jpg,5,red_spot,256,256,4521,True,False,True,True,188.49878966039978,151.51564025878906,43.276740649697864,False,False,False,False,False,,a6d95424af953eb8f5b3033c6da95be145a5fbee3d73f090a5062f5af50a96a0,a08f833a6cc5937e
data/dataset/red_spot/20211225_224534.jpg,5,red_spot,256,256,4618,True,False,True,True,193.0002869439777,152.4522247314453,42.48527189362541,False,False,False,False,False,,4b0500e6f54daa4411a8c7f4ba8b50a41de04e0d9e2e9700d125f982d9fac043,a08f877a7887a55a
data/dataset/red_spot/20211225_224558.jpg,5,red_spot,256,256,5117,True,False,True,True,208.1129749333486,151.39300537109375,45.471873844591535,False,False,False,False,False,,733f1b8cba1d3a99ec5d64ab93eb7edab4edfa03326ba2ae8fd765c1989b8732,aac5853a6ac5b51e
data/dataset/red_spot/20211225_224727.jpg,5,red_spot,256,256,4617,True,False,True,True,134.30648457165807,161.5577850341797,33.975256761688165,False,False,False,False,False,,dba8ae36308fcb94c096a11c603a29d98238bf3616342fedbb7032014b8867d7,a09f9761689e9761
data/dataset/red_spot/20211225_224744.jpg,5,red_spot,256,256,5369,True,False,True,True,241.797911032103,153.72000122070312,40.210836186000186,False,False,False,False,False,,d5abe404ead6b864393fafae32664bca9ce0b47c36d41d4328d9fab6ac2a1f15,a09397696897a5da
data/dataset/red_spot/20211225_224808.jpg,5,red_spot,256,256,5666,True,False,True,True,247.1796853542328,153.7835693359375,52.04678618982663,False,False,False,False,False,,fd037fc1eeba8f106266197dc2ce9df0e17297bd8d68f4c1a010b99fee29414e,a88795387ac1e59e
data/dataset/red_spot/20211225_224822.jpg,5,red_spot,256,256,4961,True,False,True,True,203.74421546584927,152.68582153320312,41.91075408245647,False,False,False,False,False,,a9bae9c3aeb2aafd0041d871ee532e057edca1a40c680afcc4cfe8fc96227a14,a087977978c7851d
data/dataset/red_spot/20211225_224919.jpg,5,red_spot,256,256,5272,True,False,True,True,260.1265530437231,153.73289489746094,54.80402336737598,False,False,False,False,False,,497c111cac0c930f5e99c7ae958e3be765f7f479d9bb75c88e14cdca438cda53,a88787687ab5a1da
data/dataset/red_spot/20211225_224936.jpg,5,red_spot,256,256,5594,True,False,True,True,259.41244101151824,154.45639038085938,45.74880985962599,False,False,False,False,False,,beb0f92de7e8184bc6c2f2ed2fe6de91b4dc93750e9471db37cc97cb0f0179b5,a88e85397a87a1de
data/dataset/red_spot/20211225_224954.jpg,5,red_spot,256,256,5609,True,False,True,True,249.8456723690033,154.7433624267578,49.34692242931536,False,False,False,False,False,,19870852341e283dd5ed08a6742ef454b717bb4ff01d36aae44f223791f97961,ad81903e7ae0e59e
data/dataset/red_spot/20211225_225013.jpg,5,red_spot,256,256,4927,True,False,True,True,247.40591117367148,151.99899291992188,50.940745908480295,False,False,False,False,False,,2686ecfc237afaee1506e4ddbdc0145d52edb2a002368c857faf212a4f244e3d,aa85955a7aa5855e
data/dataset/red_spot/20211225_225029.jpg,5,red_spot,256,256,4584,True,False,True,True,122.10276733874343,151.612548828125,38.81631010507564,False,False,False,False,False,,66841b6eeb9ba56769a84b3fda0424ab32b9aa5851db5922b42ba542b726ecd8,a09f9f6968968758
data/dataset/red_spot/20211225_225053.jpg,5,red_spot,256,256,5540,True,False,True,True,304.8683600516524,152.23873901367188,55.87573797289287,False,False,False,False,False,,d604ca769843069c1619405413709377e241433170d6ce514cddf92b998f19b8,aa94956a7aa5a19e
data/dataset/red_spot/20211225_225131.jpg,5,red_spot,256,256,4699,True,False,True,True,192.97964419331402,153.27444458007812,48.30353447593435,False,False,False,False,False,,2740512bfc63fb4899f934d0f0dc77690d76a7f108611e20f1651355e3751261,a892956d6a96e59a
data/dataset/red_spot/20211225_225232.jpg,5,red_spot,256,256,5347,True,False,True,True,218.93732977821492,153.0499725341797,50.69749483317776,False,False,False,False,False,,87fb5ce04aa2b854282a66879322adb5eb331d8915eaf83b2a7de8259ea8833d,b885877a7a85a55a
data/dataset/red_spot/20211225_225249.jpg,5,red_spot,256,256,5627,True,False,True,True,242.7368873914238,172.10598754882812,47.49146552429555,False,False,False,False,False,,647c8709ec0217f1091993335b7339fb3fd5ba42e2a709f27c66a06404ce3614,a897976878a525da
data/dataset/red_spot/20211225_225308.jpg,5,red_spot,256,256,4939,True,False,True,True,196.81989858462475,152.3770751953125,41.05792567914779,False,False,False,False,False,,28db13ebf8b7cf9d6d353557eed45947494292d1d2cd15916259b803ce608d40,a097976b7895a54a
data/dataset/red_spot/20211225_225401.jpg,5,red_spot,256,256,5795,True,False,True,True,266.9997358394321,168.7540283203125,51.09530903234196,False,False,False,False,False,,237e11fc21cd9886dac8a7a3b29b7041626f60f5a23f033de63acd784f9ee404,a995d07b2ec1e11e
data/dataset/red_spot/20211225_225415.jpg,5,red_spot,256,256,5203,True,False,True,True,243.95097258663736,152.45709228515625,43.26543232218607,False,False,False,False,False,,8a3721d175638fee7105fa7b12e44835e80194be2c4ec8a8238e77691c297a8e,aa91856e7a91a55e
data/dataset/red_spot/20211225_225552.jpg,5,red_spot,256,256,5317,True,False,True,True,304.37713361438364,152.1597442626953,52.302138403698535,False,False,False,False,False,,fe2087edbb6c4cd3ebf3c998cba70f524dacc7ea2eab5392f1fd44e4bdf651df,a895855e7aa1a55e
data/dataset/red_spot/20211225_225609.jpg,5,red_spot,256,256,5314,True,False,True,True,240.31701454427093,153.1515350341797,50.04140682105656,False,False,False,False,False,,ec4c831d7aa72502d4aa2b453e44e1d0c72bdf26980f228bd72fb5dfa6f31055,a89685397ad6a19b
data/dataset/red_spot/20211225_225628.jpg,5,red_spot,256,256,4363,True,False,True,True,120.5322993339505,150.97528076171875,28.277870663851697,False,False,False,False,False,,ba729224440ea4e60ef5b83df0318f89029ec825e027752985ef9a1fe86093c9,a09d976468979778
data/dataset/red_spot/20211225_225644.jpg,5,red_spot,256,256,4829,True,False,True,True,160.06025614752434,150.09359741210938,35.713375057273396,False,False,False,False,False,,f66c1f67d8a316001e907cf25a66be312af8c7a13fd5319117c571d0925c0f97,a087977a6a87355a
data/dataset/red_spot/20211225_225710.jpg,5,red_spot,256,256,4645,True,False,True,True,217.975372239016,152.35498046875,49.56058651235715,False,False,False,False,False,,31ec74392c7b85ee5204bac1ba1bb9bfb50f86c0dd2129e9a4aa993cc2fd8de3,b88787786e91b04f
data/dataset/red_spot/20211225_225839.jpg,5,red_spot,256,256,5487,True,False,True,True,265.46348440810107,154.2015380859375,47.673873227924965,False,False,False,False,False,,d30efcf1e84a44ae5263bde1f578c41eb520e35b4b9f24e9846d792e7e3b3ab3,b882853d6bb0b4cf
data/dataset/red_spot/20211225_225900.jpg,5,red_spot,256,256,4982,True,False,True,True,239.40054029226303,152.74728393554688,48.520102908997956,False,False,False,False,False,,aaf8d45b5dd3297794bcb21ea4ce80a3044d3e24c7708cff1f7ea9071a38daf5,b89c85637a95b1ca
data/dataset/red_spot/20211225_225928.jpg,5,red_spot,256,256,4847,True,False,True,True,181.2949928601738,152.12307739257812,36.035123699543114,False,False,False,False,False,,671636d1ecb6278316b3a7737c46c7e1255628d63f0accde144fc192537cfd87,a08b97366887977c
data/dataset/red_spot/20211225_230038.jpg,5,red_spot,256,256,5218,True,False,True,True,230.12081846222281,154.50286865234375,38.75335628828516,False,False,False,False,False,,954c242023098efb4f0fd182139aa44b11be0f68b2006b71cb236e4b4e32edc8,b186c6396db2b08f
data/dataset/red_spot/20211225_230056.jpg,5,red_spot,256,255,4699,True,False,True,True,140.4961859093314,169.0062193627451,48.53474811972364,False,False,False,False,False,,a9f6576652b3d0f3a4958f50cbf925bf34294563db14887e5db63e22945cf9ff,b0c6c9cece66c632
data/dataset/red_spot/20211225_230116.jpg,5,red_spot,256,256,4384,True,False,True,True,104.48473065719008,154.13214111328125,44.30652687402038,False,False,False,False,False,,60fcae24e7a4d7de6dc28ca7578f07eaae79c900c9c0b00578404e82ae9a33cd,bfc0c02f2fd0b44b
data/dataset/red_spot/20211225_230246.jpg,5,red_spot,256,256,5011,True,False,True,True,210.16653245314956,153.5872344970703,47.83532238453876,False,False,False,False,False,,268da1d1c61c796e65f9339fdf363033f6300fe25137424682d294c7058be471,a986926939b6e59a
data/dataset/red_spot/20211225_230301.jpg,5,red_spot,256,256,6049,True,False,True,True,356.0010049343109,150.60716247558594,57.64129572404489,False,False,False,False,False,,cd4172003382f5e2f36cf3369c2a5582d4cca8f7fbe2d884d22e2d5562a54e30,abc89634e1336ed8
data/dataset/red_spot/20211225_230925.jpg,5,red_spot,256,256,5509,True,False,True,True,259.184198862873,152.48497009277344,50.83486880725391,False,False,False,False,False,,1d6a412ce38b0416e80f399192f30fbb7b5bc5c87422b8ef9347f98443456b17,a885857a7aa525de
data/dataset/red_spot/20211225_230956.jpg,5,red_spot,256,256,5130,True,False,True,True,214.35030939336866,150.9602813720703,41.9235193658579,False,False,False,False,False,,6e3e50b5c5c940cd56eb8873780878d8a677283126b8fee3f8c5e626ed964a39,aa9785607a97e568
data/dataset/red_spot/20211225_231015.jpg,5,red_spot,256,256,5912,True,False,True,True,236.1028880008962,153.499267578125,45.9672565794618,False,False,False,False,False,,84c952d82ff3a679dd9125383965e45dd06dc135ebd71c371952c3fe132fa0dd,bea0c19f6e6830a7
data/dataset/red_spot/20211225_231033.jpg,5,red_spot,256,256,5400,True,False,True,True,269.1809838914778,151.5182647705078,50.86620539907506,False,False,False,False,False,,ec14e5facb35cbcc4bcc9ce4890e56fd475a505bcee77721dde04fceebcd9190,beb0c10f2fb0b04f
data/dataset/red_spot/20211225_231053.jpg,5,red_spot,256,256,4925,True,False,True,True,191.33234744123183,152.63885498046875,44.93180671794681,False,False,False,False,False,,1acdd89c9885c98a1d26f87eac29e6b8d03682f4da1d1d38d012a9fd4b4fbed7,a88e973178c6859f
data/dataset/red_spot/20211225_231110.jpg,5,red_spot,256,256,6607,True,False,True,True,380.75558468326926,153.79110717773438,60.56997722780401,False,False,False,False,False,,992607809c2ba44955ef4d679677a482a5caaf8fc5f8a2db1b30e9c6ef21407a,be2fc0904f4f343c
data/dataset/red_spot/20211225_231126.jpg,5,red_spot,256,256,5425,True,False,True,True,307.2791101895273,150.72987365722656,49.57078607335008,False,False,False,False,False,,a6a9265e56553b9ee731d7c58c6075bb17d27dd275d11b6ccc0224fcfc3c854d,aa2985967a6ba5b4
data/dataset/red_spot/20211225_231159.jpg,5,red_spot,256,256,5461,True,False,True,True,279.0525041834917,152.2249755859375,46.65550219437328,False,False,False,False,False,,0f99efef0fd62e57a7466f33814fc6d4044d296c2bceb5a23d12c71b058d41c9,b8bd85627a9da152
data/dataset/red_spot/20211225_231220.jpg,5,red_spot,256,256,5764,True,False,True,True,287.5299666188657,152.07135009765625,45.362027143588655,False,False,False,False,False,,dad4c5152d26165e5ee432a82d62bbf3c5002066f871ecf6d86e5e9ff68d700a,abab94946e2eb1e0
data/dataset/red_spot/20211225_231236.jpg,5,red_spot,256,256,5553,True,False,True,True,289.67265482153744,152.94403076171875,47.353080683909745,False,False,False,False,False,,61b99b099a4fa7c267ac23e5d8869a41785c2c64df478dc88a065854c23d7877,bf82c03e2f90b0cf
data/dataset/red_spot/20211225_231251.jpg,5,red_spot,256,256,5407,True,False,True,True,220.34331940114498,152.6805419921875,51.18051481022292,False,False,False,False,False,,0eb281824628a424c7dad66d5502a47f97f68ef509cd7c5a1131d0c1d955bf22,aea1c11e2ff1b40e
data/dataset/red_spot/20211225_231309.jpg,5,red_spot,256,256,5301,True,False,True,True,273.02624443825334,152.11582946777344,54.39742793264876,False,False,False,False,False,,aab5b288c81ce3b690e8fd3c2f03ed9f621d730dee044436a89e7ed6d838d3a3,bfa6c0902f27b4e4
data/dataset/red_spot/20211225_231325.jpg,5,red_spot,256,256,5443,True,False,True,True,236.8647088909056,149.05076599121094,61.613448057465156,False,False,False,False,False,,ebc27ea63ad926c3d3f92112c5fdd6237b7e8bca852224dbecca87a339e3459e,af88d0b62a48b5bd
data/dataset/red_spot/20211225_231347.jpg,5,red_spot,256,256,4416,True,False,True,True,139.52751131146215,152.62338256835938,35.05465318395397,False,False,False,False,False,,87a0252c50c12de25496d2cbf3db6a89bfe2d0153473183f6df7111acde3b0ff,b08d8f33388d937a
data/dataset/red_spot/20211225_231405.jpg,5,red_spot,256,256,5312,True,False,True,True,226.7452059229836,152.4965362548828,48.819855739427226,False,False,False,False,False,,a95482dc1ef8238594748daaa29820a56594d7893121a599b8ed945d8be422cd,ba85853e6ea5b05a
data/dataset/red_spot/20211225_231422.jpg,5,red_spot,256,256,5276,True,False,True,True,212.12440439290367,153.45025634765625,46.548607118165386,False,False,False,False,False,,8fc65ba9dbbc30655ab588e0596101e648686322f23f946281dddd599ce2af53,b893856e3e91e14e
data/dataset/red_spot/20211225_231437.jpg,5,red_spot,256,256,4821,True,False,True,True,149.39162738528103,151.94761657714844,32.05787507374143,False,False,False,False,False,,01a16aca20c6615acd486a0bbb18d9557a652680d7c46c40cfd9b5e00c8a146b,a895956a7a95a55a
data/dataset/red_spot/20211225_231459.jpg,5,red_spot,256,256,5728,True,False,True,True,184.4943389778491,151.61341857910156,52.11093527457321,False,False,False,False,False,,c2a2f07e68f43e218e7c30fb91858e8f88e411c4885ddf93cdf0e437352aa8b0,bb1b84606e9f31b8
data/dataset/red_spot/20211225_231718.jpg,5,red_spot,256,256,5279,True,False,True,True,230.8892800807953,152.93893432617188,43.492946643130885,False,False,False,False,False,,e5adcacbe17b0966f059f6923b0881c8a3d3154a9609464a462ae5f78b45e06f,bd93c0386f95b0ca
data/dataset/red_spot/20211225_231744.jpg,5,red_spot,256,256,5932,True,False,True,True,279.9811363220215,152.9741973876953,52.97168210792784,False,False,False,False,False,,4f4e2d323212326cf3cd46cbd0079b39bd2a2bcfc970d75fb22dd3de2e17192c,ba85856a7aa5b0da
data/dataset/red_spot/20211225_231808.jpg,5,red_spot,256,256,6064,True,False,True,True,317.44497250020504,151.49632263183594,47.35562343276117,False,False,False,False,False,,eebf3e1680310556e0c027169bef37eb31f615a4cf18bc47846d251961ff0bb4,ae9490686fb5b45a
data/dataset/red_spot/20211225_231828.jpg,5,red_spot,256,256,6076,True,False,True,True,353.8045583209023,151.2427520751953,55.52436954217459,False,False,False,False,False,,15c9427094ebc9eba9e9f4845aa8378880bb36a8d6c8b2895c5939b15bf28062,ad1ad0e53f5a6035
data/dataset/red_spot/20211225_231844.jpg,5,red_spot,256,256,6531,True,False,True,True,374.79631010605954,151.06871032714844,56.077857471493076,False,False,False,False,False,,4e28558937100ee21aba6332503ca1c48c6b9012dcbd8e5bbcd1b8e585e85168,aeb381cc5e3ae055
data/dataset/red_spot/20211225_231906.jpg,5,red_spot,256,256,4473,True,False,True,True,156.40829437598586,153.24984741210938,44.01186436279008,False,False,False,False,False,,3a2869770a218059a2d8e4ae3640d75c4fcbe1c310afe8f8fd8db406f760c439,a0c79f3869c79658
data/dataset/red_spot/20211225_231920.jpg,5,red_spot,256,256,4862,True,False,True,True,125.53251340030693,153.18405151367188,30.369369668367945,False,False,False,False,False,,fbb73148ba27bd8c3a6bbe8aaae681757f0c4e11f084c289619d258cb92701c0,a08795786a87b56e
data/dataset/red_spot/20211225_231934.jpg,5,red_spot,256,256,5203,True,False,True,True,116.87786593660712,150.2026824951172,34.00791362632164,False,False,False,False,False,,fcb82f636c32e990b8f5591a019c3eb926acc137c7ba5d58e84fbd6c7d452663,a26785957a4ab535
data/dataset/red_spot/20211225_232008.jpg,5,red_spot,256,256,4868,True,False,True,True,127.35075193992816,165.5113525390625,37.74731224621451,False,False,False,False,False,,9b3570ecc6dbe570bcd6df37dfa3b6276d399dc001265039795cc174de183b4d,aa85957a6a95e45a
data/dataset/red_spot/20211225_232111.jpg,5,red_spot,256,256,5823,True,False,True,True,243.39822253212333,149.95303344726562,48.37944722979079,False,False,False,False,False,,42b172167a1958ec5b3bc56fff33f0ecda1b7f50c5504def818cb20ab3fed99e,ae85917a1ea5e45a
data/dataset/red_spot/20211225_232129.jpg,5,red_spot,256,256,5823,True,False,True,True,311.53110633208416,150.0993194580078,49.721025708306556,False,False,False,False,False,,65c0e7f9d021fe99c8004d8595d860859b91a7e2e5113e9e0368410749cc7791,aa94956a7ab5e05a
data/dataset/red_spot/20211225_232142.jpg,5,red_spot,256,256,5805,True,False,True,True,350.7647201025393,152.18153381347656,48.75982712390678,False,False,False,False,False,,fb16a4fc5e2865fa9e757dd55d5501dbc532612111cbd029e0c2ff8ed3172a1f,b994c6436fb4b0c3
data/dataset/red_spot/20211225_232159.jpg,5,red_spot,256,256,5224,True,False,True,True,184.02242799755186,151.5019989013672,39.68132098070734,False,False,False,False,False,,efed1f6bc6fbf63adb913439b51a8a7366c26b33de0516e385305e04233b9c8b,a89e95697a86e558
data/dataset/red_spot/20211225_232218.jpg,5,red_spot,256,256,4580,True,False,True,True,195.91892488463782,164.06243896484375,35.50997924231626,False,False,False,False,False,,f098b01f8051fcfced4464a1a4a8d3528b35e91d27d497ac0f0fc9376053fdb4,a19e9e6961965879
data/dataset/red_spot/20211225_232331.jpg,5,red_spot,256,256,4675,True,False,True,True,196.7712380886078,160.9179229736328,41.95706734627933,False,False,False,False,False,,945a42146204a738c9236242388c10cb6363922bf6fc03afea0e9f77f6ff3ccf,bc93c26d3d92c04f
data/dataset/red_spot/20211225_232522.jpg,5,red_spot,256,256,5653,True,False,True,True,225.09550371556543,153.63902282714844,44.47543194480487,False,False,False,False,False,,999d258df052cbf2c406c8a9d70af82c6206076b29869a26e9c148dcb38a1f36,a88693797ec4a19e
data/dataset/red_spot/20211225_232533.jpg,5,red_spot,256,256,6303,True,False,True,True,330.4386130811181,154.97921752929688,50.31305586332148,False,False,False,False,False,,840a7588c12aec157e54990d288fd994753c1861c4f38109d4fb4d9c710e6b38,ae94817b1ea561d6
data/dataset/red_spot/20211225_232544.jpg,5,red_spot,256,256,4956,True,False,True,True,191.74999921675771,153.29896545410156,35.868332591092965,False,False,False,False,False,,59a2a21c4db2cfa931383d1a5aac997316ae0fe09308980930554d860a4ce2f4,a0958f6b6896974b
data/dataset/red_spot/20211225_234230.jpg,5,red_spot,256,256,5275,True,False,True,True,252.74773964192718,150.83383178710938,42.37821699383065,False,False,False,False,False,,9f856548ceaffa63f8d044a7a7124aa04e1b29315bc84e9b70c927dd2db5cf6b,a890976a7a85e5da
data/dataset/red_spot/20211227_155315.jpg,5,red_spot,256,256,5003,True,False,True,True,147.5705399287399,165.99151611328125,66.72994948666165,False,False,False,False,False,,192fd8a98562d25fcc1dcdb39a24684912e8228ce250c27859dfae8ee8135a8a,bfe1c0c42f4ab435
data/dataset/red_spot/20211227_155428.jpg,5,red_spot,256,256,5334,True,False,True,True,148.249722099863,166.48434448242188,59.04898080454192,False,False,False,False,False,,f94ed010900740bec0f4d957ca29b5706fe453bb375824e2eaedf7f2731f3590,efe880953f4af025
data/dataset/red_spot/20211227_155443.jpg,5,red_spot,256,256,4962,True,False,True,True,127.70050877868198,165.75167846679688,64.59888995552834,False,False,False,False,False,,f9b63609f2f7693bb3a74c7f08dc919c7990961db6c4f9f3217b1bec0e7229a8,bed0c02f2f90b0cf
data/dataset/red_spot/20211227_155453.jpg,5,red_spot,256,256,5087,True,False,True,True,146.9801621576771,162.5992889404297,57.279052016504544,False,False,False,False,False,,1f923985c5d69ccd5826e86b058863feb5d63d99524f3dd441a488080964c8c3,aacb91953f4ae0a5
data/dataset/red_spot/20211227_155502.jpg,5,red_spot,256,256,4581,True,False,True,True,89.80717392615043,154.78741455078125,52.098858726656765,False,False,False,False,False,,2ad62d067e6d0a7687c28fdbc97363616a8067321ee752c07d986b1421e24f82,eac0853e6ae1a59e
data/dataset/red_spot/20211227_155509.jpg,5,red_spot,256,256,5383,True,False,True,True,127.88492897315882,163.9248809814453,64.7734741536596,False,False,False,False,False,,d7dc4ed176145e853cdce6fc50eb3a568236832bac347bc8089a5391f50cf375,ebc2943d0b707587
data/dataset/red_spot/20211227_155519.jpg,5,red_spot,256,256,5616,True,False,True,True,144.1106806844473,163.76498413085938,71.56863249489744,False,False,False,False,False,,f0ab8b34bcff7fd3c30d1188eb6ca27e3c9530273314922ba6015b09159ee7ef,eac5957ac0618f96
data/dataset/red_spot/20211227_155535.jpg,5,red_spot,256,256,5598,True,False,True,True,165.34982596337795,162.21990966796875,67.94454385123205,False,False,False,False,False,,043a18a1ed4934145c862d2e87de21bb93bb255f205012e3f3d8beb8ea9edee9,bfe0d0950f4a7c2c
data/dataset/red_spot/20211227_155546.jpg,5,red_spot,256,256,4941,True,False,True,True,192.13916788995266,164.7249298095703,64.23148091638264,False,False,False,False,False,,a04a36fd944817ebcf5009a6ea28cb1d0c34b3fffb295ec980f34fd4e678a3c5,ebc8953f4af02583
data/dataset/red_spot/20211227_155554.jpg,5,red_spot,256,256,5063,True,False,True,True,99.39325662865303,167.56358337402344,58.418970450716905,False,False,False,False,False,,8411915bf77148135307a235374b5f0fc7d5f57d7798bbc0316692a5440f7401,eac0953f3ae0258f
data/dataset/red_spot/20211227_155602.jpg,5,red_spot,256,256,4792,True,False,True,True,111.93057078775018,163.25479125976562,59.13578139939204,False,False,False,False,False,,ebe364450ddf2356cf4251f120e748937fd302cccd3b80b5a7c5386f5bad33df,bed0c02b2bf4b48b
data/dataset/red_spot/20211227_155609.jpg,5,red_spot,256,256,5452,True,False,True,True,165.72488950192928,162.96739196777344,71.16159637339912,False,False,False,False,False,,612344d67703f6006c0c322eed96f42e14665aa81d7f69e480962e941c266e12,bf84d06a0f343dca
data/dataset/red_spot/20211227_155617.jpg,5,red_spot,256,256,5227,True,False,True,True,117.64686232223175,167.81968688964844,57.70687091186864,False,False,False,False,False,,5f568c0fe488df84be5ef4fa27e7176fb427aa86848255ed9e902c8e7d106ee2,fbe085953e5a7025
data/dataset/red_spot/20211227_155625.jpg,5,red_spot,256,256,6104,True,False,True,True,170.6783473705873,156.08135986328125,74.13959843833818,False,False,False,False,False,,4cd52e491d8577cba286ce7d722c061b3918632fb7b68a10848f8091c8489f3a,ea92d56d0a607c8f
data/dataset/red_spot/20211227_155632.jpg,5,red_spot,256,256,5032,True,False,True,True,133.446073949337,164.10255432128906,61.7981251024699,False,False,False,False,False,,b9ef895919b346e4c8d7c597432521ddee068e49d644a3453f01b218b0bed3a1,ff80c03d2fb0b0cb
data/dataset/red_spot/20211227_155639.jpg,5,red_spot,256,256,5453,True,False,True,True,172.55888724327087,164.2218017578125,70.9975826109412,False,False,False,False,False,,0fd39767aeaff873727368b95f5055d995398e0672741416c3ce6df9c007a858,efc3809d1f6ae085
data/dataset/red_spot/20211227_155645.jpg,5,red_spot,256,256,4934,True,False,True,True,136.90376195102,163.93455505371094,59.51787988427483,False,False,False,False,False,,d14bab2bcb7095362c58ca2a6261c1d67fbbc0a6be07bbabb75ab3834038531a,efc0901f3fe06187
data/dataset/red_spot/20211227_155651.jpg,5,red_spot,256,256,4797,True,False,True,True,93.42661729617976,148.74179077148438,53.27499857127825,False,False,False,False,False,,3c784476f8ed45d2cb92231edec5a8d7ef3d32a67fcf0589133449c7eeec0def,eac0903f6af0b58b
data/dataset/red_spot/20211227_155657.jpg,5,red_spot,256,256,5359,True,False,True,True,141.4918494783342,166.61366271972656,61.229763792592664,False,False,False,False,False,,097d602cbe6279e40e9d7ca8603bc18162b74010fdfad40399a0cecd49e0eddf,bfc0c03f0ff03487
data/dataset/red_spot/20211227_155702.jpg,5,red_spot,256,256,5051,True,False,True,True,135.14509106404148,166.01556396484375,63.32158173233881,False,False,False,False,False,,4a2d875e81731ba71364051154e31c5c59358cae65cbf4d5ac5bcb35b97fb8d9,fee281953e6ae025
data/dataset/red_spot/20211227_155707.jpg,5,red_spot,256,256,5275,True,False,True,True,143.962744259974,165.40695190429688,60.67929201952952,False,False,False,False,False,,40475ae332483d8d4c53883ccbd786833f17d92e1478233636707c6b32ab6b67,aec0903f6bf0a58b
data/dataset/red_spot/20211227_155715.jpg,5,red_spot,256,256,5057,True,False,True,True,151.2232712970581,159.094970703125,63.920391985433,False,False,False,False,False,,0ecee615b7fb668f6a3c01b479cd8455ab3f919aea6dc850b1b58f2f0bb8eea3,afc0803f2ff0b48b
data/dataset/red_spot/20211227_155722.jpg,5,red_spot,256,256,5526,True,False,True,True,149.1572090217378,158.5987548828125,66.37121351210044,False,False,False,False,False,,183a2996e95a9b276a3a1370ac253d02294f60196195d3cb2ee3a9a32c7b2161,afd1c02b0ff5d282
data/dataset/red_spot/20211227_155737.jpg,5,red_spot,256,256,4947,True,False,True,True,109.59119976847433,159.01400756835938,53.968241520828975,False,False,False,False,False,,66e5add77b2d5b609ac560e853d217bab344bc24098686f15d82ba03c5b2ea73,efc0801f7be0a587
data/dataset/red_spot/20211227_155746.jpg,5,red_spot,256,256,4840,True,False,True,True,105.00761912669986,166.5264434814453,55.47820124331232,False,False,False,False,False,,05ebc98ce1e8c4c4a1a0d4ef9eed12569c36be0dfd98ee154ec8b4e653fc373e,bfc0801f6ae0a5cf
data/dataset/red_spot/20211227_155754.jpg,5,red_spot,256,256,4968,True,False,True,True,96.8610792895779,167.6854248046875,52.88138200454075,False,False,False,False,False,,94b4b8608456b4bf6b916d82937f6af9acb99ef4af101909c084261b0555ba1c,eee780913f5ae025
data/dataset/red_spot/20211227_155805.jpg,5,red_spot,256,256,4785,True,False,True,True,66.2089229291305,167.1233673095703,63.39950365603917,True,False,False,False,True,,8df2353223c4644e605d3151ed6759fdabdf01af53bfa237f1aacd18ba84aa3d,eaea85953e4ae0e4
data/dataset/red_spot/20211227_155812.jpg,5,red_spot,256,256,6110,True,False,True,True,133.51302242279053,169.69369506835938,66.68929284612483,False,False,False,False,False,,5ab1f34b20756c6590e99b0292ebbe138140566c8e78ead6ed87e1dad3248867,eac0853f5ae02797
data/dataset/red_spot/20211227_155821.jpg,5,red_spot,256,256,4816,True,False,True,True,83.64628353342414,161.0552215576172,53.75473770243423,False,False,False,False,False,,54cdc8892509191c3f0d498a23b6b1e56969634ff8f30e3dd328702c2f4254b3,ebc1843e6ac1b51e
data/dataset/red_spot/20211227_155834.jpg,5,red_spot,256,256,5255,True,False,True,True,162.65431052981876,165.79981994628906,65.2371765441975,False,False,False,False,False,,83c0cf16f3a0866d1f330ee8589ff50d25a4616dc85598c599ab953e44d15be7,eac0943f6ae0a58f
data/dataset/red_spot/20211227_155845.jpg,5,red_spot,256,256,5131,True,False,True,True,149.5998500501737,161.9853973388672,58.84051255507325,False,False,False,False,False,,8df1c2a8585f211faf019cde1c1181be6b0d0cde3d8a0117e604e73f1609fb63,eec890953f5af025
data/dataset/red_spot/20211227_155858.jpg,5,red_spot,256,256,4959,True,False,True,True,88.49021773575805,169.1138458251953,51.89733047180525,False,False,False,False,False,,e23d93b167b694e1f00849f30f318a404a5a098c973067161d4c6beb0ff18e22,aec1913e6ac0b58f
data/dataset/red_spot/20211227_155910.jpg,5,red_spot,256,256,5037,True,False,True,True,118.40394545136951,160.99176025390625,69.63172642326707,False,False,False,False,False,,f628a97dff757693eb64e76401d4d5619b0337607e459addb1ebd02c0b72cc3f,eb8a94f12f0a60fc
data/dataset/red_spot/20211227_155927.jpg,5,red_spot,256,256,5563,True,False,True,True,165.3043892660644,157.92489624023438,62.095270649326906,False,False,False,False,False,,bad092dea8be8cb0ffd3445a6f646c16a4255dcff9aa1c1e959e64bed5c2bdad,abd8853a1ae1e18f
data/dataset/red_spot/20211227_155934.jpg,5,red_spot,256,256,5169,True,False,True,True,105.27080212533474,154.223876953125,53.979516174780365,False,False,False,False,False,,a5fdad9be38cc6f77c99396941fc6e41a05d783ebc8bad65625be24ba0e3eab0,afd0d02b2ff0b48a
data/dataset/red_spot/20211227_155943.jpg,5,red_spot,256,256,5367,True,False,True,True,121.22563976049423,149.27279663085938,57.533440585554004,False,False,False,False,False,,a163c2c9d94ab870a71fb72dbebe14d23e394f16826bc51f9ea6322b87e7181c,aaf891856e5ab5a1
data/dataset/red_spot/20211227_155948.jpg,5,red_spot,256,256,5122,True,False,True,True,102.72050257003866,155.28240966796875,57.398504380185486,False,False,False,False,False,,089b49335ed6262cb6fddbb2f80d0a7aff4c515fe8e55ad0c9c21ac14a22bd99,aad4956a7aa4e19a
data/dataset/red_spot/20211227_155955.jpg,5,red_spot,256,256,4556,True,False,True,True,77.76214018370956,163.19961547851562,47.53378229045652,True,False,False,False,True,,be4e4bfcb5861e47a963331700fe5302e2f1cd42ee4bd25615b38911296ba13d,aa87957a6e85945a
data/dataset/red_spot/20211227_160001.jpg,5,red_spot,256,256,4911,True,False,True,True,96.97263674787246,162.6724090576172,54.98842095994058,False,False,False,False,False,,9d54ce55dd08409f3ce5ee331515476c6f675b48663dcb720a25f90a0564ac99,afca90b13b4ae4a5
data/dataset/red_spot/20211227_160007.jpg,5,red_spot,256,256,4756,True,False,True,True,76.87771200761199,160.94558715820312,52.8728563620069,True,False,False,False,True,,e819e23bde8be8ef9672bc142e37233992e2f6a708e0932a60490a5a10139f56,abc6d0382ed5f14a
data/dataset/red_spot/20211227_160016.jpg,5,red_spot,256,256,4856,True,False,True,True,128.0090313171968,156.5333709716797,56.16583071967318,False,False,False,False,False,,3e0d3e9c05f37a05cf7d15e4dcf4cb94a6eb117116a0b8c090f94ee125c452bd,ab80943f6ae0a59f
data/dataset/red_spot/20211227_160024.jpg,5,red_spot,256,256,5128,True,False,True,True,128.31260373233818,165.49510192871094,64.16405494097052,False,False,False,False,False,,35291efcd446ff4b52d2cd96abf4c5a487ab056a0a3273b1309dc63b172d5757,aec0d06a2fb5f0ca
data/dataset/red_spot/20211227_160030.jpg,5,red_spot,256,256,4658,True,False,True,True,122.0744917653501,167.9939727783203,59.9957417082316,False,False,False,False,False,,a8faeb2c2a7d8fecf5af4aba6536340539d45184fb7be76bd3df0a98a80a4ea8,eac2953c6ac1a59e
data/dataset/red_spot/20211227_160039.jpg,5,red_spot,256,256,5278,True,False,True,True,92.31377436127514,167.3172149658203,56.46657936546846,False,False,False,False,False,,0b8f1e016769c0ae40563ea5e9dfd55e7568b9d931536c965a205bde1b360dfe,aed2912a6aa5a5da
data/dataset/red_spot/20211227_160045.jpg,5,red_spot,256,256,5302,True,False,True,True,138.9491075684782,170.5516357421875,65.52816950213786,False,False,False,False,False,,78186fad17d34928639d942f27d1e9ace8f25604fd3514006f1037a2cc0f1c41,bfc0c01f6fe035c4
data/dataset/red_spot/20211227_160057.jpg,5,red_spot,256,256,4908,True,False,True,True,106.02818113914691,152.77755737304688,55.94586388230572,False,False,False,False,False,,fbb85d452358038ea91dbf1b0ac64ffc55aea5790ab1c2c39fad4df56b576829,ef90906a3bade492
data/dataset/red_spot/20211227_160115.jpg,5,red_spot,256,256,5324,True,False,True,True,74.73440473433584,161.78076171875,66.83685229872091,True,False,False,False,True,,2e7c0f020ad80ba6b91b40b71f5c2b8e4631a4ecfcd058883482fff3907efd3f,bfbbc0f04a4a2c2d
data/dataset/red_spot/20211227_160126.jpg,5,red_spot,256,256,4806,True,False,True,True,113.03381183370948,165.59022521972656,53.86398174412657,False,False,False,False,False,,a4b0cf091d99dbe0c1af030a3aaed11ce9b622e7154f3a2e5153be5b0cbaf552,afc3803c3fc3e09c
data/dataset/red_spot/20211227_160137.jpg,5,red_spot,256,256,5605,True,False,True,True,121.32655299059115,164.8474884033203,60.58870035288871,False,False,False,False,False,,12dbb63d3d1e5cf5ab7cd7cd362fa293976898e9e4d5bd5b8bf11f81b0d571fa,b8c4c31f4f7034c7
data/dataset/red_spot/20211227_160158.jpg,5,red_spot,256,256,5538,True,False,True,True,163.83848440810107,165.3784942626953,65.67444733674324,False,False,False,False,False,,86a3b01b0c2f7419f8f7ed0d805c7ad3fe292b7bbf7dc90ac228acd7cb350003,bbbf84c04b1f3528
data/dataset/red_spot/20211227_160207.jpg,5,red_spot,256,256,6397,True,False,True,True,147.57968098577112,161.55703735351562,67.44896309050603,False,False,False,False,False,,6de1815f08e341b2522144e21b48020154c8a45b7addcaaec78bc75d62252a60,bbc0c43f1e7069c3
data/dataset/red_spot/20211227_160216.jpg,5,red_spot,256,256,5092,True,False,True,True,182.81454467773438,163.23365783691406,65.94833374666518,False,False,False,False,False,,e58cab3a54d5f79b4fb6598f6c68df5c3c8922b1f6f70f9cd9a4f04d5cf57e51,bec1813f4ff024c3
data/dataset/red_spot/20211227_160225.jpg,5,red_spot,256,256,4839,True,False,True,True,147.49044704437256,163.7774658203125,61.92970629473194,False,False,False,False,False,,e5aedb865a8183599b7bf7e2689438f51983e048b9eb44b9a44968acc455e3b5,bec0c03f2af0a5cb
data/dataset/red_spot/20211227_160235.jpg,5,red_spot,256,256,4799,True,False,True,True,128.55175478663296,149.26467895507812,53.306310959100486,False,False,False,False,False,,8b86631fb327395c6cee25f5ff4c300ce500a06b139325c92f17f4fc1011f182,eac2953d7ac2a18e
data/dataset/red_spot/20211227_160248.jpg,5,red_spot,256,256,4208,True,False,True,True,72.42430109507404,155.9257354736328,45.09010204882317,True,False,False,False,True,,957296c38f84a07569a15310621100ca149a196428bf5816d777bfe617ceb3c8,bfc2c02f2fd0d00f
data/dataset/red_spot/20211227_160259.jpg,5,red_spot,256,256,4835,True,False,True,True,133.63005034043454,162.3803253173828,57.17617761030058,False,False,False,False,False,,9cc2d91687ead54c0d8a42aaa247e3d95452ceb5be230104920736a3341f78a0,aff080877f7aa085
data/dataset/red_spot/20211227_160307.jpg,5,red_spot,256,256,4916,True,False,True,True,159.97849695733748,164.43429565429688,62.78080340907526,False,False,False,False,False,,584b62908ccbd460fdca07610a82d5b28cb1e4c87c786547e86fd8f3508028e4,bfc3c01e2fa0b4ca
data/dataset/red_spot/20211227_160316.jpg,5,red_spot,256,256,5096,True,False,True,True,142.9897122234106,156.50091552734375,63.77776709655149,False,False,False,False,False,,07beae2910bbd6523e5a6b1c501bf015c72a51ad1ae604173722c0b051c51213,eec0913f5bf02583
data/dataset/red_spot/20211227_160326.jpg,5,red_spot,256,256,4594,True,False,True,True,103.47611302672885,167.5778350830078,51.388448392837184,False,False,False,False,False,,d361498ddd74e95e53635895341e7d5d6cb0bc1b7113ce24e7b6ae2da0b01037,bcc0c33e6cc0978f
data/dataset/red_spot/20211227_160335.jpg,5,red_spot,256,256,4851,True,False,True,True,117.07607978582382,167.34951782226562,55.070858610986754,False,False,False,False,False,,f2d5d7a9a77fc2da1e8946514a5654a53deaae7bdd7dd68e989b6d0ce80c6563,afc1903f2bc0b41f
data/dataset/red_spot/20211227_160346.jpg,5,red_spot,256,256,5631,True,False,True,True,163.3443278633058,166.1605682373047,67.45461633271735,False,False,False,False,False,,6105b2aaaf2c1fa847acf8aa28fe04944a23ee54162b5ec64f507db41bd0ccb0,bfbec0911f4a7034
data/dataset/red_spot/20211227_160356.jpg,5,red_spot,256,256,4740,True,False,True,True,88.87518168892711,164.82962036132812,53.521821827145374,False,False,False,False,False,,4cafb726028a77de1794e280091d79f448e6609e87b9399e759fa72072e3ad98,eec8903f6ad0b50b
data/dataset/red_spot/20211227_160409.jpg,5,red_spot,256,256,5369,True,False,True,True,138.16883195843548,167.48486328125,65.84643525856661,False,False,False,False,False,,1ad1a1c3de83855b28f314e956699c1f0e3aafed8696c80b323484e0277f0e42,eabd95c23a0f60f0
data/dataset/red_spot/20211227_160421.jpg,5,red_spot,256,256,4981,True,False,True,True,109.56743901968002,162.4295196533203,51.84801462597674,False,False,False,False,False,,50ff62286f9266b74cb37096d63cedf076e99c1e435c2155783a0b93c50d4d1e,fa9985663a91e50e
data/dataset/red_spot/20211227_160437.jpg,5,red_spot,256,256,4721,True,False,True,True,108.3350465297699,165.45277404785156,56.13048417389754,False,False,False,False,False,,9f98627c2e3884a40db1bbc1f7ba5452d8aba3849ca9fa8229adb27626a57a0f,fac4853b7ec0a40f
data/dataset/red_spot/20211227_160444.jpg,5,red_spot,256,256,5280,True,False,True,True,195.08594327326864,161.82557678222656,61.26777872555813,False,False,False,False,False,,04a77c3337c193a8bee788cb94baccc69cf29e5a314cb23cceb4a0e853e3978c,ebd8946338e4c39a
data/dataset/red_spot/20211227_160451.jpg,5,red_spot,256,256,5258,True,False,True,True,131.53124827798456,165.2371368408203,62.2307794956115,False,False,False,False,False,,db57189befb4bb809d673284061ca5488a218ded1fa1814039a64793a369c859,fac0813d5ef0618f
data/dataset/red_spot/20211227_160458.jpg,5,red_spot,256,256,5415,True,False,True,True,117.67519336100668,165.30575561523438,62.08275462205859,False,False,False,False,False,,bb7f86614d8dc11b898ce7187b6ed99f0aba6962574528211d8657ca70578a3e,fa9281e97e1760b8
data/dataset/red_spot/20211227_160506.jpg,5,red_spot,256,256,5350,True,False,True,True,140.74600804946385,157.44418334960938,68.97330631032916,False,False,False,False,False,,083a642e6de1a141001bc53f5c16cf893752a6042bdd5aeff881989681176b99,eec2953d4a668f90
data/dataset/red_spot/20211227_160525.jpg,5,red_spot,256,256,4957,True,False,True,True,137.55152880749665,169.89170837402344,55.054028756958246,False,False,False,False,False,,724550eef72caaa7bee0d1d7548733047640b548635b1fbf2382886aa38f9c12,ee9190622fa5f0da
data/dataset/red_spot/20211227_160534.jpg,5,red_spot,256,256,5720,True,False,True,True,198.56150817661546,158.28323364257812,72.69646973751519,False,False,False,False,False,,0974949a676f8260e782c7909cfce40f608bd88c8d6ee7b22c65cd657b33ed3c,ff86c0510f693cd4
data/dataset/red_spot/20211227_160540.jpg,5,red_spot,256,256,5542,True,False,True,True,103.69830264057964,160.64683532714844,64.80277284454561,False,False,False,False,False,,80675c4257e74350e0dc0970ea55ce3e9e078d8fd971737076efa19552391807,eac1953e4ae02f87
data/dataset/red_spot/20211227_160548.jpg,5,red_spot,256,256,4973,True,False,True,True,118.73603788926266,162.5834197998047,61.556719413524306,False,False,False,False,False,,e5b90af851722405f58f8df9d2d2ca4a2be5ce78d51f494bf21cd37ba2c62c97,fa80856a3ea5e0de
data/dataset/red_spot/20211227_160556.jpg,5,red_spot,256,256,5553,True,False,True,True,152.53744411468506,166.14292907714844,68.48750092943368,False,False,False,False,False,,e8a199aa4c998cb9ebd8b7bd8243ac6afddb9f656f69f9a27d209c7e82dea7fe,bf90c06f2bb434d2
data/dataset/red_spot/20211227_160607.jpg,5,red_spot,256,256,4874,True,False,True,True,105.25708007719368,170.35031127929688,54.59617424073224,False,False,False,False,False,,44b395dda138bd95d8ae2595253fd6e9f0394e5b8c650a47c4c10aaf88794419,fce5c3923c6960e4
data/dataset/red_spot/20211227_160614.jpg,5,red_spot,256,256,4695,True,False,True,True,83.85891805938445,161.11087036132812,51.44523900430675,False,False,False,False,False,,6c9b8678d7f13267c2af585ba5aade1c0a9753a32aee3ddaf5770bb903bfe87a,eae195933a7ce083
data/dataset/red_spot/20211227_160622.jpg,5,red_spot,256,256,4962,True,False,True,True,143.74255269672722,163.99075317382812,63.86346754223177,False,False,False,False,False,,7b8fb8f2d43eda69c755e631d36a255b248d4bfc2118deaf90a0a92edd033eb7,fe80806a3fa5f0da
data/dataset/red_spot/20211227_160630.jpg,5,red_spot,256,256,4913,True,False,True,True,112.08280760399066,160.65335083007812,52.40080624377381,False,False,False,False,False,,d0c208b6cf1c9e071afea25db8ff3315bedbed93fc50ea1a29856f22e99b57ea,eeb191863b78e425
data/dataset/red_spot/20211227_160638.jpg,5,red_spot,256,256,4667,True,False,True,True,97.9943207046017,165.93922424316406,59.20879401412586,False,False,False,False,False,,344e95024124ff711b06a92ae464f3f5de1e85672e0ec80610e60f1b48a5a39e,fb84803b2ff0b04f
data/dataset/red_spot/20211227_160644.jpg,5,red_spot,256,256,5182,True,False,True,True,130.9160134792328,166.6634521484375,63.50598321803168,False,False,False,False,False,,ca6f9ce6ce169347bb7d2ff4e33afa8f795005d7baafc374343b3172bd26115f,e985963a3ce1619e
data/dataset/red_spot/20211227_160713.jpg,5,red_spot,256,256,4781,True,False,True,True,154.0718839315232,162.2187042236328,56.333139555577326,False,False,False,False,False,,c9afb6f8038108d932cdb55588e99476e25fbaa13ebb9c8d573e703cf084d47a,ea80953c7ae0e59e
data/dataset/red_spot/20211227_160720.jpg,5,red_spot,256,256,4838,True,False,True,True,124.28387388214469,166.73098754882812,59.61493504317106,False,False,False,False,False,,6f1ca1541013f9234f31db489992d687946bcfa39861afd46e1a832eca17c674,ee84813b3fe0a09f
data/dataset/red_spot/20211227_160731.jpg,5,red_spot,256,256,5396,True,False,True,True,128.97652906179428,165.42501831054688,66.80954210347744,False,False,False,False,False,,2e44014cfc816072071c7c66502fb605746e3f008e49b02c9f3501cc28ec7cf4,faab81955e5e6029
data/dataset/red_spot/20211227_160744.jpg,5,red_spot,256,256,4631,True,False,True,True,115.45805996283889,161.35215759277344,57.477064989440436,False,False,False,False,False,,b2c8c1f68b69040dcd0c975afcbc5ea4a928245ee0db3e37ac771068af4bc771,ee9891663ad0e51b
data/dataset/red_spot/20211227_160754.jpg,5,red_spot,256,256,4782,True,False,True,True,168.90247345133685,167.2783966064453,64.40983911709655,False,False,False,False,False,,a1fd52d4cab9e622ba170d57fa4a5cd701204f091ae8e48057ff47e5a554f2bc,ea8e94e07a1fe4e0
data/dataset/red_spot/20211227_160801.jpg,5,red_spot,256,256,5088,True,False,True,True,164.81515453662723,161.28887939453125,61.41168060722658,False,False,False,False,False,,1419060a3f35018c1a25061db0a477ea9cf01adaa537a71ea164e722af3308ca,ea84953e6ae0a597
data/dataset/red_spot/20211227_160808.jpg,5,red_spot,256,256,5297,True,False,True,True,180.61998702562414,168.04486083984375,69.65794725602397,False,False,False,False,False,,1a716b5b2cade1fd256bea7d558ec3e038064b7d0dcd6a5e6c199fa4918c6692,bb90c16b1eb0e18f
data/dataset/red_spot/20211227_160818.jpg,5,red_spot,256,256,5218,True,False,True,True,146.0740879168734,168.27487182617188,64.92812404808109,False,False,False,False,False,,2a0050d0534ee36528a842bb2b23a90a628059742fa0f2b6972a95c32c5ad064,eac295953a5ae12d
data/dataset/red_spot/20211227_161046.jpg,5,red_spot,256,256,4974,True,False,True,True,128.0344082505908,165.17547607421875,56.527570634503505,False,False,False,False,False,,80183136e1908c0ac67a71d6ccf61629a2ad1b12e2b0d932ccd896055f9a9f3d,ff2ac0852f5af025
data/dataset/red_spot/20211227_161102.jpg,5,red_spot,256,256,5183,True,False,True,True,154.4887084811926,162.79281616210938,61.758815967922025,False,False,False,False,False,,5ab8d7ec592e9c13f94c3ea14f04bd13358f416ef92840b6904c24022c036a4f,ebe894951ada6165
data/dataset/red_spot/20211227_161112.jpg,5,red_spot,256,256,4926,True,False,True,True,123.89932167157531,161.52224731445312,56.66331597793756,False,False,False,False,False,,961b5a288f9bc28f00c41dab07b2fc4390bc35daa3796b39e6f83528387b4c28,ea81953f6ae0a587
data/dataset/red_spot/20211227_161122.jpg,5,red_spot,256,256,5039,True,False,True,True,138.0845792440232,161.75685119628906,56.87536894945644,False,False,False,False,False,,22abfbcf8cee337a639af6d5c153c978e8096d9b9f4080304ef05218373caecd,ea84953a6ae18d9e
data/dataset/red_spot/20211227_161129.jpg,5,red_spot,256,256,4889,True,False,True,True,83.49545282125473,163.99212646484375,51.4576772372211,False,False,False,False,False,,404c5f5145bb38bd5d3df65e337083f44d9f2e7e29a56b5ed20164ee806437ce,ebc0953f6ac0a58e
data/dataset/red_spot/20211227_161137.jpg,5,red_spot,256,256,5403,True,False,True,True,136.46313439309597,168.31100463867188,56.048221684942085,False,False,False,False,False,,ee57a60d579b3f28a0f37b08dea2465b7becb66daa82a9ba0c19c1f521b5ca10,eb8594386be5609e
data/dataset/red_spot/20211227_161145.jpg,5,red_spot,256,256,4894,True,False,True,True,128.90868934895843,151.94142150878906,53.17109990234371,False,False,False,False,False,,9457b88b07122bb081bcfb511beff02b2c4ee46783ac483d226bfaedae6d4d6e,ea84817a7ee5b09a
data/dataset/red_spot/20211227_161157.jpg,5,red_spot,256,256,4999,True,False,True,True,152.56120257242583,169.58749389648438,66.13897964705552,False,False,False,False,False,,196cba78b98bdeafaa54732f34019592cc36b97e2be13e92185cd535f28eb47f,eafa85857a5a6129
data/dataset/red_spot/20211227_161204.jpg,5,red_spot,256,256,5263,True,False,True,True,149.6192091216799,157.87428283691406,60.436850286584836,False,False,False,False,False,,63122b573eb54b075dead3780b33c701a1e4adc4cb7cf6b77af89f4348e1c204,eb80847f5aa08fd6
data/dataset/red_spot/20211227_161212.jpg,5,red_spot,256,256,5008,True,False,True,True,132.4901580417063,145.47718811035156,47.827727784700144,False,False,False,False,False,,47a61b1c6c142a641a0958f4b40c7ee847f92ae5a8b92ea37564cbfced700f65,ebe2941d6b62a98c
data/dataset/red_spot/20211227_161218.jpg,5,red_spot,256,256,5200,True,False,True,True,121.45579176559113,167.83074951171875,56.497400635680776,False,False,False,False,False,,2f35d17c2ef55e5f21aff7aa5129c1f0aa76d0ded4ac17a0813ef8f137a3b8a2,ebc0903b2ae0b59f
data/dataset/red_spot/20211227_161229.jpg,5,red_spot,256,256,5418,True,False,True,True,138.7267910966184,164.45095825195312,69.19993201233956,False,False,False,False,False,,7e2d7398481155475c50969d0cccbbbcf53ca69fa5974219c032ff9613249e22,fbad80f05e0f286c
data/dataset/red_spot/20211227_161236.jpg,5,red_spot,256,256,4946,True,False,True,True,161.57977130636573,161.97865295410156,54.78423324415804,False,False,False,False,False,,94dcbdffda95deb55c549bf65dbb86fdaa68173af9fc18b91f236399dfacb2fc,ff95c04a0fa570d2
data/dataset/red_spot/20211227_161258.jpg,5,red_spot,256,256,5401,True,False,True,True,151.52943368977867,168.8479766845703,56.73497427320896,False,False,False,False,False,,4b80d0571f05747e9db209e6d2dd2ef840d2e82904259119b80827ebea29a0b1,eeb0914e3bb16456
data/dataset/red_spot/20211227_161305.jpg,5,red_spot,256,256,4908,True,False,True,True,120.56734848022461,154.1166534423828,52.048023816565134,False,False,False,False,False,,f5271db934bb0f090789b254d802e893ac97397d3275927cb8a50186e27de176,ea81953e60a51fda
data/dataset/red_spot/20211227_161312.jpg,5,red_spot,256,256,5007,True,False,True,True,205.07423276803456,174.05426025390625,66.78710969491806,False,False,False,False,False,,b71588f11c90a346d549c338b741574ba145ccb7ca7f22392df173d8af857395,ef98912f78e4831a
data/dataset/red_spot/20211227_161323.jpg,5,red_spot,256,256,5945,True,False,True,True,214.3855084395036,151.01429748535156,65.21795915309377,False,False,False,False,False,,e427e4e97967b0745393f430753ff715ca94e6c118fd66c90222a6771636c491,ea91951e5ae16497
data/dataset/red_spot/20211227_161334.jpg,5,red_spot,256,256,6211,True,False,True,True,221.72703550360166,162.15806579589844,59.680527089378835,False,False,False,False,False,,18b8f6fdd53d3e73daa91ed2c5b715ea7c3ed17b1e29c984ab38948756ba3ac3,fe90c06a3fb4528b
data/dataset/red_spot/20211227_161342.jpg,5,red_spot,256,256,4835,True,False,True,True,183.4337161630392,175.03909301757812,59.122734280448526,False,False,False,False,False,,65e1a79ebecd9d8a6fde31abd1cc5cfbececbca3938b4c0df5c4edaea5a9f325,fe80843f7aa4a55a
data/dataset/red_spot/20211227_161354.jpg,5,red_spot,256,256,5199,True,False,True,True,155.7651364170015,175.14857482910156,67.4391352389326,False,False,False,False,False,,e614db6f2b48bb22f4dbc79076eb165a1ffbf8d7cff4739097833020c382fb1b,ebcad4350b5274a9
data/dataset/red_spot/20211227_161401.jpg,5,red_spot,256,256,5084,True,False,True,True,112.28376755467616,154.74087524414062,55.85583324974223,False,False,False,False,False,,beac0fc09e1b84d9bdd7f81c8415f2e36a84e8e26a8cac97ec1d16be96dc2944,ea80953a68e59f9a
data/dataset/red_spot/20211227_161414.jpg,5,red_spot,256,256,4673,True,False,True,True,178.2016845634207,177.68809509277344,56.85480214094562,False,False,False,False,False,,fafec187eeec3de380e971a3be37545ab2536be229e9edf06b489be8c938c7f9,fe83c17a3e80e80f
data/dataset/red_spot/20211227_161420.jpg,5,red_spot,256,256,4520,True,False,True,True,78.2807617103681,171.01255798339844,46.66223174289585,True,False,False,False,True,,5711e088b548106cef25498b83190493b02a12598d3a2428ecf5cef8a7ca1a1f,fd82c23d69c0970f
data/dataset/red_spot/20211227_161433.jpg,5,red_spot,256,256,6168,True,False,True,True,203.40696226782165,164.65782165527344,66.5625453494632,False,False,False,False,False,,21444a43f8b6ec5e0ff33fab3ceeea1152b12ba6fd04758a3a0194c990ca9f83,aac0913b6ae50fda
data/dataset/red_spot/20211227_161533.jpg,5,red_spot,256,256,3112,True,False,True,True,38.159285984700546,151.70420837402344,23.208397535726306,True,False,False,True,True,,e07d97b275526ab4d1b53f9ec0d0906dc38536e3a51f6e53c815bcddd42035ad,f38ccc3333cccc31
data/dataset/red_spot/20211227_161556.jpg,5,red_spot,256,256,4666,True,False,True,True,103.82300088158809,175.6574249267578,50.68237607626723,False,False,False,False,False,,e913fa16c2585b9e639a406d50e15b3922ade601b0d088ed73f4c84481f520ad,ea94856a7e85e09e
data/dataset/red_spot/20211227_161557.jpg,5,red_spot,256,256,4663,True,False,True,True,101.0730527183041,175.1875,50.87678753386091,False,False,False,False,False,,3e2779b7eb1ebe81d429bf48dd4c4753a6aaa3cdf5b8aa32d0bff42fdb9056c8,ea94856a7e85e09e
data/dataset/red_spot/20211227_161608.jpg,5,red_spot,256,256,4218,True,False,True,True,42.352126421174034,171.9469451904297,48.37302326091526,True,False,False,False,True,,0b7af07d9e17fe25a45edbc59cf7c06090ee0080cbfd3f1d34de7e29ff1f1ea8,ea83953d62c72d98
data/dataset/red_spot/20211227_161617.jpg,5,red_spot,256,256,5124,True,False,True,True,99.80473028123379,161.1188201904297,53.8104849864975,False,False,False,False,False,,6f5a489fd2daf4374a355fab44c2e4a2372429c736f7c8d860f78386ba298353,ff90c06b7e94a0ca
data/dataset/red_spot/20211227_161710.jpg,5,red_spot,256,256,5107,True,False,True,True,84.57937240600586,158.7818603515625,50.02802154788977,False,False,False,False,False,,b77c418e1df78d4bc61f4241461d65a7a3bda2cfed1ca453a47e84ee850e1028,ffaad0d02d2b42b4
data/dataset/red_spot/20211227_161719.jpg,5,red_spot,256,256,5465,True,False,True,True,118.39450059831142,164.29708862304688,57.192703518562276,False,False,False,False,False,,8d708e2047bcca732b9b5c1ba842f7c3c0513c803a852bd28342566de6955c0b,fbeac0951f5a7021
data/dataset/red_spot/20211227_161727.jpg,5,red_spot,256,256,5138,True,False,True,True,115.66813573031686,158.62567138671875,55.02829790858729,False,False,False,False,False,,70c263c7573b1f6f424fb410f93229129fa577f8558b6aa70d921e9e7ed08ee2,ff80c03d2be0b48f
data/dataset/red_spot/20211227_161741.jpg,5,red_spot,256,256,4772,True,False,True,True,126.56094354391098,167.13169860839844,52.08061810604402,False,False,False,False,False,,5ba5a4a2b37a2644a3d2d88c325334935fc86ef7bfc06389a8f0d68a66604763,e880d53e6ae0b58f
data/dataset/red_spot/20211227_161755.jpg,5,red_spot,256,256,3726,True,False,True,True,72.53581198654138,175.24200439453125,53.83977471256348,True,False,False,False,True,,c4e2a3bf949198855d4596fcef815ed46161ec751cba94f4cfaa832cb9d58b06,e88797786887955a
data/dataset/red_spot/20211227_161808.jpg,5,red_spot,256,256,4492,True,False,True,True,92.52209442481399,151.03683471679688,51.850606834368975,False,False,False,False,False,,c176e15532e168bb4897298e0eaac64ba22e3f7812c01be09d7719a5d1a7aa64,e881953f7a60278f
data/dataset/red_spot/20211227_161817.jpg,5,red_spot,256,256,5519,True,False,True,True,168.34217822155915,167.5614776611328,67.23996910036675,False,False,False,False,False,,f629032c71ede2372f2e1cfa1f4a85696433a3cd50252ee81c46a4949e6f5dab,ff80c0972f7a3485
data/dataset/red_spot/20211227_161827.jpg,5,red_spot,256,256,5455,True,False,True,True,134.5851109093055,165.1792449951172,63.05779550918979,False,False,False,False,False,,6314618bff0f50c6576df4ee81130c4cbda3bddcd1c465402f0fd09e5f08bf12,eaaad5940a4a75ad
data/dataset/red_spot/20211227_161839.jpg,5,red_spot,256,256,4932,True,False,True,True,126.05131498887204,151.34031677246094,58.17548144329724,False,False,False,False,False,,c59c8c2ec3f067c7fb95a9d25ebdd9c6fca3c665b82d44f473b1001dee8c2c50,ee80953f6ae0279a
data/dataset/red_spot/20211227_161924.jpg,5,red_spot,256,256,3593,True,False,True,True,57.84977629757486,151.90411376953125,38.239939335357505,True,False,False,False,True,,8535446881d78726d6f3589aadf60dfb1b87328c793f3ca37469a459ffb61fcf,e58c98336d9c9366
data/dataset/red_spot/20211227_161943.jpg,5,red_spot,256,256,4901,True,False,True,True,106.37269575311802,161.6938018798828,52.16602736500258,False,False,False,False,False,,a30a4dd0fe104c35923354e4b8096fe29f4309a28ca1d43d20505dbb4c6139da,fa8e85a13a5ee0e8
data/dataset/red_spot/20211227_161950.jpg,5,red_spot,256,256,4758,True,False,True,True,138.49649046361446,165.14381408691406,54.250085723701055,False,False,False,False,False,,43f5992f715014571c81caa83d21e9de0761ca99e4a8c592bf04fcad1e950263,fa80853f7ae0258f
data/dataset/red_spot/20211227_162002.jpg,5,red_spot,256,256,5625,True,False,True,True,169.9779354892671,164.72750854492188,71.13173412738796,False,False,False,False,False,,ad43f9ccbf339d4679d09bd5601db4725a5f1be2b14826a487818f385a78c842,ea91856b5ae43197
data/dataset/red_spot/20211227_162012.jpg,5,red_spot,256,256,4885,True,False,True,True,138.71005248185247,164.89097595214844,58.36948017734938,False,False,False,False,False,,524a1b47060dd0481c2f64a3f5d422a1a4b891e792b7fae19e48cd2fae186dd0,fe81813e7aa087da
data/dataset/red_spot/20211227_162023.jpg,5,red_spot,256,256,4956,True,False,True,True,192.10465905047022,164.00241088867188,66.09865451881288,False,False,False,False,False,,1c9af614b08d7888b6f501512ac36dc7cfbcab8d6dece46c9a51022abe8cbfbe,eae985943e5f6068
data/dataset/red_spot/20211227_162032.jpg,5,red_spot,256,256,5051,True,False,True,True,214.71496425475925,165.653076171875,65.94320736044372,False,False,False,False,False,,245206020fb074f31bd3b09cecc9608ff7a109013644bf13311c1d4b3a6bb961,ff80c42b2ab49fc2
data/dataset/red_spot/20211227_162042.jpg,5,red_spot,256,256,5093,True,False,True,True,123.54553631856106,149.40335083007812,57.817189662007635,False,False,False,False,False,,0cd3634ff65b02fa69011efd59845dcb25c7bb3bbb9a742d207f30a2b374550e,fb80843f5ae08f96
data/dataset/red_spot/20211227_162056.jpg,5,red_spot,256,256,5625,True,False,True,True,129.51292404881679,162.6867218017578,60.95010700486337,False,False,False,False,False,,26b1fec529b5c14651e767b464743138edb10ab31010210db3e9dd66cfb3cfdb,fac0853f5af0218f
data/dataset/red_spot/20211227_162101.jpg,5,red_spot,256,256,4620,True,False,True,True,113.35124186961912,161.11416625976562,49.21845452044931,False,False,False,False,False,,f1f14eeee548d857d283999bd058ca2680ca15be06feaa9e48d2f72895b50fbf,f990c6683cb4f1ca
data/dataset/red_spot/20211227_162112.jpg,5,red_spot,256,256,4807,True,False,True,True,93.31654329388402,153.08917236328125,51.74335276742169,False,False,False,False,False,,d2b5387e0bcf9cab3d9c2a4b5835846d78fa08327505b48c19e6d9a44962cb81,fb84c53b6ec0851e
data/dataset/red_spot/20211227_162121.jpg,5,red_spot,256,256,4671,True,False,True,True,121.75167845841497,158.11404418945312,56.32202794478797,False,False,False,False,False,,26012447e660ef4c81730ea24f0fbd2dda4b72651f1ea8d8ad028bb7176f18ef,bfc0851f62e0979c
data/dataset/red_spot/20211227_162130.jpg,5,red_spot,256,256,5202,True,False,True,True,150.11005740216933,156.91799926757812,68.85169628306672,False,False,False,False,False,,b97fb4887774f22fb9238c6fb557687e0dd103ba1af526ee8cc28b34228613c0,ea95857a3a61d097
data/dataset/red_spot/20211227_162141.jpg,5,red_spot,256,256,5635,True,False,True,True,185.7930121512618,165.39251708984375,73.91157061755956,False,False,False,False,False,,f393cab5eb86e69de1e1fc857e1927b297cd56eecd137e6b6c5070b09ba8d3ef,ff8a90354f722c89
data/dataset/red_spot/20211227_162153.jpg,5,red_spot,256,256,4937,True,False,True,True,157.8227068891283,163.4380645751953,60.24062703196512,False,False,False,False,False,,71a17fbe1f4af1fc4d0fd0bf50588243381d3ef3808d9d97491f787f2de0acee,bfa8c0842f6af435
data/dataset/red_spot/20211227_162201.jpg,5,red_spot,256,256,5453,True,False,True,True,169.9473418907728,162.8158721923828,72.46188648403025,False,False,False,False,False,,81c1a8ab759ed28d05717b1bbeb898967b094feb1446c62f98feb6d4ebd3902c,ea95856a1ee1f087
data/dataset/red_spot/20211227_162208.jpg,5,red_spot,256,256,5170,True,False,True,True,116.99311803258024,169.39132690429688,58.93184385117511,False,False,False,False,False,,49723d5d33cac609ae69f4e066071d9396294f512495c08e10bb9c224fc8131c,fdc0c23e2de0a48f
data/dataset/red_spot/20211227_162225.jpg,5,red_spot,256,256,5203,True,False,True,True,179.86993146594614,166.99000549316406,62.533962019426994,False,False,False,False,False,,1dcfc8928951368782c84814c62839ea32ac6e29b80e87b658e249ebbc5e59ea,ebc2943d6ad2258d
data/dataset/red_spot/20211227_162237.jpg,5,red_spot,256,256,5650,True,False,True,True,230.53099170979112,166.66802978515625,69.17958886833095,False,False,False,False,False,,2b76bff91a78c680af1638486ebf80bc4fb1a76ec4c1536aa368ef95c97a8588,afbad0e00b423d3d
data/dataset/red_spot/20211227_162257.jpg,5,red_spot,256,256,5130,True,False,True,True,136.70862163580023,163.39923095703125,54.78879938884473,False,False,False,False,False,,2802300fbfc1b82ba4cce522aadfecd1b8fd482ef92219f0fe26b92f73b389de,ff80d0952b5ab4a5
data/dataset/red_spot/20211227_162304.jpg,5,red_spot,256,256,5454,True,False,True,True,90.56375120580196,159.87782287597656,57.71518238687772,False,False,False,False,False,,e974cbc83548466bac5aec2de3e2040fee2a34ee202968122c560cc3806618ad,bfc0d03f68f0258d
data/dataset/red_spot/20211227_162315.jpg,5,red_spot,256,256,5095,True,False,True,True,178.87162604532205,155.9409942626953,61.1845264526424,False,False,False,False,False,,a9725edb5747a23b649c7c5bd8b3de18c4061d06ec25705d59c1c4116dd02c9d,faca859d1ef2600d
data/dataset/red_spot/20211227_162322.jpg,5,red_spot,256,256,5373,True,False,True,True,196.03752097091638,160.31723022460938,66.60526689473859,False,False,False,False,False,,dc5f44f7f647c94243c0d3b4b0a8f162e140ade82dc518fede32978f1d49950d,fe80c03f4bf0a587
data/dataset/red_spot/20211227_162333.jpg,5,red_spot,256,256,5248,True,False,True,True,145.79168693628162,166.48260498046875,59.791978739486595,False,False,False,False,False,,d4ed779439e2f4ae29a4c09b82864a1dbd8b555106bfe31671652dc861aa37ea,fe80c03e2fe0b48f
data/dataset/red_spot/20211227_162340.jpg,5,red_spot,256,256,5009,True,False,True,True,137.10421746969223,159.04185485839844,52.28545234672349,False,False,False,False,False,,05f7283e768df6975175d218b06010319bd3b4cd17349929e5bfc67d0e00b25a,ffc0803f6af0858b
data/dataset/red_spot/20211227_162350.jpg,5,red_spot,256,256,4902,True,False,True,True,191.42637558630668,162.85057067871094,65.40859777166216,False,False,False,False,False,,3d8385232b43e0418499baf6745054f25dc27f1e8b67aed9796d21e4a18da466,bfc0c03f6b70b483
data/dataset/red_spot/20211227_162404.jpg,5,red_spot,256,256,4971,True,False,True,True,143.9115749632474,164.71334838867188,61.23423582446397,False,False,False,False,False,,3bef4a576d4f783f48cb79ab625dfb5c5d562f2eddcb9498c60c29d2034e3735,ee2891856f1b786c
data/dataset/red_spot/20211227_162411.jpg,5,red_spot,256,256,4894,True,False,True,True,98.26362607977353,143.49562072753906,50.83013043242217,False,False,False,False,False,,c8f483dffe58e19173d3ae0c253e6d137ec10565c4c50f465fb3d1e8646ca434,fac4853a68e1974e
data/dataset/red_spot/20211227_162426.jpg,5,red_spot,256,256,5482,True,False,True,True,175.40003477758728,164.4628143310547,61.853063328777495,False,False,False,False,False,,bd11785fbcea402824b0f9bbc3834a3c8a7c812ccf71bbc6d418755d6bc0437f,fae085953e5af025
data/dataset/red_spot/20211227_162437.jpg,5,red_spot,256,256,4997,True,False,True,True,190.05401607975364,167.07620239257812,71.4097065036782,False,False,False,False,False,,975c234448860d86633fd8c1f72a2d8e0b178aa97eaf8e8d4d2126cbb5bcad82,eaae85c07e1f21e8
data/dataset/red_spot/20211227_162518.jpg,5,red_spot,256,256,4743,True,False,True,True,129.38577113952488,162.8253173828125,54.96293642995054,False,False,False,False,False,,dee4d3e53506431cfd66716ff1c55a52082211a632ff6bc20e4502404e448bed,ff83c03c2fc0b08f
data/dataset/red_spot/20211227_162531.jpg,5,red_spot,256,256,5617,True,False,True,True,168.66614432423376,158.62646484375,62.09558930382253,False,False,False,False,False,,5e4bcc67f5ed013bd262238247d690bd6a78dba799313a95179457547d0b359f,fac0953f40cf4e98
data/dataset/red_spot/20211227_162540.jpg,5,red_spot,256,256,4900,True,False,True,True,93.77097835764289,138.29893493652344,51.48845455279057,False,False,False,False,False,,bf7b095acb0e77f8f911640ad9b0402453610716ed34fb16abb08247af9efd64,fe80853f58e087d6
data/dataset/red_spot/20211227_162556.jpg,5,red_spot,256,256,4942,True,False,True,True,62.907300386345014,168.85452270507812,60.61695050402522,True,False,False,False,True,,530e69a5c7e7deace915337962bcb3459fe78c6bc07ccaab1b50476994ae9d00,bfc0c02d6ef0b4c9
data/dataset/red_spot/20211227_162609.jpg,5,red_spot,256,256,5205,True,False,True,True,175.68878115620464,170.59127807617188,67.69921525357239,False,False,False,False,False,,9ed5ffa8c044b83b56516dcb4aeed2c766090b2490e14810e5cb6d407a0eb780,ade9d0960f6b7484
data/dataset/red_spot/20211227_162639.jpg,5,red_spot,256,256,4597,True,False,True,True,91.13023351109587,172.2185821533203,64.11823102364131,False,False,False,False,False,,080a22de2f495262e57724d14d153cbf8f20a94c60a42992eb3d8c272ef23746,bd2dc2922d6d7074
data/dataset/red_spot/20211227_162727.jpg,5,red_spot,256,256,4996,True,False,True,True,141.73153316881508,151.92372131347656,60.30706511939469,False,False,False,False,False,,1cebb90ee6b7714aac783654c67482e7eb35a41f9cef342697304affc6b6bf5c,ea85947a3ae1c19e
data/dataset/red_spot/20211227_162949.jpg,5,red_spot,256,256,4265,True,False,True,True,79.61518837488256,141.95046997070312,46.34494998181801,True,False,False,False,True,,60a84cfb96b3f8fd69771564ad7437fc1656ad2fe87bbfb18ebba14c03f8820a,e8b897c76a68a531
data/dataset/red_spot/20211227_163022.jpg,5,red_spot,256,256,4058,True,False,True,True,93.85015864577144,162.8811798095703,49.48420721523539,False,False,False,False,False,,4a9ef89d3838adf3d94bcd40dc430af87e81b46362c8dc6633b27feb8d8548d7,f89a8764789295cb
data/dataset/red_spot/20211227_163232.jpg,5,red_spot,256,256,4849,True,False,True,True,157.95734339859337,162.57073974609375,60.558254229395935,False,False,False,False,False,,301bdd5eab44a4adc5b6856b6068c82ac163ba6b82e5ea572f0c2f90bd87766e,ff80d02f4bb0a5ca
data/dataset/red_spot/20211227_163240.jpg,5,red_spot,256,256,5913,True,False,True,True,149.34321577264927,172.8931121826172,67.85583543086668,False,False,False,False,False,,37c79cf950f738dea93cc28035678673b10b5500a4a00f410af48e023a87db9e,efc2903d0bd265a5
data/dataset/red_spot/20211227_163301.jpg,5,red_spot,256,256,4832,True,False,True,True,140.012724339962,169.738037109375,57.93253146217426,False,False,False,False,False,,7376cb374ccd560af180aad63463bb28e37b9227b26f3ca5167014b8e3579fdc,fe86c0e96f1a30a5
data/dataset/red_spot/20211227_163321.jpg,5,red_spot,256,256,3585,True,False,True,True,111.42611610516906,166.57192993164062,45.17451460109238,False,False,False,False,False,,44513c1a5689cb4f2ed6e03887400111a881304f89610fb12a157167918bfc39,e48fdb3025c7d238
data/dataset/red_spot/20211227_163331.jpg,5,red_spot,256,256,4405,True,False,True,True,126.05435039009899,171.91915893554688,53.82897791981769,False,False,False,False,False,,4da241045beaec343ef687a506870bd3047a1e6503d9c0616797d474eb5a08e5,fc90c36c3ee0b08f
data/dataset/red_spot/20211227_163538.jpg,5,red_spot,256,256,5066,True,False,True,True,140.7324218293652,185.1044158935547,64.3710384573074,False,False,False,False,False,,53fc2d75dc198ec649edd9790e1139e6fc97d2444c84ce006480590878138f8c,ea8a95347ae0619f
data/dataset/red_spot/20211227_164134.jpg,5,red_spot,256,256,5339,True,False,True,True,201.8616024814546,166.68966674804688,67.77807716043367,False,False,False,False,False,,cb921d75353c19e1354355a332b06c55f855c5dc66dc096591ce7baf7b217425,ea90956a7ae0a59e
data/dataset/red_spot/20211227_165009.jpg,5,red_spot,256,256,5098,True,False,True,True,103.9787592291832,177.15982055664062,48.02807432589952,False,False,False,False,False,,3f9ac87fef1cc2504063e5467dad56ad717939c301aab108d9f260f8fab57912,ebe8d0963dc86227
data/dataset/red_spot/20211227_165050.jpg,5,red_spot,256,256,4901,True,False,True,True,109.29023571219295,167.1865997314453,54.66358671811481,False,False,False,False,False,,8330db1711ed7f3af743e384dd0ac2c0d6c7ffa96e4ae33a4473f421ff8b2b4a,eaa5951f5af82921
data/dataset/red_spot/20211227_165116.jpg,5,red_spot,256,256,5054,True,False,True,True,97.67430110811256,175.32228088378906,50.3517031286604,False,False,False,False,False,,bce5aa4e4865ff107fca2842a05df576079f0f83480cab3cccb3c7651acd2340,feb4c14a2ea5f052
data/dataset/red_spot/20211227_165142.jpg,5,red_spot,256,256,3797,True,False,True,True,37.09225266799331,170.9951934814453,34.183240771987954,True,False,False,False,True,,ffb34e0a3c3fbe93bc29f87421c85090362f4083197411b24a17134e3bbd8cf7,f196c7693896c368
data/dataset/red_spot/20211227_165153.jpg,5,red_spot,256,256,4442,True,False,True,True,115.36201239540242,169.17611694335938,49.24741806128643,False,False,False,False,False,,4dab3d6e9f78b13fe1af0c4d2334d6cbe1ebce43946f73743ae7d94be5caf760,ff80c02f2ff0f00b
data/dataset/red_spot/20211227_165202.jpg,5,red_spot,256,256,4198,True,False,True,True,87.21524024009705,174.7076873779297,46.4494070102875,False,False,False,False,False,,6e63057dd55e84231378507db9dd7a80375a26e55dbf3be9cd0874ce31cadd36,ec80953f6ae0a58f
data/dataset/red_spot/20211227_165233.jpg,5,red_spot,256,256,4690,True,False,True,True,120.08314317464828,170.51376342773438,55.270131524557506,False,False,False,False,False,,1232fc8acd9ee21f71ca12988247a9f90312fe4ad645b4aa37be3b1d4774d331,fa80853e5ae1a59e
data/dataset/red_spot/20211228_114553.jpg,5,red_spot,256,256,4955,True,False,True,True,177.15200742706656,177.32395935058594,63.94188495641646,False,False,False,False,False,,c7b1b80ee271e13066d1968cd1b44719779b6297c85f24df7445b08dd6dbe1e4,ed80d03d3ee0e19d
data/dataset/red_spot/20211228_114621.jpg,5,red_spot,256,256,4982,True,False,True,True,102.81090741977096,171.1026611328125,57.12328341665272,False,False,False,False,False,,964e869669ac47d0a68a1aea41cef7a19e430b6cdc952299f31aed4f1303eb11,fa8c856a3e84e1da
data/dataset/red_spot/20211228_114659.jpg,5,red_spot,256,256,5004,True,False,True,True,115.9364612614736,172.8109130859375,61.557861256836105,False,False,False,False,False,,27f1fb55b821905cc202ddf7f121b81a0fb111d8ffcfae9d72ec1d49f6bc3a4f,fbb685c05b0f2478
data/dataset/red_spot/20211228_114715.jpg,5,red_spot,256,256,4908,True,False,True,True,99.97157086222433,175.21253967285156,47.175963597630975,False,False,False,False,False,,d82a4459c0b12ad05eb736c4cbf367d3dc64b41db4ea65ad2bf32bb823f09547,e78e9a39c9672486
data/dataset/red_spot/20211228_114741.jpg,5,red_spot,256,256,4914,True,False,True,True,130.77429189905524,176.8465576171875,61.82278254824367,False,False,False,False,False,,903927dba68ebee4233e0f521c762cd61d3a0634b01f722153b1989a22c478c7,eb94d4706a07a5f8
data/dataset/red_spot/20211228_114808.jpg,5,red_spot,256,256,5076,True,False,True,True,134.4071896446403,175.59548950195312,60.76354884974678,False,False,False,False,False,,8697bc3bfda6a0275a50932edaa476a8b0352075fe26d72cba49d7130dabf19f,fe85906a2fa4f0ca
data/dataset/red_spot/20211228_114830.jpg,5,red_spot,256,256,4384,True,False,True,True,116.6189390735235,175.21571350097656,52.99556029214769,False,False,False,False,False,,2443bd4460b087b3bf99f46f1f05497e09f728e1206a2a699d48ff0a6d05c52c,ea95856a3e85d05e
data/dataset/red_spot/20211228_114907.jpg,5,red_spot,256,256,4476,True,False,True,True,97.86604228033684,173.01907348632812,50.19101303299517,False,False,False,False,False,,d4b44d0f09df716ab8514143eebe63016c34b4002590f2055d1edafc915d0d9f,ea95917a6e85311e
data/dataset/red_spot/20211228_114943.jpg,5,red_spot,256,256,5647,True,False,True,True,118.26454162388109,171.58697509765625,57.97817822612468,False,False,False,False,False,,8d2a918ef5471ca993a20b778da68631a4b1637aa34f99d76af6dddba238aeaa,ff02807d5ee0a197
data/dataset/red_spot/20211228_115102.jpg,5,red_spot,256,256,4705,True,False,True,True,151.81959532550536,175.8496856689453,53.6464530879471,False,False,False,False,False,,28a766e5d16ff4ae88f045356cabcd6a8624a8c52c1db525262f1c212a60c62a,fd54903a3a85e51e
data/dataset/red_spot/20211228_115220.jpg,5,red_spot,256,256,5016,True,False,True,True,133.0416563367471,171.9445343017578,54.329883371356374,False,False,False,False,False,,3a5a569325bb8e174d7e50453c1a136935a96392fcc0460a1f514de82582c8fe,eb54857a3ae1609e
data/dataset/red_spot/20211228_115614.jpg,5,red_spot,256,256,4802,True,False,True,True,79.85995483025908,174.68687438964844,51.41058399600368,True,False,False,False,True,,852d202468ffa939441cfc3f5f07298ed9e504118e917939ecbc69dc0d0c47bf,ef5094c77a38e521
data/dataset/red_spot/20211228_115707.jpg,5,red_spot,256,256,5851,True,False,True,True,159.3992914557457,161.12347412109375,56.828221507950204,False,False,False,False,False,,b379f3299a44e224e16ce260880702d1453cc67dcae13a6cdd5487e2f081694c,ff89d0d02f4bb034
data/dataset/red_spot/20211228_115731.jpg,5,red_spot,256,256,5607,True,False,True,True,137.33720354898833,174.89935302734375,59.1270635629533,False,False,False,False,False,,cd9722cd51ee359565fb740bc962bb9d287e7147542be5f5c0d3ef9548d19112,ebcc94d10b4a746d
data/dataset/red_spot/20211228_115741.jpg,5,red_spot,256,256,4170,True,False,True,True,89.2190093153622,179.89263916015625,51.85585916889439,False,False,False,False,False,,cc00252eafafcab55b18dfd00b58b966ab7c7883a14784bdf1f8a0ac10745037,e9c2963969c7a51a
data/dataset/red_spot/20211228_115756.jpg,5,red_spot,256,256,4401,True,False,True,True,110.85906945168972,178.41102600097656,52.21416521366141,False,False,False,False,False,,ee70e04fc1cbdd3993d908b57d273855b4066e46c3e508bab7266e55813be7ee,fec1913e3ac0a50f
data/dataset/red_spot/20211228_120104.jpg,5,red_spot,256,256,4411,True,False,True,True,59.72877487889491,167.47225952148438,40.94035011544511,True,False,False,False,True,,cdd5a436775001e7a7072ede692dd72b69ea6f904f8cf255794bc2e088681f8d,ff39c0c01e3e69e0
data/dataset/red_spot/20211228_120334.jpg,5,red_spot,256,256,4547,True,False,True,True,109.49806184857152,168.855712890625,56.264894081353496,False,False,False,False,False,,ceb9935a75f5474391673ae1b898fd83c3821318e587c87d5bc554b86a60e347,eb6994943a3ae1e1
data/dataset/red_spot/20211228_120430.jpg,5,red_spot,256,256,5120,True,False,True,True,129.89590297546238,177.3829345703125,56.582920750745735,False,False,False,False,False,,215f245e2e57b3a2939892adcd4e63879ee7966ccee3b62939c961ac92fcd125,fb8484787a85e0de
data/dataset/red_spot/20211228_120527.jpg,5,red_spot,256,256,4968,True,False,True,True,72.47570773866028,173.1485595703125,42.37482348812525,True,False,False,False,True,,2f32e53cd58e7c48f919f0ce76961bb75cfd6a6d7926690895e97ef8ff3efd9a,fa6a84c46a7a1eb4
data/dataset/red_spot/20211228_120810.jpg,5,red_spot,256,256,5108,True,False,True,True,122.10667415498756,174.89630126953125,53.83703086241952,False,False,False,False,False,,5398184eea2a54487efff518bfb2dd61265c34eccf9cb22f757f2737cf39d1d7,ffa0c0962f4bf034
data/dataset/red_spot/20211228_122703.jpg,5,red_spot,256,256,4825,True,False,True,True,122.00080871558748,173.84033203125,52.430789229382455,False,False,False,False,False,,b9d8822af6292a11b1c0705dc32d876af5705d586d91a26ef743f4cbed066aab,ffaac0812f0ef0b4
data/dataset/red_spot/20211228_122715.jpg,5,red_spot,256,256,5651,True,False,True,True,118.21090395655483,170.04954528808594,55.922996729509805,False,False,False,False,False,,640bdaee6fcdda3eb8558667eeb70fedbe178655b89e75cd7d74140164b6798a,fb3ad0e14a1e252d
data/dataset/red_spot/20211228_122728.jpg,5,red_spot,256,256,4907,True,False,True,True,157.56677225138992,174.7263946533203,56.86328741951442,False,False,False,False,False,,4da49bf8595429b9af4064ba9edc161f7e9377e677b7b7169581d6c39697bce8,ff91c02a2f94b4ca
data/dataset/red_spot/20211228_122740.jpg,5,red_spot,256,256,4983,True,False,True,True,127.5263464783784,172.5301971435547,56.174027503505144,False,False,False,False,False,,175dc2587594ac9cadf9d94517da9205da487baf04ffa8f18c4d12ff940a29db,eb80843f7ae0a59e
data/dataset/red_spot/20211228_122751.jpg,5,red_spot,256,256,4902,True,False,True,True,131.99223305261694,173.8595733642578,56.7549329660435,False,False,False,False,False,,d46dd32038310b2935dd3231adb008f8d5148898e990e5e7397833789a397c88,fe80c13f6ae007cb
data/dataset/red_spot/20211228_123014.jpg,5,red_spot,256,256,5278,True,False,True,True,221.6954951127991,177.10345458984375,61.14656576747097,False,False,False,False,False,,6f4c7a6b1696e7719e0df114ab93575463950de37fb8597cecbeb5448546d17f,fb3ec4c14b0f3461
data/dataset/red_spot/20211228_123027.jpg,5,red_spot,256,256,5737,True,False,True,True,211.88376431819052,173.28414916992188,58.19315489456829,False,False,False,False,False,,326c96f5e66d49a056bae665e9656946dc2f99037c1e0905820f0612cc3a5fe9,ebc0853f5af0298e
data/dataset/red_spot/20211228_123044.jpg,5,red_spot,256,256,4808,True,False,True,True,124.29493691003881,174.75674438476562,54.05594647594967,False,False,False,False,False,,00e763fe40c66c80b2fa4777254f2b1cc2d9311863280962ca253f791ac2a292,fda1c01f2fe8b007
data/dataset/red_spot/20211228_123118.jpg,5,red_spot,256,256,4827,True,False,True,True,128.48078918433748,166.678466796875,51.332358179632664,False,False,False,False,False,,e12fe0f314e988a158561ee3d0e4cec98ab8c6a3dee77f942849f9a183e56a30,fe90c1853e7af025
data/dataset/red_spot/20211228_123139.jpg,5,red_spot,256,256,4432,True,False,True,True,133.39569084253162,181.35943603515625,53.69182687357348,False,False,False,False,False,,f8814bed74233354a559ebdb206670e2cba9c9c2bd3a199a644ada3f0fec7de3,f8ab87987a65a161
data/dataset/red_spot/20211228_123202.jpg,5,red_spot,256,256,5033,True,False,True,True,146.4586639383342,171.9395294189453,52.85870981257524,False,False,False,False,False,,04bbf90163012130d91145bf6f1dbc807e963c389d69d18afeefef4b7674ad35,ff80c03f2fd0b407
data/dataset/red_spot/20211228_123217.jpg,5,red_spot,256,256,4737,True,False,True,True,111.04277033335529,176.85659790039062,50.57924067446066,False,False,False,False,False,,c464e41ac30a937b00158488d9fb722af1a02cdacd02c0e65d7889c6cf91f4a6,fa80853e7ad0a58f
data/dataset/red_spot/20211228_123233.jpg,5,red_spot,256,256,4821,True,False,True,True,89.88458202686161,167.553466796875,45.771337426146886,False,False,False,False,False,,e2f93b60a1c308097cbce1a87e0d05670bc3f54a1e62b93fce5ed10b585c485b,fa91c42e6bf0b00f
data/dataset/red_spot/20211228_123253.jpg,5,red_spot,256,256,4756,True,False,True,True,117.66272880672477,176.0763397216797,56.868550441369244,False,False,False,False,False,,97b167bc109cca1cc7343539f0ad1df5b06b19683f0ab3f14b4755b2c8f76dc5,bfc0d02f6bf034c2
data/dataset/red_spot/20211228_123307.jpg,5,red_spot,256,256,5003,True,False,True,True,109.04640132351778,173.8694610595703,52.000469534201464,False,False,False,False,False,,4a8e8cac1f637a1408f3c9b90f1b2823a09bdd7686b1dfa5605f3b5e76b69621,faa8c4953e5af061
data/dataset/red_spot/20211228_123323.jpg,5,red_spot,256,256,4508,True,False,True,True,100.91859343624674,173.3263702392578,51.18293270719175,False,False,False,False,False,,cd18896b1d9467bdbc3a817d8f273c76c3f1e42e69fb4ff6c74258490ec2af27,fa83c53d2ee0b00f
data/dataset/red_spot/20211228_123340.jpg,5,red_spot,256,256,5287,True,False,True,True,125.46212684735656,173.76309204101562,56.80164770060579,False,False,False,False,False,,8ba1653c4df6f00702aee1afd5436564aad7a12f721697541ef4c0c2ae7c8737,fa3a95855e1e6078
data/dataset/red_spot/20211228_123418.jpg,5,red_spot,256,256,5127,True,False,True,True,81.12554407771677,167.01524353027344,49.97826123063621,False,False,False,False,False,,37726f72e8cba91cf4c27c78eda789d71624c8b5b458eab3ae5b608cbba26c28,ff80c02e2bfcb4c2
data/dataset/red_spot/20211228_123436.jpg,5,red_spot,256,256,4828,True,False,True,True,120.52560406550765,169.0161590576172,53.20541132425074,False,False,False,False,False,,665b9f292dbad287ce5b9808b41affc3ebebf2aeb76442783de3b7810e0d8f99,faa985c57e1aa065
data/dataset/red_spot/20211228_123550.jpg,5,red_spot,256,256,5174,True,False,True,True,143.16879266500473,170.28390502929688,53.87252025348066,False,False,False,False,False,,cf2d137f9ef62e39e711dd5f076a0562e00d1b9d8eed261530a5ae1a82e0226b,ff2bd0842f0bb434
data/dataset/red_spot/20211228_123600.jpg,5,red_spot,256,256,4977,True,False,True,True,120.43148773536086,174.6676788330078,52.719365829523824,False,False,False,False,False,,273d859b6633d7ae847b669dc14ba0f9ad54d3e5a7739e8025509013346ee6a4,fa2a95857a1ee161
data/dataset/red_spot/20211228_123801.jpg,5,red_spot,256,256,5065,True,False,True,True,117.97363251075149,175.69924926757812,52.9539549135769,False,False,False,False,False,,678e9eeb79079653bea975e343d41560aa57ade4226e189ad60135d91a2dc26d,ffa0c03f6ec0b00f
data/dataset/red_spot/20211228_123823.jpg,5,red_spot,256,256,4995,True,False,True,True,147.785811673617,170.7388458251953,52.41854691872166,False,False,False,False,False,,809b674988edef7070df02b0dfb164531a0bdabb068cbd799909067521b7a3cd,ffb2c0cc2f13b034
data/dataset/red_spot/20211228_123834.jpg,5,red_spot,256,256,4292,True,False,True,True,73.02314726426266,174.71095275878906,48.17966684730752,True,False,False,False,True,,5f2f0ca27890f862c7cc0672bb5714129ab588a947f1cdba626b60132c203b3d,f5b4ca823d3cc2e2
data/dataset/red_spot/20211228_123856.jpg,5,red_spot,256,256,4434,True,False,True,True,88.3203571678605,171.14556884765625,45.31234093338078,False,False,False,False,False,,ed54b8debebb200b982d31d03206517c1e99ffe8cc1ed88e24a6f806f19d1992,fdaad0943f6ae024
data/dataset/red_spot/20211228_123930.jpg,5,red_spot,256,256,5366,True,False,True,True,134.9972074960824,171.4195556640625,56.300740989221254,False,False,False,False,False,,eb03cb0cdaddb29b79a31f7dc72dd75600b63a97377a4626d7fdbb7621db23cd,fa80943f6af0258f
data/dataset/red_spot/20211228_124128.jpg,5,red_spot,256,256,5222,True,False,True,True,133.14234895794652,171.27716064453125,59.8869601229528,False,False,False,False,False,,b22482b0a520abc08000789adc6a2a9d4a7ddda4c22b5a0738c61e0e8258f1ed,ea94857a7ae1a09e
data/dataset/red_spot/20211228_124137.jpg,5,red_spot,256,256,4733,True,False,True,True,115.85865758336149,172.5571746826172,53.48232223457151,False,False,False,False,False,,d9d8fae3b30baad8a6f2e2bca629e1a449599bdc6263f95ce3b5fabfe00ad154,fa81857a7a85e05e
data/dataset/red_spot/20211228_124150.jpg,5,red_spot,256,256,5264,True,False,True,True,78.7962188438978,168.28289794921875,55.873252902376336,True,False,False,False,True,,f9f9298558aa11a857ac5f813aca41f487c03591fe1937b61ff24abf28e4cd3b,fe90816a3ea5e0da
data/dataset/red_spot/20211228_124157.jpg,5,red_spot,256,256,4828,True,False,True,True,101.76330471038818,169.39340209960938,53.61996433572289,False,False,False,False,False,,88a56b5bb663f4a7d8ec6d50b2cc100b5f614c297e0371b3047d7bb37fdae62a,ea9497627885e1da
data/dataset/red_spot/20211228_124226.jpg,5,red_spot,256,256,4634,True,False,True,True,136.08963011205196,176.5677490234375,55.85749876579334,False,False,False,False,False,,719a6737d96b84d0764a31ecc4596400e707602ca465427b601ef13eb0a8f11f,fe80c16a2fb5b0ca
data/dataset/red_spot/20211228_125107.jpg,5,red_spot,256,256,4776,True,False,True,True,128.6064778259024,163.53456115722656,57.072766315394645,False,False,False,False,False,,99b03cb64f3de76a4ed57de1798459b8e8bf0eeea9bdffa95f8929a2ea3a0298,fe3fc1d02a0b8734
data/dataset/red_spot/20211228_125116.jpg,5,red_spot,256,256,4450,True,False,True,True,127.03845208883286,174.46514892578125,49.391735692216116,False,False,False,False,False,,25208aa04416d85d5797ed6ec3413faeb2cabc691d7f3a0a542b945263d439d9,fd28c0953f6ed830
data/dataset/red_spot/20211228_125127.jpg,5,red_spot,256,256,4790,True,False,True,True,130.2199245353695,171.36746215820312,53.756481369126476,False,False,False,False,False,,ce9ba3dd8759b124abcb368196c8fe1e1c317fabe8dec77c99f61545433ba9c9,eea8d0b13a5ae0ad
data/dataset/red_spot/20211228_125231.jpg,5,red_spot,256,256,4387,True,False,True,True,74.25579750165343,165.11831665039062,41.83316447623849,True,False,False,False,True,,373b0dc4c64359e544bb149b3ca62ff5bbef399cebe75d8359caa7d2dec4b9db,f487cb383cc3b30c
data/dataset/red_spot/20211228_125253.jpg,5,red_spot,256,256,6046,True,False,True,True,202.35737609281205,172.5265655517578,67.84373332841785,False,False,False,False,False,,b4f2de5ac6c112aaf3d72a445f1bebd243f7fc27038367a8c41ef2ef5f449001,ea95857a1e616897
data/dataset/red_spot/20211228_125314.jpg,5,red_spot,256,256,5301,True,False,True,True,138.57525597512722,172.68873596191406,55.20301685725999,False,False,False,False,False,,00c9e13acad896eebec4020b40554e52de1a0badafcde2f18bc5b67de785364f,ffb0c04a4fa5345a
data/dataset/red_spot/20211228_125339.jpg,5,red_spot,256,256,5099,True,False,True,True,154.81338499486446,173.25222778320312,59.33308356404247,False,False,False,False,False,,46a821b99381402a39ea079978b6d04c0ace84af167e0da83d6a305bb24896a1,ea90953a7ae0e19e
data/dataset/red_spot/20211228_125351.jpg,5,red_spot,256,256,4881,True,False,True,True,133.16888416465372,173.29638671875,58.61887468942367,False,False,False,False,False,,3b584306ec423ccae0ac6e1e96b1807e6d05bc0eecb2abcce72652a4e4563671,fe92c06d2fb0b04b
data/dataset/red_spot/20211228_125359.jpg,5,red_spot,256,256,5136,True,False,True,True,94.56512451078743,169.70211791992188,52.33675657952463,False,False,False,False,False,,126eba4bb91f10897a2ca803a83b0530509bba8c6bd2d4a9dca72fc119231d0d,fd82c22d0ff070cb
data/dataset/red_spot/20211228_125441.jpg,5,red_spot,256,256,4685,True,False,True,True,93.15560912713408,169.9154052734375,52.489774308570425,False,False,False,False,False,,131eb9376338bf3460fb64606e33f91efe6cc1c567c636e44a0c928e16450870,fe91c07a3dc04a1f
data/dataset/red_spot/20211228_125456.jpg,5,red_spot,256,256,4806,True,False,True,True,108.37241545482539,169.3538360595703,46.39488462591676,False,False,False,False,False,,81360f03c8a91b3deb749c951560fd740192cf1b5c06747748cf429566980d2d,ee8c91317ac6e42d
data/dataset/red_spot/20211228_125515.jpg,5,red_spot,256,256,4934,True,False,True,True,92.46969602163881,175.83250427246094,63.903772300613355,False,False,False,False,False,,18cc2f13bafbae6f2544bb78d7b96df1047146495fa4602595ceb65b37723201,eabf95c05a1e6928
data/dataset/red_spot/20211228_125637.jpg,5,red_spot,256,256,6481,True,False,True,True,195.05800960958004,171.616455078125,61.112914994563525,False,False,False,False,False,,eeed496245fd8fde72408cf8bdad3e0f1431d161fe1c5599650a604325b7b0e2,ff92c0604ab53dca
data/dataset/red_spot/20211228_125648.jpg,5,red_spot,256,256,5531,True,False,True,True,129.05863565183245,170.66445922851562,60.63197389848213,False,False,False,False,False,,e18afdf08340d8e0d36218d3eba58790927c3adc972fd1f1aa3874a9bbc249ad,ff91d06a0b253cd2
data/dataset/red_spot/20211228_125655.jpg,5,red_spot,256,256,5270,True,False,True,True,140.7006072977092,171.83314514160156,56.29684578742805,False,False,False,False,False,,ab3298e4c4e32d490aa9b34fa1ebe333264d3cd175abbc3e817ab4abec987dd4,ea90952f5af0618f
data/dataset/red_spot/20211228_125730.jpg,5,red_spot,256,256,5323,True,False,True,True,91.96238704561256,167.98533630371094,52.851856248633375,False,False,False,False,False,,4e0d333ec2b4d7372663319ebba2408d34ba1d9166e0d8972207bb45e247fe2c,fb94813a3ee1c21e
data/dataset/red_spot/20211228_125821.jpg,5,red_spot,256,256,5432,True,False,True,True,130.47717244084924,169.73817443847656,54.42892333625825,False,False,False,False,False,,ba654910d7a6d99e0fec2c606633cfbadcb0d63efc728aabf5d622ad06e5a7a0,ea9485693aa5e19e
data/dataset/red_spot/20211228_125857.jpg,5,red_spot,256,256,5003,True,False,True,True,138.50327998562716,177.0015869140625,54.65211408666512,False,False,False,False,False,,d3e43e6703295bcee19a9c2372a1452978072dac5340bad1602867be8cdfd8cc,e58ad23438e3659e
data/dataset/red_spot/20211228_125918.jpg,5,red_spot,256,256,4957,True,False,True,True,99.95591721287929,171.02476501464844,48.42828081468234,False,False,False,False,False,,bd2b31d60a7f5a14a61ed8aaf7183a0e1827fef5ea7fbd356b7456b986c55df2,fc90c36a2f90f0cb
data/dataset/red_spot/20211228_153147.jpg,5,red_spot,256,256,5889,True,False,True,True,248.07998599018902,171.20526123046875,59.3394461841573,False,False,False,False,False,,a55093202e3aa651f01e9d17198f6cf3766c42d1a34a9f891bc1971a54638c7f,f895976a683792d0
data/dataset/red_spot/20220101_093044.jpg,5,red_spot,256,256,5098,True,False,True,True,105.34140003379434,174.96896362304688,48.169551351121235,False,False,False,False,False,,aec4d0a225384346b1587c608c8b61af6a793e890ff81c543a42f6a94ccaa100,ea4b953d6ac3258c
data/dataset/red_spot/20220101_094414.jpg,5,red_spot,256,256,5718,True,False,True,True,160.41856413241476,174.54986572265625,60.36920391418103,False,False,False,False,False,,8a511948ee5a1044c41837c538e7af7c723a35fe32fe55f522ecc56c79c615c0,fac0953f6ae0a187
data/dataset/red_spot/20220101_094744.jpg,5,red_spot,256,256,4616,True,False,True,True,172.7824394023046,177.94638061523438,57.509840623290415,False,False,False,False,False,,65a493507e45b23a9d7872acbbb71f909be00fb4df2e7ab07985175be784b3f5,b29bcf2c8ce63886
data/dataset/red_spot/20220101_095028.jpg,5,red_spot,256,256,5431,True,False,True,True,180.53784134611487,173.09095764160156,61.78995136446114,False,False,False,False,False,,ee3dd8c80176f1c7cbde8cf9acc32b8cabe821b284a9cccdafb7c66c8fe94a7c,bfc0d02f4bb435c2
data/dataset/red_spot/20220101_095917.jpg,5,red_spot,256,256,4900,True,False,True,True,127.08169589936733,175.08468627929688,66.95610339139442,False,False,False,False,False,,4a5e4ed92a25d9153364b0c400b090c3a83e0acbaad60ae803cffd84e154b08f,e88896b53f5a60cd
data/dataset/red_spot/20220101_101137.jpg,5,red_spot,256,256,5502,True,False,True,True,216.5566985271871,175.5437774658203,67.09044934707235,False,False,False,False,False,,ee49266a12314d9965c6b227f525b4017d1f99104d7c944fd87a19a95cf54d85,eac0953e6af0b583
data/dataset/red_spot/20220101_101904.jpg,5,red_spot,256,256,5298,True,False,True,True,187.8100431112107,176.381103515625,62.31894668807834,False,False,False,False,False,,cea66bb59149e80f8b6476fa33169476fee1720acd19b906a2632dda37645985,b2b98bc5cdcc8c86
data/dataset/red_spot/20220101_102341.jpg,5,red_spot,256,256,5300,True,False,True,True,163.92776381596923,177.74879455566406,60.659398389596824,False,False,False,False,False,,73fa160658d905893666a76714bf1f6c0f4684f583c43f90a7a97bde97c728d0,aac0953f6ae0a5da
data/dataset/red_spot/20220101_103418.jpg,5,red_spot,256,256,5678,True,False,True,True,187.00196662149392,177.18255615234375,71.03715895605706,False,False,False,False,False,,b6cd10ac001ea68c7f6262c35516180f0fea68a44d72e045ee85b3590ac8cc76,aeea909d4b7a7421
data/dataset/red_spot/20220101_104105.jpg,5,red_spot,256,256,5465,True,False,True,True,226.40383435576223,175.72024536132812,60.33300622118785,False,False,False,False,False,,744a86efdfdf1fac319f065934493ae4b2d1c25481fd41347c92c634663f086d,b0d9cbcccdc4cc26
data/dataset/red_spot/20220101_104246.jpg,5,red_spot,256,256,5563,True,False,True,True,156.543616756564,172.52667236328125,65.38790986381561,False,False,False,False,False,,9ef5f302a41be34975814a71c458e77fa2c1fccd207ff897eb989c9ae9982fe5,e79a9649996d8c64
data/dataset/red_spot/20220101_104435.jpg,5,red_spot,256,256,4897,True,False,True,True,139.45303276833147,177.93157958984375,56.43988555265064,False,False,False,False,False,,bd52bd5deeb60e1a69c832fddb1cd82bd8dadb2f2b8a064df3d88fdbfed32b12,fa95856a3e85621e
data/dataset/red_spot/20220101_121413.jpg,5,red_spot,256,256,5554,True,False,True,True,219.95780944800936,171.06008911132812,70.20772438362339,False,False,False,False,False,,76b78edf74f679a808071d17699a84ccef438e46ac053d2af9f00e5386272e96,e19a9649d96c9c66
data/dataset/red_spot/20220101_121657.jpg,5,red_spot,256,256,5488,True,False,True,True,147.83294659480453,173.84812927246094,60.280174636467464,False,False,False,False,False,,132189ae8bb7a4c6ba1f157cd518918dec72f8a497106d0efb0a820686f237db,fa85817a95e0da8b
data/dataset/red_spot/image_0_1.jpg,5,red_spot,256,256,5299,True,False,True,True,134.9899444465991,159.16563415527344,58.610667484994295,False,False,False,False,False,,d35f202076adb074e50899ff40c70074638ef06a9ec2e1229f5a0795606898a6,a93596cb619c6633
data/dataset/red_spot/image_0_3127 - Copy.jpg,5,red_spot,256,256,5086,True,False,True,True,126.24621467944235,179.70497131347656,59.65779189250275,False,False,False,False,False,,cab5f3455e793ea69637787d5756f43ea8750bf6740d03a545cb62d12700ffca,ffc2923d61c30e4c
data/dataset/red_spot/image_0_3127.jpg,5,red_spot,256,256,5086,True,False,True,True,126.24621467944235,179.70497131347656,59.65779189250275,False,False,False,False,False,,cab5f3455e793ea69637787d5756f43ea8750bf6740d03a545cb62d12700ffca,ffc2923d61c30e4c
data/dataset/red_spot/image_0_3128 - Copy.jpg,5,red_spot,256,256,5096,True,False,True,True,148.2031399400439,220.71461486816406,58.76976472124083,False,False,True,False,True,,9e53cc52c3231c446978a51cb6703fda9aa46c5e488ab964152992ec78ee0143,b1de86616e94b0cb
data/dataset/red_spot/image_0_3128.jpg,5,red_spot,256,256,5096,True,False,True,True,148.2031399400439,220.71461486816406,58.76976472124083,False,False,True,False,True,,9e53cc52c3231c446978a51cb6703fda9aa46c5e488ab964152992ec78ee0143,b1de86616e94b0cb
data/dataset/red_spot/image_0_3131 - Copy.jpg,5,red_spot,256,256,4611,True,False,True,True,70.45982350572012,151.9709014892578,46.845578577451306,True,False,False,False,True,,d4b1c937a585ea535f99f4fcacb7579894863c40e5c95cb9313be9a24f8d6f4f,a9c3963c68c3973c
data/dataset/red_spot/image_0_3131.jpg,5,red_spot,256,256,4611,True,False,True,True,70.45982350572012,151.9709014892578,46.845578577451306,True,False,False,False,True,,d4b1c937a585ea535f99f4fcacb7579894863c40e5c95cb9313be9a24f8d6f4f,a9c3963c68c3973c
data/dataset/red_spot/image_0_3140 - Copy.jpg,5,red_spot,256,256,5390,True,False,True,True,221.86439503892325,207.3668975830078,68.98187802358423,False,False,False,False,False,,a2b0d3512270614a81b63017c8dd57e33a51d0de7e0bfa1acaf60f45d41bab34,e8c3953ce1626ec9
data/dataset/red_spot/image_0_3140.jpg,5,red_spot,256,256,5390,True,False,True,True,221.86439503892325,207.3668975830078,68.98187802358423,False,False,False,False,False,,a2b0d3512270614a81b63017c8dd57e33a51d0de7e0bfa1acaf60f45d41bab34,e8c3953ce1626ec9
data/dataset/red_spot/image_0_3160 - Copy.jpg,5,red_spot,256,256,5326,True,False,True,True,138.47584533691406,158.94236755371094,61.095896067327544,False,False,False,False,False,,23a74e9f6af7d7bfa8aa8ea171176d6f22290a7023d13a40c1de510cd6d2df71,fe2ad1c42a0ab5b5
data/dataset/red_spot/image_0_3160.jpg,5,red_spot,256,256,5326,True,False,True,True,138.47584533691406,158.94236755371094,61.095896067327544,False,False,False,False,False,,23a74e9f6af7d7bfa8aa8ea171176d6f22290a7023d13a40c1de510cd6d2df71,fe2ad1c42a0ab5b5
data/dataset/red_spot/image_0_3162 - Copy.jpg,5,red_spot,256,256,5462,True,False,True,True,214.26911870366894,179.1338348388672,51.51657536021104,False,False,False,False,False,,76b19ab818ecc79256bec5304ee9b0f120449ff6739226561a50688bbfa7a621,f4439a3c61cf1ec4
data/dataset/red_spot/image_0_3162.jpg,5,red_spot,256,256,5462,True,False,True,True,214.26911870366894,179.1338348388672,51.51657536021104,False,False,False,False,False,,76b19ab818ecc79256bec5304ee9b0f120449ff6739226561a50688bbfa7a621,f4439a3c61cf1ec4
data/dataset/red_spot/image_0_3163 - Copy.jpg,5,red_spot,256,256,4846,True,False,True,True,105.41332998499274,211.20338439941406,58.01643403014495,False,False,False,False,False,,5b5ceeba1264e67b4753cde0d841b1a6460365ae26672640d06f101c66a82c20,a9c796386bc7b488
data/dataset/red_spot/image_0_3163.jpg,5,red_spot,256,256,4846,True,False,True,True,105.41332998499274,211.20338439941406,58.01643403014495,False,False,False,False,False,,5b5ceeba1264e67b4753cde0d841b1a6460365ae26672640d06f101c66a82c20,a9c796386bc7b488
data/dataset/red_spot/image_0_3166 - Copy.jpg,5,red_spot,256,256,5432,True,False,True,True,224.16621679416858,197.63743591308594,81.20318119551806,False,False,False,False,False,,b5b1ad5c39e42dc815c1e619c2e4855d5ae54213c6e2a998bac22a0edf6a7d3b,bb3f94c06aaf2512
data/dataset/red_spot/image_0_3166.jpg,5,red_spot,256,256,5432,True,False,True,True,224.16621679416858,197.63743591308594,81.20318119551806,False,False,False,False,False,,b5b1ad5c39e42dc815c1e619c2e4855d5ae54213c6e2a998bac22a0edf6a7d3b,bb3f94c06aaf2512
data/dataset/red_spot/image_0_3176 - Copy.jpg,5,red_spot,256,256,4928,True,False,True,True,229.4276580789592,205.45870971679688,81.5044882322273,False,False,False,False,False,,3c8d5903c8ffe378618b6fe057cd4bedaa2943779dcb6d0ea7721130f0590729,bb3f85c068a5273a
data/dataset/red_spot/image_0_3176.jpg,5,red_spot,256,256,4928,True,False,True,True,229.4276580789592,205.45870971679688,81.5044882322273,False,False,False,False,False,,3c8d5903c8ffe378618b6fe057cd4bedaa2943779dcb6d0ea7721130f0590729,bb3f85c068a5273a
data/dataset/red_spot/image_0_3185 - Copy.jpg,5,red_spot,256,256,4969,True,False,True,True,86.75033564772457,173.54086303710938,65.04287298437707,False,False,False,False,False,,77253013b1e9d6577c9935b2619ddde770f096a97de073674238173a43806a80,eac1953e6ae0258f
data/dataset/red_spot/image_0_3185.jpg,5,red_spot,256,256,4969,True,False,True,True,86.75033564772457,173.54086303710938,65.04287298437707,False,False,False,False,False,,77253013b1e9d6577c9935b2619ddde770f096a97de073674238173a43806a80,eac1953e6ae0258f
data/dataset/red_spot/image_0_3188 - Copy.jpg,5,red_spot,256,256,5154,True,False,True,True,162.378813280724,190.92538452148438,50.8366919598915,False,False,False,False,False,,98bbfc1bb9bda684290e608a58c5a3faf4ae7641ad91b6c53617b845caf65582,a19a9e6d319663c9
data/dataset/red_spot/image_0_3188.jpg,5,red_spot,256,256,5154,True,False,True,True,162.378813280724,190.92538452148438,50.8366919598915,False,False,False,False,False,,98bbfc1bb9bda684290e608a58c5a3faf4ae7641ad91b6c53617b845caf65582,a19a9e6d319663c9
data/dataset/red_spot/image_0_3190 - Copy.jpg,5,red_spot,256,256,4639,True,False,True,True,72.93342589191161,215.284423828125,45.936555039813754,True,False,False,False,True,,03a41b3e6d326b8d3874f0273f25a86277e0fdf1e87d1dc58ac941cbc2027d5b,a93c96c76b693494
data/dataset/red_spot/image_0_3190.jpg,5,red_spot,256,256,4639,True,False,True,True,72.93342589191161,215.284423828125,45.936555039813754,True,False,False,False,True,,03a41b3e6d326b8d3874f0273f25a86277e0fdf1e87d1dc58ac941cbc2027d5b,a93c96c76b693494
data/dataset/red_spot/image_0_3220 - Copy.jpg,5,red_spot,256,256,5777,True,False,True,True,93.44970672950149,163.87359619140625,66.82925052285348,False,False,False,False,False,,4362ed11411f4e3610030fe94a97525f7b831cca1f574e2831b58f0501286bdf,eac1953eda610fe0
data/dataset/red_spot/image_0_3220.jpg,5,red_spot,256,256,5777,True,False,True,True,93.44970672950149,163.87359619140625,66.82925052285348,False,False,False,False,False,,4362ed11411f4e3610030fe94a97525f7b831cca1f574e2831b58f0501286bdf,eac1953eda610fe0
data/dataset/red_spot/image_0_3222 - Copy.jpg,5,red_spot,256,256,5612,True,False,True,True,223.95551997586153,169.09066772460938,53.833069843343,False,False,False,False,False,,0e633912a66035007b800bdcce7d4b46912322ced5b71f2f731fafb90bcf5712,a1ef9e9031cb7264
data/dataset/red_spot/image_0_3222.jpg,5,red_spot,256,256,5612,True,False,True,True,223.95551997586153,169.09066772460938,53.833069843343,False,False,False,False,False,,0e633912a66035007b800bdcce7d4b46912322ced5b71f2f731fafb90bcf5712,a1ef9e9031cb7264
data/dataset/red_spot/image_0_3224 - Copy.jpg,5,red_spot,256,256,4704,True,False,True,True,174.63732896745205,220.81373596191406,64.85607766793223,False,False,True,False,True,,879e81c47fb27ccdd66b549546a7af9ed090108aa73501f683410f6d1e02b41c,e86bc79434614b3e
data/dataset/red_spot/image_0_3224.jpg,5,red_spot,256,256,4704,True,False,True,True,174.63732896745205,220.81373596191406,64.85607766793223,False,False,True,False,True,,879e81c47fb27ccdd66b549546a7af9ed090108aa73501f683410f6d1e02b41c,e86bc79434614b3e
data/dataset/red_spot/image_0_3225 - Copy.jpg,5,red_spot,256,256,6278,True,False,True,True,212.171630859375,161.91189575195312,72.4401108553623,False,False,False,False,False,,4276a403f6762dbefc6835e53615ac359f36cafccc0aa6819074e4a6bec98b4d,aac8951d787227cd
data/dataset/red_spot/image_0_3225.jpg,5,red_spot,256,256,6278,True,False,True,True,212.171630859375,161.91189575195312,72.4401108553623,False,False,False,False,False,,4276a403f6762dbefc6835e53615ac359f36cafccc0aa6819074e4a6bec98b4d,aac8951d787227cd
data/dataset/red_spot/image_0_5.jpg,5,red_spot,256,256,5456,True,False,True,True,190.25422621308826,217.73143005371094,65.34790573446283,False,False,False,False,False,,c164b79a4875dcc797fb505a117634816be6af09b02da9af2c711c894edccc13,af3d96c2683d0663
