image_path,label,class_name,width,height,file_size,is_valid,is_small,is_exact_duplicate,is_phash_duplicate,blur_score,brightness_mean,contrast_std,is_blurry,is_too_dark,is_too_bright,is_low_contrast,is_low_quality,error,file_hash,phash
data/dataset/algal_spot/image_0_1162.jpg,0,algal_spot,256,256,4689,True,False,False,False,333.6824645996094,220.42149353027344,72.79948960892617,False,False,True,False,True,,4379be430c10ddea9d38065d92b73cb88e1828954ee8aad8dec5809a49af4ea7,e16f8e9634694b62
data/dataset/algal_spot/image_0_3401.jpg,0,algal_spot,256,256,4046,True,False,False,False,235.0577087253332,222.31417846679688,69.6031748195955,False,False,True,False,True,,0802d6178fbcc5818aa0e17fce2f9c32c494b23f7cfd900a37dd37a0a1633015,a192cf65309ecbe1
data/dataset/brown_blight/20211205_155720.jpg,1,brown_blight,256,256,3656,True,False,False,False,65.69645655504428,151.23468017578125,33.61287305889946,True,False,False,False,True,,029382f09c6780fdf8a8c4280105c3378a098a2b5c8e770034ac14a84d661861,f1c89e61699e9661
data/dataset/brown_blight/20211205_160054.jpg,1,brown_blight,256,256,4117,True,False,False,False,61.57839864399284,164.5258026123047,44.26436133969557,True,False,False,False,True,,3099f8acc88591ab5871d5bcceb7e4b1857603b5b66fef9f1d00128b6aeaaeb9,fd96c3693c92410f
data/dataset/brown_blight/20211228_153754 - Copy (2).jpg,1,brown_blight,256,256,4359,True,False,False,False,77.92397950589657,176.60206604003906,77.92303927628059,True,False,False,False,True,,84d366a51e0c5c7fcd899fae332c70bcc55ccd6ca2c19f3f84c06bdd2ce105d7,bfd0d02e2af0b5c2
data/dataset/brown_blight/20211228_153754 - Copy.jpg,1,brown_blight,256,256,4359,True,False,True,True,77.92397950589657,176.60206604003906,77.92303927628059,True,False,False,False,True,,84d366a51e0c5c7fcd899fae332c70bcc55ccd6ca2c19f3f84c06bdd2ce105d7,bfd0d02e2af0b5c2
data/dataset/brown_blight/20211228_153754.jpg,1,brown_blight,256,256,4359,True,False,True,True,77.92397950589657,176.60206604003906,77.92303927628059,True,False,False,False,True,,84d366a51e0c5c7fcd899fae332c70bcc55ccd6ca2c19f3f84c06bdd2ce105d7,bfd0d02e2af0b5c2
data/dataset/brown_blight/image_0_1049.jpg,1,brown_blight,256,256,4130,True,False,False,False,377.2671189447865,236.79257202148438,52.14352420441099,False,False,True,False,True,,cc0af3b8e67ca7060fac71a150486edf959b05ef29618dfcbd5cc25c93cf36f9,ebb0944b6bb4944b
data/dataset/brown_blight/image_0_1154.jpg,1,brown_blight,256,256,4586,True,False,False,False,142.31573486328125,228.8880615234375,58.83687331451133,False,False,True,False,True,,1dee60644862d1572a512ec21004a747e2d79ae2a4ac3151c3557f6d3b116765,e1ce9c316b4e348d
data/dataset/brown_blight/image_0_144 - Copy (2).jpg,1,brown_blight,256,256,5038,True,False,False,False,386.48919454123825,223.5492401123047,59.91709501364557,False,False,True,False,True,,aec0c2af594f4e2b519bb1f70e816e3b643086c7cfe49a7615cac8dcefd6b76c,f19ade653092c749
data/dataset/brown_blight/image_0_144 - Copy.jpg,1,brown_blight,256,256,5038,True,False,True,True,386.48919454123825,223.5492401123047,59.91709501364557,False,False,True,False,True,,aec0c2af594f4e2b519bb1f70e816e3b643086c7cfe49a7615cac8dcefd6b76c,f19ade653092c749
data/dataset/brown_blight/image_0_144.jpg,1,brown_blight,256,256,5038,True,False,True,True,386.48919454123825,223.5492401123047,59.91709501364557,False,False,True,False,True,,aec0c2af594f4e2b519bb1f70e816e3b643086c7cfe49a7615cac8dcefd6b76c,f19ade653092c749
data/dataset/brown_blight/image_0_145 - Copy (2).jpg,1,brown_blight,256,256,4667,True,False,False,False,370.9453119179234,227.48443603515625,63.578455254958406,False,False,True,False,True,,01c373eeb7b56d0753383b13ee43b41e7caaeb6999f982115a2a176deecdcfe1,a4d2836d3c92c76b
data/dataset/brown_blight/image_0_145 - Copy.jpg,1,brown_blight,256,256,4667,True,False,True,True,370.9453119179234,227.48443603515625,63.578455254958406,False,False,True,False,True,,01c373eeb7b56d0753383b13ee43b41e7caaeb6999f982115a2a176deecdcfe1,a4d2836d3c92c76b
data/dataset/brown_blight/image_0_145.jpg,1,brown_blight,256,256,4667,True,False,True,True,370.9453119179234,227.48443603515625,63.578455254958406,False,False,True,False,True,,01c373eeb7b56d0753383b13ee43b41e7caaeb6999f982115a2a176deecdcfe1,a4d2836d3c92c76b
data/dataset/brown_blight/image_0_1712.jpg,1,brown_blight,256,256,5004,True,False,False,False,371.0882251774892,220.24612426757812,65.38746562329723,False,False,True,False,True,,74805bab377ccdc50a7e95acd25222a04dd3bf9af98aa94c44a9f8bf0ec84b1c,a4f2c3693c96e349
data/dataset/brown_blight/image_0_1855.jpg,1,brown_blight,256,256,4413,True,False,False,False,155.27365112304688,223.5454864501953,67.31146544387218,False,False,True,False,True,,7864ee959f2568e9d271733a651013702456a3a7d06783b22425f21f9760c9dd,b4e6c31a3ce1f116
data/dataset/brown_blight/image_0_1977.jpg,1,brown_blight,256,256,4914,True,False,False,False,347.79374549514614,220.2530975341797,70.22840640387507,False,False,True,False,True,,9e8034843132a4300f1c5c1554f8b92eabbcefc17335826721e0f268378ec68c,b49acb65381e63d1
data/dataset/brown_blight/image_0_2451.jpg,1,brown_blight,256,256,4185,True,False,False,False,298.11486674752086,233.1549072265625,60.17929720105152,False,False,True,False,True,,e92f7eea9a780768199372a1855cafbf2477fc4960f4a509469ee177d7a18514,b198ce67389867c3
data/dataset/brown_blight/image_0_2460.jpg,1,brown_blight,256,256,5747,True,False,False,False,656.2114653715398,220.37579345703125,70.39500378292458,False,False,True,False,True,,7b11c547cf35e76423ed67baba8bb9afb3cb4ab5ca55d53176ea3a57c34ba454,fe60879c30635ed4
data/dataset/brown_blight/image_0_2612.jpg,1,brown_blight,256,192,3098,True,False,False,False,208.52067046695288,237.31746419270834,53.733023354759396,False,False,True,False,True,,d8df52e3ef967f3124effa511d1d32d32949d036b9b688f9ca49dc09728b9c3a,e59aca653096e539
data/dataset/brown_blight/image_0_2879.jpg,1,brown_blight,256,256,4288,True,False,False,False,129.95799216232263,231.0515899658203,57.3501037668988,False,False,True,False,True,,bfd4d92932aae9aa914c58b9cf6941b4645d01c0e487135c20465f42fad2610c,ed8492796dc6c619
data/dataset/brown_blight/image_0_3171.jpg,1,brown_blight,256,256,5238,True,False,False,False,434.95164408697747,228.62193298339844,56.34633158017363,False,False,True,False,True,,67856bbcf4d2a204ea8862797d9edfc9e9593137f6cb51a7f977dac343ea6a33,a23585cf7a3487c3
data/dataset/brown_blight/image_0_3427.jpg,1,brown_blight,256,256,3236,True,False,False,False,134.23809814453125,243.36819458007812,42.437731818761506,False,False,True,False,True,,7a6322544cc70919a3011b2365f71f3d9489915ad9c762933935866632c7d4e2,e192ce65329acd66
data/dataset/brown_blight/image_0_3554.jpg,1,brown_blight,256,256,5463,True,False,False,False,253.4326171875,221.0946807861328,65.25090727845125,False,False,True,False,True,,dc87e5fedddf70f9a86ae6f1434e1d68b41f2afe4f8d13a8eb9dc5fc8a1610e8,ace3963c61c31e74
data/dataset/brown_blight/image_0_3763.jpg,1,brown_blight,256,256,4597,True,False,False,False,348.4383239746094,226.11325073242188,66.02018261045701,False,False,True,False,True,,30fa78ce03436befed172b7db9f09edf0277f54c3c2d3fdbdd17b2ac5a0dc91a,bcc1c93a66e419c7
data/dataset/brown_blight/image_0_3900.jpg,1,brown_blight,256,192,3499,True,False,False,False,205.57200088062223,231.44840494791666,57.63778518740962,False,False,True,False,True,,a0aa22bf212923105e0fadb3f9f2a07f8df952301292614bf26b1e24794e87a7,a1de9a7165c63079
data/dataset/brown_blight/image_0_4057.jpg,1,brown_blight,256,256,4555,True,False,False,False,238.51397705078125,222.83753967285156,68.06563959899322,False,False,True,False,True,,7c4c08c90095efe059807b21474e75d173d82b8af1b24d08b83ec188e8364aff,be3c90c0686c1fb7
data/dataset/brown_blight/image_0_4119.jpg,1,brown_blight,256,256,4548,True,False,False,False,245.82638549804688,226.0892333984375,64.91256445571234,False,False,True,False,True,,eafcc595d41159a04a739699e4701d6836847ebcbc1bf3341c097bf538a7f8fa,e94b86b434e5cb1a
data/dataset/brown_blight/image_0_4337.jpg,1,brown_blight,256,256,4827,True,False,False,False,380.69772331323475,231.13339233398438,58.8890011586357,False,False,True,False,True,,2967342b3455b63c8cb7042611c6d21ec2e9b13fd163ab171c259945db447546,f0cf8f30634f58b0
data/dataset/brown_blight/image_0_4585.jpg,1,brown_blight,256,256,4888,True,False,False,False,447.3247030964121,228.02159118652344,57.97362108499353,False,False,True,False,True,,a67ec0a8a87c7ab680feb84a2ff01da7b62005507f8bcb7ea5309cafb542b254,ea439cb4614f9cb1
data/dataset/brown_blight/image_0_4613.jpg,1,brown_blight,256,256,5125,True,False,False,False,434.8585507236421,229.98646545410156,54.75222076996352,False,False,True,False,True,,03e691d0bf91fb05eb2a7ec42705bf361bdbaeb4d24968ca3b1cee946427faac,e8cb873478cb853c
data/dataset/brown_blight/image_0_4878.jpg,1,brown_blight,256,256,5009,True,False,False,False,464.07730947597884,225.58729553222656,62.41823980613289,False,False,True,False,True,,15675c173fd5aa80fe336a8d9f90a8aca6a803d7b578efbaa8414b3b5dae6e86,f498cb6732992d94
data/dataset/brown_blight/image_0_4973.jpg,1,brown_blight,256,256,4862,True,False,False,False,236.3610228560865,223.58328247070312,64.4477610746559,False,False,True,False,True,,00bf1bffe67001415e3d0a09112d89227111c94ad31a04c2fd040022ffe69663,bc98cf6532992c9c
data/dataset/brown_blight/image_0_498 - Copy (2).jpg,1,brown_blight,256,256,4821,True,False,False,False,234.6335601748433,221.4202117919922,69.27349375529228,False,False,True,False,True,,f7d92caa597a6a89828336ea4f01c2fef0446dbc637384997525e82c7d3c32cb,e0b0cc4fb71269b5
data/dataset/brown_blight/image_0_498 - Copy.jpg,1,brown_blight,256,256,4821,True,False,True,True,234.6335601748433,221.4202117919922,69.27349375529228,False,False,True,False,True,,f7d92caa597a6a89828336ea4f01c2fef0446dbc637384997525e82c7d3c32cb,e0b0cc4fb71269b5
data/dataset/brown_blight/image_0_498.jpg,1,brown_blight,256,256,4821,True,False,True,True,234.6335601748433,221.4202117919922,69.27349375529228,False,False,True,False,True,,f7d92caa597a6a89828336ea4f01c2fef0446dbc637384997525e82c7d3c32cb,e0b0cc4fb71269b5
data/dataset/brown_blight/image_0_5062.jpg,1,brown_blight,256,256,4682,True,False,False,False,318.3173348454293,231.18675231933594,57.80195313138361,False,False,True,False,True,,b307d0248938e1c9366a8ebdefa4092c264abd7a5e181c2f1d6f8918f0be6ed6,bd84d02d3ed0692f
data/dataset/brown_blight/image_0_5069.jpg,1,brown_blight,256,256,5127,True,False,False,False,414.2505798339844,228.27890014648438,61.37115407582716,False,False,True,False,True,,efbc753e9b8a11376b485b16b8018e3d2e2e76297cd35363934652603cc8bdc7,e8c3973c68c78c3a
data/dataset/brown_blight/image_0_5182.jpg,1,brown_blight,256,256,4312,True,False,False,False,221.90745534165762,227.4592742919922,63.826008717293206,False,False,True,False,True,,ac5484d2784d7fa6fdb479098caa7c60f8670c43613d4f0595eb70c05ccbe0d5,eb69c0963469e9c3
data/dataset/brown_blight/image_0_533 - Copy (2).jpg,1,brown_blight,256,256,4490,True,False,False,False,467.72999448678456,234.81396484375,54.03053633360316,False,False,True,False,True,,7b3d8af9aca9c0d74a91dcc82d870d13e7a21be6d51ad36ba831f1fe2565def6,bdb6c2693492c9e4
data/dataset/brown_blight/image_0_533 - Copy.jpg,1,brown_blight,256,256,4490,True,False,True,True,467.72999448678456,234.81396484375,54.03053633360316,False,False,True,False,True,,7b3d8af9aca9c0d74a91dcc82d870d13e7a21be6d51ad36ba831f1fe2565def6,bdb6c2693492c9e4
data/dataset/brown_blight/image_0_533.jpg,1,brown_blight,256,256,4490,True,False,True,True,467.72999448678456,234.81396484375,54.03053633360316,False,False,True,False,True,,7b3d8af9aca9c0d74a91dcc82d870d13e7a21be6d51ad36ba831f1fe2565def6,bdb6c2693492c9e4
data/dataset/brown_blight/image_0_5373.jpg,1,brown_blight,256,256,4547,True,False,False,False,144.78036499023438,227.50460815429688,58.39875452050467,False,False,True,False,True,,d8432cc39544b3dfdc952b9fd209e6e467bfbd8045c2f08ddece494f3467102d,bd9ac061369f69b0
data/dataset/brown_blight/image_0_5382.jpg,1,brown_blight,256,256,4403,True,False,False,False,212.01795959449373,221.99249267578125,70.96783345151655,False,False,True,False,True,,db464570ddfc5921c03a2a615bf735d2f4dccc3742c28609e688e508ea0c8253,e86a879c31634e7c
data/dataset/brown_blight/image_0_5501.jpg,1,brown_blight,256,256,4999,True,False,False,False,486.12544097728096,225.62185668945312,63.5703294044156,False,False,True,False,True,,71c890a04d8e1086cfc21b77e9824a024bd1fd858c61c0b0de0b7050abea4cbf,bbc0c43d6bc2970d
data/dataset/brown_blight/image_0_5641.jpg,1,brown_blight,256,256,5023,True,False,False,False,448.85803215112537,231.34426879882812,58.22593180038813,False,False,True,False,True,,c7d442eba18ceedf9ea3c8d18abd0c04f38fd4324a08e84c6a528d1660ce4865,a0c79e3861cf32b6
data/dataset/brown_blight/image_0_5664.jpg,1,brown_blight,256,256,4413,True,False,False,False,123.32261655828916,225.80271911621094,61.28842618817201,False,False,True,False,True,,a74aba3a9b7707e89e242f35cd56c7668f05d156b33b984c73a76d512bdd19a2,e8cb95346bcab485
data/dataset/brown_blight/image_0_5724.jpg,1,brown_blight,256,256,4900,True,False,False,False,188.5441586971283,221.9912109375,55.230586710598246,False,False,True,False,True,,3bb38fde79128ed265bd376ecd35885b83235ea0f276a49307fcc885f4641bf9,f092cb6d329acdb0
data/dataset/brown_blight/image_0_5965.jpg,1,brown_blight,256,256,5062,True,False,False,False,371.31770179397427,225.35069274902344,63.16024974826156,False,False,True,False,True,,5cced71bc11afe47d501a99d3301cf4baf13465a6b1cf862247096c834290ffe,bc9ac365309e63d1
data/dataset/brown_blight/image_0_6027.jpg,1,brown_blight,256,256,5421,True,False,False,False,460.98216079338454,224.23870849609375,62.31748933480975,False,False,True,False,True,,d39fe0b920f43ebed348961722732b8c8935aa896afea4c514b0f0134942755a,aa95c06a3d9ecb61
data/dataset/brown_blight/image_0_609 - Copy (2).jpg,1,brown_blight,256,256,3772,True,False,False,False,149.1094512657728,237.84033203125,49.69414190608721,False,False,True,False,True,,298f6baafca1f869e9c6f48bf621be62e8582018dae405422d834dcbfc0ae404,f192cf653098cd66
data/dataset/brown_blight/image_0_609 - Copy.jpg,1,brown_blight,256,256,3772,True,False,True,True,149.1094512657728,237.84033203125,49.69414190608721,False,False,True,False,True,,298f6baafca1f869e9c6f48bf621be62e8582018dae405422d834dcbfc0ae404,f192cf653098cd66
data/dataset/brown_blight/image_0_609.jpg,1,brown_blight,256,256,3772,True,False,True,True,149.1094512657728,237.84033203125,49.69414190608721,False,False,True,False,True,,298f6baafca1f869e9c6f48bf621be62e8582018dae405422d834dcbfc0ae404,f192cf653098cd66
data/dataset/brown_blight/image_0_6423.jpg,1,brown_blight,256,256,4966,True,False,False,False,387.7278403034434,222.0020294189453,65.75224627933953,False,False,True,False,True,,cfedab82a97e9840198ecf3fddca21d475deef882a655f7cbaaffcd6a8e9c5f6,a09fc761389ec369
data/dataset/brown_blight/image_0_6476.jpg,1,brown_blight,256,256,5478,True,False,False,False,493.8897964579519,222.327880859375,64.37862034913509,False,False,True,False,True,,e1a37b92eaed888753db070b640680da5a62838349f515b10729ca878001e733,b3c38c3c63c39e34
data/dataset/brown_blight/image_0_6496.jpg,1,brown_blight,256,256,4354,True,False,False,False,249.0959472320974,231.9464569091797,58.20361355673916,False,False,True,False,True,,b72503bd35450395f13b3c6be510e1f7cd7845bd8dc69a6f659dbfc226cd1227,ec0d97c26a3c8dc3
data/dataset/brown_blight/image_0_65 - Copy (2).jpg,1,brown_blight,256,256,5531,True,False,False,False,541.3503870142158,226.44911193847656,62.80563092691491,False,False,True,False,True,,1413d4ffc79fad9f6426b662ea4aa638c739512591d3205d4d87ee223b5cefd1,b891c74e3c94d26b
data/dataset/brown_blight/image_0_65 - Copy.jpg,1,brown_blight,256,256,5531,True,False,True,True,541.3503870142158,226.44911193847656,62.80563092691491,False,False,True,False,True,,1413d4ffc79fad9f6426b662ea4aa638c739512591d3205d4d87ee223b5cefd1,b891c74e3c94d26b
data/dataset/brown_blight/image_0_65.jpg,1,brown_blight,256,256,5531,True,False,True,True,541.3503870142158,226.44911193847656,62.80563092691491,False,False,True,False,True,,1413d4ffc79fad9f6426b662ea4aa638c739512591d3205d4d87ee223b5cefd1,b891c74e3c94d26b
data/dataset/brown_blight/image_0_6524.jpg,1,brown_blight,256,256,4485,True,False,False,False,246.57316566980444,227.23179626464844,60.34612432301745,False,False,True,False,True,,786f88f01130198a3e1c7a4ec75cd3f26285ec18c4f1ae989f92b203a1a851b3,bc9ec361349e1a69
data/dataset/brown_blight/image_0_683 - Copy (2).jpg,1,brown_blight,256,256,4646,True,False,False,False,227.8131103515625,225.2485809326172,64.15590410757812,False,False,True,False,True,,77ab82cbf2528a4df79de4ba5225e39cdefc603e36b2f622b476c388bac78809,ea3495ca6a31bc1e
data/dataset/brown_blight/image_0_683 - Copy.jpg,1,brown_blight,256,256,4646,True,False,True,True,227.8131103515625,225.2485809326172,64.15590410757812,False,False,True,False,True,,77ab82cbf2528a4df79de4ba5225e39cdefc603e36b2f622b476c388bac78809,ea3495ca6a31bc1e
data/dataset/brown_blight/image_0_683.jpg,1,brown_blight,256,256,4646,True,False,True,True,227.8131103515625,225.2485809326172,64.15590410757812,False,False,True,False,True,,77ab82cbf2528a4df79de4ba5225e39cdefc603e36b2f622b476c388bac78809,ea3495ca6a31bc1e
data/dataset/brown_blight/image_0_688 - Copy (2).jpg,1,brown_blight,256,256,4917,True,False,False,False,72.58559456071816,150.85755920410156,93.05357698785105,True,False,False,False,True,,da2038241a627d417444a3ff414c8ac03a64ab81e7da2c9e522d7cd42107ffac,aa97d5682aa4749e
data/dataset/brown_blight/image_0_688 - Copy.jpg,1,brown_blight,256,256,4917,True,False,True,True,72.58559456071816,150.85755920410156,93.05357698785105,True,False,False,False,True,,da2038241a627d417444a3ff414c8ac03a64ab81e7da2c9e522d7cd42107ffac,aa97d5682aa4749e
data/dataset/brown_blight/image_0_688.jpg,1,brown_blight,256,256,4917,True,False,True,True,72.58559456071816,150.85755920410156,93.05357698785105,True,False,False,False,True,,da2038241a627d417444a3ff414c8ac03a64ab81e7da2c9e522d7cd42107ffac,aa97d5682aa4749e
data/dataset/brown_blight/image_0_6919.jpg,1,brown_blight,256,256,4642,True,False,False,False,230.1279754114803,221.20933532714844,66.31389776842646,False,False,True,False,True,,e8ab1a542b47da7d9720f37ddd41ef0042bb98cd22556810ae720e503be571fd,be9dc0e03c1fca68
data/dataset/brown_blight/image_0_707 - Copy (2).jpg,1,brown_blight,256,256,4512,True,False,False,False,231.61935424804688,225.33798217773438,65.84770615214099,False,False,True,False,True,,9136cce47524c6172e62d7d2a86a0e9ba02e2752d12c5c3cfd96004d36b41473,afe5d81a27e10a1e
data/dataset/brown_blight/image_0_707 - Copy.jpg,1,brown_blight,256,256,4512,True,False,True,True,231.61935424804688,225.33798217773438,65.84770615214099,False,False,True,False,True,,9136cce47524c6172e62d7d2a86a0e9ba02e2752d12c5c3cfd96004d36b41473,afe5d81a27e10a1e
data/dataset/brown_blight/image_0_707.jpg,1,brown_blight,256,256,4512,True,False,True,True,231.61935424804688,225.33798217773438,65.84770615214099,False,False,True,False,True,,9136cce47524c6172e62d7d2a86a0e9ba02e2752d12c5c3cfd96004d36b41473,afe5d81a27e10a1e
data/dataset/brown_blight/image_0_7119.jpg,1,brown_blight,256,256,4452,True,False,False,False,170.04525756835938,230.97817993164062,55.800832904533735,False,False,True,False,True,,3eeba8f1dd01f14178de892f0305d45ed2fd794b2ef8d411867b7971ce963bf9,ea94946a359ccba5
data/dataset/brown_blight/image_0_7167.jpg,1,brown_blight,256,256,4490,True,False,False,False,381.1161327154841,232.28955078125,59.439062567306976,False,False,True,False,True,,0449110a57622a5185d8c7e1004253598cc9059005e7e0714f7f0f3394d52250,b89fc360389fc760
data/dataset/brown_blight/image_0_7191.jpg,1,brown_blight,256,256,4562,True,False,False,False,229.48712158203125,225.2723388671875,65.46656648356387,False,False,True,False,True,,79f6102546e3a746bde9b82f845d633bb7988603afe633f1a75c02aa2bd15222,e1679e983167486e
data/dataset/brown_blight/image_0_7206.jpg,1,brown_blight,256,256,5236,True,False,False,False,366.142959398916,221.45562744140625,69.72668624864276,False,False,True,False,True,,99d7cf3dab96c302462e81ddce25d79a3d26d7553b2d990de3ab0203fe2409e1,b499ce663339992c
data/dataset/brown_blight/image_0_7250.jpg,1,brown_blight,256,256,5437,True,False,False,False,420.4051958338823,220.4320526123047,66.20559107173929,False,False,True,False,True,,e706270315116009de644522b71482caded666e3221e44d7395a256931fb3b8f,fdc2d03d2fc2c00f
data/dataset/brown_blight/image_0_7319.jpg,1,brown_blight,256,256,5172,True,False,False,False,460.0285033248365,223.78619384765625,57.97163962487526,False,False,True,False,True,,1c1c003a7c91ae436013e3359a8ba187ba4ef2a1a3a7f409674134caeece76f9,f9e0c41b78e4971a
data/dataset/brown_blight/image_0_7424.jpg,1,brown_blight,256,256,4536,True,False,False,False,228.93496704101562,220.23880004882812,71.70389692277317,False,False,True,False,True,,204f5f960072cf8702e6db6d099011f0cdffe9d6dd2ec1ac232ee4c7c8d37069,e8389ece63b05a1b
data/dataset/brown_blight/image_0_7444.jpg,1,brown_blight,256,256,4241,True,False,False,False,212.03948974609375,230.2432403564453,64.41107855636355,False,False,True,False,True,,0669b2c8b013810081b017d0dc7c9275331d6997112ff272d9887ab08cf597a4,bc98cf6730994c36
data/dataset/brown_blight/image_0_758.jpg,1,brown_blight,256,256,4848,True,False,False,False,252.63008117652498,224.4969482421875,64.62536141561519,False,False,True,False,True,,ac7af1f691347cb88d7678c71aefe20c3e5a8d79457ab726579c5129c22a6188,e5929e6d3896c398
data/dataset/brown_blight/image_0_7589.jpg,1,brown_blight,256,256,4854,True,False,False,False,301.2802867682185,221.74746704101562,65.18177643935591,False,False,True,False,True,,0168e0c89edfefca9a2bb9f0105f471d7070012b8dce176ed54355c08485362a,e4cd92326dc93a95
data/dataset/brown_blight/image_0_7622.jpg,1,brown_blight,256,256,3855,True,False,False,False,279.13159130420536,240.30380249023438,47.188178623990794,False,False,True,False,True,,37a51b414174ed6d13572c51bdc619c3ffe16bb599a9e86282d659af0deb4e5e,e5929a6965969a69
data/dataset/brown_blight/image_0_7827.jpg,1,brown_blight,256,256,4032,True,False,False,False,286.67262083641253,235.81637573242188,53.31889882878212,False,False,True,False,True,,d6b52c900690f1710266f30cd402b68b9016de3f3952b15790c92ad2e2f7b22c,f0ce9f3064cf9234
data/dataset/brown_blight/image_0_7876.jpg,1,brown_blight,256,256,4593,True,False,False,False,328.9883221311029,225.40179443359375,52.722287669839744,False,False,True,False,True,,b0dcdd420eb793cd48e15434676dc4cfd615843fd6df76214a9b7287a1199a18,e54f9a3265cf9230
data/dataset/brown_blight/image_0_8053.jpg,1,brown_blight,256,256,4501,True,False,False,False,264.67889403924346,222.94778442382812,69.44889383096142,False,False,True,False,True,,34b7907597adbfad7376595e2f9b5aeff66c7e456eedbc5a4cc273841114ebee,e96b86943863c33d
data/dataset/brown_blight/image_0_8056.jpg,1,brown_blight,256,256,4735,True,False,False,False,217.82305905874819,220.6267852783203,66.66401792821256,False,False,True,False,True,,d7cff0c26a11657b403d65411039256775425ac85cf04dc0bbae2944fa87bacb,ac9ed3e160948e4f
data/dataset/brown_blight/image_0_8211.jpg,1,brown_blight,256,256,4792,True,False,False,False,419.29571533203125,225.68101501464844,64.94249148751138,False,False,True,False,True,,aec672c511e3812e3ec5502b8ddb905249df947b7440615dc85b5a8aeba5c495,e5c79a3061cb36e4
data/dataset/brown_blight/image_0_8237.jpg,1,brown_blight,256,256,4550,True,False,False,False,364.24021461769007,231.53895568847656,54.757664607654824,False,False,True,False,True,,57d08979e04470779b72052c0829768d2bdfafcc6e3418cb8773d1b3996ee124,a4cc9b3365cf3292
data/dataset/brown_blight/image_0_8264.jpg,1,brown_blight,256,256,4801,True,False,False,False,435.0255560965743,230.41346740722656,56.51177089905693,False,False,True,False,True,,0d9c4fc232138beaef59217039e89306b2145751fd6653354930a8dfad822e3b,be1dc14a3616cbe1
data/dataset/brown_blight/image_0_836.jpg,1,brown_blight,256,256,5170,True,False,False,False,222.442519945791,221.05120849609375,59.98255694125928,False,False,True,False,True,,0d58a2b69fa1dca9076f3e28a23472c2a7162a6faae94fb6b62091aff721615e,acc3923c69c39e3c
data/dataset/brown_blight/image_0_8400.jpg,1,brown_blight,256,256,5110,True,False,False,False,384.5890808105469,223.93260192871094,64.2181321374245,False,False,True,False,True,,011317d20f47e2857defe593c3dbe71722eca19538aba729a7f355f624a1431a,bc96c361349e6b91
data/dataset/brown_blight/image_0_8675.jpg,1,brown_blight,256,256,5279,True,False,False,False,320.9755977874156,220.67584228515625,60.672054517411866,False,False,True,False,True,,33b2e942217a22008b380567759ab378417572e1b7389c2058fa63c7f4949eca,a1969e6b6194cec3
data/dataset/brown_blight/image_0_8706.jpg,1,brown_blight,256,256,5514,True,False,False,False,502.18196024908684,220.17733764648438,69.16383691643829,False,False,True,False,True,,20c4f35f1b236997db242e93acc5a6690773c38bd6aad8e558b84e9381804050,bc92c2693c36f3c8
data/dataset/brown_blight/image_0_8895.jpg,1,brown_blight,256,256,5472,True,False,False,False,418.78584274998866,222.73870849609375,66.35377817147184,False,False,True,False,True,,74eb71e645d4ff2dfe1a02eaa968d8587f562d6ba65be481ec9bba7d133fa296,faad85523aadc0d2
data/dataset/brown_blight/image_0_8932.jpg,1,brown_blight,256,256,4642,True,False,False,False,198.8574218712747,223.56321716308594,66.76451382709836,False,False,True,False,True,,9e6b9d3b7b939f5030532d69e997a3e88ccc2a1256cb13c6114377231fea2d5f,e9cb963065cf1833
data/dataset/brown_blight/image_0_894.jpg,1,brown_blight,256,256,5121,True,False,False,False,445.21288920845836,223.05108642578125,66.89949456526004,False,False,True,False,True,,d380a53fef47bf03ee526a876c810d68123da439a04a4a0d8ce6feea0f024bab,e5969e6931924e8d
data/dataset/brown_blight/image_0_9001.jpg,1,brown_blight,256,256,5224,True,False,False,False,374.8305816256907,224.27255249023438,61.82475267846486,False,False,True,False,True,,0c05f1dd2bd43d15166c85bfe82fabfc8990921348ba6c0874a8c50bf6574d7d,af1ed0e02b1fa5e0
data/dataset/brown_blight/image_0_9008.jpg,1,brown_blight,256,256,5500,True,False,False,False,482.87321472144686,222.0225830078125,60.846512422587814,False,False,True,False,True,,3b74cb8f25486f10a91ac1ebafd2c558d2ce0d1ab0c08e860f3b084c04539754,aace953168cf9331
data/dataset/brown_blight/image_0_9202.jpg,1,brown_blight,256,256,5156,True,False,False,False,488.98558799084276,226.4788818359375,63.99218639985732,False,False,True,False,True,,a17dd5e8225c63a82a143d15dace62433826fb34cb8f7b2c27b04775f4e7a5e2,f19a9e653896e348
data/dataset/brown_blight/image_0_9228.jpg,1,brown_blight,256,256,4214,True,False,False,False,302.652053832775,227.28916931152344,63.34874835654386,False,False,True,False,True,,162f6b83e63934f483a8e12f77b22c8f3821fa1c2136ccfb0c9be6eaf4ece56d,a4db837c38c2c73c
data/dataset/brown_blight/image_0_9287.jpg,1,brown_blight,256,256,4295,True,False,False,False,77.55892907083035,198.9478759765625,47.405503561817184,True,False,False,False,True,,90a0aec5a04235a57d73973648273cd6a82c765a8eaa10d1589933e657463129,b49acf653898e5c2
data/dataset/brown_blight/image_0_9341.jpg,1,brown_blight,256,256,4400,True,False,False,False,271.2380981212482,230.29339599609375,59.59811628063115,False,False,True,False,True,,7867518d512cbbffae98c18289c9c3fcac43c7c0f52878b494cbc68461d79e2e,bc1cc3633c9ed261
data/dataset/brown_blight/image_0_940.jpg,1,brown_blight,256,256,3139,True,False,False,False,111.440673828125,242.9923095703125,43.39197256569984,False,False,True,False,True,,312e462723181a58c436152b7009166c27c597f26e17a0329ab3db52d8eaf8be,e19a9e65619a8e65
data/dataset/brown_blight/image_0_9457.jpg,1,brown_blight,256,256,4582,True,False,False,False,177.19425952038728,226.17941284179688,62.61323926843664,False,False,True,False,True,,6c7258c0b2f4b6797883d5ec797701feb98dc0582b60222fce40710b87b16603,bcc3963469cb9435
data/dataset/brown_blight/image_0_9604.jpg,1,brown_blight,256,256,4687,True,False,False,False,216.45880126953125,220.2809600830078,69.52198144005033,False,False,True,False,True,,1a682ad6a257a05f448ac49a98826565520472b7d38b9f6ec034f30fcbc83e6f,e8cb923465cb3e4c
data/dataset/brown_blight/image_0_9699.jpg,1,brown_blight,256,256,5072,True,False,False,False,397.49385014898144,221.18701171875,70.6634937252943,False,False,True,False,True,,4f76b8370d2dfdbef00e6ac536c0054a867a48009384d0a8948419fc40b56be2,eac895346aca3de1
data/dataset/brown_blight/image_0_9706.jpg,1,brown_blight,256,256,4680,True,False,False,False,75.79689652635716,162.6197967529297,89.16230046672887,True,False,False,False,True,,e12d2b31fa1618b11409f13c4644b81a329ae12dbbd96564b7d1649ea93382da,bbc1d42e6af1b182
data/dataset/brown_blight/image_0_9785.jpg,1,brown_blight,256,192,3682,True,False,False,False,210.4833373820616,227.40692138671875,59.91425353621154,False,False,True,False,True,,9086a5a510cefdf3d229f7273bd29ad881fb43af9af3a958b60fb985650af302,f49bcb643893651c
data/dataset/brown_blight/image_0_9792.jpg,1,brown_blight,256,256,4315,True,False,False,False,279.6922912597656,228.7147674560547,63.4482801353755,False,False,True,False,True,,41e4b66c7ca275188574b7413b655cbe6987a238e32b36d083c5aacceef5caa5,ea3495cb6a349cca
data/dataset/brown_blight/image_0_9848.jpg,1,brown_blight,256,256,4597,True,False,False,False,373.39242516458035,226.90708923339844,67.80447047822594,False,False,True,False,True,,eae34f1af7b7cb120c6b280ab43e571cc430bfcd7b081b1f5566a27b0ed50ea5,be9cc0613f9ec069
data/dataset/gray_blight/image_0_1176.jpg,2,gray_blight,256,256,5306,True,False,False,False,334.71403503394686,222.54962158203125,62.529342310303754,False,False,True,False,True,,7e7890b5dd860b7818c7c2d74e5f5c0995bd7e4c45873e375316ae8fe0270fc5,af94d0492f365ae1
data/dataset/gray_blight/image_0_127.jpg,2,gray_blight,256,256,5146,True,False,False,False,235.9967041015625,220.65199279785156,63.53639343723931,False,False,True,False,True,,c92b9607f347801fc4636bccc112362f4b69d96b61923de14cf095b58eb9b9cc,b0c7cb380c9936e7
data/dataset/gray_blight/image_0_1292.jpg,2,gray_blight,256,256,4894,True,False,False,False,309.75213607307523,221.11871337890625,67.73293733267289,False,False,True,False,True,,08af99b24dcb9fc56ca6ea63fe4efa8c6ce387589f26be478295ab60f11bf549,bc9acb65321e4dd0
data/dataset/gray_blight/image_0_1659.jpg,2,gray_blight,256,256,4294,True,False,False,False,213.4815978994593,223.6639862060547,65.3537427302101,False,False,True,False,True,,c8deb402cbb381fc0f25088a8b78929e5316990bb7fbd47a8336f8c1efa05577,b49bc3243ec3619e
data/dataset/gray_blight/image_0_1700.jpg,2,gray_blight,256,256,5205,True,False,False,False,401.54354730900377,220.65615844726562,70.21816109105998,False,False,True,False,True,,7ea12a1f0ea3e5fba4aff677701b7ac7af162cfb063fa26445340b4d4d278d4c,b098cf67389c3399
data/dataset/gray_blight/image_0_1707.jpg,2,gray_blight,256,256,4780,True,False,False,False,362.0455627432093,227.88186645507812,64.14612008877918,False,False,True,False,True,,e37f5c177c12dc8a911e7fcf0a314c44939b705286b90f899d3d83ef74a79da4,bc9ac361309f4fb0
data/dataset/gray_blight/image_0_1891.jpg,2,gray_blight,256,256,4960,True,False,False,False,224.33079528226517,225.4575653076172,58.992392355209866,False,False,True,False,True,,bda7d0f6900a0cc51ec6b649b207a9075acd2cba3fb39797d9d498eae8dc8c2a,e7939866996c3394
data/dataset/gray_blight/image_0_1984.jpg,2,gray_blight,256,256,4574,True,False,False,False,313.90864562778734,220.7647705078125,72.14626689747887,False,False,True,False,True,,51dafee65bd70496206e6a5a3966602571b13a83ad3a18e1c3a8122d69ec84dd,bfe0c09b3ee4c303
data/dataset/gray_blight/image_0_2333.jpg,2,gray_blight,256,256,4580,True,False,False,False,236.92616270086728,220.74339294433594,68.70429917912678,False,False,True,False,True,,7b8e7a03bdd32a64cb704f16a2cc6b469a958285347676ede17206b0a81d8bac,ecc8933778c0a53d
data/dataset/gray_blight/image_0_2344.jpg,2,gray_blight,256,256,3790,True,False,False,False,215.95584106445312,231.60543823242188,59.98991886920202,False,False,True,False,True,,9c49c6a899ff93b6aa988d5397dd6b6af1de2793de08ee1eba0aa3b474917e75,b59acb653c92c16c
data/dataset/gray_blight/image_0_2477.jpg,2,gray_blight,256,256,5114,True,False,False,False,248.99545288085938,223.5487060546875,58.974221307646644,False,False,True,False,True,,d4c1f54236e76904ce7d9adbc07282a0d216af7cf408259d4b6650a54235c134,b996c0693e97e0cc
data/dataset/gray_blight/image_0_2489.jpg,2,gray_blight,256,256,4288,True,False,False,False,166.2166748009622,232.8401336669922,51.946311536365215,False,False,True,False,True,,19203e066557bebaf451f4f9eae9cf1a37281ae037408cbd1f7c6a8c0c3abad9,e9ce92316cc7934c
data/dataset/gray_blight/image_0_2584.jpg,2,gray_blight,256,256,4989,True,False,False,False,385.368957426399,223.44720458984375,67.5618244122974,False,False,True,False,True,,11c86b1d4f894be6b4468ed9c8d3b708ae14691d6c3afe01730b921df8113680,e8b49f4b21b45a93
data/dataset/gray_blight/image_0_2650.jpg,2,gray_blight,256,256,5277,True,False,False,False,405.54949951171875,220.2078094482422,69.9904688033612,False,False,True,False,True,,9637712a91096ad1e6dd684a96a1a1e6ace43f4cb9c752056008409d758e3fbb,e5c69a3934c36d1c
data/dataset/gray_blight/image_0_2702.jpg,2,gray_blight,256,256,4359,True,False,False,False,313.3217468261719,220.5555419921875,72.08464646446853,False,False,True,False,True,,d84eed19c5b5c8a311d10517c6fe3c28b24a9dee04ce595082da013c2ba6edb0,be3d86c2683c9653
data/dataset/gray_blight/image_0_2728.jpg,2,gray_blight,256,256,5016,True,False,False,False,364.7040710411966,220.25225830078125,70.88288027335898,False,False,True,False,True,,7eee89c53daa045ef7104b552286e6296a814c0bdaabda2bf4936b8656bbc387,eec0913f6ec83525
data/dataset/gray_blight/image_0_285.jpg,2,gray_blight,256,256,4149,True,False,False,False,148.6037292331457,230.86196899414062,53.1100710542981,False,False,True,False,True,,bd3fb51f9fcdda94e5f360288c0d3bb8a1ce1fcaca3c190b706903995399cebb,e1309ecf653092cf
data/dataset/gray_blight/image_0_3452.jpg,2,gray_blight,256,256,4228,True,False,False,False,152.92547607421875,226.88327026367188,57.086524880212544,False,False,True,False,True,,5da58220a7d819d97d0c133689bcc2ffc87fd6681daf685dd6fd768709d2f268,bfc0c02f2fd0f04b
data/dataset/gray_blight/image_0_3724.jpg,2,gray_blight,256,256,5221,True,False,False,False,382.33000183082186,225.04051208496094,60.78991862594728,False,False,True,False,True,,8dc7f61e5370751938a730fa1ba94f92d44582710002564775c2097e41224405,bec89b34644b4bcc
data/dataset/gray_blight/image_0_3783.jpg,2,gray_blight,256,256,5471,True,False,False,False,302.6004333496094,225.4415740966797,56.40434178721508,False,False,True,False,True,,d758407cfae6c5156a0fab3238cdccfa4322dfab97af3c7d6087a180badca8a0,ecc3933c693334c3
data/dataset/gray_blight/image_0_4224.jpg,2,gray_blight,256,256,5225,True,False,False,False,531.2989501943812,220.30755615234375,70.80511171004358,False,False,True,False,True,,9765bcf430b66034fb918a42daad07822b45dc02a20fec413ecb452983d531f5,e8c797386ac3358c
data/dataset/gray_blight/image_0_590.jpg,2,gray_blight,256,256,5348,True,False,False,False,404.4786834695842,222.27012634277344,61.24273127227141,False,False,True,False,True,,9c87c9e24b93087699df40e34d944c2d7c0b7eafcf9df1b2ad7606651c763394,f58dc6326dc4920f
data/dataset/gray_blight/image_0_737.jpg,2,gray_blight,256,256,5512,True,False,False,False,242.27127075195312,221.44647216796875,62.29687968127418,False,False,True,False,True,,4c4f5bb70104d89caf44f2e37ecf0f83dbf499643a829feb1387f6af4069813f,bd9ec26134163b9c
data/dataset/healthy/20220101_090215.jpg,3,healthy,256,256,4590,True,False,False,False,70.35700956895016,170.84120178222656,52.41404741807482,True,False,False,False,True,,b1a80bd3084cd94781d62ba4a3ce9eac1db7391ae1bd6424fbcef2c5b97a759f,fa80853f4af00fda
data/dataset/healthy/20220101_090302.jpg,3,healthy,256,256,4707,True,False,False,False,79.0234527529683,165.2316436767578,53.66189556761079,True,False,False,False,True,,06569ce77b95873036a70678c184cc6430c1a41f1e491ee3c090a039e0b5023f,f09bcf659c26b822
data/dataset/healthy/20220101_091405.jpg,3,healthy,256,256,4325,True,False,False,False,66.23223839700222,174.95272827148438,49.207263595227154,True,False,False,False,True,,37b0c59e1b97e8ba9080d98ebab797d80619670fc99df3459cdf098763e6aa06,f4c19a3e65c31ec8
data/dataset/healthy/20220101_103501.jpg,3,healthy,256,256,4280,True,False,False,False,54.43794145970605,177.6453399658203,49.140004535286,True,False,False,False,True,,92073fc8709bd62f01be322910f5fe4cbf76ef13577f32a4b7d1148dc0b0b5c0,bde8c2922d69f096
data/dataset/healthy/image_0_1002.jpg,3,healthy,256,256,4579,True,False,False,False,143.45660400297493,223.95521545410156,61.06996764233349,False,False,True,False,True,,6cce06ddd45a0ca9362a238a69a94857520d9ef68c494f54db36395414df16de,ed90c2e42f9fb0e0
data/dataset/healthy/image_0_1014.jpg,3,healthy,256,256,4795,True,False,False,False,70.33612023293972,166.42623901367188,53.55998239224796,True,False,False,False,True,,2698f8b6aa07b68b895e56dd212239fb5bbce463c134f8d49684e24610fc6680,a5cdda326533268d
data/dataset/healthy/image_0_1015.jpg,3,healthy,256,256,4329,True,False,False,False,134.7808685300406,228.34921264648438,55.29806015163095,False,False,True,False,True,,808b6e418dfc6eef89e51624b53f52b0c0e3877704f2d250b2e0edced2708b62,b997c2683c974be0
data/dataset/healthy/image_0_1057.jpg,3,healthy,256,256,4364,True,False,False,False,79.28254634304903,175.88360595703125,53.418661893674816,True,False,False,False,True,,5b02373e652fdf24c8a273922722f417a848bf6ea7acbdda8c898b0d5e101edc,ede9c29634e1234e
data/dataset/healthy/image_0_1087.jpg,3,healthy,256,256,4253,True,False,False,False,137.93772832280956,221.8036346435547,60.58209131769147,False,False,True,False,True,,1604914cefc244a6b103b7b254cd117508cdb830f07f91bbe1ad2fe8047dd2d5,e5cc9b326c193399
data/dataset/healthy/image_0_1100.jpg,3,healthy,256,256,4418,True,False,False,False,258.4311523400247,220.68260192871094,69.7808914745498,False,False,True,False,True,,570c467b54e7891a493fdce902ab7b15e42f74bd9e780067a55c9ad9dad1734c,e7cc9a328f264c69
data/dataset/healthy/image_0_116.jpg,3,healthy,256,256,4340,True,False,False,False,129.39248657226562,225.5033416748047,59.96408293716597,False,False,True,False,True,,e557cb4adb63663f735e8a25d76a13f694a2e770f0b016f558737553b82abe4c,bdc2d23d6bc21c0b
data/dataset/healthy/image_0_1181.jpg,3,healthy,256,256,4224,True,False,False,False,64.97669968358241,225.31285095214844,53.36716442860632,True,False,True,False,True,,0fb0164c548e1e1774681e08552ee750c551765cddcd33ac42d4f8fb3ebb9d2e,e1d09e6b3194c74b
data/dataset/healthy/image_0_1227.jpg,3,healthy,256,256,3894,True,False,False,False,203.85128784179688,223.876220703125,70.25558502719758,False,False,True,False,True,,358eea2dfbd83343e79f276ac1601babaeaa415e6f38f5d01c90cf228244b54a,e99697693897c318
data/dataset/healthy/image_0_1232.jpg,3,healthy,256,256,4639,True,False,False,False,171.35739134903997,227.50852966308594,57.880900893396394,False,False,True,False,True,,f11d0f5d716330df492e33e165c58edcce3f6a7273e76afe29528d6713b10abe,e8cb97346ac2b48d
data/dataset/healthy/image_0_1257.jpg,3,healthy,256,256,4897,True,False,False,False,181.65217590308748,223.1142120361328,62.11575440445705,False,False,True,False,True,,aeaf9b7a2ccd670bf4ebaed94b7c66e7217d6339bd361a3b3ad1e9f58337baac,b2cecb388c33cc33
data/dataset/healthy/image_0_1317.jpg,3,healthy,256,256,4331,True,False,False,False,190.18000785051845,223.0915985107422,67.07767403886189,False,False,True,False,True,,0b83f25ca194fa2b599ca27ce0c3e98de9bc159f8d4854df1dd90da327376343,e5b39acc66246633
data/dataset/healthy/image_0_1320.jpg,3,healthy,256,256,4988,True,False,False,False,109.80693053989671,220.930419921875,57.62788443007574,False,False,True,False,True,,ab0d68d98f9bbbd8be89f22f1443dfa653727b89e7715c138e8f39c0ba6556f8,b8c3873c6963668d
data/dataset/healthy/image_0_1366.jpg,3,healthy,256,256,4139,True,False,False,False,114.99749755766243,227.3015594482422,61.023565184459905,False,False,True,False,True,,1c0896a5061de894ee7e63b58d04d32b5b0fbddf2909eebadb020eb3d47c0142,b299cce6ccc62333
data/dataset/healthy/image_0_1380.jpg,3,healthy,256,256,4157,True,False,False,False,279.9801329439506,221.5687255859375,70.75190095645516,False,False,True,False,True,,c485cb266b383c4c10acc69a2b5c9678781e0f78a4d12119ff51519a69ac04e3,bdc1c23d6bc0941f
data/dataset/healthy/image_0_1554.jpg,3,healthy,256,256,4092,True,False,False,False,133.6395873874426,227.9539794921875,61.45012040180283,False,False,True,False,True,,4cc1ccf02525a27a4cb61c12f74718eef343130f64fe46af356bfcd800bd5028,f88e973868c79748
data/dataset/healthy/image_0_1633.jpg,3,healthy,256,256,4149,True,False,False,False,170.07369995117188,226.91372680664062,57.403949185848006,False,False,True,False,True,,c60608707fd294908053e3d64f2d4f8859b89bd27986f8690e3bc5441934cb0d,bcc3d33dc0960fe0
data/dataset/healthy/image_0_1739.jpg,3,healthy,256,256,4113,True,False,False,False,195.28558349609375,225.2190704345703,63.66071098994483,False,False,True,False,True,,4aad90339b87c56eb6a4e9e90f298de5ab2558b6d0f4f58784ecdaa8d1c22a2b,b0ce9931e53366cc
data/dataset/healthy/image_0_1797.jpg,3,healthy,256,256,5178,True,False,False,False,189.92208862304688,223.64016723632812,61.67140198562396,False,False,True,False,True,,6511b122b428e1f52b6e0733dbde7c7fdcb0f2d008078455f044e6f7ad3c5bbc,f894876b34964b99
data/dataset/healthy/image_0_1818.jpg,3,healthy,256,256,4675,True,False,False,False,64.51254227384925,190.0375518798828,55.70723936538915,True,False,False,False,True,,c58abd9214342eae379b3251194e58783f0b50b04a34fba54f8516fc923842e7,e8b09e4f25b472b1
data/dataset/healthy/image_0_1883.jpg,3,healthy,256,256,4530,True,False,False,False,136.7763671875,220.33399963378906,63.22749091922688,False,False,True,False,True,,f7dae8ac560b3dd7781edcbe4845f5100a80db7b27b5d482b9a9ad7f56abca72,e8c3973c68c325ad
data/dataset/healthy/image_0_1931.jpg,3,healthy,256,256,4581,True,False,False,False,95.13652038550936,225.30831909179688,55.46634156639059,False,False,True,False,True,,893ca136065b64aeda637353035dd409c7ef36652e5346944e0bc0ce790057b8,e8c3973c69e3249c
data/dataset/healthy/image_0_2016.jpg,3,healthy,256,256,4173,True,False,False,False,182.58163452148438,220.5002899169922,65.52095476892842,False,False,True,False,True,,2c872e71027fed116b07dd64b747ad06ffcff16eaa838eb401aacdb72dc810eb,fd82c22d3dd2c02f
data/dataset/healthy/image_0_2028.jpg,3,healthy,256,256,3940,True,False,False,False,142.188720703125,227.2263641357422,63.60932233229614,False,False,True,False,True,,4b2d07028d6973ead8998facb2c4c6db04119cf5374603b560f23b88aad7592e,efc890356dca9235
data/dataset/healthy/image_0_2107.jpg,3,healthy,256,256,4917,True,False,False,False,128.4804992340505,222.41717529296875,62.487081724941724,False,False,True,False,True,,8172eb7bc5fa6dfe10203c5c8aa584bf6b653ad661cc0cd3598916803992e3a3,b2c7cd3c0c316793
data/dataset/healthy/image_0_2159.jpg,3,healthy,256,256,4483,True,False,False,False,195.58056640625,220.56832885742188,65.80151113419961,False,False,True,False,True,,a6d33054fd5b5c253ce3eddf079ba0a4c8c54fee12f277dba74fe4059a0daf67,bd69c2963c696326
data/dataset/healthy/image_0_2210.jpg,3,healthy,256,256,4642,True,False,False,False,269.6075744628906,223.85853576660156,64.72862915910515,False,False,True,False,True,,71a48efe4e092b72d10473a0d942dd1b3e6d52a773320c0dcdb4e25f0e09ac08,e1309ecf65b06a33
data/dataset/healthy/image_0_2213.jpg,3,healthy,256,256,4785,True,False,False,False,72.61462368723005,182.68350219726562,54.81885970347881,True,False,False,False,True,,b429da9be546c3194c4f2ff04560ee0aaf44f7859ef342e6e5c29612ea077e79,e99e96693897c318
data/dataset/healthy/image_0_2266.jpg,3,healthy,256,256,4320,True,False,False,False,149.21680936752819,220.0634002685547,66.7235411102535,False,False,True,False,True,,e90902188d35dd5791db50a48ceb514e2251be7dcf5fb3cd4cc0b9e22e1bbc0f,ea84957b7a81a51e
data/dataset/healthy/image_0_2291.jpg,3,healthy,256,256,4133,True,False,False,False,168.67639160063118,226.23757934570312,63.810671536225854,False,False,True,False,True,,75a00115e056c711184f8b5749d86ec5e54f6a099c9e2c923228ac50a1777765,bd2cc0d12f2fd0f0
data/dataset/healthy/image_0_2330.jpg,3,healthy,256,256,4850,True,False,False,False,73.87239031656645,186.77633666992188,58.073998639464264,True,False,False,False,True,,4ff42a1083e9dd12a842864e9a5a6b8d7a253832daf1e3a9406ec4d4421a0953,e84b97b4694366ac
data/dataset/healthy/image_0_2333.jpg,3,healthy,256,256,4683,True,False,False,False,155.14550765510648,220.45758056640625,64.79517759981265,False,False,True,False,True,,b0645486ecac1a0537269ca91efa6e53a092fe8e88262957bcba5c7cbd417863,b319cf64cc66cc46
data/dataset/healthy/image_0_2382.jpg,3,healthy,256,256,4306,True,False,False,False,76.73881511180662,179.05308532714844,53.01283861755391,True,False,False,False,True,,5e5e56a3264fd2834e9f742617d14733155f94c0db560edf1c023e1379deed24,ede9c29634e14b0e
data/dataset/healthy/image_0_2396.jpg,3,healthy,256,256,4262,True,False,False,False,63.99725341703743,226.74887084960938,55.594490090627986,True,False,True,False,True,,6af30bd1aad0c7bfd9f6c21c481ca0926eb1ab7732d85fb82089bdb49c099e65,b4c1ca3e6dc1168f
data/dataset/healthy/image_0_2450.jpg,3,healthy,256,256,4951,True,False,False,False,156.2420654296875,223.59613037109375,60.054555933710084,False,False,True,False,True,,c62c96f98b4f56fc439299686edce6067d1e260a552d35fc5e20c7a7815988d1,bd9acb61301e3b98
data/dataset/healthy/image_0_2467.jpg,3,healthy,256,256,4247,True,False,False,False,128.64495849609375,224.42593383789062,64.21432852437565,False,False,True,False,True,,c69511cd279692b841aa41ba7b4736e989a1b81e44add7efc2eb59260cfd3dc7,e1cf963069c3b4ca
data/dataset/healthy/image_0_2487.jpg,3,healthy,256,256,4665,True,False,False,False,69.85330199822783,179.4736785888672,53.87136957393237,True,False,False,False,True,,76cec4c146b2fee756b4eab03045d0b3fbc45b712f54e648aab71cfd26205a68,a0cf9a3065cb9e99
data/dataset/healthy/image_0_2599.jpg,3,healthy,256,256,4415,True,False,False,False,141.88662719726562,225.55697631835938,62.1618704118021,False,False,True,False,True,,6c009b1c95e975e2b17bdd6af5cae499069bf5b04c71d0b40dce1153bf4b0419,fd92c2693c96c269
data/dataset/healthy/image_0_2602.jpg,3,healthy,256,256,4654,True,False,False,False,178.5509642958641,220.19979858398438,67.96834184474044,False,False,True,False,True,,a5640fcaefcd903e0059568305d0639982ae3ef7972f29d27e614229508ce38f,bc9ec361349f49c4
data/dataset/healthy/image_0_2633.jpg,3,healthy,256,256,4495,True,False,False,False,148.7548828125,227.2753448486328,60.47095068293958,False,False,True,False,True,,6a0f76f9f5c4b93de901babb23e196d995b256ac5a91077c009633e9d929e995,e8c296386bc6bc99
data/dataset/healthy/image_0_2760.jpg,3,healthy,256,256,4777,True,False,False,False,156.7000080263242,220.6700439453125,61.47032938837449,False,False,True,False,True,,16c088b032d1dccd9d9f946820a51f923cda9e8121fe6ae807fda3f395473ff6,eac0953d4897add8
data/dataset/healthy/image_0_2842.jpg,3,healthy,256,256,4089,True,False,False,False,224.63613891601562,220.89573669433594,71.65026352070133,False,False,True,False,True,,909e3daad68da22d63b290ce01ba3793dca149f07817f656f200cf7bfdac0813,e1b09e4e63347a93
data/dataset/healthy/image_0_2934.jpg,3,healthy,256,256,4741,True,False,False,False,216.1027831947431,223.22817993164062,64.5129693525303,False,False,True,False,True,,1250cc7372258681d2fb33797bdd47ac1788b2de04ff926407dcec20b8a6dc51,bf19c0e02f97b078
data/dataset/healthy/image_0_2954.jpg,3,healthy,256,256,4539,True,False,False,False,140.80276489257812,227.66204833984375,57.551295883029624,False,False,True,False,True,,de24ed84860a51b0a59adc8205fec81354cf009b6995274b383ac4bdf43e5f22,e89797687887c25a
data/dataset/healthy/image_0_3001.jpg,3,healthy,256,256,4438,True,False,False,False,98.06298827752471,224.5438232421875,57.67754361773217,False,False,True,False,True,,196facacfe949c949ba4e109a5306fc80bc446d7efc149b5bf1b9da63995891d,b892c36d3cb271c9
data/dataset/healthy/image_0_3014.jpg,3,healthy,256,256,4347,True,False,False,False,131.25173950195312,229.19583129882812,58.70913959701283,False,False,True,False,True,,0ea8389c8244f2a43b0fec8a616c0cf1b000981c934a2d7e27af9c1498d0d2f3,e996c6693c96c31c
data/dataset/healthy/image_0_310.jpg,3,healthy,256,256,4510,True,False,False,False,155.3983154296875,226.38291931152344,60.0416521633521,False,False,True,False,True,,e7c17b0ff3d8179d893b78b88376c5173adecaf985a8c2cc4e60e58e6ffac40d,e89c976b3c94c34a
data/dataset/healthy/image_0_3121.jpg,3,healthy,256,256,4591,True,False,False,False,137.80947875976562,226.77731323242188,59.6885402229221,False,False,True,False,True,,8158544fad7baff03d2a0b0e22fdfd1a5a80a07e3ea09468a67f5b6090482ffd,b2c7cd38603337c6
data/dataset/healthy/image_0_3148.jpg,3,healthy,256,256,4193,True,False,False,False,160.68206708785146,221.7266082763672,67.6225092053537,False,False,True,False,True,,cd86a48ef37ded3f78ec8d163f73b81c54b875b241cd3176ac31838e67b67ac5,bc9ac361349e6b98
data/dataset/healthy/image_0_3216.jpg,3,healthy,256,256,4589,True,False,False,False,139.2792968712747,220.2972869873047,63.50321134813798,False,False,True,False,True,,a38293140af023acece0660fb0096cc6f4b45bd800f2c451009a708de6752ff1,bdc2d23c6bc29c0b
data/dataset/healthy/image_0_3378.jpg,3,healthy,256,256,4551,True,False,False,False,130.6234431527555,223.38226318359375,59.245502226229426,False,False,True,False,True,,aa9f78f8daab6359d184c5ed56a89a483474a920be8ef4f1b256497e7ce23c8b,b218cdc6cce6c547
data/dataset/healthy/image_0_3394.jpg,3,healthy,256,256,4662,True,False,False,False,172.6385498046875,224.94488525390625,62.09779875971662,False,False,True,False,True,,918c91006bb122c7e57aa03fa012af3eae023b91da6176567518eaf653196e62,bc9ecb61309c4bc9
data/dataset/healthy/image_0_3532.jpg,3,healthy,256,256,4957,True,False,False,False,88.75949093326926,222.78854370117188,48.194114084866136,False,False,True,False,True,,1e702c29bef0d90ee78832bb7705c54c605f5e7ca27184157d8697dbcd9047e5,ec81c23c6963b69e
data/dataset/healthy/image_0_3582.jpg,3,healthy,256,256,4710,True,False,False,False,206.259033203125,220.72828674316406,68.0876103093901,False,False,True,False,True,,cfc8700e31467fc5005bee9a94618b43cc08349e86924940b0a3b471d76e4b34,bd1fc2e02d17b078
data/dataset/healthy/image_0_3642.jpg,3,healthy,256,256,4183,True,False,False,False,290.4948272590991,223.9666748046875,68.21908631801051,False,False,True,False,True,,3fdfb47853a02c6828fb91b1d4c01822fcc68d714f9fc583c4022613ec6e969e,e8cf9e3065cb1a91
data/dataset/healthy/image_0_3643.jpg,3,healthy,256,256,4730,True,False,False,False,160.19462573132478,221.76756286621094,62.137573232952974,False,False,True,False,True,,6094cdbc7f63f4c74c1998eb2fee1f11e7180af9c1a37a2453dbf4ba61585ea7,f49acd6632393398
data/dataset/healthy/image_0_3648.jpg,3,healthy,256,256,3740,True,False,False,False,123.30810546875,233.39768981933594,55.35318507378306,False,False,True,False,True,,e89cd78f3c44410783de1b9ce41f73ad7e051bb4c858e450234f47e739aab57d,e6999b66cc668913
data/dataset/healthy/image_0_3690.jpg,3,healthy,256,256,4437,True,False,False,False,160.437744140625,220.75328063964844,64.44257652727907,False,False,True,False,True,,6559e7c0be5ec862c3e23a062e43059a80266c7766fb2e52440bb1867064db36,be9ec0613d967258
data/dataset/healthy/image_0_3704.jpg,3,healthy,256,256,3973,True,False,False,False,205.432373046875,226.9583282470703,64.46523195883964,False,False,True,False,True,,5347e04625fddcaf0b75890589bff079feac3f46cfde23dfca565420172624ad,e89687683c97c378
data/dataset/healthy/image_0_510.jpg,3,healthy,256,256,4861,True,False,False,False,64.9025115778204,169.49183654785156,63.10913655685521,True,False,False,False,True,,b30f33896db8607167e85431feac3a198fa67307dd4c2c86c2d56e5c01692e62,abeac09735e16127
data/dataset/healthy/image_0_520.jpg,3,healthy,256,256,4184,True,False,False,False,138.25653076171875,227.45643615722656,60.05449714499395,False,False,True,False,True,,fe349ccfd7f6cb31c6788a81efe6be7525c42c0802859bb2d4982d7965465bbc,b098cf67321d3d98
data/dataset/healthy/image_0_522.jpg,3,healthy,256,256,4648,True,False,False,False,172.68118286132812,221.0843048095703,67.55913018993341,False,False,True,False,True,,aa464e97aca171083b8872f52a5218be4ed1f9f2c2545d63305b8184c6b314e8,e7989a69d9266166
data/dataset/healthy/image_0_524.jpg,3,healthy,256,256,5151,True,False,False,False,163.07325744605623,220.13870239257812,56.78135872715757,False,False,True,False,True,,6314a8dd15d6fee6af51a0d8568d7afa8bba9aeb2b29258e5016be55c7c6dd70,af95d04a2f3570d2
data/dataset/healthy/image_0_54.jpg,3,healthy,256,256,4938,True,False,False,False,73.6163022518158,180.3909149169922,58.42164465599931,True,False,False,False,True,,a4b075ea4aba700946efc159a0c69e66dea91ef0925521d369eaee6505d64ecb,f5c19a3ce1276698
data/dataset/healthy/image_0_607.jpg,3,healthy,256,256,4839,True,False,False,False,79.5441253921017,178.60231018066406,57.47712584388173,True,False,False,False,True,,8f1797dd4387284eea391a07bbc5da9f96fd1470c7bc99dedd0e097db901c4e9,bd92c02d96c9ed86
data/dataset/healthy/image_0_711.jpg,3,healthy,256,256,4074,True,False,False,False,157.845703125,225.8371124267578,64.25786713703458,False,False,True,False,True,,1586227625bdab65c28b06bc39328e0299f719764683d59bcb1f59c38d0133ab,bc96c2613c9ec3e1
data/dataset/healthy/image_0_732.jpg,3,healthy,256,256,4819,True,False,False,False,121.62545776367188,222.45664978027344,60.088099439446225,False,False,True,False,True,,56c2672e505e0f955af49c6a252042119ddd2a8b73d14b801a683fa0ecfc02e6,e995966a3d3562d0
data/dataset/healthy/image_0_735.jpg,3,healthy,256,256,4173,True,False,False,False,159.5590820228681,227.7618865966797,63.220873642658155,False,False,True,False,True,,3a502a6d2da4cb9dee2898a820185407040ca7a315b904734a436c1e2bdb8e61,b063ce9c39c33963
data/dataset/healthy/image_0_746.jpg,3,healthy,256,256,4532,True,False,False,False,176.67391967773438,226.56423950195312,59.40159786036495,False,False,True,False,True,,8696ad04578ceed349928bfbbb5242ac0d9cfb490f55c72eaccedd97bef2deab,b099cf26383399ce
data/dataset/healthy/image_0_823.jpg,3,healthy,256,256,4592,True,False,False,False,219.99176025390625,221.39178466796875,67.86017757727183,False,False,True,False,True,,548800b174be358b635234eb612bd43d174794363469bfb46d3271b54934db96,e53298ccc6cc66b3
data/dataset/healthy/image_0_83.jpg,3,healthy,256,256,3885,True,False,False,False,139.894287109375,233.48275756835938,53.33496629510986,False,False,True,False,True,,8aea39db5426778e44cef5826adc55fb0cd98bb606f22e1e7bd69c42d0e9f450,b465cb1a34e1cb1e
data/dataset/healthy/image_0_90.jpg,3,healthy,256,256,4385,True,False,False,False,122.94734191871248,229.7777862548828,56.00936714593028,False,False,True,False,True,,946f137b9aea7eeb460dfca205523d1a363dc2a3761bb02f644d012de0001bf4,b19ecf61309ec3c4
data/dataset/healthy/image_0_909.jpg,3,healthy,256,256,4662,True,False,False,False,149.12741088867188,226.24822998046875,57.1665995835944,False,False,True,False,True,,e9d8503e88bda8348ab4339bfb19194895b2dd8c04c7cd803f7a0c71e9f5da60,e1949e6934966b99
data/dataset/healthy/image_0_930.jpg,3,healthy,256,256,5001,True,False,False,False,142.689712457126,220.03115844726562,62.21708407959956,False,False,True,False,True,,e59477f9e7a3182c846e487fe6dfbb54bf27c4d045db4a4363cdb0df1d988024,bce1c31e6d693286
data/dataset/healthy/image_0_931.jpg,3,healthy,256,256,4709,True,False,False,False,205.91708374023438,222.4817352294922,64.9109398856434,False,False,True,False,True,,f5327a5066b7f38177a4c46752bbea74cf0764f9b89ce2815be3403304c0f137,bc9cc361349e4b99
data/dataset/helopeltis/20211205_155223.jpg,4,helopeltis,256,256,4149,True,False,False,False,74.39178371429443,154.2623748779297,30.458583405998862,True,False,False,False,True,,059cfab8c14e565bab3c15be23c8eaa7c8fc347197adce33cd5c212eef4957f9,e5d89a64319ace6c
data/dataset/helopeltis/20211205_155948.jpg,4,helopeltis,256,256,3830,True,False,False,False,59.09123226045631,155.4131317138672,32.68050820814543,True,False,False,False,True,,c504c5bd5f8395506a954d813ae81dda379e7dc3a18a4732444de351a1ee4433,f4cacb7134cec930
data/dataset/helopeltis/20211205_160126.jpg,4,helopeltis,256,256,4412,True,False,False,False,57.71130359824747,155.60479736328125,36.21462912928467,True,False,False,False,True,,fb8b0aabb2b4a3e9c7492ec7b9a9644c9d9cac5cb935bbc86cb14798355d85cf,e1dc9663789c86c3
data/dataset/helopeltis/20211205_160149.jpg,4,helopeltis,256,256,4336,True,False,False,False,65.47663166350685,155.8621063232422,37.601294031569694,True,False,False,False,True,,078c09f37bc9d348c5d919dc2855f26f482d21bc4ccf3f13861ce0af01e21f73,e5989e65699c8669
data/dataset/helopeltis/20211205_160923.jpg,4,helopeltis,256,256,4998,True,False,False,False,76.90627818927169,182.6803741455078,45.02901486289814,True,False,False,False,True,,021a505bf60b9d53a9e4f9bd0388c1763b166f36b626f4d95f332302695ef218,fda1c20e3fe0a01f
data/dataset/helopeltis/20211205_161247.jpg,4,helopeltis,256,256,4403,True,False,False,False,68.6253051161766,160.4281463623047,39.68806548740912,True,False,False,False,True,,d45619b0ee7e5438291972ed7a7c3aa0762498c9fcffba8c8f1eab4e1e116051,e1869e7968968769
data/dataset/helopeltis/20220101_091256.jpg,4,helopeltis,256,256,4504,True,False,False,False,70.74166868627071,176.588623046875,53.544896658891986,True,False,False,False,True,,49792a9ee913ea1c4cfe207a9f726d5e3db23ea4f5130eb4cd2fc5f6a2d9f6b2,fdc2c23d60d20fc9
data/dataset/helopeltis/20220101_091304.jpg,4,helopeltis,256,256,4854,True,False,False,False,70.2921749567613,173.59349060058594,45.12679909508483,True,False,False,False,True,,35888f9d5a02c83e029ef7392d1e62f88aeec43850e5e82d368ed7aef78dea4e,fd80c32d70d00f6f
data/dataset/helopeltis/20220101_091850.jpg,4,helopeltis,256,256,3910,True,False,False,False,58.03428637585603,169.29074096679688,34.761491639298995,True,False,False,False,True,,94e1410d7596923f8d53ffdf8fbe16fc941701062f580eb929e4ab47650f2f09,f48fcb3034c9933c
data/dataset/helopeltis/20220101_092257.jpg,4,helopeltis,256,256,4168,True,False,False,False,75.53251644014381,171.10731506347656,37.53576262103357,True,False,False,False,True,,d28aebf5de7e8fb4c30a01c5878098b1661ab6756623e48086b6880f1adb9977,e78c983364cc93b6
data/dataset/helopeltis/20220101_092426.jpg,4,helopeltis,256,256,4133,True,False,False,False,63.66322275227867,171.7872314453125,36.98501513494851,True,False,False,False,True,,a4c794e34db347c27ecc13616d23d0ee2e767f4df64d08f61b3d7e61dec3a27f,f38ccc3332ce338c
data/dataset/helopeltis/20220101_092551.jpg,4,helopeltis,256,256,4298,True,False,False,False,67.03601074125618,167.21849060058594,42.09646218140502,True,False,False,False,True,,4042ff90bc1e1769b11373c5fbfbc3aa7750ff3c1479600b8bff20e2eec10323,ec169369b66c6c91
data/dataset/helopeltis/20220101_094229.jpg,4,helopeltis,256,256,5288,True,False,False,False,51.51399038149975,170.9901580810547,55.8102393503615,True,False,False,False,True,,dae3e3634b41a10eea3109d505b78e6d1230a03d8300f121e20f52798f7262f9,e9b4c2c935b63239
data/dataset/helopeltis/20220101_095615.jpg,4,helopeltis,256,256,4277,True,False,False,False,43.08064244664274,154.25912475585938,37.49241979527384,True,False,False,False,True,,76c44001a96cf0113f42cab7a2f94e033c291c7528e046ace484be823c7ba05c,f0cf8f3064cb929c
data/dataset/helopeltis/20220101_095636.jpg,4,helopeltis,256,256,3868,True,False,False,False,53.01037597283721,169.67515563964844,35.48047012370559,True,False,False,False,True,,131a271d9c73d73ca86703cc1b6cd91599868f3c75a0dc6b2b58e5043964f28f,a5cd9a3265cd9a32
data/dataset/helopeltis/20220101_095652.jpg,4,helopeltis,256,256,3786,True,False,False,False,59.57600400946103,170.74444580078125,34.95145820735943,True,False,False,False,True,,004f8b1040145094f2ee4eba26b40c9b8a241e806eb0da7c6b67fcc38d739965,f2cc993366cc1993
data/dataset/helopeltis/20220101_095708.jpg,4,helopeltis,256,256,3784,True,False,False,False,44.635039910674095,175.18333435058594,36.18663142193899,True,False,False,False,True,,3b8133dc773ef7526e81b55250fe22681a4cf26d1df9d33a17dc6449580b9fba,b2cf893066cc99e3
data/dataset/helopeltis/20220101_095720.jpg,4,helopeltis,256,256,4714,True,False,False,False,45.992340087890625,174.86251831054688,47.455077970656426,True,False,False,False,True,,f55f94bf31441f04be708a470d4ef025eba40af09c48f6cf973cba4456d412eb,eac2953d6ac2a59c
data/dataset/helopeltis/20220101_095742.jpg,4,helopeltis,256,256,3980,True,False,False,False,78.79037469625473,175.86819458007812,38.49434817848911,True,False,False,False,True,,26f3705effcfe88cb1973ec5b51dafec1b13e4071e6ae37055bdaf7942f95db5,e5cc9a636c98324f
data/dataset/helopeltis/20220101_095837.jpg,4,helopeltis,256,256,4170,True,False,False,False,51.44798266491853,172.5986328125,41.91163612019248,True,False,False,False,True,,9a7e5a4b26e417884d6561e1be17c1d026e3d25354a8c44ca684b10216fc21b5,e5cf9a30659a38c3
data/dataset/helopeltis/20220101_100050.jpg,4,helopeltis,256,256,4241,True,False,False,False,68.69467159733176,172.24012756347656,44.76972877959365,True,False,False,False,True,,68e1266a5ef6563c9f97fafe946490edd9677e72b534dbee4f61282899e05c01,e5cd9a3265cf18b0
data/dataset/helopeltis/20220101_100107.jpg,4,helopeltis,256,256,3707,True,False,False,False,39.81802233681083,168.25155639648438,30.402187118469275,True,False,False,False,True,,db7b5fccfb2e93ebf1455de88c379ce9bb3f3463d224e44c2093b794c4845b48,e78c9a33658d9a32
data/dataset/helopeltis/20220101_100125.jpg,4,helopeltis,256,256,3926,True,False,False,False,42.04096937715076,176.1793975830078,48.32504742341165,True,False,False,False,True,,c2ed0c1c4fedcd0bd26e0993677a15d2843a3973c83d88635b2bdfc2c14c743d,e39c91674893b5cc
data/dataset/helopeltis/20220101_101848.jpg,4,helopeltis,256,256,4264,True,False,False,False,69.0605611500796,180.83058166503906,47.31210233424613,True,False,False,False,True,,794676fdde27694e28b3920ad14c4c557e2d3433b6dcd7e9a8b5d15db58435f8,b0c78f3864c53e8e
data/dataset/helopeltis/20220101_102559.jpg,4,helopeltis,256,256,4505,True,False,False,False,47.340574755333364,175.27020263671875,48.549001145889974,True,False,False,False,True,,84cdd689ef81ea5f9a24f6b514dcf3593c3021d5f789311acb5e8cc20be02cd3,bd9ac26d3d92e049
data/dataset/helopeltis/20220101_102913.jpg,4,helopeltis,256,256,4722,True,False,False,False,66.777891500853,168.28195190429688,54.16277703561368,True,False,False,False,True,,057885002f5dde1422ae9654f2a914e36cbd1e108db97a1da4e0675ecf2d0671,a8df86786b93b00e
data/dataset/helopeltis/20220101_103356.jpg,4,helopeltis,256,256,4157,True,False,False,False,77.36495971586555,179.26512145996094,46.50265503793615,True,False,False,False,True,,925017f725350cb8d68694874d8801fca950a146c93922a1b4cd53ea5c2d98b3,e5ca9a7165c63869
data/dataset/helopeltis/20220101_103423.jpg,4,helopeltis,256,256,4172,True,False,False,False,63.33208835031837,179.0008087158203,44.63308376870656,True,False,False,False,True,,74cacf3af73dec2f1c5ff7fba09b836236b7d34d052035ce51621553e9d71f54,e0cb9f3869c3961c
data/dataset/helopeltis/20220101_103625.jpg,4,helopeltis,256,256,4955,True,False,False,False,75.05311519070528,162.9894561767578,53.57327325459571,True,False,False,False,True,,9dafcd15dadd038e86a8fd377a1c8adc8a475fb796d7667f964492732020c69c,eac895327ac5659a
data/dataset/helopeltis/20220101_103638.jpg,4,helopeltis,256,256,4986,True,False,False,False,60.554915625369176,159.99717712402344,54.731577170009665,True,False,False,False,True,,a774c2383e0aaf866991b7e19c2489eb19edc3e75e2dae5340b688db394cc35d,fbc0943fc8950f52
data/dataset/helopeltis/20220101_103734.jpg,4,helopeltis,256,256,4486,True,False,False,False,59.71868400182575,164.81788635253906,53.84557209332895,True,False,False,False,True,,0d24c733a398641e126621de3751057531d0d978034d3e7bb6af5b4157c45c19,e48f93346bc39c91
data/dataset/helopeltis/20220101_103754.jpg,4,helopeltis,256,256,4140,True,False,False,False,46.6876365726348,156.41575622558594,40.12760044883564,True,False,False,False,True,,eab41525f51bcd809252b71301df42c5b73c346093e9e0741115c20626b6617c,f4c5cb3a66cc18b1
data/dataset/helopeltis/20220101_104004.jpg,4,helopeltis,256,256,3990,True,False,False,False,52.26696743723005,176.69891357421875,40.193930476622,True,False,False,False,True,,1b2a5c0345e98000da3c2b98315a9bc7e9b2ff0522a26d5b65c188127af804a7,e59a9b65309ac761
data/dataset/helopeltis/20220101_104224.jpg,4,helopeltis,256,256,4077,True,False,False,False,63.910169226815924,175.0280303955078,42.00337995973711,True,False,False,False,True,,ef663245b90ae6c565c3662e10e741930d1885c1856352711d000067ed6366a5,ec99926dc964d992
data/dataset/helopeltis/20220101_104239.jpg,4,helopeltis,256,256,4905,True,False,False,False,78.0300426275935,180.60440063476562,56.366422174461704,True,False,False,False,True,,8619953451a10e02527b83641ab041775f0d16671ff22dc15419f9fb6dab8956,ed96c369341e6391
data/dataset/helopeltis/20220101_104552.jpg,4,helopeltis,256,256,5375,True,False,False,False,73.35189309343696,169.95355224609375,61.69032259348453,True,False,False,False,True,,3bd36df11e5566e19f74aa64c22347b810350b079bf9e27183f8de6bd874575d,af93d06a3bb56092
data/dataset/helopeltis/20220101_104616.jpg,4,helopeltis,256,256,4447,True,False,False,False,59.35482747014612,175.6725616455078,42.39476331011977,True,False,False,False,True,,bf6adef06af9b6fd5292701207b262beb5d9b9ed12b49602ef4a6b23d2f1eb3a,e7339c4c63b38c4a
data/dataset/helopeltis/20220101_104745.jpg,4,helopeltis,256,256,4521,True,False,False,False,61.44659416284412,176.94573974609375,45.1440864501714,True,False,False,False,True,,0603e4446d87fbe3909c32611e42945a5bf5efc48ea0d11d698ff93d3a12cbd3,ed1396686897867a
data/dataset/helopeltis/20220101_104810.jpg,4,helopeltis,256,256,4519,True,False,False,False,73.03999328403734,170.15655517578125,42.34562520061822,True,False,False,False,True,,7902c57e2ee44c7df5780dfb9e398c0ff70cf0c02b76314b99be222f3e6a63c7,eb889c67629c8573
data/dataset/helopeltis/20220101_104824.jpg,4,helopeltis,256,256,4587,True,False,False,False,68.52587874885648,181.44215393066406,50.760235541521084,True,False,False,False,True,,c0ae89434d27ebb182d3b42f7ee452305249896bd56094a0fce2dafce86af162,e3959c683197ce38
data/dataset/helopeltis/20220101_104931.jpg,4,helopeltis,256,256,4397,True,False,False,False,70.21241636178456,178.00167846679688,47.20845616374666,True,False,False,False,True,,bc23c807947ebf95be3459bb2b5d1c5e02e53ebdd896c5df0c5a226f0409bbfd,f82e9763681c8733
data/dataset/helopeltis/20220101_105007.jpg,4,helopeltis,256,256,4509,True,False,False,False,73.22985833883286,177.46688842773438,44.40928956665698,True,False,False,False,True,,597839b31c122c4ceccbd2fd5144b01dedeeebe36dc06b3a11aa2bd58924645d,e5989a67cc19339a
data/dataset/helopeltis/20220101_105224.jpg,4,helopeltis,256,256,4794,True,False,False,False,54.088973484700546,165.23072814941406,53.88594700307798,True,False,False,False,True,,6a6ceb6607d18604b8ea2a6d613d66f50d565980a8a3c211561f9b8aabd52035,e792986db164926d
data/dataset/helopeltis/20220101_105251.jpg,4,helopeltis,256,256,4524,True,False,False,False,68.31395626068115,159.65380859375,44.22722450977863,True,False,False,False,True,,a529a09f66b3e090855eacdb31d374795809c84a7f294ba947a44d1edf9bcd08,ed0e92606f86d47a
data/dataset/helopeltis/20220101_105334.jpg,4,helopeltis,256,256,4010,True,False,False,False,58.215467259055,172.320556640625,37.09851357211585,True,False,False,False,True,,34e583799dbb2fddb20dc61fa3c2455ac1dd7e314d80622bf17f9b85cf62e36f,e1279e9861678e9a
data/dataset/helopeltis/20220101_105351.jpg,4,helopeltis,256,256,4375,True,False,False,False,79.00749141140841,179.20179748535156,44.38338805588022,True,False,False,False,True,,1a2cbec4c57ca1d4f777709180721f121ed2552874974fcdd3fc35389183e1dd,e5329a4d24b2cfcc
data/dataset/helopeltis/20220101_105416.jpg,4,helopeltis,256,256,4995,True,False,False,False,61.63574877358042,154.6985626220703,49.738435423555124,True,False,False,False,True,,a2075038949a20c4507f378a4f21c9838e67aedc3f272c5dd289075529c9f618,e3359c4a65b15aa6
data/dataset/helopeltis/20220101_105424.jpg,4,helopeltis,256,256,4104,True,False,False,False,43.160337469540536,153.21890258789062,40.584427911853155,True,False,False,False,True,,f020133340795b495c8651bfa095efc6b58711eb28a84dbbf1c459826415e0c5,e13a9c65319ace65
data/dataset/helopeltis/20220101_105446.jpg,4,helopeltis,256,256,4397,True,False,False,False,51.767859725048766,174.71969604492188,42.17674899475997,True,False,False,False,True,,7b20558b6f1ee9a395648a3a3765bbe2a90a3135c9d403f0545b665a7d51aa77,e5309acd65309acf
data/dataset/helopeltis/20220101_105457.jpg,4,helopeltis,256,256,4087,True,False,False,False,68.28857179637998,173.88609313964844,38.16133975967736,True,False,False,False,True,,5c24d2974759e743fb7c0fdf3b322cd1769bda87bace645732c6e7d5a4189f5a,e73698986d269399
data/dataset/helopeltis/20220101_105504.jpg,4,helopeltis,256,256,4388,True,False,False,False,69.47841910924762,173.68270874023438,46.4072986001755,True,False,False,False,True,,f5fd5493e106a943d5910864ff98513c9c19a0fa8e166a285f65ed516bf01b9a,e613996c33996693
data/dataset/helopeltis/20220101_105511.jpg,4,helopeltis,256,256,5564,True,False,False,False,76.03311015572399,174.0476837158203,58.465566297178455,True,False,False,False,True,,a6b496022c142c61cc78648b9fd0ccde86c49a8848d9c3c0a45862c825b0257f,eb14956878c76798
data/dataset/helopeltis/20220101_105517.jpg,4,helopeltis,256,256,4799,True,False,False,False,65.37746297940612,173.37820434570312,44.9842389504742,True,False,False,False,True,,3991c4cad3f19dcb55be389d9f267ec27f68ce3835ccacd6978f39733bce233b,ea35954a6ca5993c
data/dataset/helopeltis/20220101_105717.jpg,4,helopeltis,256,256,4625,True,False,False,False,73.37904652114958,163.29257202148438,46.45436600681002,True,False,False,False,True,,8b19d1a87f835c99944381f5a2fcf6c14fd81a3f884903568c9c903cff3e6719,ed6696596936c5c0
data/dataset/helopeltis/20220101_105727.jpg,4,helopeltis,256,256,4701,True,False,False,False,71.56293631880544,163.09689331054688,39.41410638769663,True,False,False,False,True,,b2edcc25bae91fa9a8d794f58069a30281f8af43267295e80964eef558a3e8e8,f659c9663318cec1
data/dataset/helopeltis/20220101_105737.jpg,4,helopeltis,256,256,4458,True,False,False,False,41.95436672028154,181.90390014648438,52.169563950234505,True,False,False,False,True,,5441e883a5e9e3aa2a45cc5bfe5e35e5876c31a8478cd4218996ccf8d1ec84dd,e6669816999967c9
data/dataset/helopeltis/20220101_105753.jpg,4,helopeltis,256,256,4451,True,False,False,False,41.58606651215814,162.4554443359375,43.669067842448236,True,False,False,False,True,,9d00c18acb14688d12b268f189ff2639968cd3557ead165e656f00973ac66b93,e3159c6a3198cea7
data/dataset/helopeltis/20220101_105814.jpg,4,helopeltis,256,256,4845,True,False,False,False,50.06162920384668,177.50567626953125,61.75258737784263,True,False,False,False,True,,29a487f7de1d3de19f3c9681718d05f4eff2d30a1842e6a5e7e83e706ba97e1c,fb15d06a2f95c24a
data/dataset/helopeltis/20220101_113856.jpg,4,helopeltis,256,256,4228,True,False,False,False,58.41593904583715,170.27908325195312,36.19932298550336,True,False,False,False,True,,df737b0c42ffb48ef8a1d410b85991642d4a1532f36eb06ccdbf93493809db6e,e7b6984967b2984c
data/dataset/helopeltis/20220101_121243.jpg,4,helopeltis,256,256,4530,True,False,False,False,61.94018543418497,168.97463989257812,48.792526375033205,True,False,False,False,True,,935901e135c753188578232c11e8b948e06d5d2558964add9ef323dadf1188c6,fd81d23664c91bb2
data/dataset/helopeltis/20220101_121247.jpg,4,helopeltis,256,256,4875,True,False,False,False,56.840896321227774,175.5917205810547,54.44820422916006,True,False,False,False,True,,6cdd55517b6fc01275bbb161dd89141ce0e55233b65a64ac7c166c3f0d2f950b,bf29c0942d69f8b2
data/dataset/helopeltis/20220101_122313.jpg,4,helopeltis,256,256,4536,True,False,False,False,70.23854009038769,178.50123596191406,43.33144263224499,True,False,False,False,True,,7443ac553c2e256d4bb1e9c839fdfda039cb174fcf48fa3bfc3a6a1daefd71d6,f283cd3c32c19b8e
data/dataset/helopeltis/image_0_1016.jpg,4,helopeltis,256,256,3654,True,False,False,False,103.40547176240943,241.14451599121094,43.84148294673784,False,False,True,False,True,,24b047f11d9d1047faa02487f997383067099365fd91299407d3b2edad7f66d9,b399cc663399c626
data/dataset/helopeltis/image_0_1038.jpg,4,helopeltis,256,256,4275,True,False,False,False,183.23757934570312,225.61170959472656,61.06341485504569,False,False,True,False,True,,a27373f478fe037805d5e6192296ce9681f24853adea3eae622e9461278a081b,e896c3693c96c3c9
data/dataset/helopeltis/image_0_1052.jpg,4,helopeltis,256,256,4210,True,False,False,False,111.9185790559277,230.67137145996094,55.67703978758441,False,False,True,False,True,,062b09b4bef54806209e51fd677357a156ce2be2c6a4db67d6d943a786d7ff03,f8c7953862c79c68
data/dataset/helopeltis/image_0_1060.jpg,4,helopeltis,256,256,4208,True,False,False,False,53.33494407474063,206.5279998779297,43.559820784282266,True,False,False,False,True,,afae1e81b21aba51960f41665c27ace05d2a1d12b39a8921256da0f35804afab,e2998c663199ce67
data/dataset/helopeltis/image_0_1074.jpg,4,helopeltis,256,256,4053,True,False,False,False,103.03109739720821,226.05409240722656,60.11921714745306,False,False,True,False,True,,c33bd6e2c3c78802857e35bc8678e1ee14b7cef3b9f831b0c92de2179a9dbb13,e06997963c69c365
data/dataset/helopeltis/image_0_1079.jpg,4,helopeltis,256,256,4848,True,False,False,False,76.58247371553443,188.68020629882812,51.26386259787234,True,False,False,False,True,,7319dbebe1177ff95006d09cee3de97d5f62a3f12478377dda94c3b2d744bb60,ec11936e966c9999
data/dataset/helopeltis/image_0_1102.jpg,4,helopeltis,256,256,5023,True,False,False,False,232.8161163048353,222.3986358642578,63.89357618993735,False,False,True,False,True,,f49d2e97b87d48464f838859476ab029570bb702e916e14c12cfda7811d9876a,a6c698b3cc39c339
data/dataset/helopeltis/image_0_1154.jpg,4,helopeltis,256,256,4645,True,False,False,False,75.80480861663818,186.55892944335938,47.757977429745495,True,False,False,False,True,,6b0c4d96106b91a5b77206c4535f148c657ffe30c987a857e4c88eb149bd7e09,e837974864b7ca4c
data/dataset/helopeltis/image_0_1172.jpg,4,helopeltis,256,256,4942,True,False,False,False,145.59294116101228,223.0973663330078,59.553038697556204,False,False,True,False,True,,b77592a3d16f4098be6f3677a88778cb037f3c0591712c726e0daddb093d8d44,e8cb973468c285bd
data/dataset/helopeltis/image_0_1187.jpg,4,helopeltis,256,256,4595,True,False,False,False,129.50820922851562,221.30780029296875,66.2255615132796,False,False,True,False,True,,28ca4257d66a50a5f6cb963a5bf6c23413edecc615b6d2f2e522f396b238eb5a,b49acd65b22c3399
data/dataset/helopeltis/image_0_122.jpg,4,helopeltis,256,256,4606,True,False,False,False,94.62205505161546,222.8271942138672,61.944305997475766,False,False,True,False,True,,df5a5429067817e2b17c18fb27ae7c94e422f26ff5402442a946ab4f5e5de3dc,acd1c13a5ec47a1e
data/dataset/helopeltis/image_0_123.jpg,4,helopeltis,256,256,5603,True,False,False,False,216.88932800269686,222.68307495117188,62.84722875183049,False,False,True,False,True,,d149ca09d8a5ebc520593975f1339c9c29712d0fb95c82d97f487549df6b00e4,e89c976b6894874b
data/dataset/helopeltis/image_0_1256.jpg,4,helopeltis,256,256,4362,True,False,False,False,150.8394011927303,236.09317016601562,50.69405360861656,False,False,True,False,True,,f4fad54bc142337674f93d8fbf6a16a9b2e41aca48f9595f62c18d944cd4e131,e5cc9b336c4d238c
data/dataset/helopeltis/image_0_1264.jpg,4,helopeltis,256,256,5152,True,False,False,False,51.09246169030666,179.16757202148438,63.43620059620894,True,False,False,False,True,,b1b5c4ec2c82eb0459d2e60650de2d015543105a7e567e3d5919f4abb3eaa7eb,e78c9a719366cc34
data/dataset/helopeltis/image_0_1300.jpg,4,helopeltis,256,256,5150,True,False,False,False,78.46220375574194,175.62303161621094,59.43016891063665,True,False,False,False,True,,d3e39f35bf24494a47e4c7797a68f559c53e2dcadf1088aba1044b3a898d48ec,bfc0c0376f90b4c3
data/dataset/helopeltis/image_0_1305.jpg,4,helopeltis,256,256,4236,True,False,False,False,104.71568283787929,238.01364135742188,47.99448073836208,False,False,True,False,True,,76987bbe945e5c1e9f4ecb632a932558c672a40eb1ab64e869aa2c86d4f6fddb,b418cfe736989964
data/dataset/helopeltis/image_0_1308.jpg,4,helopeltis,256,256,4429,True,False,False,False,57.8119048231747,204.1866455078125,46.72970988582111,True,False,False,False,True,,d4e53b2c832cb27143c12415870ef17afb635145c58895a609a9db2df5c2bde0,e19ace6530ce6d34
data/dataset/helopeltis/image_0_1324.jpg,4,helopeltis,256,256,4208,True,False,False,False,82.91769397910684,224.654052734375,52.099505759853876,False,False,True,False,True,,5c8bf94763b8034eb7002d5902a87028c50269f1e304c3e1f41535b73898cbcd,b3cc9d33666624cc
data/dataset/helopeltis/image_0_1369.jpg,4,helopeltis,256,256,4497,True,False,False,False,55.975524007342756,192.42617797851562,47.07044198132153,True,False,False,False,True,,80a6a7f11881a284560bb316e066c185344d9a36071424c077f3c793702feef2,b4c5cb3a34c5993a
data/dataset/helopeltis/image_0_1394.jpg,4,helopeltis,256,256,4598,True,False,False,False,79.10179129778408,203.87611389160156,49.804941661221264,True,False,False,False,True,,703f3144b486a9185ef7c5b7d4c5d622773b78fda2edaa3688a767dd731cab88,b067cf3861e69899
data/dataset/helopeltis/image_0_1397.jpg,4,helopeltis,256,256,4833,True,False,False,False,69.15794365829788,184.19740295410156,59.539107246559105,True,False,False,False,True,,6f5fbf88f8ec967bde18fabb5211ac1969858b1f08d7b1172b6dfe3f5a56ee0b,f9c7963843368d1a
data/dataset/helopeltis/image_0_1408.jpg,4,helopeltis,256,256,3588,True,False,False,False,86.6243896484375,234.72996520996094,51.886322505744964,False,False,True,False,True,,a9973b32993cc3845ab52f9eb07961b087937733b7ed79da80549248b38e5fe3,b19ace613c96c369
data/dataset/helopeltis/image_0_1421.jpg,4,helopeltis,256,256,5116,True,False,False,False,144.74456787109375,223.16551208496094,55.392021878655015,False,False,True,False,True,,2d099f4a0f644a9552c681c5eb89490f36c28f8435ba3c424a604c00acb898d0,bd30c2c06f3734f8
data/dataset/helopeltis/image_0_146.jpg,4,helopeltis,256,256,4373,True,False,False,False,44.402084247907624,182.4975128173828,42.28544287478443,True,False,False,False,True,,5909b1da8f49c100a06625940bc361d441dcbe32717eb4b57734ac4189a6df62,f5309acd64309acf
data/dataset/helopeltis/image_0_1474.jpg,4,helopeltis,256,256,3370,True,False,False,False,76.20718383789062,243.38314819335938,39.86574858944318,True,False,True,False,True,,9f010fcb745702408c44e2a36694058dadc9591244fcb369920a768a6a900322,b399cc6633996c26
data/dataset/helopeltis/image_0_1476.jpg,4,helopeltis,256,256,4596,True,False,False,False,162.37362670898438,227.9613494873047,56.46555636903462,False,False,True,False,True,,83c3b19cf94e7d0bd2712be8d16efedc368728e3fc2c3f33c742128f1d5758b1,b596c2793d06f0d8
data/dataset/helopeltis/image_0_1501.jpg,4,helopeltis,256,256,4035,True,False,False,False,188.50839076843113,238.77638244628906,39.410943161365516,False,False,True,False,True,,9df55c07d983842dcd1a392ba14873915ecfb9921ddc88d52f9734188411277d,a61b9864679bcc66
data/dataset/helopeltis/image_0_1515.jpg,4,helopeltis,256,256,4589,True,False,False,False,58.44824218377471,187.48731994628906,48.21832333948699,True,False,False,False,True,,f75cde15e3b24250aa80a0a1a1be0bc9fa758d5f9483779976afe6bb853e45c2,f4c5cb3a64c59d30
data/dataset/helopeltis/image_0_1517.jpg,4,helopeltis,256,256,4644,True,False,False,False,184.48324584960938,233.2360382080078,51.44526915528266,False,False,True,False,True,,ee03bfe67106d5c30032eaa193c29569d276bb3ada0bec11890132cbcb326be8,e8c3963463cb9ca5
data/dataset/helopeltis/image_0_1527.jpg,4,helopeltis,256,256,4646,True,False,False,False,74.68849142990075,185.3946990966797,39.772129126130764,True,False,False,False,True,,f3ee143ddc59efd4c19a01ff097ad0c4dbc3799bfdf7ee73cce66db9ab695ce8,a6cc9933649c33cb
data/dataset/helopeltis/image_0_1532.jpg,4,helopeltis,256,256,4252,True,False,False,False,155.7718505859375,225.4727020263672,63.52703271968786,False,False,True,False,True,,9cfe4f6ba9404302b2fef223f2309ed7552e883f4521ccc262ad6819808c0305,bde1c21e3de1c216
data/dataset/helopeltis/image_0_1555.jpg,4,helopeltis,256,256,4655,True,False,False,False,60.15775901614688,180.1942138671875,56.230264013539774,True,False,False,False,True,,373ad53d5468f63febc0b9d5797a1989804ec97795cccd3de4a5163bfa8bd0c0,e58d9a30cd669c93
data/dataset/helopeltis/image_0_1557.jpg,4,helopeltis,256,256,4111,True,False,False,False,63.65052794269286,221.92745971679688,65.62381685404507,True,False,True,False,True,,74550006e3aa9530868737d0a393aa123631b59032b9b708c2df8fd4c2a548f9,e39c95674ab185b2
data/dataset/helopeltis/image_0_1564.jpg,4,helopeltis,256,256,4353,True,False,False,False,98.44430541992188,228.55397033691406,57.96094396394019,False,False,True,False,True,,3fcef09696a53d76ad6c6278abc79b8afbc1c6029ac540c5e9a2ec674d4a0e7d,b49acb65321b6dd0
data/dataset/helopeltis/image_0_1565.jpg,4,helopeltis,256,256,4618,True,False,False,False,65.41636632359587,187.2473907470703,53.4580820956807,True,False,False,False,True,,05d2ad941f92c99ebe24c44c116307d4520733965b0e36f23d50bea4da30fee2,e5b29a6d30346b93
data/dataset/helopeltis/image_0_1578.jpg,4,helopeltis,256,256,4869,True,False,False,True,59.184402459999546,213.8875274658203,54.45068647653553,True,False,False,False,True,,10fba08a45efd5fe088e1a13b1e9bd26e79ea664b453d86e73e15ec94a23b235,eac2953d6ac2a59c
data/dataset/helopeltis/image_0_162.jpg,4,helopeltis,256,256,4302,True,False,False,False,268.994140625,234.95022583007812,49.73496124647388,False,False,True,False,True,,ddafb9a5394ab5546e13cf8e13e8475f7f989318bdab6c91e2c17e4e17d34ffc,b199cc6633996d91
data/dataset/helopeltis/image_0_1622.jpg,4,helopeltis,256,256,4629,True,False,False,False,79.6661224362906,199.90199279785156,50.62602319503658,True,False,False,False,True,,ead3aa5b21f14bcc3a904153466329b3bccf017293443121b6bb4080c140374a,edb69249d8656626
data/dataset/helopeltis/image_0_1628.jpg,4,helopeltis,256,256,6191,True,False,False,False,69.16815158631653,167.50274658203125,64.47154323789542,True,False,False,False,True,,762219be5bcba721d09b9e5573410c501e83ff29af0950d4119cab99d2ff0a98,bdc1d03e6d31c598
data/dataset/helopeltis/image_0_164.jpg,4,helopeltis,256,256,4666,True,False,False,False,96.79556274414062,223.54893493652344,48.276427478620974,False,False,True,False,True,,00f4697e0189219b9f26263399e820c8308eab466b9af0b6c5bc263eddeccda1,b2e0c98f3660c99f
data/dataset/helopeltis/image_0_1656.jpg,4,helopeltis,256,256,5416,True,False,False,False,237.06347014661878,228.7177276611328,52.62248216621434,False,False,True,False,True,,351626ad8e5ac41fd1d64388d84ae5b0ab3936563b5848e9e30f8b244e7db90e,ee91906a3f91e05e
data/dataset/helopeltis/image_0_1669.jpg,4,helopeltis,256,256,4491,True,False,False,True,76.8326381361112,202.0714569091797,44.75567733592941,True,False,False,False,True,,9c1e3671f49d2276a7021bc278b138ccc273d9c9713363ed2c447c681cfcca3d,f2cc993366cc1993
data/dataset/helopeltis/image_0_1676.jpg,4,helopeltis,256,256,4692,True,False,False,False,161.40408319234848,228.6454315185547,53.82452589850468,False,False,True,False,True,,e8da6b75984d4eafe6e075ed2b81f516fc2cd0d14c3a8c594c763cd7688b75f3,f391cc6693692693
data/dataset/helopeltis/image_0_1772.jpg,4,helopeltis,256,256,4739,True,False,False,False,126.4402308089193,224.2178192138672,59.44689284829307,False,False,True,False,True,,f4036d1f6eb3727c30ac288b3483cad0ccf7035f0f38d8c36b6dc13a768202a6,fa95854a3fa5c05a
data/dataset/helopeltis/image_0_179.jpg,4,helopeltis,256,256,5195,True,False,False,False,70.92233258113265,184.15756225585938,61.04337969753352,True,False,False,False,True,,455e6f1b92b6a6150723c056d776f17f3a5a7fbe60ca01c9b632214ab5691db5,bc96c2693e97e0c8
data/dataset/helopeltis/image_0_1797.jpg,4,helopeltis,256,256,3687,True,False,False,False,161.73403930664062,239.1473846435547,49.67699184588084,False,False,True,False,True,,191c3bba62cfb32606cb5bcf264dee00c456c752e17e9010a74457fcf99103c5,e5ce9a3061cf9638
data/dataset/helopeltis/image_0_1848 - Copy.jpg,4,helopeltis,256,256,3750,True,False,False,False,71.9535519098863,237.33248901367188,40.29701038268658,True,False,True,False,True,,d4c089449513879dd04af5db64caeef7922e04522cfd3cb1a3fa58ce45663249,b3d98c663399cc26
data/dataset/helopeltis/image_0_1848.jpg,4,helopeltis,256,256,3750,True,False,True,True,71.9535519098863,237.33248901367188,40.29701038268658,True,False,True,False,True,,d4c089449513879dd04af5db64caeef7922e04522cfd3cb1a3fa58ce45663249,b3d98c663399cc26
data/dataset/helopeltis/image_0_1872 - Copy.jpg,4,helopeltis,256,256,5030,True,False,False,False,76.95553561951965,191.61456298828125,50.681446977217696,True,False,False,False,True,,fe36129ece080f187005d1cfbdd79ad7cea273979bd4eec313e204991721a04f,f018cf65309acfe1
data/dataset/helopeltis/image_0_1872.jpg,4,helopeltis,256,256,5030,True,False,True,True,76.95553561951965,191.61456298828125,50.681446977217696,True,False,False,False,True,,fe36129ece080f187005d1cfbdd79ad7cea273979bd4eec313e204991721a04f,f018cf65309acfe1
data/dataset/helopeltis/image_0_1910 - Copy.jpg,4,helopeltis,256,256,5374,True,False,False,False,55.55180277838372,204.36563110351562,63.385042045478514,True,False,False,False,True,,64e6feef237f85c994eb12f1975de10ebb11e4a68a0413b764186bfcfa21fcc7,aee1901e3ee0e587
data/dataset/helopeltis/image_0_1910.jpg,4,helopeltis,256,256,5374,True,False,True,True,55.55180277838372,204.36563110351562,63.385042045478514,True,False,False,False,True,,64e6feef237f85c994eb12f1975de10ebb11e4a68a0413b764186bfcfa21fcc7,aee1901e3ee0e587
data/dataset/helopeltis/image_0_1934 - Copy.jpg,4,helopeltis,256,256,4231,True,False,False,False,182.88104248046875,234.3052978515625,51.811228862942805,False,False,True,False,True,,8efdd8b098c3ed52ed1a0e947aa89bd9a2063981bb1cf680b4228f870eca0a05,f393cc6c321866b3
data/dataset/helopeltis/image_0_1934.jpg,4,helopeltis,256,256,4231,True,False,True,True,182.88104248046875,234.3052978515625,51.811228862942805,False,False,True,False,True,,8efdd8b098c3ed52ed1a0e947aa89bd9a2063981bb1cf680b4228f870eca0a05,f393cc6c321866b3
data/dataset/helopeltis/image_0_202.jpg,4,helopeltis,256,256,4091,True,False,False,False,68.90249600168318,227.52195739746094,55.36598788784072,True,False,True,False,True,,75d6e1a850f3c64ff7a8510471a1408d8421ec9e5768a4fd2e979ea5e99aa77f,eac5953e6ac1851e
data/dataset/helopeltis/image_0_2029 - Copy.jpg,4,helopeltis,256,256,5432,True,False,False,False,52.10357582196593,186.94024658203125,58.82648725797781,True,False,False,False,True,,edb60356e7913907503b05565776f331180879e36b100bb224180103b10d4c08,e4928bcd9c66e331
data/dataset/helopeltis/image_0_2029.jpg,4,helopeltis,256,256,5432,True,False,True,True,52.10357582196593,186.94024658203125,58.82648725797781,True,False,False,False,True,,edb60356e7913907503b05565776f331180879e36b100bb224180103b10d4c08,e4928bcd9c66e331
data/dataset/helopeltis/image_0_2031 - Copy.jpg,4,helopeltis,256,256,3944,True,False,False,False,107.60037231445312,233.99913024902344,53.574863562245866,False,False,True,False,True,,ee28d8e59a1c022a8fc661271f500d90c05a2a6bf2b855bfd48b4fd5826a3285,b4c9cb363cc9c316
data/dataset/helopeltis/image_0_2031.jpg,4,helopeltis,256,256,3944,True,False,True,True,107.60037231445312,233.99913024902344,53.574863562245866,False,False,True,False,True,,ee28d8e59a1c022a8fc661271f500d90c05a2a6bf2b855bfd48b4fd5826a3285,b4c9cb363cc9c316
data/dataset/helopeltis/image_0_2036 - Copy.jpg,4,helopeltis,256,256,4874,True,False,False,False,69.85107421502471,195.5153350830078,48.61393782015713,True,False,False,False,True,,f1f98138a1b0ad5e1b9e4ab5a85a274e69732eb2e93dfae196ae8df49ccfdeb8,e3959c6a2590ce9b
data/dataset/helopeltis/image_0_2036.jpg,4,helopeltis,256,256,4874,True,False,True,True,69.85107421502471,195.5153350830078,48.61393782015713,True,False,False,False,True,,f1f98138a1b0ad5e1b9e4ab5a85a274e69732eb2e93dfae196ae8df49ccfdeb8,e3959c6a2590ce9b
data/dataset/helopeltis/image_0_2120 - Copy.jpg,4,helopeltis,256,256,4551,True,False,False,False,69.39358504768461,195.56326293945312,51.01932409538665,True,False,False,False,True,,5679b1df678656231c61d323d90e7d383e85a85e69927815db03ec6da679ff4e,b346cc3966cc33c6
data/dataset/helopeltis/image_0_2120.jpg,4,helopeltis,256,256,4551,True,False,True,True,69.39358504768461,195.56326293945312,51.01932409538665,True,False,False,False,True,,5679b1df678656231c61d323d90e7d383e85a85e69927815db03ec6da679ff4e,b346cc3966cc33c6
data/dataset/helopeltis/image_0_2142 - Copy.jpg,4,helopeltis,256,256,4506,True,False,False,False,136.6700439453125,225.21356201171875,62.36405172780049,False,False,True,False,True,,70862c33200b64ee9d3ec4c122eb31688660ff8ccd153df3587a8bbb6d3a3e9d,e895c66a3d95c2e8
data/dataset/helopeltis/image_0_2142.jpg,4,helopeltis,256,256,4506,True,False,True,True,136.6700439453125,225.21356201171875,62.36405172780049,False,False,True,False,True,,70862c33200b64ee9d3ec4c122eb31688660ff8ccd153df3587a8bbb6d3a3e9d,e895c66a3d95c2e8
data/dataset/helopeltis/image_0_2155 - Copy.jpg,4,helopeltis,256,256,4955,True,False,False,False,78.01924118748866,190.7786407470703,53.80775559994314,True,False,False,False,True,,8f100ad54f441724d23bec304134847b201893325ddf23fcbc420f05c804b205,b098cde633993539
data/dataset/helopeltis/image_0_2155.jpg,4,helopeltis,256,256,4955,True,False,True,True,78.01924118748866,190.7786407470703,53.80775559994314,True,False,False,False,True,,8f100ad54f441724d23bec304134847b201893325ddf23fcbc420f05c804b205,b098cde633993539
data/dataset/helopeltis/image_0_2167 - Copy.jpg,4,helopeltis,256,256,3432,True,False,False,False,102.24270623922348,241.0501251220703,45.21318897805054,False,False,True,False,True,,277c8cea21966ea2f354aebfcefa1102fd9c8c57004c88dbbd2951e857673817,e1659e907167ce98
data/dataset/helopeltis/image_0_2167.jpg,4,helopeltis,256,256,3432,True,False,True,True,102.24270623922348,241.0501251220703,45.21318897805054,False,False,True,False,True,,277c8cea21966ea2f354aebfcefa1102fd9c8c57004c88dbbd2951e857673817,e1659e907167ce98
data/dataset/helopeltis/image_0_2170 - Copy.jpg,4,helopeltis,256,256,5103,True,False,False,False,66.53671255335212,183.80406188964844,46.860526241798425,True,False,False,False,True,,a080ec4717391248461d24e02e4d267199ec7b3c50a9acaa5a7ecf7936959486,fcb1c34e3ca0e01f
data/dataset/helopeltis/image_0_2170.jpg,4,helopeltis,256,256,5103,True,False,True,True,66.53671255335212,183.80406188964844,46.860526241798425,True,False,False,False,True,,a080ec4717391248461d24e02e4d267199ec7b3c50a9acaa5a7ecf7936959486,fcb1c34e3ca0e01f
data/dataset/helopeltis/image_0_2192 - Copy.jpg,4,helopeltis,256,256,4397,True,False,False,False,99.9389034723863,230.01918029785156,53.81680743378594,False,False,True,False,True,,57facbc4d50f7ff7e0732c0bc5f490d4a5dae7afe9f4fda45d2f0aca3b44733e,e5929a653398cc97
data/dataset/helopeltis/image_0_2192.jpg,4,helopeltis,256,256,4397,True,False,True,True,99.9389034723863,230.01918029785156,53.81680743378594,False,False,True,False,True,,57facbc4d50f7ff7e0732c0bc5f490d4a5dae7afe9f4fda45d2f0aca3b44733e,e5929a653398cc97
data/dataset/helopeltis/image_0_22.jpg,4,helopeltis,256,256,4515,True,False,False,False,206.79032897925936,233.69781494140625,52.047249605666785,False,False,True,False,True,,6aac662ccfd4b33d3951f926e12bd48dcbe55892d0b6df31b66be1ddf3987eb3,e592cb6532c9c7b0
data/dataset/helopeltis/image_0_2216 - Copy.jpg,4,helopeltis,256,256,4037,True,False,False,False,45.60734535730444,187.21458435058594,38.73824585863362,True,False,False,False,True,,e2d2b12596360248b4e1e66ddfe8475d94c2c23ef3a2932f44b6c5256c7e339c,e4b29b4d663299c9
data/dataset/helopeltis/image_0_2216.jpg,4,helopeltis,256,256,4037,True,False,True,True,45.60734535730444,187.21458435058594,38.73824585863362,True,False,False,False,True,,e2d2b12596360248b4e1e66ddfe8475d94c2c23ef3a2932f44b6c5256c7e339c,e4b29b4d663299c9
data/dataset/helopeltis/image_0_2235 - Copy.jpg,4,helopeltis,256,256,3907,True,False,False,False,97.44650267064571,236.4220428466797,51.37946409215544,False,False,True,False,True,,1821e706cc922added8fe54285d5a0d12bec82e4cae566862859fe7c1948b712,ed65929e2861c796
data/dataset/helopeltis/image_0_2235.jpg,4,helopeltis,256,256,3907,True,False,True,True,97.44650267064571,236.4220428466797,51.37946409215544,False,False,True,False,True,,1821e706cc922added8fe54285d5a0d12bec82e4cae566862859fe7c1948b712,ed65929e2861c796
data/dataset/helopeltis/image_0_2241 - Copy.jpg,4,helopeltis,256,256,4029,True,False,False,False,48.677137000253424,182.26548767089844,37.913664423429466,True,False,False,False,True,,dd8dcdd28aa274eb78911d316cea4922814704f15fb3b556bc943ad64c67afb1,e63699c9643693c9
data/dataset/helopeltis/image_0_2241.jpg,4,helopeltis,256,256,4029,True,False,True,True,48.677137000253424,182.26548767089844,37.913664423429466,True,False,False,False,True,,dd8dcdd28aa274eb78911d316cea4922814704f15fb3b556bc943ad64c67afb1,e63699c9643693c9
data/dataset/helopeltis/image_0_2247 - Copy.jpg,4,helopeltis,256,256,3573,True,False,False,False,103.4678954994306,236.29417419433594,52.83128243111128,False,False,True,False,True,,3a43d6817c78682f07201ac96f12c6c100c9bd9973868ee46652f4fa56776374,b0c9cf32388de6e2
data/dataset/helopeltis/image_0_2247.jpg,4,helopeltis,256,256,3573,True,False,True,True,103.4678954994306,236.29417419433594,52.83128243111128,False,False,True,False,True,,3a43d6817c78682f07201ac96f12c6c100c9bd9973868ee46652f4fa56776374,b0c9cf32388de6e2
data/dataset/helopeltis/image_0_2251 - Copy.jpg,4,helopeltis,256,256,4360,True,False,False,False,84.43157940730453,224.71092224121094,54.52634100255143,False,False,True,False,True,,a1540509920d61059e17524c5150473dafe73434f0f4d695d160abe97fb9ba2c,e34e9c3163ce9c31
data/dataset/helopeltis/image_0_2251.jpg,4,helopeltis,256,256,4360,True,False,True,True,84.43157940730453,224.71092224121094,54.52634100255143,False,False,True,False,True,,a1540509920d61059e17524c5150473dafe73434f0f4d695d160abe97fb9ba2c,e34e9c3163ce9c31
data/dataset/helopeltis/image_0_2254 - Copy.jpg,4,helopeltis,256,256,4178,True,False,False,False,83.1317901329603,227.45196533203125,61.21445212504561,False,False,True,False,True,,ee52c32be14d926f80afbd7ad17288e9b3945750322a51b87abdc34ee2d5d269,e592986d3324b69b
data/dataset/helopeltis/image_0_2254.jpg,4,helopeltis,256,256,4178,True,False,True,True,83.1317901329603,227.45196533203125,61.21445212504561,False,False,True,False,True,,ee52c32be14d926f80afbd7ad17288e9b3945750322a51b87abdc34ee2d5d269,e592986d3324b69b
data/dataset/helopeltis/image_0_2260 - Copy.jpg,4,helopeltis,256,256,4550,True,False,False,False,57.70225195190869,182.03256225585938,55.35349195430611,True,False,False,False,True,,2336eeff25b8231634d4f71e3ee5af537f6a6c79ef3d0fd0601dce45396c2bbc,addac66d3896e148
data/dataset/helopeltis/image_0_2260.jpg,4,helopeltis,256,256,4550,True,False,True,True,57.70225195190869,182.03256225585938,55.35349195430611,True,False,False,False,True,,2336eeff25b8231634d4f71e3ee5af537f6a6c79ef3d0fd0601dce45396c2bbc,addac66d3896e148
data/dataset/helopeltis/image_0_2261 - Copy.jpg,4,helopeltis,256,256,4001,True,False,False,False,107.41106925904751,236.19558715820312,49.81965047348551,False,False,True,False,True,,1955a41d74e7ad9ef058b04574e94f05e1e047e338c8080d484d65ecdcb3d663,e69b996c23934cc9
data/dataset/helopeltis/image_0_2261.jpg,4,helopeltis,256,256,4001,True,False,True,True,107.41106925904751,236.19558715820312,49.81965047348551,False,False,True,False,True,,1955a41d74e7ad9ef058b04574e94f05e1e047e338c8080d484d65ecdcb3d663,e69b996c23934cc9
data/dataset/helopeltis/image_0_2297 - Copy.jpg,4,helopeltis,256,256,4903,True,False,False,False,63.71870329952799,199.94735717773438,52.083355980469825,True,False,False,False,True,,3bb6a5d09d3143aa8906dde9e02a9c9d83e74cc89157b9a4f1a8c02157a96c36,f465ca9a3061cf9c
data/dataset/helopeltis/image_0_2297.jpg,4,helopeltis,256,256,4903,True,False,True,True,63.71870329952799,199.94735717773438,52.083355980469825,True,False,False,False,True,,3bb6a5d09d3143aa8906dde9e02a9c9d83e74cc89157b9a4f1a8c02157a96c36,f465ca9a3061cf9c
data/dataset/helopeltis/image_0_2339 - Copy.jpg,4,helopeltis,256,256,4900,True,False,False,False,69.30702177598141,188.12306213378906,55.566733234963195,True,False,False,False,True,,7b7342ea034117cc59fa221b6ea36cf63440aba304c477c88247c7ffa3ad8ace,e3969c6863869c5b
data/dataset/helopeltis/image_0_2339.jpg,4,helopeltis,256,256,4900,True,False,True,True,69.30702177598141,188.12306213378906,55.566733234963195,True,False,False,False,True,,7b7342ea034117cc59fa221b6ea36cf63440aba304c477c88247c7ffa3ad8ace,e3969c6863869c5b
data/dataset/helopeltis/image_0_237.jpg,4,helopeltis,256,256,4793,True,False,False,False,166.81210327148438,231.86386108398438,48.79644243508481,False,False,True,False,True,,011037fc0dd652d92e6f384fcd89e585987031de17abe9ceaa23c79032339f02,e8d595686a85957a
data/dataset/helopeltis/image_0_2414 - Copy.jpg,4,helopeltis,256,256,3998,True,False,False,False,105.66308593377471,235.36387634277344,52.30674205391936,False,False,True,False,True,,07b2f01a96970bcc9dff15f4e3bd040566a0b9c9af07acbb06bc805d936650d8,e1949e6b3194ce63
data/dataset/helopeltis/image_0_2414.jpg,4,helopeltis,256,256,3998,True,False,True,True,105.66308593377471,235.36387634277344,52.30674205391936,False,False,True,False,True,,07b2f01a96970bcc9dff15f4e3bd040566a0b9c9af07acbb06bc805d936650d8,e1949e6b3194ce63
data/dataset/helopeltis/image_0_2464 - Copy.jpg,4,helopeltis,256,256,4690,True,False,False,False,57.035705383867025,175.54063415527344,44.15622612004171,True,False,False,False,True,,3f955b46c00ec424c5a8c22d5c5829459c74ef26885bca6758244511dcd002ad,a69b98653386cb99
data/dataset/helopeltis/image_0_2464.jpg,4,helopeltis,256,256,4690,True,False,True,True,57.035705383867025,175.54063415527344,44.15622612004171,True,False,False,False,True,,3f955b46c00ec424c5a8c22d5c5829459c74ef26885bca6758244511dcd002ad,a69b98653386cb99
data/dataset/helopeltis/image_0_2490 - Copy.jpg,4,helopeltis,256,256,4153,True,False,False,False,52.954421773320064,228.83885192871094,52.876447669910355,True,False,True,False,True,,5923ce15ebe51ada1e6aa11faa7d00ccfab0df2a3a9eedfff2aaf162734742cb,e25a9d63629c8d71
data/dataset/helopeltis/image_0_2490.jpg,4,helopeltis,256,256,4153,True,False,True,True,52.954421773320064,228.83885192871094,52.876447669910355,True,False,True,False,True,,5923ce15ebe51ada1e6aa11faa7d00ccfab0df2a3a9eedfff2aaf162734742cb,e25a9d63629c8d71
data/dataset/helopeltis/image_0_2497 - Copy.jpg,4,helopeltis,256,256,5088,True,False,False,False,176.50338745117188,228.2216033935547,49.73637267201695,False,False,True,False,True,,ec3dcba2352e5bd60ccbc2792bc09411b12078d6a07e598c99b7c28eebb98d0d,b83ecbc164363399
data/dataset/helopeltis/image_0_2497.jpg,4,helopeltis,256,256,5088,True,False,True,True,176.50338745117188,228.2216033935547,49.73637267201695,False,False,True,False,True,,ec3dcba2352e5bd60ccbc2792bc09411b12078d6a07e598c99b7c28eebb98d0d,b83ecbc164363399
data/dataset/helopeltis/image_0_2508 - Copy.jpg,4,helopeltis,256,256,5033,True,False,False,False,56.733947708271444,218.3417510986328,60.07498376467722,True,False,False,False,True,,6906c64af4257d0e4f58e05e8a1fd036d18606e99e22f3a4395cbd1b3f47e85f,ea9485426abdb5d2
data/dataset/helopeltis/image_0_2508.jpg,4,helopeltis,256,256,5033,True,False,True,True,56.733947708271444,218.3417510986328,60.07498376467722,True,False,False,False,True,,6906c64af4257d0e4f58e05e8a1fd036d18606e99e22f3a4395cbd1b3f47e85f,ea9485426abdb5d2
data/dataset/helopeltis/image_0_2515 - Copy.jpg,4,helopeltis,256,256,4618,True,False,False,False,61.49195860675536,180.82473754882812,58.040273027295235,True,False,False,False,True,,b249a46fc8b4b0cf8a38ffb74da544d86ec7ac690f51383f1af348892c178ea9,fc8b913c6bc0941f
data/dataset/helopeltis/image_0_2515.jpg,4,helopeltis,256,256,4618,True,False,True,True,61.49195860675536,180.82473754882812,58.040273027295235,True,False,False,False,True,,b249a46fc8b4b0cf8a38ffb74da544d86ec7ac690f51383f1af348892c178ea9,fc8b913c6bc0941f
data/dataset/helopeltis/image_0_254.jpg,4,helopeltis,256,256,5282,True,False,False,False,303.6111755333841,221.4394073486328,63.96667201425621,False,False,True,False,True,,7ea61af04da048aa2f60b4c7b3bc492e05ccf65de8e544928c949bf52c0d5eb6,ad96c0693f96c09d
data/dataset/helopeltis/image_0_2547 - Copy.jpg,4,helopeltis,256,256,4946,True,False,False,False,72.80018491647206,194.10226440429688,47.03687100182159,True,False,False,False,True,,43fca4b9615b22277e86ec93ace79acd55aba4eb9af558177ecf6024ff8d7941,f0c79e38679e9064
data/dataset/helopeltis/image_0_2547.jpg,4,helopeltis,256,256,4946,True,False,True,True,72.80018491647206,194.10226440429688,47.03687100182159,True,False,False,False,True,,43fca4b9615b22277e86ec93ace79acd55aba4eb9af558177ecf6024ff8d7941,f0c79e38679e9064
data/dataset/helopeltis/image_0_2566 - Copy.jpg,4,helopeltis,256,256,5309,True,False,False,False,60.395064988872036,172.38584899902344,56.985929664734385,True,False,False,False,True,,a1f630a3bf22c2f1c455c8ffa4215628162c429665c7dbff032797d8e7f7d79f,a898ce67b158bd64
data/dataset/helopeltis/image_0_2566.jpg,4,helopeltis,256,256,5309,True,False,True,True,60.395064988872036,172.38584899902344,56.985929664734385,True,False,False,False,True,,a1f630a3bf22c2f1c455c8ffa4215628162c429665c7dbff032797d8e7f7d79f,a898ce67b158bd64
data/dataset/helopeltis/image_0_265.jpg,4,helopeltis,256,256,4338,True,False,False,False,55.80062764789909,191.56106567382812,45.019753696436155,True,False,False,False,True,,be9f3f502e138d2dfb0f9b5e11d98db47fb17c181184df6bcefe974f1f7e9982,ec999264c966d993
data/dataset/helopeltis/image_0_2666 - Copy.jpg,4,helopeltis,256,256,4469,True,False,False,False,66.63217113818973,198.5074005126953,49.142760723839444,True,False,False,False,True,,3e191cbb0dd4c3206c0d4cc559e85e99e38f9c43d56622c32c37b19b2e984226,b8c3c71c337139c6
data/dataset/helopeltis/image_0_2666.jpg,4,helopeltis,256,256,4469,True,False,True,True,66.63217113818973,198.5074005126953,49.142760723839444,True,False,False,False,True,,3e191cbb0dd4c3206c0d4cc559e85e99e38f9c43d56622c32c37b19b2e984226,b8c3c71c337139c6
data/dataset/helopeltis/image_0_267.jpg,4,helopeltis,256,256,5288,True,False,False,False,75.9523464476224,168.44520568847656,53.92356114046765,True,False,False,False,True,,dca6fa31fd13b43937db306a92a1cb551cdbbc785fb6dec7635ca0e36989db6c,a8cf9568cb9cb063
data/dataset/helopeltis/image_0_2678 - Copy.jpg,4,helopeltis,256,256,4925,True,False,False,False,48.27136777341366,188.97799682617188,52.841144845794624,True,False,False,False,True,,b2ec0a3acbf40bce1dfaf7ef18311e67b9ffa54a97e850e786e56422bfd786b1,eac2853d78c2a23f
data/dataset/helopeltis/image_0_2678.jpg,4,helopeltis,256,256,4925,True,False,True,True,48.27136777341366,188.97799682617188,52.841144845794624,True,False,False,False,True,,b2ec0a3acbf40bce1dfaf7ef18311e67b9ffa54a97e850e786e56422bfd786b1,eac2853d78c2a23f
data/dataset/helopeltis/image_0_2699 - Copy.jpg,4,helopeltis,256,256,3688,True,False,False,False,58.39886474609375,234.50291442871094,52.19546297362919,True,False,True,False,True,,3624fc95f11d2dcc835953202cc7b3692c4cc61d6179deb7e1394c83fb44ba6a,e53398cc66b33133
data/dataset/helopeltis/image_0_2699.jpg,4,helopeltis,256,256,3688,True,False,True,True,58.39886474609375,234.50291442871094,52.19546297362919,True,False,True,False,True,,3624fc95f11d2dcc835953202cc7b3692c4cc61d6179deb7e1394c83fb44ba6a,e53398cc66b33133
data/dataset/helopeltis/image_0_2712 - Copy.jpg,4,helopeltis,256,256,4625,True,False,False,False,50.02673316001892,210.45468139648438,50.263559727287024,True,False,False,False,True,,a8628553df6a106c2c20214e921585c37bfb5be34479134678c94ddfead44246,b2ced931668c99c9
data/dataset/helopeltis/image_0_2712.jpg,4,helopeltis,256,256,4625,True,False,True,True,50.02673316001892,210.45468139648438,50.263559727287024,True,False,False,False,True,,a8628553df6a106c2c20214e921585c37bfb5be34479134678c94ddfead44246,b2ced931668c99c9
data/dataset/helopeltis/image_0_2778 - Copy.jpg,4,helopeltis,256,256,4578,True,False,False,False,99.60485771950334,226.17462158203125,58.908845945189796,False,False,True,False,True,,093daa0b027946560b33d20e3b16e736eb7f1167700a641b3576970afa107b69,e99697693896c398
data/dataset/helopeltis/image_0_2778.jpg,4,helopeltis,256,256,4578,True,False,True,True,99.60485771950334,226.17462158203125,58.908845945189796,False,False,True,False,True,,093daa0b027946560b33d20e3b16e736eb7f1167700a641b3576970afa107b69,e99697693896c398
data/dataset/helopeltis/image_0_2829 - Copy.jpg,4,helopeltis,256,256,4082,True,False,False,False,168.341796875,233.7600555419922,52.7072623984856,False,False,True,False,True,,e7f90ddc77903aabe8d58fdae056d4b4d5212cff8c8c4063a81ba089875195c7,e39c9e636994964a
data/dataset/helopeltis/image_0_2829.jpg,4,helopeltis,256,256,4082,True,False,True,True,168.341796875,233.7600555419922,52.7072623984856,False,False,True,False,True,,e7f90ddc77903aabe8d58fdae056d4b4d5212cff8c8c4063a81ba089875195c7,e39c9e636994964a
data/dataset/helopeltis/image_0_2833 - Copy.jpg,4,helopeltis,256,256,4570,True,False,False,False,56.759414667030796,187.82276916503906,48.628713504444576,True,False,False,False,True,,b03ca49602085891ffcf85e00e6323aea1da4b73b165f66253eec5fd55638dab,e1949e6f6194866b
data/dataset/helopeltis/image_0_2833.jpg,4,helopeltis,256,256,4570,True,False,True,True,56.759414667030796,187.82276916503906,48.628713504444576,True,False,False,False,True,,b03ca49602085891ffcf85e00e6323aea1da4b73b165f66253eec5fd55638dab,e1949e6f6194866b
data/dataset/helopeltis/image_0_2852 - Copy.jpg,4,helopeltis,256,256,4746,True,False,False,False,96.3362579063978,225.0016326904297,53.68015265858118,False,False,True,False,True,,dd62e8299e1311e9f8607310863d736778cf828797fc28376aaddf7f774f7cb4,eae4951a6ae5a552
data/dataset/helopeltis/image_0_2852.jpg,4,helopeltis,256,256,4746,True,False,True,True,96.3362579063978,225.0016326904297,53.68015265858118,False,False,True,False,True,,dd62e8299e1311e9f8607310863d736778cf828797fc28376aaddf7f774f7cb4,eae4951a6ae5a552
data/dataset/helopeltis/image_0_2875 - Copy.jpg,4,helopeltis,256,256,4018,True,False,False,False,95.24285888578743,236.91165161132812,45.66466705632434,False,False,True,False,True,,19d15cfbecb3b8bbb02653b44078f282c3c359ff80ac61269953f47e39d8b3c2,e2959c4a63b5cc4b
data/dataset/helopeltis/image_0_2875.jpg,4,helopeltis,256,256,4018,True,False,True,True,95.24285888578743,236.91165161132812,45.66466705632434,False,False,True,False,True,,19d15cfbecb3b8bbb02653b44078f282c3c359ff80ac61269953f47e39d8b3c2,e2959c4a63b5cc4b
data/dataset/helopeltis/image_0_2888 - Copy.jpg,4,helopeltis,256,256,4804,True,False,False,False,61.83659554924816,172.2582550048828,46.55914614632569,True,False,False,False,True,,a72cffe24f9c1aae70470ee787622836e21e24495a2a8c276d96da2885eef68c,b780c81d36f0d98f
data/dataset/helopeltis/image_0_2888.jpg,4,helopeltis,256,256,4804,True,False,True,True,61.83659554924816,172.2582550048828,46.55914614632569,True,False,False,False,True,,a72cffe24f9c1aae70470ee787622836e21e24495a2a8c276d96da2885eef68c,b780c81d36f0d98f
data/dataset/helopeltis/image_0_2895 - Copy.jpg,4,helopeltis,256,256,5110,True,False,False,False,186.86892700195312,226.580078125,55.43840440702655,False,False,True,False,True,,9cfbe42e6cddf76ac477b91640899d7fd1feb31bfd00cc97f0764bc522afeaa3,ba94c1693c9672d9
data/dataset/helopeltis/image_0_2895.jpg,4,helopeltis,256,256,5110,True,False,True,True,186.86892700195312,226.580078125,55.43840440702655,False,False,True,False,True,,9cfbe42e6cddf76ac477b91640899d7fd1feb31bfd00cc97f0764bc522afeaa3,ba94c1693c9672d9
data/dataset/helopeltis/image_0_2920 - Copy.jpg,4,helopeltis,256,256,4664,True,False,False,False,117.64843744039536,227.1946258544922,57.986086596861796,False,False,True,False,True,,3cd9fed98b828da1ebe5d2377356fed0b3f2b391a1144b56012420c92c61d5bd,b69ac9e4361f6990
data/dataset/helopeltis/image_0_2920.jpg,4,helopeltis,256,256,4664,True,False,True,True,117.64843744039536,227.1946258544922,57.986086596861796,False,False,True,False,True,,3cd9fed98b828da1ebe5d2377356fed0b3f2b391a1144b56012420c92c61d5bd,b69ac9e4361f6990
data/dataset/helopeltis/image_0_2991 - Copy.jpg,4,helopeltis,256,256,4628,True,False,False,False,61.92626951634884,198.92864990234375,50.739352362418906,True,False,False,False,True,,f76677cb81263bb61bd5e811daed9589efae5b399512a22a9f3d44759820d9e5,b4cbd23c69d21c69
data/dataset/helopeltis/image_0_2991.jpg,4,helopeltis,256,256,4628,True,False,True,True,61.92626951634884,198.92864990234375,50.739352362418906,True,False,False,False,True,,f76677cb81263bb61bd5e811daed9589efae5b399512a22a9f3d44759820d9e5,b4cbd23c69d21c69
data/dataset/helopeltis/image_0_3007 - Copy.jpg,4,helopeltis,256,256,4994,True,False,False,False,49.35983222723007,178.75137329101562,60.83764290215753,True,False,False,False,True,,2c780c1825bbc9f19aaf1483003434eb8a74f2370f6381719e502754d730145c,a14f9e30676c6b4c
data/dataset/helopeltis/image_0_3007.jpg,4,helopeltis,256,256,4994,True,False,True,True,49.35983222723007,178.75137329101562,60.83764290215753,True,False,False,False,True,,2c780c1825bbc9f19aaf1483003434eb8a74f2370f6381719e502754d730145c,a14f9e30676c6b4c
data/dataset/helopeltis/image_0_3019 - Copy.jpg,4,helopeltis,256,256,4739,True,False,False,False,63.01130661717616,188.49781799316406,47.65673470680327,True,False,False,False,True,,fc43ff615a221e2174a4a64b07cad4e25aab90651bac389d2fb5560d62a0887d,b2c0c91f36e09b9e
data/dataset/helopeltis/image_0_3019.jpg,4,helopeltis,256,256,4739,True,False,True,True,63.01130661717616,188.49781799316406,47.65673470680327,True,False,False,False,True,,fc43ff615a221e2174a4a64b07cad4e25aab90651bac389d2fb5560d62a0887d,b2c0c91f36e09b9e
data/dataset/helopeltis/image_0_3022 - Copy.jpg,4,helopeltis,256,256,4472,True,False,False,False,154.89468377828598,227.4061279296875,56.591849486200665,False,False,True,False,True,,01fcdf86029f49b7cc30dfa64d19929195164a4fdab27b622119b351ab917272,b4c3cb3c70c31ed8
data/dataset/helopeltis/image_0_3022.jpg,4,helopeltis,256,256,4472,True,False,True,True,154.89468377828598,227.4061279296875,56.591849486200665,False,False,True,False,True,,01fcdf86029f49b7cc30dfa64d19929195164a4fdab27b622119b351ab917272,b4c3cb3c70c31ed8
data/dataset/helopeltis/image_0_3030 - Copy.jpg,4,helopeltis,256,256,4015,True,False,False,False,56.15469330176711,220.416259765625,65.93963919645226,True,False,True,False,True,,dda8d89704579215fa4e8024a5a92eabf1ed941b431eab3e40b156e307fe1cb6,e8979469c6b46b46
data/dataset/helopeltis/image_0_3030.jpg,4,helopeltis,256,256,4015,True,False,True,True,56.15469330176711,220.416259765625,65.93963919645226,True,False,True,False,True,,dda8d89704579215fa4e8024a5a92eabf1ed941b431eab3e40b156e307fe1cb6,e8979469c6b46b46
data/dataset/helopeltis/image_0_3063 - Copy.jpg,4,helopeltis,256,256,4532,True,False,False,False,79.42050159629434,221.5609130859375,55.17659814591089,True,False,True,False,True,,92d976219d1ed1a00f12718c184803c3cb5dfe140d8b35b3a2c375950d11b84e,f486993967cc38c3
data/dataset/helopeltis/image_0_3063.jpg,4,helopeltis,256,256,4532,True,False,True,True,79.42050159629434,221.5609130859375,55.17659814591089,True,False,True,False,True,,92d976219d1ed1a00f12718c184803c3cb5dfe140d8b35b3a2c375950d11b84e,f486993967cc38c3
data/dataset/helopeltis/image_0_3081 - Copy.jpg,4,helopeltis,256,256,4589,True,False,False,False,131.11256408668123,220.78665161132812,66.63914296266898,False,False,True,False,True,,21c2200e993c377db504d801a77ff22db36c5a5c0a9626b06ad8fa65ef367704,bf92c0693f92e04e
data/dataset/helopeltis/image_0_3081.jpg,4,helopeltis,256,256,4589,True,False,True,True,131.11256408668123,220.78665161132812,66.63914296266898,False,False,True,False,True,,21c2200e993c377db504d801a77ff22db36c5a5c0a9626b06ad8fa65ef367704,bf92c0693f92e04e
data/dataset/helopeltis/image_0_3105 - Copy.jpg,4,helopeltis,256,256,4334,True,False,False,False,101.24887084960938,231.7581787109375,53.15558885219805,False,False,True,False,True,,ed0ece25c3849cdaabc27fb72baf84334f793b5092231501bf074326998946c9,b318cce7cc323cc6
data/dataset/helopeltis/image_0_3105.jpg,4,helopeltis,256,256,4334,True,False,True,True,101.24887084960938,231.7581787109375,53.15558885219805,False,False,True,False,True,,ed0ece25c3849cdaabc27fb72baf84334f793b5092231501bf074326998946c9,b318cce7cc323cc6
data/dataset/helopeltis/image_0_3106 - Copy.jpg,4,helopeltis,256,256,3324,True,False,False,False,78.74038696289062,242.31396484375,42.31259481794138,True,False,True,False,True,,9fb96db2ffc3308c48e60b6784895a76bac993aacc2cce7bbd7a082f62b044eb,e6998c663399cca6
data/dataset/helopeltis/image_0_3106.jpg,4,helopeltis,256,256,3324,True,False,True,True,78.74038696289062,242.31396484375,42.31259481794138,True,False,True,False,True,,9fb96db2ffc3308c48e60b6784895a76bac993aacc2cce7bbd7a082f62b044eb,e6998c663399cca6
data/dataset/helopeltis/image_0_3110 - Copy.jpg,4,helopeltis,256,256,4154,True,False,False,False,95.24409479624592,231.79718017578125,49.45019154123275,False,False,True,False,True,,2f104dfb66f2c59346d7865a9bb0fe2a05b7e5b49630b0266bda82a375441343,b3d8cc6664333399
data/dataset/helopeltis/image_0_3110.jpg,4,helopeltis,256,256,4154,True,False,True,True,95.24409479624592,231.79718017578125,49.45019154123275,False,False,True,False,True,,2f104dfb66f2c59346d7865a9bb0fe2a05b7e5b49630b0266bda82a375441343,b3d8cc6664333399
data/dataset/helopeltis/image_0_3111 - Copy.jpg,4,helopeltis,256,256,5288,True,False,False,False,127.35160826495849,220.33493041992188,59.42383172340821,False,False,True,False,True,,40dbda1d8e3cb97354c59438119bcdba903a67827d01970529ed4676da124c7d,fec0953f68c2278c
data/dataset/helopeltis/image_0_3111.jpg,4,helopeltis,256,256,5288,True,False,True,True,127.35160826495849,220.33493041992188,59.42383172340821,False,False,True,False,True,,40dbda1d8e3cb97354c59438119bcdba903a67827d01970529ed4676da124c7d,fec0953f68c2278c
data/dataset/helopeltis/image_0_3146 - Copy.jpg,4,helopeltis,256,256,5014,True,False,False,False,133.1513823622372,225.50906372070312,50.10649739483937,False,False,True,False,True,,91cf54864ea725845b97d7d062ee691039282c9a2c458c15825ce240fc334127,f19ace65308b6596
data/dataset/helopeltis/image_0_3146.jpg,4,helopeltis,256,256,5014,True,False,True,True,133.1513823622372,225.50906372070312,50.10649739483937,False,False,True,False,True,,91cf54864ea725845b97d7d062ee691039282c9a2c458c15825ce240fc334127,f19ace65308b6596
data/dataset/helopeltis/image_0_3155 - Copy.jpg,4,helopeltis,256,256,4685,True,False,False,False,218.3017578125,223.99986267089844,65.57305084353925,False,False,True,False,True,,6dabed2ade2002039345e7677d3d0805c4ec5766342e246da7cdc431d1b4a6fd,ec2c8783783a87e5
data/dataset/helopeltis/image_0_3155.jpg,4,helopeltis,256,256,4685,True,False,True,True,218.3017578125,223.99986267089844,65.57305084353925,False,False,True,False,True,,6dabed2ade2002039345e7677d3d0805c4ec5766342e246da7cdc431d1b4a6fd,ec2c8783783a87e5
data/dataset/helopeltis/image_0_3168 - Copy.jpg,4,helopeltis,256,256,5369,True,False,False,False,78.59847833868116,178.82850646972656,62.75419907633463,True,False,False,False,True,,036d95a1675984a0e337b736d40123ae554a1f09a8c028f430949c8761e3336c,b41ac9e4b26f3319
data/dataset/helopeltis/image_0_3168.jpg,4,helopeltis,256,256,5369,True,False,True,True,78.59847833868116,178.82850646972656,62.75419907633463,True,False,False,False,True,,036d95a1675984a0e337b736d40123ae554a1f09a8c028f430949c8761e3336c,b41ac9e4b26f3319
data/dataset/helopeltis/image_0_3223 - Copy.jpg,4,helopeltis,256,256,4825,True,False,False,False,47.21725663449615,178.7985382080078,61.72737270412523,True,False,False,False,True,,6c316272629e9a93078242a5b6f50954ebc2fc67f2c3b9ab8c872a1a5cb3ee2d,be40853f6ac0973d
data/dataset/helopeltis/image_0_3223.jpg,4,helopeltis,256,256,4825,True,False,True,True,47.21725663449615,178.7985382080078,61.72737270412523,True,False,False,False,True,,6c316272629e9a93078242a5b6f50954ebc2fc67f2c3b9ab8c872a1a5cb3ee2d,be40853f6ac0973d
data/dataset/helopeltis/image_0_3262 - Copy.jpg,4,helopeltis,256,256,4331,True,False,False,False,67.75906367506832,210.62489318847656,47.91400290771677,True,False,False,False,True,,b080a999abbbc3ca8a18ee08c52b09ba9aed6cf0b9bb996fc86dbbad2bb52846,b08fcf3034cb933c
data/dataset/helopeltis/image_0_3262.jpg,4,helopeltis,256,256,4331,True,False,True,True,67.75906367506832,210.62489318847656,47.91400290771677,True,False,False,False,True,,b080a999abbbc3ca8a18ee08c52b09ba9aed6cf0b9bb996fc86dbbad2bb52846,b08fcf3034cb933c
data/dataset/helopeltis/image_0_3265 - Copy.jpg,4,helopeltis,256,256,4113,True,False,False,False,102.09258751478046,234.93820190429688,49.838153235342,False,False,True,False,True,,243a40b75c8a95086dbf726a3c51827c4c3635e28994b04c7f5810e8f0363eb2,e6d9986433936699
data/dataset/helopeltis/image_0_3265.jpg,4,helopeltis,256,256,4113,True,False,True,True,102.09258751478046,234.93820190429688,49.838153235342,False,False,True,False,True,,243a40b75c8a95086dbf726a3c51827c4c3635e28994b04c7f5810e8f0363eb2,e6d9986433936699
data/dataset/helopeltis/image_0_3268 - Copy.jpg,4,helopeltis,256,256,5125,True,False,False,False,358.94296264555305,226.14779663085938,64.1382032269938,False,False,True,False,True,,43db3be1994563ee3f8d7e6948a958be8f518bd08ed4719a353e758219eb6699,a79cd0632f9cc4e8
data/dataset/helopeltis/image_0_3268.jpg,4,helopeltis,256,256,5125,True,False,True,True,358.94296264555305,226.14779663085938,64.1382032269938,False,False,True,False,True,,43db3be1994563ee3f8d7e6948a958be8f518bd08ed4719a353e758219eb6699,a79cd0632f9cc4e8
data/dataset/helopeltis/image_0_3293 - Copy.jpg,4,helopeltis,256,256,4733,True,False,False,False,67.13277874048799,176.57725524902344,49.58003451634663,True,False,False,False,True,,8ca230764bc78de69e33c8752589e2682109cd080be32c8405363bb6c9bc9af6,b833c74d6c329369
data/dataset/helopeltis/image_0_3293.jpg,4,helopeltis,256,256,4733,True,False,True,True,67.13277874048799,176.57725524902344,49.58003451634663,True,False,False,False,True,,8ca230764bc78de69e33c8752589e2682109cd080be32c8405363bb6c9bc9af6,b833c74d6c329369
data/dataset/helopeltis/image_0_3315 - Copy.jpg,4,helopeltis,256,256,4967,True,False,False,False,72.05898974835873,195.1168212890625,54.63113859291509,True,False,False,False,True,,d70c3bae71e0942b1de3b228d11e2d194efc5daa0794a9e6a95d72e2ea53095b,e5ce9231cf38c992
data/dataset/helopeltis/image_0_3315.jpg,4,helopeltis,256,256,4967,True,False,True,True,72.05898974835873,195.1168212890625,54.63113859291509,True,False,False,False,True,,d70c3bae71e0942b1de3b228d11e2d194efc5daa0794a9e6a95d72e2ea53095b,e5ce9231cf38c992
data/dataset/helopeltis/image_0_3408 - Copy.jpg,4,helopeltis,256,256,4864,True,False,False,False,167.2769775353372,223.4523162841797,60.828308997390316,False,False,True,False,True,,834de38121174fa27eb812aedd0ebe57c30ac7e006332eae1150de6d9009d714,bd9ac2653e92e14c
data/dataset/helopeltis/image_0_3408.jpg,4,helopeltis,256,256,4864,True,False,True,True,167.2769775353372,223.4523162841797,60.828308997390316,False,False,True,False,True,,834de38121174fa27eb812aedd0ebe57c30ac7e006332eae1150de6d9009d714,bd9ac2653e92e14c
data/dataset/helopeltis/image_0_3462 - Copy.jpg,4,helopeltis,256,256,5274,True,False,False,False,122.78529970999807,221.467529296875,55.754818955555045,False,False,True,False,True,,741efff8fdaaca17a91e004a0f202a0efc16182161b0b22bff5097369452cf35,ba95c0e83f3730d8
data/dataset/helopeltis/image_0_3462.jpg,4,helopeltis,256,256,5274,True,False,True,True,122.78529970999807,221.467529296875,55.754818955555045,False,False,True,False,True,,741efff8fdaaca17a91e004a0f202a0efc16182161b0b22bff5097369452cf35,ba95c0e83f3730d8
data/dataset/helopeltis/image_0_348.jpg,4,helopeltis,256,256,3902,True,False,False,False,107.21586608677171,236.37197875976562,52.81284756002072,False,False,True,False,True,,9d67ec5739cf608903a22188b7f56fc22ff6d10808dfae63514bf0b8ae4081d5,b4cbcb3c34c3923c
data/dataset/helopeltis/image_0_3491 - Copy.jpg,4,helopeltis,256,256,5527,True,False,False,False,75.38316343328916,166.15956115722656,51.790784672845966,True,False,False,False,True,,86a1a998e65bbc643b841b2caf09fac3ab7b4797a54b0c1ce88bbb0dea339c21,ff81806c2fb4b0cb
data/dataset/helopeltis/image_0_3491.jpg,4,helopeltis,256,256,5527,True,False,True,True,75.38316343328916,166.15956115722656,51.790784672845966,True,False,False,False,True,,86a1a998e65bbc643b841b2caf09fac3ab7b4797a54b0c1ce88bbb0dea339c21,ff81806c2fb4b0cb
data/dataset/helopeltis/image_0_350.jpg,4,helopeltis,256,256,3221,True,False,False,False,109.46884144004434,243.27105712890625,41.38698013816298,False,False,True,False,True,,51b3f7cd2eafbb3e1e565eecbf9295d47559fbac795840022c87dfc8c7f7a23d,e6889b666c99b346
data/dataset/helopeltis/image_0_3528 - Copy.jpg,4,helopeltis,256,256,5209,True,False,False,False,64.8829599879682,176.9730224609375,58.55081712313334,True,False,False,False,True,,479a6d5a95d18f1f507e48bb34cbba4aa5c6bcdf86fc4ae3301a04afbde9b33c,e3219cde63399c46
data/dataset/helopeltis/image_0_3528.jpg,4,helopeltis,256,256,5209,True,False,True,True,64.8829599879682,176.9730224609375,58.55081712313334,True,False,False,False,True,,479a6d5a95d18f1f507e48bb34cbba4aa5c6bcdf86fc4ae3301a04afbde9b33c,e3219cde63399c46
data/dataset/helopeltis/image_0_3535 - Copy.jpg,4,helopeltis,256,256,4407,True,False,False,False,57.929991892538965,186.1654052734375,46.56281181189441,True,False,False,False,True,,0496a874e85402b5934d3f90a04896d19093070ad9eb845612beaebaef36940f,e733986c36936c32
data/dataset/helopeltis/image_0_3535.jpg,4,helopeltis,256,256,4407,True,False,True,True,57.929991892538965,186.1654052734375,46.56281181189441,True,False,False,False,True,,0496a874e85402b5934d3f90a04896d19093070ad9eb845612beaebaef36940f,e733986c36936c32
data/dataset/helopeltis/image_0_3553 - Copy.jpg,4,helopeltis,256,256,4780,True,False,False,False,113.63296506460756,222.64105224609375,50.41127061816723,False,False,True,False,True,,adc52e4a2cb475bff3f131aa250997049cd4efbd196158dee9607b4b71f8c1ba,a1cc9a3365cd9276
data/dataset/helopeltis/image_0_3553.jpg,4,helopeltis,256,256,4780,True,False,True,True,113.63296506460756,222.64105224609375,50.41127061816723,False,False,True,False,True,,adc52e4a2cb475bff3f131aa250997049cd4efbd196158dee9607b4b71f8c1ba,a1cc9a3365cd9276
data/dataset/helopeltis/image_0_3565 - Copy.jpg,4,helopeltis,256,256,4411,True,False,False,False,38.74113461538218,190.42306518554688,51.614525141146494,True,False,False,False,True,,488f9fda612b50a14280841163888451a2c26ffdef1671c1bf7f777bc7107623,e67399cc39996609
data/dataset/helopeltis/image_0_3565.jpg,4,helopeltis,256,256,4411,True,False,True,True,38.74113461538218,190.42306518554688,51.614525141146494,True,False,False,False,True,,488f9fda612b50a14280841163888451a2c26ffdef1671c1bf7f777bc7107623,e67399cc39996609
data/dataset/helopeltis/image_0_3566 - Copy.jpg,4,helopeltis,256,256,4098,True,False,False,False,47.54740905179642,208.39788818359375,39.80970371892598,True,False,False,False,True,,9a801bcf5c7745cff695114f65c9a012cedf420013c39a1f93b3a72a8a0b68d1,b2c7cd3066cf9930
data/dataset/helopeltis/image_0_3566.jpg,4,helopeltis,256,256,4098,True,False,True,True,47.54740905179642,208.39788818359375,39.80970371892598,True,False,False,False,True,,9a801bcf5c7745cff695114f65c9a012cedf420013c39a1f93b3a72a8a0b68d1,b2c7cd3066cf9930
data/dataset/helopeltis/image_0_357.jpg,4,helopeltis,256,256,4417,True,False,False,False,51.42831416334957,187.9481964111328,47.40753990866739,True,False,False,False,True,,801fa93bc27ab9e5b30db73fdcd6dcadd92c71a783ab3c9f15a975caa3b61e71,e3399c64319ace65
data/dataset/helopeltis/image_0_3609 - Copy.jpg,4,helopeltis,256,256,5246,True,False,False,False,51.01281505450606,166.36264038085938,59.34752235912684,True,False,False,False,True,,26c4b03cdcdbbdaa6a7513428edfb95ff70f964a2246b7dc9d87d887c5b09fd3,ad69c09636fd3862
data/dataset/helopeltis/image_0_3609.jpg,4,helopeltis,256,256,5246,True,False,True,True,51.01281505450606,166.36264038085938,59.34752235912684,True,False,False,False,True,,26c4b03cdcdbbdaa6a7513428edfb95ff70f964a2246b7dc9d87d887c5b09fd3,ad69c09636fd3862
data/dataset/helopeltis/image_0_365.jpg,4,helopeltis,256,256,5580,True,False,False,False,261.384658643743,221.44552612304688,47.124885624229684,False,False,True,False,True,,12108ef632333f5c78837452ba0f0c5b1c7ff8ad9e6852876a28eb7607a54ec2,e16e8c3133ce38c7
data/dataset/helopeltis/image_0_3659 - Copy.jpg,4,helopeltis,256,256,5081,True,False,False,False,64.8416592606809,169.69374084472656,48.58942342709236,True,False,False,False,True,,ddfcb70d9f0c9df9487be5ba138dc49382dcbe4bbff9ddf686b28058bae6db5f,a592986d336693d9
data/dataset/helopeltis/image_0_3659.jpg,4,helopeltis,256,256,5081,True,False,True,True,64.8416592606809,169.69374084472656,48.58942342709236,True,False,False,False,True,,ddfcb70d9f0c9df9487be5ba138dc49382dcbe4bbff9ddf686b28058bae6db5f,a592986d336693d9
data/dataset/helopeltis/image_0_3665 - Copy.jpg,4,helopeltis,256,256,4829,True,False,False,False,102.48274229816161,221.16012573242188,57.018179104752996,False,False,True,False,True,,26d131ab11c682edb66e75124c4bcbdf61e285ef2e3dfdbad72b5db780f30083,f098cf6730986db2
data/dataset/helopeltis/image_0_3665.jpg,4,helopeltis,256,256,4829,True,False,True,True,102.48274229816161,221.16012573242188,57.018179104752996,False,False,True,False,True,,26d131ab11c682edb66e75124c4bcbdf61e285ef2e3dfdbad72b5db780f30083,f098cf6730986db2
data/dataset/helopeltis/image_0_3667 - Copy.jpg,4,helopeltis,256,256,4682,True,False,False,False,62.98935219994746,170.5247039794922,40.22949833997503,True,False,False,False,True,,d25a5ca2f23af8502ddc22a9c5437c44904ea1960dafc0bfe714081cc06c9a1b,f219cd6633398cc9
data/dataset/helopeltis/image_0_3667.jpg,4,helopeltis,256,256,4682,True,False,True,True,62.98935219994746,170.5247039794922,40.22949833997503,True,False,False,False,True,,d25a5ca2f23af8502ddc22a9c5437c44904ea1960dafc0bfe714081cc06c9a1b,f219cd6633398cc9
data/dataset/helopeltis/image_0_3668 - Copy.jpg,4,helopeltis,256,256,4449,True,False,False,False,65.44352715439163,183.94300842285156,52.49430658425628,True,False,False,False,True,,e5b23a92b629d74db04e42d11edd072b922d80466ca4a9b47477b1e622a57fb3,f8c7973863879c48
data/dataset/helopeltis/image_0_3668.jpg,4,helopeltis,256,256,4449,True,False,True,True,65.44352715439163,183.94300842285156,52.49430658425628,True,False,False,False,True,,e5b23a92b629d74db04e42d11edd072b922d80466ca4a9b47477b1e622a57fb3,f8c7973863879c48
data/dataset/helopeltis/image_0_3669 - Copy.jpg,4,helopeltis,256,256,4079,True,False,False,False,108.66383349499665,225.9495391845703,59.08217008326707,False,False,True,False,True,,5d97ecc021591a96b889f3d9820e69fb098aad2ffeb6763f2b557361ec2b7053,b689c0349fe1e4b3
data/dataset/helopeltis/image_0_3669.jpg,4,helopeltis,256,256,4079,True,False,True,True,108.66383349499665,225.9495391845703,59.08217008326707,False,False,True,False,True,,5d97ecc021591a96b889f3d9820e69fb098aad2ffeb6763f2b557361ec2b7053,b689c0349fe1e4b3
data/dataset/helopeltis/image_0_3739 - Copy.jpg,4,helopeltis,256,256,4860,True,False,False,False,79.00436333473772,195.2855224609375,49.984184404142745,True,False,False,False,True,,76a567ac528a41b25f79b0ecbb6b20c11cd3f2a694c43cba4f1b8e772a5b6dce,e4999b678c65c992
data/dataset/helopeltis/image_0_3739.jpg,4,helopeltis,256,256,4860,True,False,True,True,79.00436333473772,195.2855224609375,49.984184404142745,True,False,False,False,True,,76a567ac528a41b25f79b0ecbb6b20c11cd3f2a694c43cba4f1b8e772a5b6dce,e4999b678c65c992
data/dataset/helopeltis/image_0_3749 - Copy.jpg,4,helopeltis,256,256,4829,True,False,False,False,194.22430419921875,220.17454528808594,68.96210825612084,False,False,True,False,True,,6ea48a45b8032fe3ba2927ad29c350645533d66ef34a55581410e5577df042d8,b894c36b2db4f24a
data/dataset/helopeltis/image_0_3749.jpg,4,helopeltis,256,256,4829,True,False,True,True,194.22430419921875,220.17454528808594,68.96210825612084,False,False,True,False,True,,6ea48a45b8032fe3ba2927ad29c350645533d66ef34a55581410e5577df042d8,b894c36b2db4f24a
data/dataset/helopeltis/image_0_3758 - Copy.jpg,4,helopeltis,256,256,4598,True,False,False,False,79.05255081877112,192.73883056640625,42.60135401046548,True,False,False,False,True,,013a92eeea8e15e45a2defb363f8766b0b0d871f4b6eed72758c53406eb20e39,e78c983364cc9337
data/dataset/helopeltis/image_0_3758.jpg,4,helopeltis,256,256,4598,True,False,True,True,79.05255081877112,192.73883056640625,42.60135401046548,True,False,False,False,True,,013a92eeea8e15e45a2defb363f8766b0b0d871f4b6eed72758c53406eb20e39,e78c983364cc9337
data/dataset/helopeltis/image_0_3777 - Copy.jpg,4,helopeltis,256,256,4958,True,False,False,False,135.17205810546875,221.88063049316406,58.23709306247288,False,False,True,False,True,,66444613dacf426302e68fb315d3344415edda65940194a86166b89c8245b2a8,a6b3d90e996c32b2
data/dataset/helopeltis/image_0_3777.jpg,4,helopeltis,256,256,4958,True,False,True,True,135.17205810546875,221.88063049316406,58.23709306247288,False,False,True,False,True,,66444613dacf426302e68fb315d3344415edda65940194a86166b89c8245b2a8,a6b3d90e996c32b2
data/dataset/helopeltis/image_0_3787 - Copy.jpg,4,helopeltis,256,256,4117,True,False,False,False,109.36029052734375,225.58287048339844,60.073593011465526,False,False,True,False,True,,0738a2942198cb8153ce1c925213a2b8a82a06d8a6fb5d8225300274e99f6be5,e869c7963c69c326
data/dataset/helopeltis/image_0_3787.jpg,4,helopeltis,256,256,4117,True,False,True,True,109.36029052734375,225.58287048339844,60.073593011465526,False,False,True,False,True,,0738a2942198cb8153ce1c925213a2b8a82a06d8a6fb5d8225300274e99f6be5,e869c7963c69c326
data/dataset/helopeltis/image_0_3809 - Copy.jpg,4,helopeltis,256,256,5110,True,False,False,False,75.82858070638031,192.1747589111328,46.4671027991903,True,False,False,False,True,,d618313fadda3d3e89eb56fdc1edc98097966b420a8f15c84700dbb78c4f19b2,b4c1cb3e24c19b9e
data/dataset/helopeltis/image_0_3809.jpg,4,helopeltis,256,256,5110,True,False,True,True,75.82858070638031,192.1747589111328,46.4671027991903,True,False,False,False,True,,d618313fadda3d3e89eb56fdc1edc98097966b420a8f15c84700dbb78c4f19b2,b4c1cb3e24c19b9e
data/dataset/helopeltis/image_0_3818 - Copy.jpg,4,helopeltis,256,256,3709,True,False,False,False,67.73248270060867,239.10128784179688,43.49104684378184,True,False,True,False,True,,d176c1b0bc8f2b88cf9ee611be265f707a7e2d0427971a22eaae034c65920bb8,f089df26609d9761
data/dataset/helopeltis/image_0_3818.jpg,4,helopeltis,256,256,3709,True,False,True,True,67.73248270060867,239.10128784179688,43.49104684378184,True,False,True,False,True,,d176c1b0bc8f2b88cf9ee611be265f707a7e2d0427971a22eaae034c65920bb8,f089df26609d9761
data/dataset/helopeltis/image_0_3828 - Copy.jpg,4,helopeltis,256,256,4717,True,False,False,False,73.93339482671581,203.53152465820312,54.021931873854946,True,False,False,False,True,,5f74c632bc9c8112c2d470c98c2877eb3b1d3d347ce8001af3994cb11ad248bc,f08b933c69c3961d
data/dataset/helopeltis/image_0_3828.jpg,4,helopeltis,256,256,4717,True,False,True,True,73.93339482671581,203.53152465820312,54.021931873854946,True,False,False,False,True,,5f74c632bc9c8112c2d470c98c2877eb3b1d3d347ce8001af3994cb11ad248bc,f08b933c69c3961d
data/dataset/helopeltis/image_0_3833 - Copy.jpg,4,helopeltis,256,256,4892,True,False,False,False,66.05023163184524,175.04244995117188,48.92405294231485,True,False,False,False,True,,61230e4d45148df8e8ce67f98eefd78ec3bac24bfcfa0ee5248da8508d3bf0a2,a8c79668c9976a78
data/dataset/helopeltis/image_0_3833.jpg,4,helopeltis,256,256,4892,True,False,True,True,66.05023163184524,175.04244995117188,48.92405294231485,True,False,False,False,True,,61230e4d45148df8e8ce67f98eefd78ec3bac24bfcfa0ee5248da8508d3bf0a2,a8c79668c9976a78
data/dataset/helopeltis/image_0_3900 - Copy.jpg,4,helopeltis,256,256,5054,True,False,False,False,77.52450550254434,193.0635528564453,44.53526474198767,True,False,False,False,True,,79543903642671ecf7a8c257991d410114b19c3564815ac8eec8a60de8ae139b,bc1ac2653d9ad06d
data/dataset/helopeltis/image_0_3900.jpg,4,helopeltis,256,256,5054,True,False,True,True,77.52450550254434,193.0635528564453,44.53526474198767,True,False,False,False,True,,79543903642671ecf7a8c257991d410114b19c3564815ac8eec8a60de8ae139b,bc1ac2653d9ad06d
data/dataset/helopeltis/image_0_3943 - Copy.jpg,4,helopeltis,256,256,5302,True,False,False,False,325.3158874511719,229.0878448486328,55.07698902823535,False,False,True,False,True,,c8264980df3a9f3bad1a827aae11e6092bb5b39d8967bf2c53aec56127908b66,b4e7cd1873246746
data/dataset/helopeltis/image_0_3943.jpg,4,helopeltis,256,256,5302,True,False,True,True,325.3158874511719,229.0878448486328,55.07698902823535,False,False,True,False,True,,c8264980df3a9f3bad1a827aae11e6092bb5b39d8967bf2c53aec56127908b66,b4e7cd1873246746
data/dataset/helopeltis/image_0_3953 - Copy.jpg,4,helopeltis,256,256,4347,True,False,False,False,165.36477661132812,231.1103973388672,55.72204577019105,False,False,True,False,True,,6ca232a54b77a3f170757d0e5022cdaad6197c75968776503d8ce1b4927b7ef1,e19a9661799687c9
data/dataset/helopeltis/image_0_3953.jpg,4,helopeltis,256,256,4347,True,False,True,True,165.36477661132812,231.1103973388672,55.72204577019105,False,False,True,False,True,,6ca232a54b77a3f170757d0e5022cdaad6197c75968776503d8ce1b4927b7ef1,e19a9661799687c9
data/dataset/helopeltis/image_0_4.jpg,4,helopeltis,256,256,4462,True,False,False,False,159.29818725585938,229.8627471923828,56.0338008793629,False,False,True,False,True,,c1d8e310b31ac4b8cd01670c22b1967ef19629933f0e72fe864c50ac098c6134,e5cd9a3261cf2c98
data/dataset/helopeltis/image_0_400.jpg,4,helopeltis,256,256,3984,True,False,False,False,148.2047119140625,230.4189910888672,56.86428710969493,False,False,True,False,True,,a4321bcb3eab2833ff0a50f72bca5723d11b384b18cacf968cc1f7785a2eef68,b49ac7643a99e0ce
data/dataset/helopeltis/image_0_4006 - Copy.jpg,4,helopeltis,256,256,5340,True,False,False,False,229.53437805152498,221.32550048828125,65.09665623101905,False,False,True,False,True,,bac99461d2ae6713dbbd9ecde01b122a3570c779b9bcc97f0707f1b98493634a,b992cf6532193639
data/dataset/helopeltis/image_0_4006.jpg,4,helopeltis,256,256,5340,True,False,True,True,229.53437805152498,221.32550048828125,65.09665623101905,False,False,True,False,True,,bac99461d2ae6713dbbd9ecde01b122a3570c779b9bcc97f0707f1b98493634a,b992cf6532193639
data/dataset/helopeltis/image_0_4042 - Copy.jpg,4,helopeltis,256,256,4945,True,False,False,False,159.7592468112707,223.26583862304688,63.882278721570984,False,False,True,False,True,,fc6a3908c062b2f668554ad31e345d4355b16aaffe3a2c0105a5ddffc79426fa,ad92c26d349be1d8
data/dataset/helopeltis/image_0_4042.jpg,4,helopeltis,256,256,4945,True,False,True,True,159.7592468112707,223.26583862304688,63.882278721570984,False,False,True,False,True,,fc6a3908c062b2f668554ad31e345d4355b16aaffe3a2c0105a5ddffc79426fa,ad92c26d349be1d8
data/dataset/helopeltis/image_0_4047 - Copy.jpg,4,helopeltis,256,256,5544,True,False,False,False,190.00544738559984,222.33529663085938,60.684951202812165,False,False,True,False,True,,4160c35c48a123ae3491ee5788e1f1e48fcad1623899525d251f8be1396ad1d1,bf96c060369f6994
data/dataset/helopeltis/image_0_4047.jpg,4,helopeltis,256,256,5544,True,False,True,True,190.00544738559984,222.33529663085938,60.684951202812165,False,False,True,False,True,,4160c35c48a123ae3491ee5788e1f1e48fcad1623899525d251f8be1396ad1d1,bf96c060369f6994
data/dataset/helopeltis/image_0_4048 - Copy.jpg,4,helopeltis,256,256,4689,True,False,False,False,195.3125,222.97901916503906,67.12783894438023,False,False,True,False,True,,61231def609e25c983f2dd06dcadf0ee2b27b786f3f684aab4e9c1f3fa8864f6,a49aca6530363f9b
data/dataset/helopeltis/image_0_4048.jpg,4,helopeltis,256,256,4689,True,False,True,True,195.3125,222.97901916503906,67.12783894438023,False,False,True,False,True,,61231def609e25c983f2dd06dcadf0ee2b27b786f3f684aab4e9c1f3fa8864f6,a49aca6530363f9b
data/dataset/helopeltis/image_0_4109 - Copy.jpg,4,helopeltis,256,256,4641,True,False,False,False,95.11726378812455,220.75001525878906,58.64778595604572,False,False,True,False,True,,06223087e7065d8e9454e396249807d1a15c0bbe63784a0edae993939383b256,b6c2c93c36c3996c
data/dataset/helopeltis/image_0_4109.jpg,4,helopeltis,256,256,4641,True,False,True,True,95.11726378812455,220.75001525878906,58.64778595604572,False,False,True,False,True,,06223087e7065d8e9454e396249807d1a15c0bbe63784a0edae993939383b256,b6c2c93c36c3996c
data/dataset/helopeltis/image_0_4118 - Copy.jpg,4,helopeltis,256,256,4711,True,False,False,False,46.70565742254257,190.5337371826172,57.58116503792516,True,False,False,False,True,,1081c31deb0890ffa083a461bcb3d1f2e7813df1540409ac4bd11c50be5ffde3,e54c98b3963336cc
data/dataset/helopeltis/image_0_4118.jpg,4,helopeltis,256,256,4711,True,False,True,True,46.70565742254257,190.5337371826172,57.58116503792516,True,False,False,False,True,,1081c31deb0890ffa083a461bcb3d1f2e7813df1540409ac4bd11c50be5ffde3,e54c98b3963336cc
data/dataset/helopeltis/image_0_4140 - Copy.jpg,4,helopeltis,256,256,4314,True,False,False,False,57.5758361062035,201.9981689453125,45.89876392508151,True,False,False,False,True,,c4b8e00258f70f72ece4cc982bd6c575eb3821120890f4349e8972c2d9d18938,e4dc9a3165cec638
data/dataset/helopeltis/image_0_4140.jpg,4,helopeltis,256,256,4314,True,False,True,True,57.5758361062035,201.9981689453125,45.89876392508151,True,False,False,False,True,,c4b8e00258f70f72ece4cc982bd6c575eb3821120890f4349e8972c2d9d18938,e4dc9a3165cec638
data/dataset/helopeltis/image_0_4168 - Copy.jpg,4,helopeltis,256,256,4670,True,False,False,False,196.91781615372747,228.89254760742188,61.82543949601901,False,False,True,False,True,,a710cbfaf0eebbe0e58098a857557141e8b17290193f4fe4ee4aac84bd3ad8d9,bc1ac3e1341ecbe1
data/dataset/helopeltis/image_0_4168.jpg,4,helopeltis,256,256,4670,True,False,True,True,196.91781615372747,228.89254760742188,61.82543949601901,False,False,True,False,True,,a710cbfaf0eebbe0e58098a857557141e8b17290193f4fe4ee4aac84bd3ad8d9,bc1ac3e1341ecbe1
data/dataset/helopeltis/image_0_4227 - Copy.jpg,4,helopeltis,256,256,5386,True,False,False,False,195.90298461914062,220.33255004882812,57.30387274741336,False,False,True,False,True,,9bad6d9e6516d4f91858e621b88bea836088b70f18813968dea2e1a9cf73e290,f862c79c38e1226f
data/dataset/helopeltis/image_0_4227.jpg,4,helopeltis,256,256,5386,True,False,True,True,195.90298461914062,220.33255004882812,57.30387274741336,False,False,True,False,True,,9bad6d9e6516d4f91858e621b88bea836088b70f18813968dea2e1a9cf73e290,f862c79c38e1226f
data/dataset/helopeltis/image_0_4232 - Copy.jpg,4,helopeltis,256,256,4382,True,False,False,False,146.6190795749426,223.0205535888672,65.00177601830109,False,False,True,False,True,,fee4699d848c4fdb505e854643ed758576804dc3847566c2d1dc13046f0cc24c,e8c3973c61cb1ea4
data/dataset/helopeltis/image_0_4232.jpg,4,helopeltis,256,256,4382,True,False,True,True,146.6190795749426,223.0205535888672,65.00177601830109,False,False,True,False,True,,fee4699d848c4fdb505e854643ed758576804dc3847566c2d1dc13046f0cc24c,e8c3973c61cb1ea4
data/dataset/helopeltis/image_0_4251 - Copy.jpg,4,helopeltis,256,256,4520,True,False,False,False,69.62271102424711,192.19351196289062,46.013937436108684,True,False,False,False,True,,eeefa0049f015a889f99a1640e310bde9ca31690dadbd40681cab721b8a2ced6,b067ce3861e79899
data/dataset/helopeltis/image_0_4251.jpg,4,helopeltis,256,256,4520,True,False,True,True,69.62271102424711,192.19351196289062,46.013937436108684,True,False,False,False,True,,eeefa0049f015a889f99a1640e310bde9ca31690dadbd40681cab721b8a2ced6,b067ce3861e79899
data/dataset/helopeltis/image_0_4255 - Copy.jpg,4,helopeltis,256,256,5237,True,False,False,False,157.24325561523438,229.4099578857422,51.25463617878878,False,False,True,False,True,,6929fffb5217a09a0a33d728cbe73fc75518ccdfc36c4d445304ddbf58c4c983,bc93c36c3691e08f
data/dataset/helopeltis/image_0_4255.jpg,4,helopeltis,256,256,5237,True,False,True,True,157.24325561523438,229.4099578857422,51.25463617878878,False,False,True,False,True,,6929fffb5217a09a0a33d728cbe73fc75518ccdfc36c4d445304ddbf58c4c983,bc93c36c3691e08f
data/dataset/helopeltis/image_0_4259 - Copy.jpg,4,helopeltis,256,256,5332,True,False,False,False,55.97634923248552,167.6074676513672,62.04219773922652,True,False,False,False,True,,256dd47547527f9791002d96d18dae9f97f64aaf68c46bf06ce1b8ecae8afa7a,aad5957ac2a51f50
data/dataset/helopeltis/image_0_4259.jpg,4,helopeltis,256,256,5332,True,False,True,True,55.97634923248552,167.6074676513672,62.04219773922652,True,False,False,False,True,,256dd47547527f9791002d96d18dae9f97f64aaf68c46bf06ce1b8ecae8afa7a,aad5957ac2a51f50
data/dataset/helopeltis/image_0_4275 - Copy.jpg,4,helopeltis,256,256,4352,True,False,False,False,167.21788019663654,226.85470581054688,61.76430237839587,False,False,True,False,True,,95f9f7e4ef2b9b791efaca300f059e772372ac4ec9d8cb9467eeba49f90eb910,e193cd4c323c7393
data/dataset/helopeltis/image_0_4275.jpg,4,helopeltis,256,256,4352,True,False,True,True,167.21788019663654,226.85470581054688,61.76430237839587,False,False,True,False,True,,95f9f7e4ef2b9b791efaca300f059e772372ac4ec9d8cb9467eeba49f90eb910,e193cd4c323c7393
data/dataset/helopeltis/image_0_4279 - Copy.jpg,4,helopeltis,256,256,5219,True,False,False,False,192.6054076999426,220.2892608642578,67.73249996073325,False,False,True,False,True,,bf06bca1226acfebcc4d444421f3c234099e9f881ea5145fb0981da84571bc9e,bec0953d68c897b4
data/dataset/helopeltis/image_0_4279.jpg,4,helopeltis,256,256,5219,True,False,True,True,192.6054076999426,220.2892608642578,67.73249996073325,False,False,True,False,True,,bf06bca1226acfebcc4d444421f3c234099e9f881ea5145fb0981da84571bc9e,bec0953d68c897b4
data/dataset/helopeltis/image_0_4293 - Copy.jpg,4,helopeltis,256,256,4477,True,False,False,False,89.76672363188118,224.95443725585938,58.418576683883025,False,False,True,False,True,,682406fc7fbb748e75946f3c83fd38d61877fbf3ec4b508766edefecdeb64892,b6d9c9241e916cce
data/dataset/helopeltis/image_0_4293.jpg,4,helopeltis,256,256,4477,True,False,True,True,89.76672363188118,224.95443725585938,58.418576683883025,False,False,True,False,True,,682406fc7fbb748e75946f3c83fd38d61877fbf3ec4b508766edefecdeb64892,b6d9c9241e916cce
data/dataset/helopeltis/image_0_431.jpg,4,helopeltis,256,256,4747,True,False,False,False,72.1183929441031,194.0045928955078,49.89511270651797,True,False,False,False,True,,611c61b66169dc9bd6ccd6c23bae232f8a09f2c997371167ad53bc8d9acd3ba4,b49acb65309acd65
data/dataset/helopeltis/image_0_4346 - Copy.jpg,4,helopeltis,256,256,4473,True,False,False,False,79.11308283335529,225.09613037109375,57.69968992294245,True,False,True,False,True,,fc9c3478773895aaf73e71e720af78b04f9263897973eb49c193d28496628732,e89c9763689c8763
data/dataset/helopeltis/image_0_4346.jpg,4,helopeltis,256,256,4473,True,False,True,True,79.11308283335529,225.09613037109375,57.69968992294245,True,False,True,False,True,,fc9c3478773895aaf73e71e720af78b04f9263897973eb49c193d28496628732,e89c9763689c8763
data/dataset/helopeltis/image_0_4349 - Copy.jpg,4,helopeltis,256,256,4751,True,False,False,False,73.60755735985003,173.73924255371094,50.47047708260549,True,False,False,False,True,,0a3e1fcd1264776195b361ae0a9bc1e1da2999ed8ca06a9d53d1f2f35c93bec7,e5129acf63303c9b
data/dataset/helopeltis/image_0_4349.jpg,4,helopeltis,256,256,4751,True,False,True,True,73.60755735985003,173.73924255371094,50.47047708260549,True,False,False,False,True,,0a3e1fcd1264776195b361ae0a9bc1e1da2999ed8ca06a9d53d1f2f35c93bec7,e5129acf63303c9b
data/dataset/helopeltis/image_0_467.jpg,4,helopeltis,256,256,5052,True,False,False,False,59.830678976140916,183.633544921875,62.87944548525486,True,False,False,False,True,,a52669e04d077efcebe95e0afc05cf6525933ea2f4eafb56b8391576d8feb44b,b399cc64c633d331
data/dataset/helopeltis/image_0_468.jpg,4,helopeltis,256,256,5213,True,False,False,False,207.78448465373367,220.94674682617188,68.77905748534312,False,False,True,False,True,,c9da90f38dadf501955ebbcd0147d480d4b175d8e8acb3e1edfe1a39d19bd9d7,b498ce67b3383998
data/dataset/helopeltis/image_0_486.jpg,4,helopeltis,256,256,4980,True,False,False,False,79.92924492782913,190.02865600585938,44.69583896053482,True,False,False,False,True,,578d895d606bdbec54fdcd50cdcb8bb1d4a086ec1a151d630efb434bc973d33a,b4c3ca3c61c39e69
data/dataset/helopeltis/image_0_487.jpg,4,helopeltis,256,256,5469,True,False,False,False,55.97505929484032,179.40725708007812,63.161704731975384,True,False,False,False,True,,a53da89cd927f69d2136bfb1499061890bd76b921a60f70437750e28322bf6dc,e83c95c363b82c37
data/dataset/helopeltis/image_0_510.jpg,4,helopeltis,256,256,4610,True,False,False,False,152.56166074774228,228.16688537597656,61.981328278402316,False,False,True,False,True,,7c5c98407080375d8227388628bc0f364fe27bc5e142cd6c5ace82901d03b0cc,e192cf69349ec394
data/dataset/helopeltis/image_0_528.jpg,4,helopeltis,256,256,4873,True,False,False,False,148.66990653215908,223.55445861816406,62.35460451858438,False,False,True,False,True,,2f32ea91f4190e18e103caae85a629a867208989daa7d9ff8724597de0d8aa0a,e3999c6479922799
data/dataset/helopeltis/image_0_544.jpg,4,helopeltis,256,256,4059,True,False,False,False,106.61453247070312,231.24456787109375,53.802149549767705,False,False,True,False,True,,669ed9ab496add11f4262c98fb848ee2c55b8649cea5eb301fe06420bf29d4e6,b895c76a3c96c349
data/dataset/helopeltis/image_0_560.jpg,4,helopeltis,256,256,4986,True,False,False,False,76.91467261314392,172.21693420410156,42.03375429023388,True,False,False,False,True,,13e3ef7483667dfee4657c0b9c453156d1003107460ddf33e6cc246fa2810882,f09acf6438c96786
data/dataset/helopeltis/image_0_561.jpg,4,helopeltis,256,256,4400,True,False,False,False,186.45094298175536,229.48370361328125,57.16419871348441,False,False,True,False,True,,b08d25fe49767b7cc3cc75ea635561c6b0116c1479b2e84c232150805e586881,b0c7cf38639624cd
data/dataset/helopeltis/image_0_609.jpg,4,helopeltis,256,256,5681,True,False,False,False,77.63427452649921,169.7624969482422,65.81327348593287,True,False,False,False,True,,e3c3d66264c6ba0b752faa81903fb3c25a3858dde1be117722048b396ce23a2a,bac0953d684bc79c
data/dataset/helopeltis/image_0_653.jpg,4,helopeltis,256,256,4193,True,False,False,False,65.03109725471586,203.47802734375,41.70332630519083,True,False,False,False,True,,75117e5da00105f711fd352ad014cff523229bd023d25ce81b6e21a1d1e74458,e7b298cc653398cc
data/dataset/helopeltis/image_0_660.jpg,4,helopeltis,256,256,3732,True,False,False,False,92.40023773536086,236.58847045898438,44.20764530538397,False,False,True,False,True,,e17a816b910c01691285f4825ea0d10e183c88ffd10ae8cd55c9f38c984f5b4b,b4348bcf643438db
data/dataset/helopeltis/image_0_673.jpg,4,helopeltis,256,256,5467,True,False,False,False,200.64828491210938,223.22227478027344,58.66841325341117,False,False,True,False,True,,3dae360a08a6737da901ab0000cb07ddf65f7160d6811d43f7fcfccc70943661,b49acb653633c9c8
data/dataset/helopeltis/image_0_676.jpg,4,helopeltis,256,256,4599,True,False,False,False,104.50727651431225,226.23255920410156,62.81622984363472,False,False,True,False,True,,5a27e109a50536ec8cb9fb99b6d389abcdf8f621eb2ccba2a4b2b19b399321dd,e3b5984a65b35a86
data/dataset/helopeltis/image_0_695.jpg,4,helopeltis,256,256,4776,True,False,False,False,124.79655455960892,221.37222290039062,65.62482956573942,False,False,True,False,True,,d3c6ebcd2707d5ef43c2c7a1624c5ac4a025814416cd4fc99594c3db70bc2b08,bdc8d03e6dc0968d
data/dataset/helopeltis/image_0_70.jpg,4,helopeltis,256,256,4397,True,False,False,False,69.01194740808569,191.626220703125,47.886134179472194,True,False,False,False,True,,97024f7a927b1e38246db33f57388e7fbf1adb91f6f6a3e5a9fb8cad4ff441b0,b4c7c93863c61cb3
data/dataset/helopeltis/image_0_701.jpg,4,helopeltis,256,256,4990,True,False,False,False,144.87370300269686,221.4862518310547,62.790105228849235,False,False,True,False,True,,28a330433112a9d245638c5b2d8ae76deaed1073dff1579e57d774251c802cd7,e83497ca693d6562
data/dataset/helopeltis/image_0_704.jpg,4,helopeltis,256,256,4867,True,False,False,False,189.2254638671875,223.19676208496094,65.01942408946026,False,False,True,False,True,,7fabf69d996c408bf096324a288705202f4035532cfc1282bfc7ef1fdce6626a,bc92c36934966b69
data/dataset/helopeltis/image_0_72.jpg,4,helopeltis,256,256,4861,True,False,False,False,70.08033087453805,185.31185913085938,45.05620849083952,True,False,False,False,True,,09f8eb623d60969d4bd118f0b0486db2f37a2b11d36c55b0d7b68ec4a463c2ee,e3cc9c316accb193
data/dataset/helopeltis/image_0_776.jpg,4,helopeltis,256,256,4923,True,False,False,False,158.40432739257812,221.56520080566406,61.29387845026642,False,False,True,False,True,,a776cad8d0e3722417e21a81e0d3dda1be8a176d7ba26d1c5113befa920e7a59,bfc0d23f69c816c4
data/dataset/helopeltis/image_0_779.jpg,4,helopeltis,256,256,4726,True,False,False,False,75.52622981905006,190.9577178955078,50.864579442259206,True,False,False,False,True,,fff35d3c713cc90f1fa83813d7dd23c9ef57d5d0c5b1e8a5b84238b33df47f6b,b6a6cc1993c73866
data/dataset/helopeltis/image_0_807.jpg,4,helopeltis,256,256,4429,True,False,False,False,63.402114828815684,209.12965393066406,48.1351094245798,True,False,False,False,True,,d435f649cd349bf4777f47c3eb8de1b0e8a9cc187d704e5afeecb99e9a134c11,b09acf65309acdc5
data/dataset/helopeltis/image_0_825.jpg,4,helopeltis,256,256,5380,True,False,False,False,180.15501389256679,224.72335815429688,56.62316898083137,False,False,True,False,True,,8c572d3d633603de758254b146cdbd8401f24a71605cdfb2b6a03f19c58ca18d,bb96c0693eb4c04f
data/dataset/helopeltis/image_0_837.jpg,4,helopeltis,256,256,3486,True,False,False,False,124.24261471256614,241.3849639892578,44.51662841497473,False,False,True,False,True,,8d6e606c8937492305c7d52c6cf9ae8e28bfbfc28b52d496b63fda49cb2647a4,e5cf9a3065ce9831
data/dataset/helopeltis/image_0_857.jpg,4,helopeltis,256,256,4421,True,False,False,False,68.10858154203743,208.9256134033203,47.792941830125805,True,False,False,False,True,,377f235068fadcbefd3f54caa085b6dc90f0e0e6a905535b7215d1cf623f7da7,b299cd6633996c8c
data/dataset/helopeltis/image_0_878.jpg,4,helopeltis,256,256,5603,True,False,False,False,70.46687316312455,171.86355590820312,65.72507690993183,True,False,False,False,True,,923703d26f2d98ad14f403f1a2f39edbb373ec1e6a49878a1d78b28468edbb84,e0cf9ab09d33c632
data/dataset/helopeltis/image_0_927.jpg,4,helopeltis,256,256,4084,True,False,False,False,105.2537841796875,229.9547882080078,58.11586829696745,False,False,True,False,True,,0ed1a70155e7f999ca296062650f893413f898a034cd71349085c55b8cc5f17c,bcc2c33c6cc0953f
data/dataset/helopeltis/image_0_956.jpg,4,helopeltis,256,256,4325,True,False,False,False,124.03076171875,228.902099609375,58.78907675860159,False,False,True,False,True,,85bc8c23fb097402d8f87a68700198af973b5a18733781bb46901390eef511e0,e5cd9a3266cc28cd
data/dataset/helopeltis/image_0_981.jpg,4,helopeltis,256,256,3675,True,False,False,False,81.60098242759705,235.5601806640625,49.27170245643681,False,False,True,False,True,,acc381beb7a144252588b2485838972c65ec3df7cc452bcad5e01e19118e7f38,e5cc9a3165c79638
data/dataset/red_spot/20211227_155805 - Copy.jpg,5,red_spot,256,256,4785,True,False,False,False,66.2089229291305,167.1233673095703,63.39950365603917,True,False,False,False,True,,8df2353223c4644e605d3151ed6759fdabdf01af53bfa237f1aacd18ba84aa3d,eaea85953e4ae0e4
data/dataset/red_spot/20211227_155805.jpg,5,red_spot,256,256,4785,True,False,True,True,66.2089229291305,167.1233673095703,63.39950365603917,True,False,False,False,True,,8df2353223c4644e605d3151ed6759fdabdf01af53bfa237f1aacd18ba84aa3d,eaea85953e4ae0e4
data/dataset/red_spot/20211227_155955 - Copy.jpg,5,red_spot,256,256,4556,True,False,False,False,77.76214018370956,163.19961547851562,47.53378229045652,True,False,False,False,True,,be4e4bfcb5861e47a963331700fe5302e2f1cd42ee4bd25615b38911296ba13d,aa87957a6e85945a
data/dataset/red_spot/20211227_155955.jpg,5,red_spot,256,256,4556,True,False,True,True,77.76214018370956,163.19961547851562,47.53378229045652,True,False,False,False,True,,be4e4bfcb5861e47a963331700fe5302e2f1cd42ee4bd25615b38911296ba13d,aa87957a6e85945a
data/dataset/red_spot/20211227_160007 - Copy.jpg,5,red_spot,256,256,4756,True,False,False,False,76.87771200761199,160.94558715820312,52.8728563620069,True,False,False,False,True,,e819e23bde8be8ef9672bc142e37233992e2f6a708e0932a60490a5a10139f56,abc6d0382ed5f14a
data/dataset/red_spot/20211227_160007.jpg,5,red_spot,256,256,4756,True,False,True,True,76.87771200761199,160.94558715820312,52.8728563620069,True,False,False,False,True,,e819e23bde8be8ef9672bc142e37233992e2f6a708e0932a60490a5a10139f56,abc6d0382ed5f14a
data/dataset/red_spot/20211227_160115 - Copy.jpg,5,red_spot,256,256,5324,True,False,False,False,74.73440473433584,161.78076171875,66.83685229872091,True,False,False,False,True,,2e7c0f020ad80ba6b91b40b71f5c2b8e4631a4ecfcd058883482fff3907efd3f,bfbbc0f04a4a2c2d
data/dataset/red_spot/20211227_160115.jpg,5,red_spot,256,256,5324,True,False,True,True,74.73440473433584,161.78076171875,66.83685229872091,True,False,False,False,True,,2e7c0f020ad80ba6b91b40b71f5c2b8e4631a4ecfcd058883482fff3907efd3f,bfbbc0f04a4a2c2d
data/dataset/red_spot/20211227_160248 - Copy.jpg,5,red_spot,256,256,4208,True,False,False,False,72.42430109507404,155.9257354736328,45.09010204882317,True,False,False,False,True,,957296c38f84a07569a15310621100ca149a196428bf5816d777bfe617ceb3c8,bfc2c02f2fd0d00f
data/dataset/red_spot/20211227_160248.jpg,5,red_spot,256,256,4208,True,False,True,True,72.42430109507404,155.9257354736328,45.09010204882317,True,False,False,False,True,,957296c38f84a07569a15310621100ca149a196428bf5816d777bfe617ceb3c8,bfc2c02f2fd0d00f
data/dataset/red_spot/20211227_161420 - Copy.jpg,5,red_spot,256,256,4520,True,False,False,False,78.2807617103681,171.01255798339844,46.66223174289585,True,False,False,False,True,,5711e088b548106cef25498b83190493b02a12598d3a2428ecf5cef8a7ca1a1f,fd82c23d69c0970f
data/dataset/red_spot/20211227_161420.jpg,5,red_spot,256,256,4520,True,False,True,True,78.2807617103681,171.01255798339844,46.66223174289585,True,False,False,False,True,,5711e088b548106cef25498b83190493b02a12598d3a2428ecf5cef8a7ca1a1f,fd82c23d69c0970f
data/dataset/red_spot/20211227_161533 - Copy.jpg,5,red_spot,256,256,3112,True,False,False,False,38.159285984700546,151.70420837402344,23.208397535726306,True,False,False,True,True,,e07d97b275526ab4d1b53f9ec0d0906dc38536e3a51f6e53c815bcddd42035ad,f38ccc3333cccc31
data/dataset/red_spot/20211227_161533.jpg,5,red_spot,256,256,3112,True,False,True,True,38.159285984700546,151.70420837402344,23.208397535726306,True,False,False,True,True,,e07d97b275526ab4d1b53f9ec0d0906dc38536e3a51f6e53c815bcddd42035ad,f38ccc3333cccc31
data/dataset/red_spot/20211227_161608 - Copy.jpg,5,red_spot,256,256,4218,True,False,False,False,42.352126421174034,171.9469451904297,48.37302326091526,True,False,False,False,True,,0b7af07d9e17fe25a45edbc59cf7c06090ee0080cbfd3f1d34de7e29ff1f1ea8,ea83953d62c72d98
data/dataset/red_spot/20211227_161608.jpg,5,red_spot,256,256,4218,True,False,True,True,42.352126421174034,171.9469451904297,48.37302326091526,True,False,False,False,True,,0b7af07d9e17fe25a45edbc59cf7c06090ee0080cbfd3f1d34de7e29ff1f1ea8,ea83953d62c72d98
data/dataset/red_spot/20211227_161755 - Copy.jpg,5,red_spot,256,256,3726,True,False,False,False,72.53581198654138,175.24200439453125,53.83977471256348,True,False,False,False,True,,c4e2a3bf949198855d4596fcef815ed46161ec751cba94f4cfaa832cb9d58b06,e88797786887955a
data/dataset/red_spot/20211227_161755.jpg,5,red_spot,256,256,3726,True,False,True,True,72.53581198654138,175.24200439453125,53.83977471256348,True,False,False,False,True,,c4e2a3bf949198855d4596fcef815ed46161ec751cba94f4cfaa832cb9d58b06,e88797786887955a
data/dataset/red_spot/20211227_161924 - Copy.jpg,5,red_spot,256,256,3593,True,False,False,False,57.84977629757486,151.90411376953125,38.239939335357505,True,False,False,False,True,,8535446881d78726d6f3589aadf60dfb1b87328c793f3ca37469a459ffb61fcf,e58c98336d9c9366
data/dataset/red_spot/20211227_161924.jpg,5,red_spot,256,256,3593,True,False,True,True,57.84977629757486,151.90411376953125,38.239939335357505,True,False,False,False,True,,8535446881d78726d6f3589aadf60dfb1b87328c793f3ca37469a459ffb61fcf,e58c98336d9c9366
data/dataset/red_spot/20211227_162556 - Copy.jpg,5,red_spot,256,256,4942,True,False,False,False,62.907300386345014,168.85452270507812,60.61695050402522,True,False,False,False,True,,530e69a5c7e7deace915337962bcb3459fe78c6bc07ccaab1b50476994ae9d00,bfc0c02d6ef0b4c9
data/dataset/red_spot/20211227_162556.jpg,5,red_spot,256,256,4942,True,False,True,True,62.907300386345014,168.85452270507812,60.61695050402522,True,False,False,False,True,,530e69a5c7e7deace915337962bcb3459fe78c6bc07ccaab1b50476994ae9d00,bfc0c02d6ef0b4c9
data/dataset/red_spot/20211227_162949 - Copy.jpg,5,red_spot,256,256,4265,True,False,False,False,79.61518837488256,141.95046997070312,46.34494998181801,True,False,False,False,True,,60a84cfb96b3f8fd69771564ad7437fc1656ad2fe87bbfb18ebba14c03f8820a,e8b897c76a68a531
data/dataset/red_spot/20211227_162949.jpg,5,red_spot,256,256,4265,True,False,True,True,79.61518837488256,141.95046997070312,46.34494998181801,True,False,False,False,True,,60a84cfb96b3f8fd69771564ad7437fc1656ad2fe87bbfb18ebba14c03f8820a,e8b897c76a68a531
data/dataset/red_spot/20211227_165142 - Copy.jpg,5,red_spot,256,256,3797,True,False,False,False,37.09225266799331,170.9951934814453,34.183240771987954,True,False,False,False,True,,ffb34e0a3c3fbe93bc29f87421c85090362f4083197411b24a17134e3bbd8cf7,f196c7693896c368
data/dataset/red_spot/20211227_165142.jpg,5,red_spot,256,256,3797,True,False,True,True,37.09225266799331,170.9951934814453,34.183240771987954,True,False,False,False,True,,ffb34e0a3c3fbe93bc29f87421c85090362f4083197411b24a17134e3bbd8cf7,f196c7693896c368
data/dataset/red_spot/20211228_115614 - Copy.jpg,5,red_spot,256,256,4802,True,False,False,False,79.85995483025908,174.68687438964844,51.41058399600368,True,False,False,False,True,,852d202468ffa939441cfc3f5f07298ed9e504118e917939ecbc69dc0d0c47bf,ef5094c77a38e521
data/dataset/red_spot/20211228_115614.jpg,5,red_spot,256,256,4802,True,False,True,True,79.85995483025908,174.68687438964844,51.41058399600368,True,False,False,False,True,,852d202468ffa939441cfc3f5f07298ed9e504118e917939ecbc69dc0d0c47bf,ef5094c77a38e521
data/dataset/red_spot/20211228_120104 - Copy.jpg,5,red_spot,256,256,4411,True,False,False,False,59.72877487889491,167.47225952148438,40.94035011544511,True,False,False,False,True,,cdd5a436775001e7a7072ede692dd72b69ea6f904f8cf255794bc2e088681f8d,ff39c0c01e3e69e0
data/dataset/red_spot/20211228_120104.jpg,5,red_spot,256,256,4411,True,False,True,True,59.72877487889491,167.47225952148438,40.94035011544511,True,False,False,False,True,,cdd5a436775001e7a7072ede692dd72b69ea6f904f8cf255794bc2e088681f8d,ff39c0c01e3e69e0
data/dataset/red_spot/20211228_120527 - Copy.jpg,5,red_spot,256,256,4968,True,False,False,False,72.47570773866028,173.1485595703125,42.37482348812525,True,False,False,False,True,,2f32e53cd58e7c48f919f0ce76961bb75cfd6a6d7926690895e97ef8ff3efd9a,fa6a84c46a7a1eb4
data/dataset/red_spot/20211228_120527.jpg,5,red_spot,256,256,4968,True,False,True,True,72.47570773866028,173.1485595703125,42.37482348812525,True,False,False,False,True,,2f32e53cd58e7c48f919f0ce76961bb75cfd6a6d7926690895e97ef8ff3efd9a,fa6a84c46a7a1eb4
data/dataset/red_spot/20211228_123834 - Copy.jpg,5,red_spot,256,256,4292,True,False,False,False,73.02314726426266,174.71095275878906,48.17966684730752,True,False,False,False,True,,5f2f0ca27890f862c7cc0672bb5714129ab588a947f1cdba626b60132c203b3d,f5b4ca823d3cc2e2
data/dataset/red_spot/20211228_123834.jpg,5,red_spot,256,256,4292,True,False,True,True,73.02314726426266,174.71095275878906,48.17966684730752,True,False,False,False,True,,5f2f0ca27890f862c7cc0672bb5714129ab588a947f1cdba626b60132c203b3d,f5b4ca823d3cc2e2
data/dataset/red_spot/20211228_124150 - Copy.jpg,5,red_spot,256,256,5264,True,False,False,False,78.7962188438978,168.28289794921875,55.873252902376336,True,False,False,False,True,,f9f9298558aa11a857ac5f813aca41f487c03591fe1937b61ff24abf28e4cd3b,fe90816a3ea5e0da
data/dataset/red_spot/20211228_124150.jpg,5,red_spot,256,256,5264,True,False,True,True,78.7962188438978,168.28289794921875,55.873252902376336,True,False,False,False,True,,f9f9298558aa11a857ac5f813aca41f487c03591fe1937b61ff24abf28e4cd3b,fe90816a3ea5e0da
data/dataset/red_spot/20211228_125231 - Copy.jpg,5,red_spot,256,256,4387,True,False,False,False,74.25579750165343,165.11831665039062,41.83316447623849,True,False,False,False,True,,373b0dc4c64359e544bb149b3ca62ff5bbef399cebe75d8359caa7d2dec4b9db,f487cb383cc3b30c
data/dataset/red_spot/20211228_125231.jpg,5,red_spot,256,256,4387,True,False,True,True,74.25579750165343,165.11831665039062,41.83316447623849,True,False,False,False,True,,373b0dc4c64359e544bb149b3ca62ff5bbef399cebe75d8359caa7d2dec4b9db,f487cb383cc3b30c
data/dataset/red_spot/image_0_1069.jpg,5,red_spot,256,256,5270,True,False,False,False,336.35525411274284,222.8532257080078,62.695768735937975,False,False,True,False,True,,c1e84e6681d181a0799601e1a104d6bb81c13268e750fe91a9eb6ff188fe9301,e592da69301a6f93
data/dataset/red_spot/image_0_1105.jpg,5,red_spot,256,256,4396,True,False,False,False,155.2100830078125,220.07443237304688,64.6795307259512,False,False,True,False,True,,98985ce6591ff212e2b5a2f7419c7e749c6e4b6c0bd9efd3d28106def11d0272,bc9cc2693d9670d8
data/dataset/red_spot/image_0_1107.jpg,5,red_spot,256,256,4498,True,False,False,False,255.0919161280617,234.7592010498047,46.85832205772823,False,False,True,False,True,,a34cb39a480dd0f376baec0f82aea6e6bb10a61b08b173d55ca8741a48014f75,a3cc9c3366cc398e
data/dataset/red_spot/image_0_1145.jpg,5,red_spot,256,256,5061,True,False,False,False,334.8212556242943,228.65110778808594,54.43475490155383,False,False,True,False,True,,26897e5e81b1a61ca3f29b0e2ef8de31b21c593649b86f528bd151a0886d99ce,b11d8e4f313ccac3
data/dataset/red_spot/image_0_1154.jpg,5,red_spot,256,256,4659,True,False,False,False,284.236342912307,231.6978759765625,53.68871584979336,False,False,True,False,True,,0f4090d515a9506544347476f7e49ba641e43c0ff582ffb5679f6360b981459e,bdc1cb3a644d1b92
data/dataset/red_spot/image_0_1159.jpg,5,red_spot,256,256,4072,True,False,False,False,245.3110798241105,234.4045867919922,51.87289143240445,False,False,True,False,True,,2ca6659319650195457f2b9eaf27ea129d0800d4ad3374d39fde58520344d4e1,b1309ecf6530986f
data/dataset/red_spot/image_0_1243.jpg,5,red_spot,256,256,4480,True,False,False,False,190.23383084591478,224.3131866455078,63.936306354091,False,False,True,False,True,,ee0b4d762bc7551983245114b17bef6f8828b1cacde1ded20ed30222be64c43f,afc0903f6ac0973d
data/dataset/red_spot/image_0_1324.jpg,5,red_spot,256,256,4221,True,False,False,False,77.76863097562455,175.361328125,53.97068693907404,True,False,False,False,True,,bc23ede48d295c9def1c99588f0a7311be1d73e8ee45aff041f429a1cc1c4cf2,a5da8e65301e6b99
data/dataset/red_spot/image_0_1354.jpg,5,red_spot,256,256,4655,True,False,False,False,97.77377311792225,223.39698791503906,55.83890913400778,False,False,True,False,True,,dbc13a79618d35119583a8d6c378dd5e20ddc97e159898ea2e3c03415f135034,eaca95356bc23c98
data/dataset/red_spot/image_0_1367.jpg,5,red_spot,256,256,4487,True,False,False,False,148.7012933632359,224.12417602539062,59.228867180725175,False,False,True,False,True,,8cca59ca13e633ad3e4927ca85b59a010179ecdaecd512e19e0d0111033f876b,e1c3963c68e3259e
data/dataset/red_spot/image_0_1433.jpg,5,red_spot,256,256,5730,True,False,False,False,405.6796063107904,220.85093688964844,61.595435649964024,False,False,True,False,True,,cbec16ca92a611c0e7198274503bf4f29939e60c2b030bc7e82cfafd2741e8e4,b08887373ad8e5ad
data/dataset/red_spot/image_0_1452.jpg,5,red_spot,256,256,5225,True,False,False,False,69.04747008136474,178.2628631591797,64.99257261317243,True,False,False,False,True,,399cabdcf033556de6bfd89507d323a89ccc00f23a7685e9cf1545fd2298a576,a89ec76134361b9d
data/dataset/red_spot/image_0_147.jpg,5,red_spot,256,256,5224,True,False,False,False,67.55491632944904,162.13888549804688,66.19745044514609,True,False,False,False,True,,a6208d62e85bd7dc4c1ae5d9f9cd303add47e0501988afbcc705f457e856fa8d,e8ba95c15a8e6d38
data/dataset/red_spot/image_0_1587.jpg,5,red_spot,256,256,4173,True,False,False,False,240.74549501924776,238.23843383789062,43.31213964145126,False,False,True,False,True,,331035dda5d8024c00ae05bbf1271c9b6e84eefac8e518aa9190a689fe19cd34,e1cc9e71678e9069
data/dataset/red_spot/image_0_1622.jpg,5,red_spot,256,256,5196,True,False,False,False,64.08685586205684,165.616455078125,68.48749658840802,True,False,False,False,True,,513a6325aefd60c36ff073e6bbef079341dd3b8bd9c8eb3440f01fef2aa2c743,babd85c260bd3712
data/dataset/red_spot/image_0_1629.jpg,5,red_spot,256,256,4754,True,False,False,False,74.49070622376166,184.96400451660156,55.60357926829254,True,False,False,False,True,,a098ef79ab1cb620617d647d331c8d26dfb3d594c342b3735b41d9724d6c69c3,fc94c76b3894c2c9
data/dataset/red_spot/image_0_1686.jpg,5,red_spot,256,256,3731,True,False,False,False,120.3900755494833,229.70968627929688,58.91963081756323,False,False,True,False,True,,38feee03101004b2a6afb72c66b935732482f5774cccd2bf38ca53b2c5a7d7f2,e18f9e3061cf9694
data/dataset/red_spot/image_0_1730.jpg,5,red_spot,256,256,4179,True,False,False,False,77.36320456466638,186.41299438476562,48.60649355202768,True,False,False,False,True,,137fa1523e60fbfe4d518ce5591299ab2ae036b8c3168fcd81cc2837d943a59d,e6c99932644d699b
data/dataset/red_spot/image_0_179.jpg,5,red_spot,256,256,5125,True,False,False,False,281.51865646778606,225.26112365722656,58.25769547357406,False,False,True,False,True,,0f189e12ec7bdf3ce3a8b61218cc187d8242cfc021329bcaca94d3610993c541,f49acb6530926d99
data/dataset/red_spot/image_0_1796.jpg,5,red_spot,256,256,3794,True,False,False,False,57.894988998770714,238.8452911376953,39.08493621427543,True,False,True,False,True,,35f47b61fffe761264f6e34bb59a8a8818f94269d3f55e87ebac6417002f3a87,b896c7683c97c16a
data/dataset/red_spot/image_0_1811.jpg,5,red_spot,256,256,4462,True,False,False,False,86.121826171875,229.4228973388672,48.95037452628561,False,False,True,False,True,,683b620f07e8ef2ec89bdf2d8ad125b92ca0e951faf51a3b095ab0c69d77ee70,bd9ec360349e691c
data/dataset/red_spot/image_0_1817.jpg,5,red_spot,256,256,4648,True,False,False,False,69.73576354770921,157.01031494140625,46.32232702229225,True,False,False,False,True,,119f7716c85fd06e8641db4923b40cdb83bc0bda2727ece1db0817bd3a426139,f08f8e3065cb3acc
data/dataset/red_spot/image_0_1829.jpg,5,red_spot,256,256,4060,True,False,False,False,79.00592037662864,204.5166473388672,64.98782514408299,True,False,False,False,True,,0d1ae211b72810343da6a7479647f335406f56ffad82f20c060f3bc90acdf381,e19e9e693896c398
data/dataset/red_spot/image_0_1865.jpg,5,red_spot,256,256,5005,True,False,False,False,67.67497246689163,171.5477752685547,64.906059861032,True,False,False,False,True,,fe8c3d596dbde7199e58e971850af6ac7285d6169bbf2eb0c22dfc903c11cf98,eafa95e16a1e6160
data/dataset/red_spot/image_0_1898.jpg,5,red_spot,256,256,4924,True,False,False,False,242.1591010184493,223.7617645263672,57.978136799696976,False,False,True,False,True,,8a7864cf58efef403d9cc7793267b994641c98fe26a6d72bc4acabf9ea1f0d47,f492cb65349a8b69
data/dataset/red_spot/image_0_1923.jpg,5,red_spot,256,256,4738,True,False,False,False,80.00564561784267,225.1793670654297,53.86893162232423,False,False,True,False,True,,5165f4867508b56c00624122dfcd760f7e1819bec33b6a4567551f701bfa761d,bd96c0693f9268cc
data/dataset/red_spot/image_0_1928.jpg,5,red_spot,256,256,4540,True,False,False,False,206.16789245582186,220.6668243408203,67.09282870787365,False,False,True,False,True,,4c94e7eb484c39f7c0f62b838f6ee657e7014664c011d0bdc3c756f3ef70ae53,b465c39a3ee06933
data/dataset/red_spot/image_0_1953.jpg,5,red_spot,256,256,5198,True,False,False,False,331.22916494472884,229.7135009765625,49.198067438633075,False,False,True,False,True,,9d31e9adf32861078467f298a513f53d750290c7c7e545e426a0e7d2c1c73431,a0969f6b349643d9
data/dataset/red_spot/image_0_2091.jpg,5,red_spot,256,256,4155,True,False,False,False,156.65431210561655,226.08624267578125,57.69806301579883,False,False,True,False,True,,0f9cbf2caf9f2b834e08df1d238f817d6cfbfb88e94b574907190eef2c7754b1,b4e1839e3ce1d21e
data/dataset/red_spot/image_0_2267.jpg,5,red_spot,256,256,5957,True,False,False,False,64.60545298992656,153.73886108398438,60.45870758883492,True,False,False,False,True,,cbcb17ea068c03096f434b87119e9aed000686fb5aa5f365e33e8d6c88594d4b,aac5950b5a7f2b82
data/dataset/red_spot/image_0_2340.jpg,5,red_spot,256,256,4841,True,False,False,False,164.6319222515449,232.8408660888672,37.120344470917004,False,False,True,False,True,,52d852d636ce415e6ffa8bf6128626cf7da9caa35b35828ff76a5331d0be062e,f543ca3c61c19e36
data/dataset/red_spot/image_0_2408.jpg,5,red_spot,256,256,4407,True,False,False,False,50.280487060546875,176.87930297851562,40.31646156167484,True,False,False,False,True,,1fdf00b91763e2d1e8c099de791e680605f3f6dd93271380fbdf5aa366dd2f52,ad61c3963e3c61c3
data/dataset/red_spot/image_0_2474.jpg,5,red_spot,256,256,4953,True,False,False,False,278.3042119105812,220.80374145507812,54.871071047554835,False,False,True,False,True,,a3da0ae4380945a696d8955914fd7a2023f8d93a07918cd8f7323319767b4a04,f496c3693c96c269
data/dataset/red_spot/image_0_2476.jpg,5,red_spot,256,256,4461,True,False,False,False,168.04476928338408,224.88018798828125,60.74178346379943,False,False,True,False,True,,e23bd17ff4d5159dcc9feb146c564f83f7e8c1ef4697ee9ed70612e1dc3c5cee,ecc2923d6dc2923d
data/dataset/red_spot/image_0_2495.jpg,5,red_spot,256,256,3795,True,False,False,False,211.38616943359375,239.03713989257812,44.73539923647859,False,False,True,False,True,,7b42475814f38588042fd413eca51f3f59a27412d342e7231c3a430f29c55d3b,e1cd9e32654d9ab0
data/dataset/red_spot/image_0_2525.jpg,5,red_spot,256,256,3896,True,False,False,False,73.04898003395647,210.39723205566406,32.32547600885153,True,False,False,False,True,,2bea3dfd7b81bbdbf7eb2508924436800e3296a416f9028961f6f4eebd57a5e7,e68c99b266cc9933
data/dataset/red_spot/image_0_2599.jpg,5,red_spot,256,256,4721,True,False,False,False,277.50572203448974,232.60458374023438,50.25201612127614,False,False,True,False,True,,507946fbc0186a73af61b9e554cea40ed929dd733664bee1b6d044558e82ce6d,efc0903f6ac0971d
data/dataset/red_spot/image_0_2619.jpg,5,red_spot,256,256,4041,True,False,False,False,38.90508983936161,229.5260467529297,46.95595313377663,True,False,True,False,True,,7d89642b576b88b4793741b6c38650d229070edcfb37aafe19f1867babb9e73a,ea90952f7ac1a51e
data/dataset/red_spot/image_0_2763.jpg,5,red_spot,256,256,4361,True,False,False,False,254.87464667274617,228.80648803710938,55.67113083977721,False,False,True,False,True,,15c5a8584d9882836a7bef151b7d501ede9e9dde6549bed83324b8b6cb922a99,a49fc3613c9ec368
data/dataset/red_spot/image_0_2780.jpg,5,red_spot,256,256,5450,True,False,False,False,78.18122424161993,168.95928955078125,60.442988166448245,True,False,False,False,True,,0d08c9ae1e0d3da81a53b8bc40f96e79825f2e366440e1f9ebd61111e257220c,af90d0692d947acb
data/dataset/red_spot/image_0_2865.jpg,5,red_spot,256,256,4368,True,False,False,False,234.41902160434984,224.65444946289062,63.7771618786616,False,False,True,False,True,,0b695e9ebe948357cffbdf7e4d3795271b8ce6498638d6e2f5eb86def1ae582a,e84b97b4314b5a3c
data/dataset/red_spot/image_0_2887.jpg,5,red_spot,256,256,5260,True,False,False,False,65.08265684149228,165.455078125,65.69517009173939,True,False,False,False,True,,1af7c1dd8f7f5e84a102aa5a2d28fc7cc03b2a72fa55847837db4556120fd31f,bcbfc1c04a8f253c
data/dataset/red_spot/image_0_2929.jpg,5,red_spot,256,256,4519,True,False,False,False,257.5947674436029,225.5043182373047,56.09139678564392,False,False,True,False,True,,62b6cc97746da9a8a672e571ad2200d176f229048151eaf5f4a7c64a4625ae77,f464cb9a32656d34
data/dataset/red_spot/image_0_2982.jpg,5,red_spot,256,256,4487,True,False,False,False,159.21760558872484,225.32997131347656,57.471554212626785,False,False,True,False,True,,1f71438f2e2a5c9bb0ce8d88322de79d4c29835ff331077f93e7717aa05abadf,e1cf9e30614b66cc
data/dataset/red_spot/image_0_3010.jpg,5,red_spot,256,256,4296,True,False,False,False,49.57427967246622,201.82467651367188,41.72801379421621,True,False,False,False,True,,b16852085c260b3ad53a6bf37d2c05ca1a740026cab13b41ac3a73b809db7a64,f88e873868c3973c
data/dataset/red_spot/image_0_3014.jpg,5,red_spot,256,256,4671,True,False,False,False,335.52497861883603,228.17405700683594,60.235037631594956,False,False,True,False,True,,60cf289bfc6f7def2648a3995344dce8192ee332845b94a85f2489c7d5be186a,bcc3923c61cf9e90
data/dataset/red_spot/image_0_3109.jpg,5,red_spot,256,256,4528,True,False,False,False,227.80666670855135,228.4466094970703,54.880953480891485,False,False,True,False,True,,75ee970e18a8d1efa9dc0d838a3dd3216626b805a38cbbaf0db30665f6d9cd5d,a49acf65309acdc3
data/dataset/red_spot/image_0_3128 - Copy (2).jpg,5,red_spot,256,256,5096,True,False,False,False,148.2031399400439,220.71461486816406,58.76976472124083,False,False,True,False,True,,9e53cc52c3231c446978a51cb6703fda9aa46c5e488ab964152992ec78ee0143,b1de86616e94b0cb
data/dataset/red_spot/image_0_3128 - Copy.jpg,5,red_spot,256,256,5096,True,False,True,True,148.2031399400439,220.71461486816406,58.76976472124083,False,False,True,False,True,,9e53cc52c3231c446978a51cb6703fda9aa46c5e488ab964152992ec78ee0143,b1de86616e94b0cb
data/dataset/red_spot/image_0_3128.jpg,5,red_spot,256,256,5096,True,False,True,True,148.2031399400439,220.71461486816406,58.76976472124083,False,False,True,False,True,,9e53cc52c3231c446978a51cb6703fda9aa46c5e488ab964152992ec78ee0143,b1de86616e94b0cb
data/dataset/red_spot/image_0_3131 - Copy (2).jpg,5,red_spot,256,256,4611,True,False,False,False,70.45982350572012,151.9709014892578,46.845578577451306,True,False,False,False,True,,d4b1c937a585ea535f99f4fcacb7579894863c40e5c95cb9313be9a24f8d6f4f,a9c3963c68c3973c
data/dataset/red_spot/image_0_3131 - Copy.jpg,5,red_spot,256,256,4611,True,False,True,True,70.45982350572012,151.9709014892578,46.845578577451306,True,False,False,False,True,,d4b1c937a585ea535f99f4fcacb7579894863c40e5c95cb9313be9a24f8d6f4f,a9c3963c68c3973c
data/dataset/red_spot/image_0_3131.jpg,5,red_spot,256,256,4611,True,False,True,True,70.45982350572012,151.9709014892578,46.845578577451306,True,False,False,False,True,,d4b1c937a585ea535f99f4fcacb7579894863c40e5c95cb9313be9a24f8d6f4f,a9c3963c68c3973c
data/dataset/red_spot/image_0_3190 - Copy (2).jpg,5,red_spot,256,256,4639,True,False,False,False,72.93342589191161,215.284423828125,45.936555039813754,True,False,False,False,True,,03a41b3e6d326b8d3874f0273f25a86277e0fdf1e87d1dc58ac941cbc2027d5b,a93c96c76b693494
data/dataset/red_spot/image_0_3190 - Copy.jpg,5,red_spot,256,256,4639,True,False,True,True,72.93342589191161,215.284423828125,45.936555039813754,True,False,False,False,True,,03a41b3e6d326b8d3874f0273f25a86277e0fdf1e87d1dc58ac941cbc2027d5b,a93c96c76b693494
data/dataset/red_spot/image_0_3190.jpg,5,red_spot,256,256,4639,True,False,True,True,72.93342589191161,215.284423828125,45.936555039813754,True,False,False,False,True,,03a41b3e6d326b8d3874f0273f25a86277e0fdf1e87d1dc58ac941cbc2027d5b,a93c96c76b693494
data/dataset/red_spot/image_0_3207.jpg,5,red_spot,256,256,4413,True,False,False,False,184.93383464869112,236.99879455566406,39.07413750568917,False,False,True,False,True,,2139401af49591c4b9581046521bf5be9e302e7037dcc15063bdaa0c9b9b90ed,f498ca673198cc6d
data/dataset/red_spot/image_0_3224 - Copy (2).jpg,5,red_spot,256,256,4704,True,False,False,False,174.63732896745205,220.81373596191406,64.85607766793223,False,False,True,False,True,,879e81c47fb27ccdd66b549546a7af9ed090108aa73501f683410f6d1e02b41c,e86bc79434614b3e
data/dataset/red_spot/image_0_3224 - Copy.jpg,5,red_spot,256,256,4704,True,False,True,True,174.63732896745205,220.81373596191406,64.85607766793223,False,False,True,False,True,,879e81c47fb27ccdd66b549546a7af9ed090108aa73501f683410f6d1e02b41c,e86bc79434614b3e
data/dataset/red_spot/image_0_3224.jpg,5,red_spot,256,256,4704,True,False,True,True,174.63732896745205,220.81373596191406,64.85607766793223,False,False,True,False,True,,879e81c47fb27ccdd66b549546a7af9ed090108aa73501f683410f6d1e02b41c,e86bc79434614b3e
data/dataset/red_spot/image_0_427.jpg,5,red_spot,256,256,4795,True,False,False,False,99.17401092872024,227.48681640625,46.92815290608859,False,False,True,False,True,,a89e88e97a17e84ee6f1061dc592964886971e03bc80017afb941dac64811b07,ea3095856a7ab595
data/dataset/red_spot/image_0_687.jpg,5,red_spot,256,256,4394,True,False,False,False,48.100356831913814,192.29241943359375,52.91810039135148,True,False,False,False,True,,5c60ac1a45941a286083b954d35c1b78fa72bb3496c5edd1d73a3eec5fef8c2b,ea83953d62c63ca9
data/dataset/red_spot/image_0_69.jpg,5,red_spot,256,256,5153,True,False,False,False,252.7737573289778,220.1190185546875,51.98568670256416,False,False,True,False,True,,0d105e7778927b186b2f21e63bbeaac7740768c186871fb927b48a3371a66ac3,a1ca9e3469cb963c
data/dataset/red_spot/image_0_73.jpg,5,red_spot,256,256,4474,True,False,False,False,295.9785143500194,228.90953063964844,57.33424337484647,False,False,True,False,True,,5ea6bdda73aa55dcf90e95c856cac844b63d3e1a333cb1ca976e16b1ec3e3f1c,a1c79e3061cf9e94
data/dataset/red_spot/image_0_877.jpg,5,red_spot,256,256,5181,True,False,False,False,69.24337752815336,181.38719177246094,50.7112961697481,True,False,False,False,True,,89e3d7558e1b33d276e7457f2e5703f6568e4d23095baaa055467e5637196550,ff2bc0c0960f4af8
data/dataset/red_spot/image_0_954.jpg,5,red_spot,256,256,4729,True,False,False,False,164.1038513034582,224.3324432373047,63.86979209845625,False,False,True,False,True,,8021f9d4c91774e9f86cca413f50aee7ae5b9fa7cd7384efd12d4ec8c744c765,ad61c29e3d616336
data/dataset/red_spot/image_0_976.jpg,5,red_spot,256,256,4550,True,False,False,False,266.62713623046875,222.5480194091797,60.24929858331027,False,False,True,False,True,,e06fe9f0a4c9daff7b777ee85eae5a51be3fb4473a8efeda96bae44428bc5671,a08f87393c97934d
data/dataset/red_spot/image_0_994.jpg,5,red_spot,256,256,3803,True,False,False,False,120.43626381433569,230.0286102294922,58.00958164334762,False,False,True,False,True,,006d162a4067763cd4dc686de48c3189268bf3e76fd64bfabbddd68437b76c79,b0d8cf653098c7cd
