image_path,label,class_name,width,height,file_size,is_valid,error,file_hash,perceptual_hash
dataset/healthy/image_0_3643.jpg,3,healthy,256,256,4730,True,,6094cdbc7f63f4c74c1998eb2fee1f11e7180af9c1a37a2453dbf4ba61585ea7,00c3e7637339390d
dataset/red_spot/image_0_1711.jpg,5,red_spot,256,256,5988,True,,11029223dba6739c16437190b158f65abf7f2f1ba8cccde379d649b8adb0b73b,ffff1c7cf6f8c3ff
dataset/healthy/image_0_367.jpg,3,healthy,256,256,5722,True,,982f262c8afca1ce1e723ebfe59a5a9a5b6858c3aab66fa267026b12d2cbac78,0000c0e0e4781880
dataset/gray_blight/image_0_1911.jpg,2,gray_blight,256,256,5673,True,,f59dbfe23425d76a49163c61706af2583dacd0cf92362912bc614aecda29e095,40c0c0c0e8f0fcec
dataset/algal_spot/image_0_2954.jpg,0,algal_spot,256,256,5357,True,,61d837a078ed7af46792a1a1778a8cc5c7f3a184939ce5df580e0393ced5bdca,00001c7ce0c0e000
dataset/red_spot/image_0_3053.jpg,5,red_spot,256,256,5831,True,,bd20ac72a7c72d479117feaf4cb12714402e9ec0b09295918954d654eaf768dd,3ec1e0fefb3c07c6
dataset/helopeltis/image_0_1565.jpg,4,helopeltis,256,256,4618,True,,05d2ad941f92c99ebe24c44c116307d4520733965b0e36f23d50bea4da30fee2,f8fee2f1f8bc98c7
dataset/gray_blight/image_0_155.jpg,2,gray_blight,256,256,4931,True,,acb03b8fcb4592a1551a973ce67e465135fd28c50a1946584bcc52a6e062d02d,7ffffc78e8c0e078
dataset/gray_blight/20220101_120114.jpg,2,gray_blight,256,256,5750,True,,6344dd1966f4d7f4ca4f7c612fea2953764dc451b953f3f0ad037c7215c7dd7d,6fbff1fcf8f07fff
dataset/algal_spot/20211227_151844.jpg,0,algal_spot,256,256,5731,True,,d26eebc345a6c40b454d86e0b0691df4fda4da8c73fa29137ea280d4341a9f8e,4269ece4f0e1bfff
dataset/healthy/image_0_3730.jpg,3,healthy,256,256,4772,True,,b1e3deb6d033d1e5d87486b3faea63fd28e4e4edc3f2e8a451252a99022e6d5f,ffff67e1d0f8b9ef
dataset/gray_blight/image_0_270.jpg,2,gray_blight,256,256,6631,True,,eb639be15bc796585ae8fcc52c25704b7cbe83429e4c5ab7f61619545d3dd10d,00001c7cf0c0f800
dataset/algal_spot/image_0_1948.jpg,0,algal_spot,256,256,6917,True,,7ff58882da4376bcadbe4a715d81b5a8bf3d44b5dbc9915472d009e1c8352270,020ee1d0e2780800
dataset/helopeltis/image_0_1194.jpg,4,helopeltis,256,256,4888,True,,539397404556f3cbc660138e53a8e1155876c3911a9a76d4df833d261872c5dc,ff3f73f0fc78ffff
dataset/brown_blight/image_0_6524.jpg,1,brown_blight,256,256,4485,True,,786f88f01130198a3e1c7a4ec75cd3f26285ec18c4f1ae989f92b203a1a851b3,0000c0c0f8700000
dataset/healthy/image_0_2805.jpg,3,healthy,256,256,5611,True,,7f19a1e0fec81a12e0911d1b424b5a9d99642dcab616adc52da2c474760ab527,5064e0c0ecf43801
dataset/algal_spot/20211227_132844.jpg,0,algal_spot,256,256,4742,True,,915a362cdf11f35ec3ee68e44549be976b99011c76e842919745280bee40f81b,a78f71f0f879fefe
dataset/red_spot/image_0_2998.jpg,5,red_spot,256,256,4871,True,,87d40c75209125ec14241e78520da0eed5965635df6bcedeb9ab647db69db828,0000f0c8e8380000
dataset/brown_blight/image_0_6270.jpg,1,brown_blight,256,256,6357,True,,a55167344435953d23ba290ea588b10ff70b9036d0e55731bc09e296a418783b,1838787878f0e0c0
dataset/brown_blight/20211226_003311.jpg,1,brown_blight,256,256,5374,True,,9f7d36769c8c46d8afd0a1fcf63b0a134c898e7daf7d5c2d6b9435f4a956b3ac,000031e0e0700000
dataset/healthy/image_0_3248.jpg,3,healthy,256,256,4763,True,,4373104b96fa825b5c8a7e92a7d66f7459a8f3abf81843d7d6f0e21909017b9d,0008e2c1e8788100
dataset/red_spot/20211225_224808.jpg,5,red_spot,256,256,5666,True,,fd037fc1eeba8f106266197dc2ce9df0e17297bd8d68f4c1a010b99fee29414e,010330e0cc700301
dataset/helopeltis/image_0_4346.jpg,4,helopeltis,256,256,4473,True,,fc9c3478773895aaf73e71e720af78b04f9263897973eb49c193d28496628732,000010f8f838fefa
dataset/healthy/image_0_1018.jpg,3,healthy,256,256,4904,True,,880242de2dc2d6858fb534e231a56538c01eb5de600267b84c57d958cd378ff6,00001c70e0c0c000
dataset/red_spot/20211227_161204.jpg,5,red_spot,256,256,5263,True,,63122b573eb54b075dead3780b33c701a1e4adc4cb7cf6b77af89f4348e1c204,3cfe39f8ccf8f0ff
dataset/gray_blight/image_0_2551.jpg,2,gray_blight,256,256,6719,True,,6bdc11e042798e79c2bc8f60192c0e8a25d5d7b4aa545c5ef556a24971d4c5ce,0001fae4fcf83030
dataset/helopeltis/image_0_913.jpg,4,helopeltis,256,256,4759,True,,32bb8c14f851e99aec540a925985f0ddc21c88e41ad939ccd0c140a7036d195b,0000327169e0c2c0
dataset/brown_blight/image_0_8328.jpg,1,brown_blight,256,256,6029,True,,ccd560ee2207d3aa9db268a82bd56c9c108770e6095457682d1393cf96bb424e,7f27e1f0fcb8f9ec
dataset/red_spot/image_0_3119.jpg,5,red_spot,256,256,5040,True,,585d2e85cbdb401c80cedf46c6342f29fce104f2abae437e0da44632b0c63265,c7b1f0e0c0cc9efe
dataset/gray_blight/image_0_1636.jpg,2,gray_blight,256,256,5390,True,,ad369f9716ad9f89652251f90a9104b58a845fd7a0fcda7b0077c09e45e8119c,fdf4f8f8faf8f09b
dataset/gray_blight/image_0_2702.jpg,2,gray_blight,256,256,4359,True,,d84eed19c5b5c8a311d10517c6fe3c28b24a9dee04ce595082da013c2ba6edb0,0000c0e074180010
dataset/red_spot/20211227_155934.jpg,5,red_spot,256,256,5169,True,,a5fdad9be38cc6f77c99396941fc6e41a05d783ebc8bad65625be24ba0e3eab0,800060f88cf06000
dataset/brown_blight/image_0_1371.jpg,1,brown_blight,256,256,4822,True,,421fcc0a182afc58ca99cd5cd8480c11039fc469f1dbf57f8c539c1d298294c8,10c4e0f878380300
dataset/gray_blight/image_0_3699.jpg,2,gray_blight,256,256,6621,True,,36440b81419a9a0f9ed78afdf68e4b8093aad06a76c11995e4370036c22d807f,00008090c8e07e00
dataset/helopeltis/image_0_3308.jpg,4,helopeltis,256,256,6187,True,,0e3d5237ec9a47785b24d3075a5539e321eba840fe7e0c51a77a3285000ab62f,f87ce0f08ef8f09f
dataset/red_spot/20211227_162002.jpg,5,red_spot,256,256,5625,True,,ad43f9ccbf339d4679d09bd5601db4725a5f1be2b14826a487818f385a78c842,3e9e71f8fefcf8ff
dataset/healthy/20220101_092854.jpg,3,healthy,256,256,6168,True,,6ed47fb2a6276ed5da9b2796de27b480a9c6554f8d80b201f433596d5701562c,64e4c2d2c2f06032
dataset/healthy/20220101_093919.jpg,3,healthy,256,256,4678,True,,c75898c26ce799a8bf0029648bf7676aae5a8b851d2270ccab1425043a018ab4,043072726072f2f4
dataset/helopeltis/image_0_1561.jpg,4,helopeltis,256,256,5730,True,,3c3238efe4c21c1932e0a9e8ae88c8f5ef1ddb59b01ea277e38e8d7ef94cb078,0a0cc2c1e87838c1
dataset/helopeltis/image_0_1244.jpg,4,helopeltis,256,256,5245,True,,7f5fadf608c04978adbf41e0d6c22ef92f7005c72a0b71417eb5b7dc0afd6ae6,04b231787038f8ec
dataset/gray_blight/image_0_352.jpg,2,gray_blight,256,256,7486,True,,88e0aa95179edecca126f4c51c63b01148044c5c6bdc74198e8f714f35c6ef21,073c70e4c8808080
dataset/brown_blight/image_0_8335.jpg,1,brown_blight,256,256,6315,True,,4d04fd1017c27a1da570a48c0da0d430bb066d8f587a6ea967378e93910ff2b3,00347c6868e0c0c0
dataset/healthy/image_0_821.jpg,3,healthy,256,256,4633,True,,13fd9391ea311e5e63c50b5c87a22578b189f46d4ae36ab088e565e4314f2cfb,000009fcf0f00300
dataset/healthy/20220101_092926.jpg,3,healthy,256,256,5516,True,,80ea6a96c3c65eb93dbd27dd7be18ef19797733f52ea99d3fae9dbe2ebc82857,f9ef38f0caf871cf
dataset/algal_spot/20211227_135657.jpg,0,algal_spot,256,256,7314,True,,6d4ed18ea1dcb86f7d0607e85c06b3fa2e83f894922b58a0c23448ec40148ebf,d99fe1c0e4f063cf
dataset/helopeltis/20220101_105150.jpg,4,helopeltis,256,256,4709,True,,f33a174a2360492a5a52777ab97effc9d9a5fd8e91b59722efc9cab4764f50d0,fffff3f8f8f0fcff
dataset/helopeltis/20220101_094018.jpg,4,helopeltis,256,256,5005,True,,f244d23bc5ef772a04c33493fd62ff91095178ae8c198a22b553dff58b958878,6c62626169f1b8c8
dataset/red_spot/20211228_122715.jpg,5,red_spot,256,256,5651,True,,640bdaee6fcdda3eb8558667eeb70fedbe178655b89e75cd7d74140164b6798a,8ff1e0e2f8f0f3ff
dataset/healthy/image_0_1367.jpg,3,healthy,256,256,5819,True,,a79232b2860c3fa8c16bbd62a6d63a6cfe20d8533b3fdbb07cc2b8bf90f38e8a,c431f8ce86e0f0ff
dataset/red_spot/image_0_715.jpg,5,red_spot,256,256,5540,True,,253cc0882edcde13f903ad5df144a7730f844d4813f39fd843afa92fe21e30d9,0038f8d0e0e28860
dataset/gray_blight/image_0_1248.jpg,2,gray_blight,256,256,5352,True,,562e44e6895c75dd771914ee6a8333b4db5261a78e59703667faf84fe52caa7e,ff3ee6e1f8e278f9
dataset/healthy/image_0_2157.jpg,3,healthy,256,256,5171,True,,d38ba551d3e4e16301e7e75936f3d798a0d4c1dcbaeeaee5a78d05e500c31c8d,4004e2f064fcdced
dataset/helopeltis/image_0_3268.jpg,4,helopeltis,256,256,5125,True,,43db3be1994563ee3f8d7e6948a958be8f518bd08ed4719a353e758219eb6699,000070f0f0300020
dataset/gray_blight/image_0_3016.jpg,2,gray_blight,256,256,4655,True,,ee771c67d8a108fe6395b5eb8aaee9cf249e49163097f39cba1573649050700f,00187cf8f0600000
dataset/gray_blight/image_0_2432.jpg,2,gray_blight,256,256,5408,True,,c2145f4f84e886cc3091b80fb9633bf58104f7454beda45040588a12e844ce0b,dd9f70eccce0bfdf
dataset/brown_blight/20211205_155720.jpg,1,brown_blight,256,256,3656,True,,029382f09c6780fdf8a8c4280105c3378a098a2b5c8e770034ac14a84d661861,ff7fff6070f3ffff
dataset/red_spot/image_0_1.jpg,5,red_spot,256,256,5299,True,,d35f202076adb074e50899ff40c70074638ef06a9ec2e1229f5a0795606898a6,0082c1c8643c0c03
dataset/algal_spot/image_0_2627.jpg,0,algal_spot,256,256,5184,True,,0ab0649d652b0d28983affcd7c5d29a5d77bf02aa49d62191255d403e57de630,081978e0c06260e0
dataset/helopeltis/image_0_776.jpg,4,helopeltis,256,256,4923,True,,a776cad8d0e3722417e21a81e0d3dda1be8a176d7ba26d1c5113befa920e7a59,00003cfcf0c08000
dataset/red_spot/image_0_2369.jpg,5,red_spot,256,256,4736,True,,c4a5c8cfea039e8c1ca242b610586c99069e544f2dc992405eda55a3aa815971,0000e0c0e0f03000
dataset/red_spot/20211228_123856.jpg,5,red_spot,256,256,4434,True,,ed54b8debebb200b982d31d03206517c1e99ffe8cc1ed88e24a6f806f19d1992,4533f0ccf077ffff
dataset/helopeltis/image_0_4048.jpg,4,helopeltis,256,256,4689,True,,61231def609e25c983f2dd06dcadf0ee2b27b786f3f684aab4e9c1f3fa8864f6,0000e0f078381800
dataset/red_spot/image_0_2019.jpg,5,red_spot,256,256,5150,True,,fca7ddfc4723afb306881da8656fa02adbe4e0477700b6622ed2f72f127cd8be,81431c7868d1c3f3
dataset/gray_blight/20211228_140442.jpg,2,gray_blight,256,256,5012,True,,b3c379cdb4999cd776b6a997298100de862776aeac8462f8aa33aaa15e58fd84,000030f8e4e83b13
dataset/algal_spot/image_0_3113.jpg,0,algal_spot,256,256,5985,True,,d56074dc6a008ac748ff72eb8fab11b9d19fc2d50b010ac190b23ab78752ac2d,879c78e0d1e20418
dataset/gray_blight/image_0_4170.jpg,2,gray_blight,256,256,6659,True,,03706949069547239adec9e0d07aa2f3d17704f8fc918540fdbe6b924c941d94,04c0c0c4683c1c01
dataset/algal_spot/20211226_102226.jpg,0,algal_spot,256,256,5035,True,,4edb4270e47cbc6956926782b4e85f08d58a67bc9660ff4cfdbb6cbd332a0753,f63fe0e8fcf01ff7
dataset/red_spot/image_0_88.jpg,5,red_spot,256,256,5263,True,,60233e847a1dc2db811903a5dcf7ae6ba1bf11ea7ef4079b04a00c250cf18607,61c39ebe70e0c0e0
dataset/red_spot/image_0_180.jpg,5,red_spot,256,256,5384,True,,67d3c2aadbffcd297c90f203dce84e0eb523591f66d1c4209e930846e9906d08,6340c1c0f4f8c0f0
dataset/gray_blight/20211228_153006.jpg,2,gray_blight,256,256,5240,True,,a6a25183badae97442297d75183166f4c9265d7bdcd9752dffdf30772870fccf,9ee3e0bcf87bbf4f
dataset/healthy/20220101_105018.jpg,3,healthy,256,256,5907,True,,679391b680368650ec96107e6338d96df7e0ea521de08f9f143d561ae30f9a0a,fbc3c1c8e0f8dcf7
dataset/red_spot/image_0_1001.jpg,5,red_spot,256,256,6280,True,,1cee12d1d2135e8105a373bf245dd2bc786965db93da24a2f270f5f72eef1ed5,0623e1c0e4f03b7f
dataset/red_spot/20211227_160444.jpg,5,red_spot,256,256,5280,True,,04a77c3337c193a8bee788cb94baccc69cf29e5a314cb23cceb4a0e853e3978c,fefcf8f8bcb0f8c0
dataset/red_spot/image_0_25.jpg,5,red_spot,256,256,5804,True,,b8f9a64b4d9042c9e21126c88db43acd98795018061c732857fbdb26742630c8,04e2f0c470300000
dataset/helopeltis/image_0_3081.jpg,4,helopeltis,256,256,4589,True,,21c2200e993c377db504d801a77ff22db36c5a5c0a9626b06ad8fa65ef367704,000060c0c8f03100
dataset/brown_blight/image_0_5411.jpg,1,brown_blight,256,256,5434,True,,8af6a8ccb68ccc0c7415175363849ca066649949e7d2b02d41aaf75f290676d6,1f3fc7e2f8fcfcfe
dataset/red_spot/image_0_2471.jpg,5,red_spot,256,256,5508,True,,52efa56bf7739354910f595a581b521a114a881ee2a48940bb233aa73033d8e1,00c4c0d8e4743800
dataset/gray_blight/20220101_115123.jpg,2,gray_blight,256,256,5810,True,,d1d9d404d8d200ce58d3fa1f828318397b686dc379fe810193fee074b1f20542,df3ff1fcfcfcfeff
dataset/algal_spot/image_0_24.jpg,0,algal_spot,256,256,5575,True,,30ec7789b2b76a53d669a6c436a2e45f281356d39913b96d3ca3514da4a4c1e4,000c63c0c47c1801
dataset/healthy/20220101_090309.jpg,3,healthy,256,256,4645,True,,53e8b65264ad19136945aa31315b22e3da15c6aff2576706fafe1b3c223c58be,cfa773737171b1d9
dataset/algal_spot/image_0_1011.jpg,0,algal_spot,256,256,5758,True,,42cadfc4ac3b7e5b85a46548c5362e5a71215f0fe90d3e63a6e1f62e5a1f491c,000c7cfcf0c04000
dataset/red_spot/image_0_491.jpg,5,red_spot,256,256,5792,True,,4735f66b0ad1f6966499d8fb2dddbd9a400b66ff4f4f9df82b06b98ba1509e86,00003c78ecd8b000
dataset/brown_blight/image_0_8895.jpg,1,brown_blight,256,256,5472,True,,74eb71e645d4ff2dfe1a02eaa968d8587f562d6ba65be481ec9bba7d133fa296,000060e0e2320000
dataset/brown_blight/image_0_5587.jpg,1,brown_blight,256,256,5695,True,,dbe39224215135b601c03c1a0de9ad47b59db661241094f3b32e6e1f3e9fc31b,0d18307868e1c218
dataset/helopeltis/image_0_3683.jpg,4,helopeltis,256,256,5634,True,,48361592d8dc48f9375fa08ad4b75efd8339e22b3519a4e0adb86300060ed6c7,0080c0c0e0f83c0c
dataset/helopeltis/image_0_1275.jpg,4,helopeltis,256,256,6490,True,,eaf0e0bc92b3adca0d441e0fee1bdac646d13d42440372d39a943feff668e0b8,008080b0d4f83800
dataset/healthy/image_0_2820.jpg,3,healthy,256,256,5292,True,,0e9a07048f3dde0711c363a4c4ab080606df49661d256878481571a63cc7dbfe,000078f8c8f80000
dataset/algal_spot/image_0_3373.jpg,0,algal_spot,256,256,7036,True,,c715983567db8b8fcd878f181bb5329af78bcc44db6a7ad75f3fa95618726a77,e09c7cfcd8f1e2ae
dataset/helopeltis/image_0_4047.jpg,4,helopeltis,256,256,5544,True,,4160c35c48a123ae3491ee5788e1f1e48fcad1623899525d251f8be1396ad1d1,00008081e07c1c03
dataset/gray_blight/20211227_152034.jpg,2,gray_blight,256,256,5844,True,,4ad7c69fcede83198c19c2f1aaefa81ec69447b4c81a6bb83dc58daa733e390e,c7b9f0f2c8f0f1f8
dataset/healthy/image_0_359.jpg,3,healthy,256,256,5128,True,,5e76bc93cdabb2089ba44b7788718adee132b64178c4200a5726fd813b471e50,018d3cf0e0c1e3f8
dataset/healthy/image_0_14.jpg,3,healthy,256,256,5292,True,,0ed49a3417b82fbfee7a38af3bce06d757a2a6a01629a302a5a783e8033186fd,5d4ec180c0f878ff
dataset/red_spot/image_0_31.jpg,5,red_spot,256,256,5446,True,,5cf20a4c8ffd4af511a8ba8053eba405d406d4f79509ea728a9b3315ac615d2e,0000e0c0e870007c
dataset/brown_blight/image_0_4057.jpg,1,brown_blight,256,256,4555,True,,7c4c08c90095efe059807b21474e75d173d82b8af1b24d08b83ec188e8364aff,00e0d0f870000000
dataset/brown_blight/image_0_2155.jpg,1,brown_blight,256,256,6217,True,,c764eb9ca74a26a4932e23ec446e25e16f15b234e1d5a75a1fca531e678bedb2,030331f0c8700301
dataset/brown_blight/image_0_7825.jpg,1,brown_blight,256,256,6655,True,,5ec8e19b2d2a5542e5344d9f1904697fdaf3b1ee40076c2aa9bfa5921a787cd2,063178c88f000000
dataset/gray_blight/20220101_095210.jpg,2,gray_blight,256,256,4732,True,,590165cf6e2d55214d55cb40d5582e6da6bdd9a39abf0dddbeedb99fe5bf4677,4032f0c0e0719c3c
dataset/red_spot/image_0_1063.jpg,5,red_spot,256,256,4805,True,,6ef2a1c4fe19aed3836accc700957c378840014d77785595ec8d0973727921d8,e4e6f8f8e0f02208
dataset/brown_blight/image_0_1232.jpg,1,brown_blight,256,256,5775,True,,07f0262f23c767ea00f74d60b5b8eaa7d0a84898b2a2e25aacbac72d88f2e80d,c0c0606078381c0c
dataset/gray_blight/image_0_1405.jpg,2,gray_blight,256,256,5693,True,,ea860a946dc3e8ba66ed698a8df9f90729d79322aebf89c8eb58a62f3faf1549,000671c4e0f00200
dataset/helopeltis/image_0_765.jpg,4,helopeltis,256,256,5306,True,,5b828ee00f4b7e7860924c55c5c6e7fa937fae008e06aa7867ec3ca60c7fb6ab,0080387860e06060
dataset/gray_blight/image_0_433.jpg,2,gray_blight,256,256,7316,True,,272d494ed3d51e79ea999dce140ce88878fa5dd07d089941a6e3c61dcda61230,dc7cfeeecc91c73f
dataset/algal_spot/20211227_125809.jpg,0,algal_spot,256,256,4152,True,,3c8598188d940822a927f6ab3361bc8aad1237a8fe3e2b103f7162bb8b069413,fdfe37f0f8f01f81
dataset/healthy/image_0_3114.jpg,3,healthy,256,256,5033,True,,29fe34567703f23cef376cc423ddaa738e9af16fb1d034db1d212e968d48b508,cbd9b93139b1b2c6
dataset/gray_blight/image_0_601.jpg,2,gray_blight,256,256,5880,True,,c2522e4e2d5cad98bdfa2b56d97177b9b910d75c740011bed0ba0383864fb5fe,5f8f78f0b8e1c77f
dataset/healthy/20220101_120123.jpg,3,healthy,256,256,4793,True,,bfa817189aa4ba9694dfe9509b5b7ed8aba341b3999c4ba1ed82b6aaa23a9e20,6f6ff4f4ece8bfff
dataset/algal_spot/image_0_3783.jpg,0,algal_spot,256,256,7971,True,,79a768f2d525b9f877b3b1941024bf8fbc9f5f5b851b4a66ccef5834b7a12adc,0fc2c1f8d4e47c00
dataset/algal_spot/image_0_258.jpg,0,algal_spot,256,256,5872,True,,6a6b969c426cb4c2fa00da95ef2bba7f0ed59eaeec098a732b4d4dc339b29954,134cc2c0c0f03801
dataset/healthy/image_0_2939.jpg,3,healthy,256,256,4952,True,,a0cf674267c4893fecb09bcf47d2619699907c09c5e80894a5863a7bb0ffd435,ff7f9f7efcc0e3fe
dataset/algal_spot/image_0_2805.jpg,0,algal_spot,256,256,5560,True,,e4a7f14e3e6a12ff4fb2b9ca03cbf7c62311cbdd8a5847408728c58f1d2e0a9f,00001cfef8c0c000
dataset/healthy/image_0_3718.jpg,3,healthy,256,256,5334,True,,5f2bc123a5c4059f2316f6cd7c9cb2a690d2ceb7c10f7fa341c08f3d357d7323,0080c2b0e0700000
dataset/algal_spot/image_0_3645.jpg,0,algal_spot,256,256,7837,True,,522465d04097c64cb9f8c33e226c8d9926e3ec33863a512be4beb51f0f18552f,f95fc3f0bce0f0e7
dataset/red_spot/20211228_123418.jpg,5,red_spot,256,256,5127,True,,37726f72e8cba91cf4c27c78eda789d71624c8b5b458eab3ae5b608cbba26c28,7f1ff1f0a8e0ffff
dataset/red_spot/20211227_160731.jpg,5,red_spot,256,256,5396,True,,2e44014cfc816072071c7c66502fb605746e3f008e49b02c9f3501cc28ec7cf4,0a31f0d8f8f0b3c1
dataset/brown_blight/image_0_3116.jpg,1,brown_blight,256,256,5078,True,,44ccc3155a787c2091c01149baa12d386ac574f01c56257392ea49b72106016e,7e7f387cf1e33fff
dataset/helopeltis/20220101_104017.jpg,4,helopeltis,256,256,5097,True,,58a076fc85bc58e652319aa93b7e102518aa140705c1d598d2d59f520ea56f7c,d8debcfcf4e0e188
dataset/helopeltis/20220101_101002.jpg,4,helopeltis,256,256,5099,True,,5bff25d45d631c980133b73290580c8db6cfa4bab7a0138a95f13ee353ac2437,e0a4e0f0c8e00000
dataset/brown_blight/image_0_3967.jpg,1,brown_blight,256,256,4742,True,,92747bbf4a6c4ce2da33f4a7184dbe40b347c60e37ba11eacafddbcb66066131,0080c0c0f0381d00
dataset/helopeltis/image_0_1160.jpg,4,helopeltis,256,256,5889,True,,e9a93a5b7b4728af11a792fd26b1acb0c2baecbf6cde3e69ea28e65fafda3629,00061e3c70700200
dataset/red_spot/image_0_1492.jpg,5,red_spot,256,256,6619,True,,bac8240ec78c40bf29b3b976f18084e27f6d88057facc9f999f7b4a5440f8c34,0303e0c0c6e02301
dataset/healthy/image_0_158.jpg,3,healthy,256,256,4818,True,,eccc18b2b46eb0ee767bccd8f60b64ba9536b9945d49e28cfc2027698663cf5a,45d8f0f0f070e2ee
dataset/gray_blight/image_0_3649.jpg,2,gray_blight,256,256,7382,True,,443eeb3f4eeb0b3cfe913f41357031ba5d00e024af10f0b5506479c5d8861c65,1c387060e0c0c0c0
dataset/healthy/image_0_711.jpg,3,healthy,256,256,4074,True,,1586227625bdab65c28b06bc39328e0299f719764683d59bcb1f59c38d0133ab,0000c0c0e0780000
dataset/helopeltis/image_0_579.jpg,4,helopeltis,256,256,5176,True,,ee6db3073ed6c58c9a1e4d475e43fdfc9610453c3dafadc23609ed3563342299,4000c0c0a0e0e000
dataset/brown_blight/image_0_3703.jpg,1,brown_blight,256,256,6229,True,,9d457317aaf7f389a22dc40ccc495b17d55818fdb0fa64f9f4b1784d64427bd1,fffef470f1c79fff
dataset/algal_spot/image_0_1558.jpg,0,algal_spot,256,256,5817,True,,42a502aedab2351e6cdb58126ed9072816eec297dc01011681928574ac3404cc,8f71f0fcf0f1ccc0
dataset/helopeltis/20220101_094229.jpg,4,helopeltis,256,256,5288,True,,dae3e3634b41a10eea3109d505b78e6d1230a03d8300f121e20f52798f7262f9,18e6e1f1e8fc9cf7
dataset/helopeltis/image_0_2875.jpg,4,helopeltis,256,256,4018,True,,19d15cfbecb3b8bbb02653b44078f282c3c359ff80ac61269953f47e39d8b3c2,00001070381c0100
dataset/helopeltis/image_0_849.jpg,4,helopeltis,256,256,5253,True,,1263094aaccacdd740ae27135cd7834fd6a83e43ec065cb03ef68fd081735ccb,071b3870e0c1c63c
dataset/brown_blight/image_0_9069.jpg,1,brown_blight,256,256,6383,True,,2ab4a574aeeab3348c48af330027a1becff569c94c520fb1cb69ed5598b6490a,0713307870614100
dataset/brown_blight/image_0_9457.jpg,1,brown_blight,256,256,4582,True,,6c7258c0b2f4b6797883d5ec797701feb98dc0582b60222fce40710b87b16603,000002fcf0c042f0
dataset/healthy/image_0_2747.jpg,3,healthy,256,256,5049,True,,ecc82ba89ef6761bb00ca0d2431e61abf502befc0368d73d5c0f35d0d88b2fbd,20c0e2e079b8dcc3
dataset/red_spot/image_0_1069.jpg,5,red_spot,256,256,5270,True,,c1e84e6681d181a0799601e1a104d6bb81c13268e750fe91a9eb6ff188fe9301,0000c1e1793c0c7e
dataset/algal_spot/image_0_4111.jpg,0,algal_spot,256,256,6294,True,,7bbbbe8c6234fd278636b270b754a964da37649eb55dd581e1491d3b703da127,fc36f0f8ea78b8ff
dataset/healthy/image_0_811.jpg,3,healthy,256,256,5100,True,,57829663e08fdc774f973ca1d7b6584af62e01b09c93f78f9c735a05ba5fa1ca,ffefbc7460e1e33f
dataset/algal_spot/20211227_152816.jpg,0,algal_spot,256,256,5643,True,,7cb7f28b410d6f6c01626e4808d01c2e6f264deac0d6abd08a6b379ce55297a2,1ee1e0ece0f186c6
dataset/helopeltis/image_0_4318.jpg,4,helopeltis,256,256,5515,True,,86ae13c1808d770d193fd4ec07eda5f04a588e5927689d0b7dde7135766d9e35,01c4c2f079783c1c
dataset/brown_blight/image_0_4956.jpg,1,brown_blight,256,256,5744,True,,91bcdc2aa46968d20aff9158389253cb7b33f229dc0e9e5315a99f3ae7f704f2,070331f0c8610101
dataset/gray_blight/image_0_1027.jpg,2,gray_blight,256,256,5889,True,,f01b1c73864101b97edde3563571ea5d1448ed24be5ba14129058a2caf3d0d72,016de1f8fcfede7f
dataset/gray_blight/image_0_3078.jpg,2,gray_blight,256,256,5420,True,,0e2c37e1f081e791eb937844ade4fab53f6281802176d4a78936f97afff01a8c,30c0e2c0ccf87807
dataset/helopeltis/image_0_3026.jpg,4,helopeltis,256,256,5655,True,,e8c16806515938bdf948c921fb0aa5937e334a200ba898a36c5c33d591556e0e,03c3b8fcf0e9ebff
dataset/gray_blight/image_0_3233.jpg,2,gray_blight,256,256,5000,True,,d3476cc54c4f356702e21ee76e8c8428a0c5c1e9fdee48cd57209fac4c1713cc,00033ce4c8e10600
dataset/gray_blight/image_0_1421.jpg,2,gray_blight,256,256,5294,True,,bff71ec8093f6081d62160973e87fd86fe9039c07e8802fb770917c590b0d9fe,0018c4d1f8fc1801
dataset/red_spot/image_0_1370.jpg,5,red_spot,256,256,6195,True,,9a78d3d1497910d71797864050d00515c9acda3169c4eebfd7993e0d43b5c14e,00f0d89af0f01703
dataset/gray_blight/image_0_2973.jpg,2,gray_blight,256,256,6034,True,,de90175b6908c976035c78f22d79ac6f99ea0ead270b387d69d71567216c5b10,0006e1f8783c0c03
dataset/algal_spot/20211227_133008.jpg,0,algal_spot,256,256,4721,True,,611b435a33da24be854783ae8511abc33d6db06b09ee6ee461be92952dfa7712,bfdf71f0f0f8f1f0
dataset/red_spot/20211227_160030.jpg,5,red_spot,256,256,4658,True,,a8faeb2c2a7d8fecf5af4aba6536340539d45184fb7be76bd3df0a98a80a4ea8,e0e6b9f0c4f03200
dataset/gray_blight/image_0_3972.jpg,2,gray_blight,256,256,5367,True,,18bc05ce09f24d8d9247b52190773050cf53e4000766f2c0e8c3dc1502b7a38d,3fcec2f1c8fcf8fb
dataset/gray_blight/image_0_3694.jpg,2,gray_blight,256,256,5487,True,,cfc880703acfc7359c9490705afce77ebf3622335590e94265e37f1ef847b2f3,1f5bc6e3e97838de
dataset/algal_spot/image_0_2080.jpg,0,algal_spot,256,256,6444,True,,3e2b3b6de19bc95c3508a8a9cd484a2bd1fdc41f397a6da4031168608e1da8b9,60013cf8c0a0c137
dataset/brown_blight/image_0_9706.jpg,1,brown_blight,256,256,4680,True,,e12d2b31fa1618b11409f13c4644b81a329ae12dbbd96564b7d1649ea93382da,cf8b74e4b0c0cf7f
dataset/algal_spot/20211227_130624.jpg,0,algal_spot,256,256,4688,True,,8f7534e03a8388dc033c0a2c9e3cd1120c0ec343dffc22a30326a6b108531c46,f9f9f8fcdcf03fbf
dataset/algal_spot/image_0_1024.jpg,0,algal_spot,256,256,5434,True,,1de10c1d836955f585ec9b048d5996af9e7ecddc84c9ee636473d4b8f8f6d976,0000f0f8ee781807
dataset/gray_blight/image_0_3898.jpg,2,gray_blight,256,256,5075,True,,3599ac733d478974dec610cafe4d229bd09e2e343f102a485065c45ca6440ebc,fffcbcf9f1e3e7fb
dataset/helopeltis/20220101_105036.jpg,4,helopeltis,256,256,6729,True,,ea14b1a2ea6b935581fcbe6ab2fbaf65a62bef0799747dc124a340f66c7ac4bb,fcfcf4f4e2f8f8ef
dataset/algal_spot/image_0_2359.jpg,0,algal_spot,256,256,8600,True,,3a416969c13a0f018ebee65a211364cb06cbd32e3889643b770094073882b7d0,0978e08438e1c77f
dataset/helopeltis/20220101_103625.jpg,4,helopeltis,256,256,4955,True,,9dafcd15dadd038e86a8fd377a1c8adc8a475fb796d7667f964492732020c69c,7f7fbcfcf4f8b9ef
dataset/algal_spot/image_0_309.jpg,0,algal_spot,256,256,6564,True,,c98e75eaa78d39e9d34be9fa44c6fac42faebd9224fb78ef32a3fa8655d9ead5,3bcec3f1f8fcfcdd
dataset/red_spot/20211227_160534.jpg,5,red_spot,256,256,5720,True,,0974949a676f8260e782c7909cfce40f608bd88c8d6ee7b22c65cd657b33ed3c,0c71d09480e0f0cd
dataset/red_spot/20211225_224936.jpg,5,red_spot,256,256,5594,True,,beb0f92de7e8184bc6c2f2ed2fe6de91b4dc93750e9471db37cc97cb0f0179b5,030371e0e0600303
dataset/red_spot/image_0_161.jpg,5,red_spot,256,256,5092,True,,4e29e86f562677670323ce9a4df33a00be9fdb9b523ca3adc9f173e1f9302463,df1fc3c0f0fc0ec3
dataset/brown_blight/image_0_5166.jpg,1,brown_blight,256,256,5721,True,,8fe67905170ab6f30ddd3d374842cd5a25a680c610be44275994d5923a336c85,0000a0f0e8647030
dataset/algal_spot/image_0_2271.jpg,0,algal_spot,256,256,7581,True,,bfec3c2591f5f1d8f33bda5ecb41df7053c1deed4fae15e1aa3aa2009e9ad6e3,000c3c70c0c0c0c0
dataset/gray_blight/image_0_407.jpg,2,gray_blight,256,256,5562,True,,7e52ec5f9a17c98fab46d4ef72c77c6bc8498f1799745476fd760349f34714e1,00043178c0e06000
dataset/red_spot/20211228_115756.jpg,5,red_spot,256,256,4401,True,,ee70e04fc1cbdd3993d908b57d273855b4066e46c3e508bab7266e55813be7ee,ffdf71f8f8f0f8f0
dataset/brown_blight/image_0_8944.jpg,1,brown_blight,256,256,6872,True,,ff952949823d28fe4b39dde07b93254241c86afa07bc8d786fc88510cd438b5a,0010fcc486f00000
dataset/brown_blight/image_0_1083.jpg,1,brown_blight,256,256,5493,True,,eca97a5b887ba0fce994289836e4d97e19799f081d510a57a013679d9b65ab24,0000c0c0e0e0e0e0
dataset/helopeltis/20220101_094955.jpg,4,helopeltis,256,256,5033,True,,efcb1ec0c329d7d5c284e941348578afeeb56e640d36fcc086a3be58e6cfb6ae,007062e0e0e272b0
dataset/red_spot/image_0_179.jpg,5,red_spot,256,256,5125,True,,0f189e12ec7bdf3ce3a8b61218cc187d8242cfc021329bcaca94d3610993c541,0081e1f17939191e
dataset/brown_blight/image_0_1709.jpg,1,brown_blight,256,256,6349,True,,38f917ef844412a4ff50ae2089b36db40a7ea276a55e128e9c99666384cd76d1,02083970c2c00100
dataset/red_spot/image_0_2878.jpg,5,red_spot,256,256,5602,True,,98982ef5c713bdd67afb075f20935b3f6340ee6402ae05a2f1d76e151daad8c6,3f1ff1e8ec749dbb
dataset/healthy/20220101_100908.jpg,3,healthy,256,256,5199,True,,deba6980bc42f0d7d0aeb9719637f7b3c252229aff7db6a3b8f7c8b6a705d086,0026f0f0e0e08e84
dataset/helopeltis/20220101_105256.jpg,4,helopeltis,256,256,5735,True,,58eee41ed2c45d527a5186fec32c68f7d50e6c4007e640adb1ad82bfb890b602,0000e0f0c2e4f0ff
dataset/brown_blight/image_0_4234.jpg,1,brown_blight,256,256,6647,True,,790dc714030595ac0ab12cb8503debdb4f65467c4f9a5c13e598b9555670351e,3f7f83f8f8783fff
dataset/helopeltis/image_0_1557.jpg,4,helopeltis,256,256,4111,True,,74550006e3aa9530868737d0a393aa123631b59032b9b708c2df8fd4c2a548f9,0000001e3c387162
dataset/helopeltis/image_0_1185.jpg,4,helopeltis,256,256,6115,True,,e97bd5774ab462ec22c1a3cbfaaa21b20ee75eecf901f4c78aece258a4927a11,00c0c0c0fcf8fbfe
dataset/red_spot/image_0_2340.jpg,5,red_spot,256,256,4841,True,,52d852d636ce415e6ffa8bf6128626cf7da9caa35b35828ff76a5331d0be062e,7c1f3979f1c30301
dataset/gray_blight/image_0_3123.jpg,2,gray_blight,256,256,4909,True,,e09526ab9ebba3625d5c29d8a965e1017ca2551dbd137b5ba8e655b893603f6f,0000e8f0f8f0b01c
dataset/red_spot/image_0_1842.jpg,5,red_spot,256,256,5660,True,,0777a40c2cb32577b84d9530d6fd997ce2360899787772f92b613cc6c68635cd,000e3ee6c8a00000
dataset/algal_spot/20211226_102837.jpg,0,algal_spot,256,256,5735,True,,023335e8675d1ad1355f9b95096448a2dc87cce3a40b62fdc588cef9011e1ebe,581bf8fcfef879bf
dataset/algal_spot/image_0_2349.jpg,0,algal_spot,256,256,7409,True,,e2a1258f0ae65f5e0acbe2f4756c3e9bec854095768e31517b3a336476926c46,0038fcfefcd8e101
dataset/healthy/image_0_21.jpg,3,healthy,256,256,5126,True,,d046ee1edbf822d8990cee8d45466338e8c55140d9e8544e943fafbef40448dc,4060607070381818
dataset/red_spot/image_0_1081.jpg,5,red_spot,256,256,4361,True,,9209cfa672476ed89af113f6172726e461b3eae46c2a360571291e5fce4cc197,000062e0e0e0f0f8
dataset/red_spot/20211227_160207.jpg,5,red_spot,256,256,6397,True,,6de1815f08e341b2522144e21b48020154c8a45b7addcaaec78bc75d62252a60,0039f0c282e0f11e
dataset/helopeltis/20211205_161149.jpg,4,helopeltis,256,256,4904,True,,368e9175921177989b81b536b4f9a089917f442e943edc39c08449d1aca8679d,efff9fe6e6f8b9e7
dataset/helopeltis/image_0_4307.jpg,4,helopeltis,256,256,4930,True,,24ae41655fbe67d8c21219b9f525e6c4c64fbaa3165270906536c9f997a3bf3e,000070f0d8f03000
dataset/helopeltis/image_0_2646.jpg,4,helopeltis,256,256,6027,True,,522f3f51355b9f7e393e439b71ca381b9754f70a5b79761fcaa5d435d253ece1,7f9f33f0ccf8b9cf
dataset/brown_blight/image_0_900.jpg,1,brown_blight,256,256,4960,True,,6cd28513a423a74e6e127e1d855277e0132adbbfb34977fbe53836dc7a7cc0f9,0f0f1f78781d0f1f
dataset/brown_blight/image_0_1785.jpg,1,brown_blight,256,256,6081,True,,c84e44f3ad7ca7ee25865c36be8a3110321d081e15bcebac37234d56d38939a5,010163c0e4381c03
dataset/healthy/image_0_209.jpg,3,healthy,256,256,6072,True,,b19f6ed194f3f71e8e80af88a179aca9255498fbaad21f4cb8e0cdb573dd950b,c7b8f8e6b0f0e3f0
dataset/helopeltis/image_0_1772.jpg,4,helopeltis,256,256,4739,True,,f4036d1f6eb3727c30ac288b3483cad0ccf7035f0f38d8c36b6dc13a768202a6,000060e0e0700000
dataset/brown_blight/image_0_4410.jpg,1,brown_blight,256,256,5214,True,,e7258a2dd32fb20e4dd25ce9942cefc9068267b221affdd003beb03a6f693498,000670e0c4e0e080
dataset/algal_spot/20211227_152156.jpg,0,algal_spot,256,256,5507,True,,d73372c016e4afc01b85866364f0b9d6fc5e8f8b917271205e3af8c546473418,d59ff0ecfcf0bfff
dataset/brown_blight/image_0_3809.jpg,1,brown_blight,256,256,6486,True,,f6114eb657cda90550cd2b1c80d4dddaada683747ebc1c52692d792bbd77cc5c,0031f9c8e47c1801
dataset/gray_blight/image_0_590.jpg,2,gray_blight,256,256,5348,True,,9c87c9e24b93087699df40e34d944c2d7c0b7eafcf9df1b2ad7606651c763394,030373f8f073070f
dataset/red_spot/image_0_1939.jpg,5,red_spot,256,256,5331,True,,2f0f7ef0cb44236ca33ad24f14c2ed49f54147f259ad4ce35eb049ee226bfa31,771f83c1e0783ec2
dataset/algal_spot/image_0_2460.jpg,0,algal_spot,256,256,5001,True,,6229fe500e452c63cba9d785c8b7405504be1abea48152ee262aa86f9bba2e60,0000c0f0ec78030f
dataset/brown_blight/image_0_832.jpg,1,brown_blight,256,256,5621,True,,2d82df548440e1bad61e1c6eee31b92936512b49862036a95712fdd2aefa928e,000061e0fc3c0000
dataset/helopeltis/image_0_1265.jpg,4,helopeltis,256,256,4446,True,,8faec057391109ac035cf37c365a5793b8123d9f3e2ab490f7c9ea4284955430,0010646070703088
dataset/healthy/20220101_095144.jpg,3,healthy,256,256,4553,True,,73913f7bf947a246ffaf0a177ae3cecfee80c9337cd5dcf8312b6321510166be,10b032303030b2b0
dataset/brown_blight/image_0_7444.jpg,1,brown_blight,256,256,4241,True,,0669b2c8b013810081b017d0dc7c9275331d6997112ff272d9887ab08cf597a4,0080c0e070780400
dataset/healthy/20220101_103555.jpg,3,healthy,256,256,5353,True,,f3160abdf2143721441cc9b66bddb997f5c02679ce80bdc808b515b301377a1a,609878fcf8e0e2e0
dataset/algal_spot/image_0_3366.jpg,0,algal_spot,256,256,5083,True,,579f4ae11479879aa3de319dd541a14e20ea06b6a54a352ea22f4dd0585d7450,0001187ce8c10200
dataset/algal_spot/image_0_2520.jpg,0,algal_spot,256,256,5659,True,,4fd098114e255b02503395e307d0c67e02f57bec1557b1b803dab4b64a5e9c77,0004c180e0fc3800
dataset/helopeltis/20220101_121844.jpg,4,helopeltis,256,256,4089,True,,a53b02e4a39938867f63ff1b785d84b30fad924816decd595f39371c499f0572,fd7fff7ff8f8f0ff
dataset/brown_blight/image_0_8169.jpg,1,brown_blight,256,256,5678,True,,a413e804e0b50ca37b9c210744bceb30c4b37cc4a56be1f0b87eb09bf32fbcf5,7f7f3f3efce1273f
dataset/algal_spot/20211227_113738.jpg,0,algal_spot,256,256,6449,True,,1dff42f1daa63197957418cb2a98c8cdaf22c0d5c89efe28ba5765014e7ce98b,218739e8cef43807
dataset/gray_blight/image_0_3047.jpg,2,gray_blight,256,256,5174,True,,e31a5b26ac8156bf15dbe07fb48f5d2c53f1d48b1d78adbd1cfc3d413421d452,b0e0f0f0f0e0f8fc
dataset/helopeltis/image_0_2247.jpg,4,helopeltis,256,256,3573,True,,3a43d6817c78682f07201ac96f12c6c100c9bd9973868ee46652f4fa56776374,0000c0c0e070180c
dataset/gray_blight/image_0_281.jpg,2,gray_blight,256,256,7817,True,,5aae17898316a22403a84aac9a46b690496a9d42e1de702d0da9dd7c0536ce53,008090d8d0f03c0e
dataset/helopeltis/image_0_384.jpg,4,helopeltis,256,256,5289,True,,5b056942e28ad90d076e5a72d3bf22c34de0b798e2023a8dee88b5c6960327db,246273717171b0d8
dataset/healthy/image_0_2176.jpg,3,healthy,256,256,5268,True,,00b876f5c4029294defceda294a7c19b1cdad588eaa17e1a2063629e84835778,d09e73f0ecf8f133
dataset/healthy/20220101_094609.jpg,3,healthy,256,256,5382,True,,b2d28f7d300fefb7c561b7990e09ac30a47f312a7a6cc037da3cf50783389212,0033f0a4f8e07cf0
dataset/gray_blight/20211228_152740.jpg,2,gray_blight,256,256,5392,True,,fcef8180957b47e73427047c3bdf7cb18283a363ec755466d872081788195bfe,9e37c9c8c4f07b2f
dataset/algal_spot/image_0_1017.jpg,0,algal_spot,256,256,4774,True,,7d049e70781a883aff79f04a75ed4ba1c012aa0b5ec9fca62441cdf80cbbc588,1c1cc2e178bccfef
dataset/healthy/image_0_506.jpg,3,healthy,256,256,5059,True,,0ef45d2637fe649bc6b7485dc0a18bd0e7ef934d20358e25d1a1168360834f68,503060e0c6c6ceda
dataset/gray_blight/image_0_536.jpg,2,gray_blight,256,256,6131,True,,b89e2b7141be8bbfe2237b770a5ff2c5e677dd8274256b6435856ed11538b232,00008080c8701c00
dataset/gray_blight/20220101_114134.jpg,2,gray_blight,256,256,6366,True,,239961461e04fbf073c9bcb88e16f83b5c6218b016b8a23b05db4675e57a2797,b49f71e8ecf8e1ff
dataset/algal_spot/20211227_153009.jpg,0,algal_spot,256,256,5868,True,,c440e99f3ecd3bf76736be5a33f758f7dee28b0e6115a2aa84953d0488422353,36f0f090d0710c08
dataset/red_spot/20211227_161808.jpg,5,red_spot,256,256,4492,True,,c176e15532e168bb4897298e0eaac64ba22e3f7812c01be09d7719a5d1a7aa64,569b78ecccf0f0fb
dataset/algal_spot/image_0_411.jpg,0,algal_spot,256,256,6720,True,,ada4607c343d0df011fae405b50df415cdb34f326335f88ec22e021057d7be0e,0778febcbce071df
dataset/gray_blight/image_0_828.jpg,2,gray_blight,256,256,5753,True,,b8391fdefc9598272c24888c66a02cae234af92997a132bc63e9e4f0ef14ad95,000070e083f0e000
dataset/helopeltis/20220101_121105.jpg,4,helopeltis,256,256,5123,True,,90a547c66e1f3aa6bc3265fd7c23aa715d226a7290face68ae035e32be9da914,fbffbff4f0e0e6fe
dataset/brown_blight/image_0_7756.jpg,1,brown_blight,256,256,5698,True,,e9560ed68a8f2696307e844964993dde1113b60d7daf60b09765875e659e9aa2,1f4fc3c1e07c1c57
dataset/brown_blight/20211227_162827.jpg,1,brown_blight,256,256,4820,True,,f23783c2807549cd73ba483c2d0cdf5fa5ff8eb8cb9917d336eef7a819c998cc,0230f2e4f00680c0
dataset/red_spot/image_0_2928.jpg,5,red_spot,256,256,5203,True,,81d45c3ed27290ed8af56d3c2bb53ba97c661a704b05708f0034b0267e6df8cf,30c46060381c0c01
dataset/healthy/image_0_845.jpg,3,healthy,256,256,4782,True,,203d87acf8b554dbd5746de278b966312598dce1a5e553dbb7d1ebe77aa5dac8,218e7cf8e1c3cf3f
dataset/healthy/image_0_2959.jpg,3,healthy,256,256,4992,True,,502945fe676ac0bf93cfeac30f39c2b80270ebb1b61015271b2ffa3a1cecdf8e,c04462637139190c
dataset/healthy/image_0_1366.jpg,3,healthy,256,256,4139,True,,1c0896a5061de894ee7e63b58d04d32b5b0fbddf2909eebadb020eb3d47c0142,4060607070303010
dataset/brown_blight/image_0_4747.jpg,1,brown_blight,256,256,5030,True,,c27e375e192c0ad3f5d52fbb565a4157aff80237eae989287108e51160f24021,30c0e4e270180100
dataset/brown_blight/image_0_1376.jpg,1,brown_blight,256,256,5909,True,,c26a361e1163fb9b16fdd7ced43aa1571e4a29f68e79f86ee7d2d41fc39df515,000c7cfcd0c1ce3e
dataset/red_spot/20211225_223921.jpg,5,red_spot,256,256,5613,True,,42d6306c9cf7b873f8cb1927b61dab6069f06054490cbfaec0c58b383ad64903,030731e0e4700303
dataset/gray_blight/image_0_1058.jpg,2,gray_blight,256,256,4856,True,,33a4418e23e361af475d8b39662ab9f4a6ca93c8123af4619b0a0e9fe37aabd3,0303b87cc0e16298
dataset/algal_spot/image_0_1013.jpg,0,algal_spot,256,256,5116,True,,a61ddc1b1fa7a90f2b4b891079e4d7e1478cd869682ad5d5ee059c15312ea86f,1144bc70c0e060f0
dataset/algal_spot/20211227_151446.jpg,0,algal_spot,256,256,5543,True,,3510d34dc065e066f567bf1156c00eb70bb59531ec268a16acb770ff6fc5119e,e74f78fcecf8fbff
dataset/helopeltis/image_0_2029.jpg,4,helopeltis,256,256,5432,True,,edb60356e7913907503b05565776f331180879e36b100bb224180103b10d4c08,4a6072f1693939c8
dataset/brown_blight/image_0_3930.jpg,1,brown_blight,256,256,5805,True,,19bfe42aac5478ddf0e60b40288f49cef90c893d154351018835d953c3f68e48,ffdfe7f1eceebfff
dataset/gray_blight/image_0_2523.jpg,2,gray_blight,256,256,6324,True,,132a2e8652e613af3733205b868127dc304f86778c3c579a8c4df0ae20fb58a0,0007f0fc9ed8e000
dataset/algal_spot/20211227_132633.jpg,0,algal_spot,256,256,6537,True,,bba1871a66257e7e6b8405a161936bfb3dfc9945083439531cbb83e6c0a9daed,0336f6f0e8f1070f
dataset/red_spot/image_0_1714.jpg,5,red_spot,256,256,5069,True,,48db0100688e4612403168004861392f04550ebbcecd35872d0bba7cee42a6b7,00083874e8c0c088
dataset/healthy/20220101_120325.jpg,3,healthy,256,256,5327,True,,762a7a99ea67a70ce9bce34e454c2727e5b16910e0200f3edccd347a35298c1d,eb3cfce4d8e1ffff
dataset/red_spot/image_0_2418.jpg,5,red_spot,256,256,5608,True,,d04baaa2df074dfac4bc0bf87f6106aec76042a6e858556d0117d6cb89efc1a1,0384b1d0e87e9cc0
dataset/gray_blight/image_0_3724.jpg,2,gray_blight,256,256,5221,True,,8dc7f61e5370751938a730fa1ba94f92d44582710002564775c2097e41224405,00013c78f0e08000
dataset/brown_blight/image_0_3887.jpg,1,brown_blight,256,256,5690,True,,ad599dd2a10b81c2c78b10da743731ff99f2c4ebefd2b2cb9273751749ef5a98,000122706c3e0701
dataset/helopeltis/image_0_2155.jpg,4,helopeltis,256,256,4955,True,,8f100ad54f441724d23bec304134847b201893325ddf23fcbc420f05c804b205,0040606272301800
dataset/brown_blight/image_0_5252.jpg,1,brown_blight,256,256,6543,True,,cfa27dc4cbff41d49157ed1b8788b9d048bb9a887577ce81fd4d404b6b127b7c,078783f1f8780f7e
dataset/red_spot/image_0_2157.jpg,5,red_spot,256,256,5439,True,,df5a853a8804ffd415ab06e325dfa8b37648f37232c4ae4d238309eed635bda5,6e1fc3c0c0fcf8c6
dataset/healthy/20220101_120001.jpg,3,healthy,256,256,4788,True,,c86422928965de25941a02e2525d6e0fa9f5327ba12f8840cacf370675223fd8,dfff3ff0fcf0f3ff
dataset/brown_blight/20211226_001718.jpg,1,brown_blight,256,256,4930,True,,efe5eccdb1485462446f2e55a5766ddf9e403b25d2e6bf2f556062b15587b196,03010170cc700303
dataset/healthy/image_0_2902.jpg,3,healthy,256,256,4934,True,,0798885a49aa6b98365318c8a5ccb25bea30f5624fa6253af751e33854813ae2,0c33313830381c06
dataset/gray_blight/image_0_2603.jpg,2,gray_blight,256,256,6107,True,,ed8c352721fec9f83401237377e7d443230d78b7eb40ef40874f2a80a6bd9f6a,3986c1c8e47cbc6e
dataset/gray_blight/20220101_121929.jpg,2,gray_blight,256,256,5483,True,,103e1ee0b622049b19c8a1306a8fa326f2fa71af6aea741c9194e2cf46fad9ac,ffff5ff8fce8f87f
dataset/gray_blight/image_0_2087.jpg,2,gray_blight,256,256,4913,True,,0e1bec426d6531894ce5adf5d7bdea4c89f4dfea686e8eb97692ebeb4146486b,00043c7060c0c020
dataset/helopeltis/image_0_3022.jpg,4,helopeltis,256,256,4472,True,,01fcdf86029f49b7cc30dfa64d19929195164a4fdab27b622119b351ab917272,00003070e0d0c000
dataset/algal_spot/20211227_151720.jpg,0,algal_spot,256,256,4758,True,,8d3c536880d1e0179027de3db2b64ef6f51ec0e8fbb6aec4921dae6792f8d707,0033f0e0d8f0bfff
dataset/gray_blight/image_0_3535.jpg,2,gray_blight,256,256,6482,True,,5a29c09ce364029976a087de1a36917821331e62ab523394600db1ef87d1c235,003c7efcb8a0e000
dataset/healthy/20220101_122012.jpg,3,healthy,256,256,4968,True,,e9b70fee34724b9145e61faf23699e0ec536b96fa27823c347eae672bbdef65c,ffffbff1f8f8f1fe
dataset/helopeltis/20220101_094405.jpg,4,helopeltis,256,256,5260,True,,12163be2771ef22ec28ea0abd9456b4f85516fea2220a12400dd4dff18830047,b01e37f0e4e0734b
dataset/algal_spot/image_0_1662.jpg,0,algal_spot,256,256,8346,True,,f6773dfb84443a8b7244eed21d1384b5b5db41350a1602c19635f1bb08322fe6,e0e4fef280e0f1b7
dataset/algal_spot/image_0_3652.jpg,0,algal_spot,256,256,7416,True,,e83bdede1a104a431866f5f3a13f614d20199e361e50a7199479fdd34410bf62,0078e0c6e0e11f78
dataset/algal_spot/image_0_2834.jpg,0,algal_spot,256,256,6098,True,,d74fe3653e211126bc89eb4fa88e641c08a28b2f2cee145a6a9ecc036317c9ba,031978e4d880c0c0
dataset/gray_blight/image_0_1484.jpg,2,gray_blight,256,256,5172,True,,798489f50078103b17231e09850d118ec658f684b324bc3588fb3b5e36371dac,ffff5fbc70e1c73f
dataset/gray_blight/image_0_2829.jpg,2,gray_blight,256,256,5700,True,,b13df77f62decdbe900ffb13fd5e3775a13939a10edd9c9ffb7c9e742a142a8d,0000c080dcf40000
dataset/algal_spot/20211227_113145.jpg,0,algal_spot,256,256,4621,True,,a816e2326b2efe9ebe4491dce94332dbabe7af92171f0d8b7d83b7a29989d462,ffff73f0f8f9ffff
dataset/gray_blight/image_0_3110.jpg,2,gray_blight,256,256,6062,True,,df194087a69deae64d768cb01d1958df6aca3c4cd6dbc875729ece953930aa0c,e872f0b4dcf87987
dataset/healthy/20220101_094522.jpg,3,healthy,256,256,5119,True,,14ba73f8362336927ab33d74979246c8924170a51d57a6fbf85a3b022498a1c4,000438f0d8f8f09e
dataset/helopeltis/20220101_105141.jpg,4,helopeltis,256,256,5019,True,,6fbbf578d54ba82c61998e095884a8c43e753b18c22403eb62b266aa24c80ac7,fffffcf0e0feffff
dataset/brown_blight/image_0_7804.jpg,1,brown_blight,256,256,6286,True,,b6353c05c19d56e1de36e8f27adfc80a17632a86ab25e4db18adafdaa4a8ffed,3fcfc3e1693c1c1f
dataset/helopeltis/20220101_104004.jpg,4,helopeltis,256,256,3990,True,,1b2a5c0345e98000da3c2b98315a9bc7e9b2ff0522a26d5b65c188127af804a7,fcfebef1f9f8fef3
dataset/helopeltis/image_0_544.jpg,4,helopeltis,256,256,4059,True,,669ed9ab496add11f4262c98fb848ee2c55b8649cea5eb301fe06420bf29d4e6,000060e0e8780000
dataset/brown_blight/20211225_234920.jpg,1,brown_blight,256,256,6201,True,,8af5fdfd49fc3fdef93f96e141d2e1eb643cd8a3f09ad01fece25465589775b5,0000e1e0a8c00000
dataset/helopeltis/image_0_22.jpg,4,helopeltis,256,256,4515,True,,6aac662ccfd4b33d3951f926e12bd48dcbe55892d0b6df31b66be1ddf3987eb3,000000e071381c03
dataset/helopeltis/image_0_1853.jpg,4,helopeltis,256,256,5029,True,,f5781cfc78ecf84d98eeb0583d2c7c6a4af3174f4f91075997f9789df1f33f24,0f3dc3e0687cdcfc
dataset/gray_blight/20220101_114516.jpg,2,gray_blight,256,256,5254,True,,4db29161a4b9a37a9fed89925a4284f8f521bb56cfef06858998e2a48948571a,7ede73f0fcf0f0ff
dataset/gray_blight/image_0_1196.jpg,2,gray_blight,256,256,4945,True,,c1a7a7dfa28eddde10da4ebdf62efb342f844cf874dbb424829ea52cd66db5db,79e1f8f0f0e27f7f
dataset/gray_blight/image_0_2525.jpg,2,gray_blight,256,256,5790,True,,1554678eeac83022c7df0db613e89b9978d8655dddf003458b44720b577d1f45,2f1b84a1e07c1cb2
dataset/healthy/image_0_979.jpg,3,healthy,256,256,5336,True,,32c4d50002ad301122fa02a017991141c87db1769f250ab91e5bec3582022e3d,3dc4e2f168743cac
dataset/healthy/image_0_2875.jpg,3,healthy,256,256,4752,True,,207960258ba095291bb4a1f0284046d9ef38abdb4a78b0757d7cf28bc4b1d43a,00c0c0f0f8783c2e
dataset/brown_blight/20211226_001551.jpg,1,brown_blight,256,256,5696,True,,9779573df70be44ef48f54fb415f80e7892315cdab2892f7351acc4e2381d30d,010310fce46c0301
dataset/red_spot/20211228_123233.jpg,5,red_spot,256,256,4821,True,,e2f93b60a1c308097cbce1a87e0d05670bc3f54a1e62b93fce5ed10b585c485b,270f63f09cf07bff
dataset/brown_blight/image_0_878.jpg,1,brown_blight,256,256,6776,True,,1a400707eb3bb17aa5735c67f03b7fdfdb1ae9a292ea8b1a86e8c1d36156704d,020378ecd0c18701
dataset/healthy/image_0_1554.jpg,3,healthy,256,256,4092,True,,4cc1ccf02525a27a4cb61c12f74718eef343130f64fe46af356bfcd800bd5028,000101f0f0f00105
dataset/red_spot/image_0_976.jpg,5,red_spot,256,256,4550,True,,e06fe9f0a4c9daff7b777ee85eae5a51be3fb4473a8efeda96bae44428bc5671,000030e0e0700000
dataset/brown_blight/image_0_6062.jpg,1,brown_blight,256,256,5523,True,,f8183584210329d18abd4bb04ee06fd49533499d20717481e034c89187d38f90,03041c3839616060
dataset/healthy/image_0_1485.jpg,3,healthy,256,256,4841,True,,2ba9f76e5b5418d8eb5fefe2bf62dd08e3afd224b979583f0565739321b44220,0307077cecf0e3ff
dataset/gray_blight/image_0_470.jpg,2,gray_blight,256,256,5052,True,,9fefa7f9782cba5d4ca4f6e0cd2acf10c62aa33f442c1d49e2357eaa2ae32e1d,10c6c0e0fc3c0100
dataset/algal_spot/image_0_2108.jpg,0,algal_spot,256,256,9804,True,,5bfd285f4babd23af5ab8e22635c1c3ea57d45c877d4b04aed8909fcb2e4b24e,0e70e4c284c0e127
dataset/algal_spot/20211227_104005.jpg,0,algal_spot,256,256,5565,True,,ca849e0b145b528e5709d1304e98f223f473299a5b95a78a3bda1eed00448b5b,db1fe1e8fcf07fff
dataset/red_spot/20211225_231053.jpg,5,red_spot,256,256,4925,True,,1acdd89c9885c98a1d26f87eac29e6b8d03682f4da1d1d38d012a9fd4b4fbed7,010131f0e0710701
dataset/red_spot/image_0_457.jpg,5,red_spot,256,256,4736,True,,fbc61d05008ea678d00edcf2a02ec57dbe2a68855194f694f18b0845efe47b24,00003878e0c0c020
dataset/algal_spot/20211226_102149.jpg,0,algal_spot,256,256,6921,True,,eff6243eae99b0380aef8a9f8ce1a493444349938c80593d218a98b2e17d336d,0731f0e6fee8691f
dataset/red_spot/20211227_160614.jpg,5,red_spot,256,256,4695,True,,6c9b8678d7f13267c2af585ba5aade1c0a9753a32aee3ddaf5770bb903bfe87a,3c3bf8f886c6c080
dataset/gray_blight/20211228_141444.jpg,2,gray_blight,256,256,5504,True,,e8b79e66ceae636bdec631e035f7c6150423aea13d5adc169d01f97b9406be16,0204e1f0ccf0330f
dataset/red_spot/20211227_161608.jpg,5,red_spot,256,256,4218,True,,0b7af07d9e17fe25a45edbc59cf7c06090ee0080cbfd3f1d34de7e29ff1f1ea8,55879c7cfcc0f3ff
dataset/algal_spot/20211227_151258.jpg,0,algal_spot,256,256,5266,True,,b69e369dafe02f4d5fa738835148b49c9439643d2c77f67f1d3feee15a8404b7,d7cf70f0d8f07fff
dataset/red_spot/20211225_224534.jpg,5,red_spot,256,256,4618,True,,4b0500e6f54daa4411a8c7f4ba8b50a41de04e0d9e2e9700d125f982d9fac043,03010160e0710301
dataset/brown_blight/image_0_707.jpg,1,brown_blight,256,256,4512,True,,9136cce47524c6172e62d7d2a86a0e9ba02e2752d12c5c3cfd96004d36b41473,00001c70e0c00000
dataset/brown_blight/image_0_7397.jpg,1,brown_blight,256,256,6065,True,,8800870e8e6f5587fda5625ecc59b67e85a21e9f07174451a90e5f8afd72cea8,00c0d0f87c1e9880
dataset/helopeltis/20220101_101747.jpg,4,helopeltis,256,256,4988,True,,c6d9bebe376cc5ff0f0abfe91381c4dea216056321ce2938f735ca44845bd542,c0c0b8f8c8e20c01
dataset/red_spot/image_0_759.jpg,5,red_spot,256,256,5513,True,,656936e0076bc1ae5d7fae9d4bd5e8fea1fad32a0ef930bb8e10178f67377ecb,00088281e8741c00
dataset/brown_blight/image_0_4545.jpg,1,brown_blight,256,256,5606,True,,e01df2f99fa532511d8d8b5427318496893babfc75fcfbf49f8483968525646c,00c4c2e1f8380000
dataset/helopeltis/image_0_3018.jpg,4,helopeltis,256,256,5698,True,,35218e24cdb3f40de2bf4ac2c46a17df556d545a15c9b8c42d347ef5fe9cc660,20707070717130b2
dataset/helopeltis/image_0_3428.jpg,4,helopeltis,256,256,4737,True,,ea48ae9fb2eed3a7d7d52bcea1b44aede244d709f0271ef87c0375f5a135ca17,808000f0e0200000
dataset/gray_blight/image_0_2904.jpg,2,gray_blight,256,256,5316,True,,658b8e6ef8572dbb4180a84b1b1f107c409c148cb83cea941f03c2471af6edcb,0000f0e0e8f00307
dataset/helopeltis/image_0_3593.jpg,4,helopeltis,256,256,4791,True,,37b91beb5a2329f1443773d9851eda6415166b8faea11656a757ce470e1ffb1a,0000c0c0e8789900
dataset/helopeltis/image_0_357.jpg,4,helopeltis,256,256,4417,True,,801fa93bc27ab9e5b30db73fdcd6dcadd92c71a783ab3c9f15a975caa3b61e71,fcfefef0f9ffff7f
dataset/gray_blight/image_0_2957.jpg,2,gray_blight,256,256,5776,True,,5a763a4b820f7b98647b84cefdd7bb1f7ec4b2e7c3a9060a8cbd34c5d373b2b4,040d7cf8e8e1c79f
dataset/helopeltis/image_0_1408.jpg,4,helopeltis,256,256,3588,True,,a9973b32993cc3845ab52f9eb07961b087937733b7ed79da80549248b38e5fe3,000010f0e0700000
dataset/healthy/20220101_093025.jpg,3,healthy,256,256,5021,True,,d84c2820d6266dd9eed31e1703947daf97d4960d411e5654afc6d80060cc5b78,fff8f8f8f8f137df
dataset/healthy/image_0_2231.jpg,3,healthy,256,256,4748,True,,2c194bcaad69cab3fb10beb47a3c7b096eee4306bbc599b31f3db7a5c6dc191a,00001e3874f0e040
dataset/helopeltis/image_0_3265.jpg,4,helopeltis,256,256,4113,True,,243a40b75c8a95086dbf726a3c51827c4c3635e28994b04c7f5810e8f0363eb2,0000303030381805
dataset/gray_blight/image_0_252.jpg,2,gray_blight,256,256,5845,True,,bdde0db073ae60db83dd8dbeff3ca4f7c9f8152e3bb8e91acb600d73cc30c968,b39c3c7468d1e3cf
dataset/gray_blight/image_0_4127.jpg,2,gray_blight,256,256,6110,True,,89e22dbe61a488ef453b9d1c3feff79c3cdc3956a2bdfd8cabc7616f71ee711d,3fe7f399e4fcfcfc
dataset/helopeltis/image_0_1527.jpg,4,helopeltis,256,256,4646,True,,f3ee143ddc59efd4c19a01ff097ad0c4dbc3799bfdf7ee73cce66db9ab695ce8,0000081830306000
dataset/brown_blight/image_0_9885.jpg,1,brown_blight,256,256,5335,True,,03f38bf00e3aa717838b05a4cc6a513279d9f11d272be074c1c99933f78777fb,0008f8f0e0e00000
dataset/healthy/20220101_121838.jpg,3,healthy,256,256,4702,True,,9d836664edbbb10d9804bb943d5acbab49246b544019cb1eac38210e7f948378,efff3f70e8e1e7ff
dataset/brown_blight/image_0_1904.jpg,1,brown_blight,256,256,6119,True,,474fc14edaa71cfe2fd0320434228f4d22bc40f76d0e133ffe16f81d2eb6737f,0080c281e07c0000
dataset/healthy/20220101_094823.jpg,3,healthy,256,256,5427,True,,c5b6d441b15abb22c43750a05e8c014263d86887caa3f66233d25f2af1857cc2,0033e0e0e4f0c4f8
dataset/helopeltis/image_0_1582.jpg,4,helopeltis,256,256,6134,True,,0fa17512705f4e1a16df00444c1379217e48a79ea7bfecb104f66b1407987e26,0010f0c4e0700000
dataset/red_spot/image_0_1644.jpg,5,red_spot,256,256,5591,True,,92a0b222785c1c83065e338d6b6103eb2b1b12e0d4cde668d1c1c8a2f60e7702,0004c2c0c0e0f080
dataset/gray_blight/image_0_3121.jpg,2,gray_blight,256,256,5103,True,,87f749bb0d719cd1b6e0215621e4a5820bc2e950e1d5e0053811859e473ccd2d,000c3c7cf8c0c000
dataset/gray_blight/image_0_396.jpg,2,gray_blight,256,256,4932,True,,1f949b1e7b6bb171e86d083370f8f7fe7f133e6fc5ee061d328876943ab3b90a,40607070301c0c00
dataset/red_spot/image_0_2723.jpg,5,red_spot,256,256,5438,True,,36da018147d02496f7abd0df925fd67d239426b2c8e23d07beb89c4a7ef3a0e5,000038f8c4c8e17f
dataset/helopeltis/image_0_174.jpg,4,helopeltis,256,256,5949,True,,da0c50cb7f083c30c5e133efe8d0d089cbc143edd33731d95570bc4073c06ca3,0080c0c0f0703002
dataset/helopeltis/image_0_1375.jpg,4,helopeltis,256,256,5450,True,,7b0c4a294ca57e16992fbd0d5c126a0a83f64e7632af98927e30622833503cfa,02c398f0e0e00002
dataset/red_spot/image_0_2181.jpg,5,red_spot,256,256,5295,True,,0744d838afd9326451d277819c7c7225753e687f3c15a4c88cdceebf4062e2df,000070f0cce0f0a0
dataset/brown_blight/image_0_5102.jpg,1,brown_blight,256,256,5669,True,,667c556d230e41306edeb6c12773743c25f1279a91185041155867bc6b305436,71a8868190c0e0b0
dataset/healthy/image_0_3565.jpg,3,healthy,256,256,4873,True,,df19c9d8e30a2aa3730214af0e1fff6128a577861844ffcb9e3a5b7e74efd82a,ffcfb874f8f1e73f
dataset/gray_blight/image_0_2907.jpg,2,gray_blight,256,256,5910,True,,243068f0a77775e875acd94a2e0cfe82062dcf7b457513205b7464ca683e1727,0004e1c0e4f02382
dataset/algal_spot/image_0_395.jpg,0,algal_spot,256,256,5545,True,,19768d04a2680f041924455e70c26a494695668c7f20cc5896e078b16271aef5,3f76dc3860e1e2c2
dataset/helopeltis/image_0_1515.jpg,4,helopeltis,256,256,4589,True,,f75cde15e3b24250aa80a0a1a1be0bc9fa758d5f9483779976afe6bb853e45c2,3c66dd79e1c6fce8
dataset/gray_blight/image_0_3302.jpg,2,gray_blight,256,256,5953,True,,2b5769f989c75d6e6f7080be225145803ecf4045e0a364cb1644e3aaa704d2c1,314ebc74e8d1e3ce
dataset/brown_blight/20211226_001849.jpg,1,brown_blight,256,256,5995,True,,203e0246a5a2b33546564fd496c72bbcb30e1fdfd0b14bd51809a91a00459e99,0103e0d0f0700301
dataset/algal_spot/20211227_140226.jpg,0,algal_spot,256,256,5699,True,,4bb01f82aa6bf5c643e4e36ab1ecb1ca2baf7295842a24a0647e954c3f4a6692,0111f0e2e0718fc7
dataset/red_spot/image_0_2371.jpg,5,red_spot,256,256,4842,True,,a8ed41eb126dff71d81e20f9f9ec6f48228ae62d8e11a825ba20e47529d03035,00000e7efcc06000
dataset/algal_spot/image_0_3129.jpg,0,algal_spot,256,256,5358,True,,2627ffbebcb906c8f2c3db65e21a69a1dc535792d9e08408db10d0f9456ca601,00003878c0e02393
dataset/gray_blight/image_0_3530.jpg,2,gray_blight,256,256,6433,True,,1a2e557629812de3f3833a56b9313f1c3ee599e8c0bde4a724adf66f1e65dc91,f406e1c0e87801c0
dataset/healthy/20220101_090642.jpg,3,healthy,256,256,5367,True,,3b5a2ae4a6bf5fac390d56b3ac000b15e960cd25b936e04925307f6c005256c9,ffbf73e0dcd0f1bf
dataset/healthy/image_0_1491.jpg,3,healthy,256,256,5810,True,,704ce066613b83387ee8456cd6f584cdfa638b695c0d0e10a67b70ea89ce9aad,0000e0c0c2f03800
dataset/helopeltis/20220101_104939.jpg,4,helopeltis,256,256,5581,True,,343a6ff503bc3f45e74ae6c22428a969f5b34bf453052cc85c50aa311eac4715,fdffe8e8e0f8ffff
dataset/healthy/20220101_093514.jpg,3,healthy,256,256,5192,True,,9ae4b6c316be529aa3655f721b559f0d9ac6f8beda06bbfad62141c3dfe02ece,3f1b78ecccf073df
dataset/helopeltis/image_0_4011.jpg,4,helopeltis,256,256,6386,True,,9d681f6acc645a8f87bf951f5c4958bbbeb1c6fb52dc27ca216c4f82739c2dbb,000e7cf2dc90e060
dataset/healthy/20220101_093013.jpg,3,healthy,256,256,6275,True,,5e82db9bbd90b66d8f1fc5321f61a0e3b9e6ef94e4b5ee91ab26607d7226ffc4,c00671f0b6e0701f
dataset/healthy/20220101_093730.jpg,3,healthy,256,256,5341,True,,bc340f2b00ca064329d57684d632602fe66f48cab4ff96d648d1d150bb1381da,700f38f0c8c1c2c0
dataset/red_spot/image_0_1329.jpg,5,red_spot,256,256,5252,True,,8a0f236feb9d3b8ffa2af6a6b79c9a6d35781a4e6aae99cca0e3546af61b08e1,0008e2e060600000
dataset/brown_blight/image_0_5031.jpg,1,brown_blight,256,256,5867,True,,31a7961fa3b9f5a0b2a2673cc2f856e38ee79a29a78f61eedb0cac79f9ea61a3,000038f8f8e08618
dataset/healthy/image_0_3487.jpg,3,healthy,256,256,5195,True,,27112b85b073767712736d0626c8d2cd0b9b97835987be1cad44f63046af1c78,fefec3e1fcbefeff
dataset/helopeltis/image_0_72.jpg,4,helopeltis,256,256,4861,True,,09f8eb623d60969d4bd118f0b0486db2f37a2b11d36c55b0d7b68ec4a463c2ee,010008bc70e0c080
dataset/healthy/image_0_375.jpg,3,healthy,256,256,5723,True,,c656f200e1fd7a6811a40649ed827d6d57a6771fffbd84cf4606d46afdc37e07,0c3c70e4d8e0c000
dataset/algal_spot/20211227_153055.jpg,0,algal_spot,256,256,6419,True,,be87b3f7a29d0648d6bacc23c13709f750ce69573073ac625ce295f6cb4503e8,1e71e0ccc8e0620c
dataset/red_spot/image_0_1724.jpg,5,red_spot,256,256,5223,True,,d55fe815518933d2e038a3e72a7816e69ed656b0469d61c4726501e75f4d070e,06030e3871430100
dataset/red_spot/image_0_3056.jpg,5,red_spot,256,256,5285,True,,8f85f9eb68bd1098afa4f976863c49fc73f48f01925d15f314f4a2575121da57,b787b8f0e0f0e0fe
dataset/red_spot/image_0_647.jpg,5,red_spot,256,256,4957,True,,6ca2d78fc107a73afb9275a905ca9b5143e7aefe48a304c76a2c3444a08fa9ff,08e2e06c3c1c0303
dataset/healthy/image_0_3501.jpg,3,healthy,256,256,5033,True,,5fa03d056112fac91a895d9d29bd2ce84379d0f839abb7f8c080e071eca2dfc0,00b0b0f0f0f8f9f9
dataset/healthy/image_0_3169.jpg,3,healthy,256,256,4659,True,,eaf865c58371ea2357b4988971904c26bcbddbd8af4d043c3cfac075d8e29edf,0000e0f0fc780000
dataset/healthy/image_0_2291.jpg,3,healthy,256,256,4133,True,,75a00115e056c711184f8b5749d86ec5e54f6a099c9e2c923228ac50a1777765,0000f0f8f0000000
dataset/healthy/image_0_1224.jpg,3,healthy,256,256,4823,True,,9d43bd0a589748b0792f64aca4edbfa1f62a38480f7984024a17a23f1404ef0d,60f8f8f8e0c00000
dataset/gray_blight/image_0_182.jpg,2,gray_blight,256,256,5494,True,,424e2b8d805de708c9728e65267151c50154c0a182a81ba5bed4b084fe75ec6d,7f1fe3f1f4f479ff
dataset/algal_spot/image_0_127.jpg,0,algal_spot,256,256,5558,True,,5077dbde3265eac50ec0a0901859cb0f27d82010f2faa0f1930024c1a1a2e288,00003cfef8e12307
dataset/red_spot/image_0_1185.jpg,5,red_spot,256,256,5133,True,,4af3df01e400b3f47c082e19e49537bc27da601d597c2e115a4e1ec0db05480c,e0c6b9f8c4c4c260
dataset/brown_blight/image_0_9023.jpg,1,brown_blight,256,256,6958,True,,860a5715bbbb09e5350d248cb63940d305fb5f2443fc8e46f51f7f9c175e5378,f75c1c30f1c1c71f
dataset/algal_spot/20211227_154744.jpg,0,algal_spot,256,256,4819,True,,f096db2963187e382f7b9f12a6d42459546e95e87de95aaae0c3bd4c7cd21ba0,4f5e3c9ce0f0b382
dataset/gray_blight/image_0_4141.jpg,2,gray_blight,256,256,6132,True,,06904c574e9e2ae97ec76ab4e2ded8e1fb72493441441d50be0fa0de0bba2612,011c3c70e8c0c000
dataset/gray_blight/image_0_3663.jpg,2,gray_blight,256,256,5249,True,,a1290dbdb63ba888522e25ce4dafc578470445a8d7fb9586b400225949263bf7,000c78f2f0710e00
dataset/gray_blight/image_0_894.jpg,2,gray_blight,256,256,5169,True,,2895691252275cdd14eeb0ce62210b8b6e8b3f39128de8834b072b28d7088431,000083c3e178f8fd
dataset/red_spot/20211227_160437.jpg,5,red_spot,256,256,4721,True,,9f98627c2e3884a40db1bbc1f7ba5452d8aba3849ca9fa8229adb27626a57a0f,5edc79f0f0f070e0
dataset/red_spot/20220101_094744.jpg,5,red_spot,256,256,4616,True,,65a493507e45b23a9d7872acbbb71f909be00fb4df2e7ab07985175be784b3f5,34327260607232d4
dataset/healthy/20220101_085913.jpg,3,healthy,256,256,4985,True,,57b43b53b8385fbf40d78797c6d45ecf6ee2ed1af2c92274e2beae07c06076b7,efff71f0dcf871ff
dataset/algal_spot/20211226_103838.jpg,0,algal_spot,256,256,9108,True,,93adec19620d9a719e5e7f24635e52a1260194296a57c308f9aa2f4053b48a31,f08ef1f07efce127
dataset/red_spot/image_0_489.jpg,5,red_spot,256,256,5205,True,,35b29bc01b44b4acc18c2bf582ebb674233db3f320a251160734cdfba6093a69,30c4c2c1e0741800
dataset/helopeltis/image_0_660.jpg,4,helopeltis,256,256,3732,True,,e17a816b910c01691285f4825ea0d10e183c88ffd10ae8cd55c9f38c984f5b4b,0080e0f030000000
dataset/algal_spot/image_0_2321.jpg,0,algal_spot,256,256,5817,True,,83037542f33673e1a55e8cf2514cc38c2439ac61cc21d861ae17f73b52f34f29,0db874e4d9e1c71f
dataset/gray_blight/image_0_842.jpg,2,gray_blight,256,256,4553,True,,372cdef16337c4e2b1459d4e750c710a10e163a04865d817cf06e6a3f80b7138,674fb8f8e071dfff
dataset/helopeltis/image_0_501.jpg,4,helopeltis,256,256,5250,True,,7cde7c1d17672f50746f3499dceb57b0e4e825f5ac1cf056d8c199f88eab07e3,c0c0b8fcc8c10601
dataset/red_spot/image_0_1889.jpg,5,red_spot,256,256,5706,True,,c117a5a444a4b9b13e4817f874dc80ce065fcbe7ce91322a616aa2a1fd5e96ba,00000000b0e87008
dataset/algal_spot/20211227_154012.jpg,0,algal_spot,256,256,5543,True,,1f779489d21d06c57f1237ebade77c27a0fe900039e22936039f0795e7d1d3f6,b83ce0e0a0e0e0c8
dataset/helopeltis/20220101_103423.jpg,4,helopeltis,256,256,4172,True,,74cacf3af73dec2f1c5ff7fba09b836236b7d34d052035ce51621553e9d71f54,e0e0b0f0e0f12703
dataset/helopeltis/20220101_121446.jpg,4,helopeltis,256,256,5859,True,,eceb64ea48874dfed084da21f93db56f1184e84e28371b9ddc688a94645949a4,ffdda6ecd8f0e0ff
dataset/gray_blight/image_0_4185.jpg,2,gray_blight,256,256,5018,True,,c221555bf3d46c26aca3cf598b130fd29658e1a73db6df8f873df406adf9e039,bd8f30f4e0d1c0f8
dataset/helopeltis/image_0_928.jpg,4,helopeltis,256,256,5111,True,,dace0ef80b5b345490f0ca448e32a7a79c54aca28f92e46b4574b952e6542e50,fffffcf8c0e1670f
dataset/healthy/image_0_2638.jpg,3,healthy,256,256,4965,True,,90a19ead256f2fe74a65d8db70dd2f6f947bdb1a9996717f9a914977d0919b46,000670e0c4f0730c
dataset/gray_blight/image_0_4269.jpg,2,gray_blight,256,256,5779,True,,51fb0f1f25d17ee8d9d5ed56dbb8f4f743d23ae69cfe594f5a60a68c8ba2c91e,f63e87e1d8e4fafc
dataset/red_spot/image_0_2039.jpg,5,red_spot,256,256,5562,True,,eba7499c4491da2d3449abb05dc43bc1144b37197d6653dfdd0017ce8367c643,0671f8c464300200
dataset/brown_blight/image_0_7926.jpg,1,brown_blight,256,256,5880,True,,9e124d922deabe12261306f63ed4b351d4d62a10c899dd74414e22b05b6c3c06,f9f6de3af0c0f1f7
dataset/gray_blight/image_0_1768.jpg,2,gray_blight,256,256,4822,True,,cf8e74f07c186b9a45733830d37bcab65868c715b5c63dca1a5c429efe1f81b2,0000e0d8ec700000
dataset/helopeltis/image_0_483.jpg,4,helopeltis,256,256,6654,True,,2aa7480579325f23dd9fbf7d8826b8eccc0f41f072e1cfce6b3c2bc25209d58f,000e32f6fcfc3c00
dataset/gray_blight/image_0_923.jpg,2,gray_blight,256,256,5049,True,,958eea0fe9d518805824e0860eb9399e320c96e6dc8d9ec8ee985a2720bb8091,404078f0e4f1ff7c
dataset/red_spot/image_0_5.jpg,5,red_spot,256,256,5456,True,,c164b79a4875dcc797fb505a117634816be6af09b02da9af2c711c894edccc13,00e0f0f07018c0e0
dataset/brown_blight/image_0_4585.jpg,1,brown_blight,256,256,4888,True,,a67ec0a8a87c7ab680feb84a2ff01da7b62005507f8bcb7ea5309cafb542b254,7e7f1c3861c38303
dataset/algal_spot/20211227_152456.jpg,0,algal_spot,256,256,5337,True,,606a181c55c77a71be44d4a1fb4aa4d6edb1f1f4ce82e2ff21c44a1cd264b797,878fe4e6bcc0c38f
dataset/red_spot/20211227_160259.jpg,5,red_spot,256,256,4835,True,,9cc2d91687ead54c0d8a42aaa247e3d95452ceb5be230104920736a3341f78a0,383af8f0f0f00000
dataset/gray_blight/image_0_408.jpg,2,gray_blight,256,256,6292,True,,7ceadb75b2af3b9af8fc438705ebfa30245676afaa7611d56a0b5354451e286c,6fff71f0dcdcf4ff
dataset/red_spot/image_0_2944.jpg,5,red_spot,256,256,5215,True,,d90179afaffc408f67f9b004ec092ecec5324b1a7ac0b21edb7db8f75f77f104,181c60e0ccf07010
dataset/healthy/20220101_095004.jpg,3,healthy,256,256,4630,True,,f555b812e839d29fe58064f7fff57d2d15d72ea2ed3ae690bc696c890d9a701c,202460626272b0b0
dataset/brown_blight/20211226_002300.jpg,1,brown_blight,256,256,6255,True,,4522dfde3605a0973c3ce8d7075857bc47f9adc354da820de48ea37dc49453a3,0000083830600000
dataset/helopeltis/image_0_825.jpg,4,helopeltis,256,256,5380,True,,8c572d3d633603de758254b146cdbd8401f24a71605cdfb2b6a03f19c58ca18d,000030f0d8e86800
dataset/healthy/image_0_1382.jpg,3,healthy,256,256,6943,True,,3ce8ce0f3ff45be4204a44b7b450acecd0ab2ac6db4379ab6d4425c3cc73f128,001878f0c488c060
dataset/algal_spot/image_0_110.jpg,0,algal_spot,256,256,6023,True,,9342320f0bf420699def6179699130a0a8a40c5e602180d025fd32c5750fb446,000030f0e8f01000
dataset/brown_blight/image_0_9202.jpg,1,brown_blight,256,256,5156,True,,a17dd5e8225c63a82a143d15dace62433826fb34cb8f7b2c27b04775f4e7a5e2,030333e1e8700307
dataset/red_spot/20211227_160556.jpg,5,red_spot,256,256,5553,True,,e8a199aa4c998cb9ebd8b7bd8243ac6afddb9f656f69f9a27d209c7e82dea7fe,000ef1c094f0f9fd
dataset/brown_blight/image_0_3853.jpg,1,brown_blight,256,192,3839,True,,73fcf4d2a45599fc85e5bcb13ff3cb3919335bd552760820a129e8da087e28f6,1f1f0f3b3333670f
dataset/healthy/image_0_1647.jpg,3,healthy,256,256,4411,True,,f1dabc5692d75143f1ac491139ff3b8d912e1724a79cc896d3e387d69ffafbd4,00001cfcf8e16305
dataset/helopeltis/20220101_104543.jpg,4,helopeltis,256,256,5479,True,,dacb15be1bf971bdb8ad8a2f89f156e1811bc66294587f1c8ab459a96cfe21ce,f4d8d9dcf8feefff
dataset/helopeltis/image_0_1315.jpg,4,helopeltis,256,256,5203,True,,6a9356fd17a72a57d332dd327d2cf1061d68c6a162f8a66033444f86e07e5bab,00003074e0c08000
dataset/gray_blight/image_0_1648.jpg,2,gray_blight,256,256,5120,True,,5cf393a80b7617da3535105f1644ee961df67a6822f167a8e922d267f9f3e178,9f5fc6c2f0f9f9f9
dataset/gray_blight/image_0_2969.jpg,2,gray_blight,256,256,6255,True,,077848b4983263e90ac61d3b8bdf13040c8d86cd3e130dcce8daaa6543e69fa4,e79c78e3bce0e3bf
dataset/helopeltis/image_0_3627.jpg,4,helopeltis,256,256,5054,True,,ebcaca08fb4beaa60150461b4d8c9cd4e92ff04611da5e03ba6c30a7401061d4,ffdf73f0f0f0fbfd
dataset/healthy/image_0_2119.jpg,3,healthy,256,256,5307,True,,1430377c1d918d82398d26a43835a0d11a85e355693512da1d8169dcda8dc857,38ccc2d1e874bccc
dataset/red_spot/image_0_2530.jpg,5,red_spot,256,256,4653,True,,9cd5360a5c97f390df570daa6cfcdce10eb7e327cd060fa92ad92cb9d524b44b,1d9e71f0e0f0e4e0
dataset/brown_blight/image_0_6418.jpg,1,brown_blight,256,256,6027,True,,be1ed7574a2f5acdb47283df369effa5aeee7ffed4c8c646092eb4508827accc,0048c2a1f0f4fc4c
dataset/helopeltis/image_0_737.jpg,4,helopeltis,256,256,5987,True,,671534f6af38fda7b375291ad3dd143a45e16faed6bc318bdbda708fe4646043,d3f0b8ccdcd867f5
dataset/algal_spot/image_0_2132.jpg,0,algal_spot,256,256,5350,True,,4dce4734a47340c260d753c484f5e56d485dbaa04c03073b7936d2372075114c,00443870e8c0c000
dataset/helopeltis/20220101_093338.jpg,4,helopeltis,256,256,4581,True,,0e9398bcedfa2737f00854f0a922082b3c9ff1149bba07dcfaf88cdca8442242,f66f33f0cce0e7ff
dataset/brown_blight/image_0_4915.jpg,1,brown_blight,256,256,6473,True,,edd2eeac7b1533f20a65576a8b48033024f20d9dc48c4067a029fe860bb6cc56,00093872e0710000
dataset/red_spot/image_0_2702.jpg,5,red_spot,256,256,5241,True,,c4238f2fd84b141d6c7019a237fd01a125f7ea8c2c5952d16ff5114acd1e4c6a,7b7e3c7cf8e0c2f8
dataset/brown_blight/20211227_163740.jpg,1,brown_blight,256,256,4866,True,,fe8751ccd28b9c3355eb947cd2cc0a29fe3b0710fb5e3f2c6960cc438683ee12,340d76f6e478dafe
dataset/algal_spot/image_0_2106.jpg,0,algal_spot,256,256,4615,True,,bb9cd06783fe7cbffb9245bcaa2e379b1941d0a9d9dd84ba96b535aedb84013e,0000c1c0e0780200
dataset/red_spot/20211225_225232.jpg,5,red_spot,256,256,5347,True,,87fb5ce04aa2b854282a66879322adb5eb331d8915eaf83b2a7de8259ea8833d,010331e0c0f00301
dataset/brown_blight/image_0_7423.jpg,1,brown_blight,256,256,5025,True,,2171300914034ad490f22391313e2459cec3e7aa9ca2ea9fc454124783609f5a,01001078e1e0c400
dataset/gray_blight/image_0_2052.jpg,2,gray_blight,256,256,6327,True,,c085d88d84f53c41bee842f31501c856b28a38259ec949bb0cf67f5927064496,0000b0d8c0603230
dataset/brown_blight/20211227_164301.jpg,1,brown_blight,256,256,4653,True,,61866f9f558970ece165605e9f2cec1a413e322118c148aa49b08410bb095f31,7cfe33f0e8f0f8ff
dataset/brown_blight/image_0_6698.jpg,1,brown_blight,256,256,4941,True,,ef47227d417f0fd5089f57f5d47a01382ad3e25ff08f993f80deef6de5adf26d,2098c6c1603c0401
dataset/healthy/image_0_939.jpg,3,healthy,256,256,4637,True,,f3114c751857c41aa93a88803140907a38a24c95c49753d88e6cd62fb2e626b3,405c1a78f0e064e0
dataset/gray_blight/image_0_1507.jpg,2,gray_blight,256,256,5002,True,,f7bdfcd57e1df71f77856dc93df1a23eee5eca1080bca03d31672a87a18aaab2,00606070707c0c00
dataset/brown_blight/image_0_1093.jpg,1,brown_blight,256,256,7120,True,,286e5207745b3f22e9bf859eebd84aab8334540912acb52e76b92470af4f2e61,ffbcf4e898a11f7f
dataset/healthy/20220101_091355.jpg,3,healthy,256,256,4803,True,,63f6beff88ab368c7a2a72303d367dd988bf902dc1f6ea72579b6a7740878908,dfff1ff0cce873ff
dataset/algal_spot/image_0_1554.jpg,0,algal_spot,256,256,4897,True,,ae1cd3b97f10dbe1a98bad2ef72dbdcc7335d9e101db08a028afeea66154fb4e,602412f8e0830000
dataset/healthy/image_0_510.jpg,3,healthy,256,256,4861,True,,b30f33896db8607167e85431feac3a198fa67307dd4c2c86c2d56e5c01692e62,031e78e0c0800000
dataset/helopeltis/image_0_878.jpg,4,helopeltis,256,256,5603,True,,923703d26f2d98ad14f403f1a2f39edbb373ec1e6a49878a1d78b28468edbb84,7c7cf8f0f0f0e0e0
dataset/red_spot/image_0_2554.jpg,5,red_spot,256,256,4419,True,,0f14e1f2655cb1429673d092cd7760865e2221871eb2833f32d31c2c22de6157,fffffcf8f9f3f7ff
dataset/algal_spot/image_0_94.jpg,0,algal_spot,256,256,8898,True,,5343cf8c8e75eabfe027a53a460be746d35f3f5bb530b0e38fc91ae36e48832c,c79370e6c6c0c0f0
dataset/red_spot/20211225_224558.jpg,5,red_spot,256,256,5117,True,,733f1b8cba1d3a99ec5d64ab93eb7edab4edfa03326ba2ae8fd765c1989b8732,03033170c0600703
dataset/gray_blight/20211228_134928.jpg,2,gray_blight,256,256,5849,True,,cf9e744bc53d010207b198c9e4ad123508886df21401aecc34f0dfa18046f3bb,fcfef0e0f6f0f1ff
dataset/healthy/image_0_1627.jpg,3,healthy,256,256,5066,True,,8262b24a20437370febda91a896582bcbeb93fda16d18177397e033ea1dc133a,000002e0c8f83800
dataset/helopeltis/20220101_104239.jpg,4,helopeltis,256,256,4905,True,,8619953451a10e02527b83641ab041775f0d16671ff22dc15419f9fb6dab8956,0000e0c0f87cbcff
dataset/algal_spot/image_0_2780.jpg,0,algal_spot,256,256,6983,True,,305fc12d641ed565efbe32bd78a3c5080da451297508620b827b9539c658139c,cfc7e3d1c8643818
dataset/algal_spot/20211227_151823.jpg,0,algal_spot,256,256,5209,True,,762a5e7b35a1fd93a544067d17ddf5233bae3bbeb4a125424e2e0a14a4bae010,011efce0f039efff
dataset/healthy/20220101_090429.jpg,3,healthy,256,256,5574,True,,878f9421d248cbb92549956e3114748e3e2ddeb53adfab98c94f90f328d0d789,f4cee0f8fce0e39f
dataset/brown_blight/image_0_6989.jpg,1,brown_blight,256,256,4524,True,,59473f0fb6a103a16071672ce0675d4bd660bbf5b6c8e7fa0af4cff7934f62f3,2003b874e0c1c000
dataset/helopeltis/image_0_2877.jpg,4,helopeltis,256,256,5078,True,,ef88bf3c694baa37438154b226ff98eee91767f5902c6f83796ca6d3abcb5e92,ffcfbc78f0c1c73f
dataset/algal_spot/image_0_372.jpg,0,algal_spot,256,256,6744,True,,a531c43f94092248547a9afab85ce29df3edb2aa41324da55b96ade855de06b3,9d7ce0c4f8e346bc
dataset/brown_blight/image_0_7800.jpg,1,brown_blight,256,256,5385,True,,a5112b24fae94d6e2e9c8f350e646f5653c12c3f61581fb88459a1f876912a36,000078f0b8f803fe
dataset/brown_blight/image_0_1564.jpg,1,brown_blight,256,256,6226,True,,707af77403b33f0ae898a82a5eb65cb84e987b861c16b80221c45e532c381056,000239d8c4c2c000
dataset/healthy/image_0_1703.jpg,3,healthy,256,256,4788,True,,1363940180a8e3dd76f57e06b6fb577f9333a80c14b77d37e17db143a819c43e,0030ccc2f079b8f8
dataset/gray_blight/20211228_152913.jpg,2,gray_blight,256,256,5271,True,,ca64ca9f896d2d5479d7dba94fee8ab65a02358decc45d6b0e01226f53e35a8d,1b0ff0e0e4f01f27
dataset/healthy/20220101_091920.jpg,3,healthy,256,256,4784,True,,3b78d024e55688912d8bfff875eb1ae292bdf85de642edc23f02cebb2f28a79f,ee8f71f0dcf07bff
dataset/brown_blight/image_0_2612.jpg,1,brown_blight,256,192,3098,True,,d8df52e3ef967f3124effa511d1d32d32949d036b9b688f9ca49dc09728b9c3a,000000f0e0780000
dataset/red_spot/image_0_187.jpg,5,red_spot,256,256,4492,True,,7c82e0056ae1a9da62f025f2c1d2173a5dc5913d9fa67d3eaf2e7069c03aab1e,7fbf4f6773397fff
dataset/gray_blight/20211228_131006.jpg,2,gray_blight,256,256,5187,True,,e1335503a623b6f88cc0ec8dec5c73f3b04cacecb0843dcd3b9e1598a6d49082,7f9f73f0f8f1ffff
dataset/red_spot/image_0_173.jpg,5,red_spot,256,256,5313,True,,9199d84b812b84063c254946c504df64f78d37ba9ea11d0f45e888dc916914ca,3cc7c1d8ee7c0c80
dataset/red_spot/image_0_958.jpg,5,red_spot,256,256,5900,True,,fc09124729b320151f70bae2c6fe131248bb9f868edf0a1283a776b270581db8,0000e0e0d0e0708b
dataset/helopeltis/20220101_121454.jpg,4,helopeltis,256,256,5489,True,,a65e510359d389f8eef96ef0dde667a1d66cebeaff46c1e2cc527edd97cb3e1e,7f7f7f98b8fcf0f3
dataset/red_spot/image_0_1409.jpg,5,red_spot,256,256,5790,True,,b33656d7907729b1f251199b72f9956ff1a0fb2a6564f5a6a6969dd8a7b345f8,6c1f83a0f0fc3cf3
dataset/red_spot/20211227_155519.jpg,5,red_spot,256,256,5616,True,,f0ab8b34bcff7fd3c30d1188eb6ca27e3c9530273314922ba6015b09159ee7ef,f0f6f8f8eef4e030
dataset/healthy/image_0_2279.jpg,3,healthy,256,256,4898,True,,5071be60f02b5659577b8576fa6fd4be8450d8e1108aeff8ee05f82192e998f2,000070f080e02000
dataset/gray_blight/image_0_417.jpg,2,gray_blight,256,256,5584,True,,e6be44a8a4e62518f9c026bcc8ec6bfab0440991d8925ca6af4deb4bb0279877,349b746ce0e0f3ff
dataset/gray_blight/20211227_114609.jpg,2,gray_blight,256,256,5946,True,,31689e966e7a727ef197499770465af6040393907c66997d7a2019dca7c36f69,17ef73f0dce8f0ff
dataset/healthy/20220101_090626.jpg,3,healthy,256,256,4876,True,,d58f89b2f4656eb8461837993931d26be34c3056ed08c644e5ffa6835f025db2,ffdf71f0d4f07fff
dataset/brown_blight/20211225_232938.jpg,1,brown_blight,256,256,5345,True,,9ac216d96aeb5fcdeb50753a124188d526fee90c43027d26716abeb162f93678,030141e0e4680303
dataset/healthy/image_0_1953.jpg,3,healthy,256,256,4780,True,,fc1fc55afa8aed11e68574a8dfb498be83bbe8fd2e406017f5f46322904047a0,0000c0d0f0780000
dataset/gray_blight/image_0_4187.jpg,2,gray_blight,256,256,5163,True,,d34c091ca7eeefbe1388823d7a20fddb13381f22a652b930b53218e6483f9742,00043c74e0c00080
dataset/algal_spot/image_0_1612.jpg,0,algal_spot,256,256,5522,True,,cce32b25318a798cf4990d13f90d0c5617509cad239c1b358b799a59772af7ef,207983a1c8f8f8e0
dataset/helopeltis/20220101_102303.jpg,4,helopeltis,256,256,5313,True,,027112af92cfb739133fa4c93684c8745b8314c846c00481331ae41fe9f64e63,000039f8d8c0c000
dataset/gray_blight/image_0_442.jpg,2,gray_blight,256,256,5888,True,,3fbdda0b89ce5e30ce5aacd4b977e555f8fa27cdc0a6d9ce31b1eb47fcb3a6cc,0000e0f0e2700010
dataset/healthy/image_0_1210.jpg,3,healthy,256,256,5114,True,,affab202bbc51b6a731544eac0153915c2efc20689191e601a0d56eb50f05e0a,000e1c7860e0c0c0
dataset/gray_blight/20211228_154826.jpg,2,gray_blight,256,256,5053,True,,0de58a3fde5b60a18d0845a7f20e61bd4719973e6afef2e6a35fc090b845f675,ef1bf8eaf8f8bfbf
dataset/gray_blight/image_0_1148.jpg,2,gray_blight,256,256,4208,True,,5df93cdb3ff34ec1be87852e5cc83cf7885d74b8daa2edee7538e183ae8d510b,7d3fe3f1791b0f9f
dataset/gray_blight/image_0_56.jpg,2,gray_blight,256,256,4230,True,,a47a8ffe9a61b2eee5eae02b6eda01136a970d1b2f71eb0787df246b7b73091f,fa9cf0f8789b4777
dataset/red_spot/image_0_2795.jpg,5,red_spot,256,256,4591,True,,0c6f0491125c4ae46348f9a12ba7deae577306b3724bcb127dc598ae806b80d1,ff78ccc2f07c7cf8
dataset/red_spot/image_0_2570.jpg,5,red_spot,256,256,5496,True,,0bfa928520ac57b35462981a980446b37abf2ad877b4b313927d44f885739277,feff3d7879c3cfbf
dataset/gray_blight/image_0_1740.jpg,2,gray_blight,256,256,4836,True,,ab59b38855eb4853c1dea1b309e1b1d98bb81e2f1429f6b317630cf023d41572,3bf7ce3cf0c18e7c
dataset/algal_spot/image_0_133.jpg,0,algal_spot,256,256,5537,True,,ad63d19dd98fc9639b724d58090a6e8db4247c204b9a89a1f595382e47841c5d,ffffe2e1f8fefefe
dataset/red_spot/image_0_1249.jpg,5,red_spot,256,256,6569,True,,1d16cb842ddd9f9ffb79c9aa981590c80569475db3e3fb78073df7c123024099,fdfc7efc9cd1c31f
dataset/gray_blight/image_0_3750.jpg,2,gray_blight,256,256,6146,True,,a7c07f2668897144fbd3aebb724480846a16588d330eb279c104a00fdcd09d8d,0080c0d0d8f43818
dataset/algal_spot/20211227_151921.jpg,0,algal_spot,256,256,5082,True,,badc1745130c184de8730fc453ad12124fe2de12807a748ed5a79c7b3e95c6b2,ffbff0dce8f8ffff
dataset/helopeltis/20220101_094222.jpg,4,helopeltis,256,256,5438,True,,69e4941107af1a5e25c64175ce6284507c15fb63b07c1f3d12768898b42c3f64,6462716970b9b9f9
dataset/red_spot/image_0_3225.jpg,5,red_spot,256,256,6278,True,,4276a403f6762dbefc6835e53615ac359f36cafccc0aa6819074e4a6bec98b4d,030c38f0ccd04000
dataset/gray_blight/20211227_162914.jpg,2,gray_blight,256,256,4701,True,,d58005c9059a5adafefdaee7f87dad602c97a9f117f4ec13607af93f8faa3534,e90ff0e0f0e1ffff
dataset/red_spot/image_0_1206.jpg,5,red_spot,256,256,6175,True,,d7ec363bccde370b2cbb791ed87e5d825261b1504bd7516bcc16f6be798ac0da,00003878eebae070
dataset/helopeltis/image_0_4054.jpg,4,helopeltis,256,256,4898,True,,4d38aa8d869cca5f1e905964b6e1b8f82f67599044f71d591aaa0e3d518408b6,02031838f0f0c0c0
dataset/red_spot/image_0_1796.jpg,5,red_spot,256,256,3794,True,,35f47b61fffe761264f6e34bb59a8a8818f94269d3f55e87ebac6417002f3a87,000000e0e06c0000
dataset/algal_spot/20211227_153524.jpg,0,algal_spot,256,256,5408,True,,7381091a3f3fc52857b7aaba3834c120f7eb287dd4a42b5616564ad31e3a69be,4e39f8ccf0f0f6e5
dataset/red_spot/20220101_095028.jpg,5,red_spot,256,256,5431,True,,ee3dd8c80176f1c7cbde8cf9acc32b8cabe821b284a9cccdafb7c66c8fe94a7c,0004e1f09ce0e2fc
dataset/healthy/image_0_342.jpg,3,healthy,256,256,4778,True,,50fcf87f25374f0d4c19c5c320ac4f04c964e97a04bff21092d2e014c663ea0d,000078f0f0f06000
dataset/algal_spot/20211227_140046.jpg,0,algal_spot,256,256,5983,True,,378c568f4349142b43ccbf09b602c1ed351ca1bbead69f8f629fd55f7503d1ed,c18ff0f8f8e107ef
dataset/brown_blight/image_0_5998.jpg,1,brown_blight,256,256,4655,True,,260169a2af00a65970ecdf3edf6a368f3abed985fe732d909fc138bf824f50ea,040770e8c082ccfc
dataset/gray_blight/image_0_2486.jpg,2,gray_blight,256,256,5604,True,,043d293c70286f351ff7d80d884a082e715cde6638a765e027677478d929229b,1f0f7cf8f8e07fff
dataset/healthy/image_0_1568.jpg,3,healthy,256,256,5208,True,,bb7822560476458f85389a58d496568998ecfb770eacbcb5e95f34e54b740cd8,001c7ce8f0c0c000
dataset/red_spot/20211227_161312.jpg,5,red_spot,256,256,5007,True,,b71588f11c90a346d549c338b741574ba145ccb7ca7f22392df173d8af857395,70982bd8f8b0b05f
dataset/red_spot/image_0_1533.jpg,5,red_spot,256,256,5966,True,,a6a2b1775d5256e173d9979ac3a329e2f64cd05cb077b9a85586e5754c31efb2,b0f8f8f8f1f06264
dataset/helopeltis/image_0_4347.jpg,4,helopeltis,256,256,5758,True,,d36b442f64cb9a6e6fc427ebb418c68153fd11c02a1eaa30433d39d92fb216ff,00001c7cf4e0c060
dataset/red_spot/20211228_120527.jpg,5,red_spot,256,256,4968,True,,2f32e53cd58e7c48f919f0ce76961bb75cfd6a6d7926690895e97ef8ff3efd9a,fff0f0f4f0ffffff
dataset/gray_blight/image_0_4059.jpg,2,gray_blight,256,256,5528,True,,d3e1dbe16be982b617f2c18ddcb67135f19609f675d89a5a6c151f808dfc1767,00e0e0787c380903
dataset/healthy/image_0_1005.jpg,3,healthy,256,256,4746,True,,71c4e6798f8ac2fb69b582f80c2da7102bb32812470fe174c8b2be12c32fc53b,000000f0f8fc3c00
dataset/helopeltis/image_0_2423.jpg,4,helopeltis,256,256,4901,True,,1201915e9612de84da932c60fbf793f90a187608f98708880b32c63a776aa4e7,7ff3f3f1f9f1e2ee
dataset/red_spot/image_0_3160.jpg,5,red_spot,256,256,5326,True,,23a74e9f6af7d7bfa8aa8ea171176d6f22290a7023d13a40c1de510cd6d2df71,8977e08cf8f3ffff
dataset/red_spot/20211227_160713.jpg,5,red_spot,256,256,4781,True,,c9afb6f8038108d932cdb55588e99476e25fbaa13ebb9c8d573e703cf084d47a,860e38f0dcf0b8f9
dataset/gray_blight/image_0_2633.jpg,2,gray_blight,256,256,5454,True,,b8fafd0af7d587fa0d47aeb28895f91bccfdc8b8b1766dbb2d2c3fe62ff6c31a,f79c7cecd8e1e7d7
dataset/red_spot/20211228_125857.jpg,5,red_spot,256,256,5003,True,,d3e43e6703295bcee19a9c2372a1452978072dac5340bad1602867be8cdfd8cc,7f8f38f8f8f1f9ff
dataset/helopeltis/image_0_3291.jpg,4,helopeltis,256,256,6528,True,,e240b7c5ee56f2969b9260eb0f22c8f13d547017bad5bc1fd43d6dbef3836d6a,0060fcebf0fccc40
dataset/helopeltis/image_0_1146.jpg,4,helopeltis,256,256,5349,True,,8b36408e3340a7cd521d1cf3b5ab0db6bd0435a830f9c3c9b1c6fd3606698fda,043c7078e0c0c000
dataset/algal_spot/image_0_1652.jpg,0,algal_spot,256,256,5200,True,,835dad4e4110731565bf9594f46e6e9ccc84892054dc34646fec66f357ac58fe,df6f1f3e70c1877f
dataset/gray_blight/image_0_3230.jpg,2,gray_blight,256,256,4829,True,,1812fde8f4194a0be66f5d7fb77c96eddf2647267581e3ddce4196dba57f04c8,2d3978d8e166fbf1
dataset/algal_spot/image_0_1483.jpg,0,algal_spot,256,256,4979,True,,e05f8bb53935c8a9d5b342d75afd66d9422ff7661b2fa5d7524d0ad0c81d220e,01031c3c60e1c080
dataset/helopeltis/image_0_2725.jpg,4,helopeltis,256,256,4919,True,,91a8004a0a7c180905576281b2b9ff47f727872cd7e4500a8f326b62eafd48c0,7f3fcfe1783c47fe
dataset/algal_spot/image_0_2811.jpg,0,algal_spot,256,256,6660,True,,0a32984ee063cd9193f582186c0d9c2c2322f1a3f8bf5ad3b94efc99d2580c99,e173e1d0e47898e6
dataset/algal_spot/image_0_412.jpg,0,algal_spot,256,256,5266,True,,ccf3ae33023dbd9d26778743d1803542076dc2f12a561492703bfa689ee79f8d,c046d1f8f878afef
dataset/brown_blight/image_0_6679.jpg,1,brown_blight,256,256,5731,True,,8c012ffb64fe90d64f34b4113ee2019d5ca4189832e3ad937a5a1a80da5643ce,0000e3c0e0300000
dataset/red_spot/image_0_2000.jpg,5,red_spot,256,256,5431,True,,a538bb03ddf2a59489927089dcadd865f4d3470be7e8a8a84f4d084b9f9b146f,9e61f0f8f0701b6f
dataset/gray_blight/20211228_133523.jpg,2,gray_blight,256,256,4669,True,,26d692dbd88095ec222861508d92c1a7a9bbffcf56068fa2953dcb5124ffedcd,e493f0ecd0f07870
dataset/healthy/image_0_1066.jpg,3,healthy,256,256,5012,True,,0a817f087bc11e73101b916789f67101075538ba32bfecf63f77ee90a66bea2f,fafefcf8f1e3ee7d
dataset/algal_spot/image_0_3631.jpg,0,algal_spot,256,256,5011,True,,fd6e3c0684808e2be9a4986ec85e18439b4b10ca3936a55be68c4f65f5637b4d,39f1e9d1e2e4dcfc
dataset/helopeltis/image_0_1417.jpg,4,helopeltis,256,256,4649,True,,2f1f06a8f9d3c35e00783093f7f17597ec6c1c51c84967ba3c3e35ce39529055,00003870e2c04000
dataset/red_spot/20211225_223733.jpg,5,red_spot,256,256,4655,True,,9dc9f18662970ab1b7f5aa8d5d33c1bedb9506b7dc24393bb5c5f68400d1b6a6,03030370e0710703
dataset/helopeltis/image_0_906.jpg,4,helopeltis,256,256,5642,True,,6311b0bf5e96e9ace098b8de832a105bbc2949ff556260444c453b1b0625ccb4,000004c2e0f81c03
dataset/healthy/image_0_746.jpg,3,healthy,256,256,4532,True,,8696ad04578ceed349928bfbbb5242ac0d9cfb490f55c72eaccedd97bef2deab,000060e0d0f07010
dataset/helopeltis/image_0_3755.jpg,4,helopeltis,256,256,4932,True,,b97d2497f101ae23dfc1b036ba84aaf27e2c7a9dbe2dc5fa9d614b89edc3abf3,0002183878e1600c
dataset/healthy/image_0_975.jpg,3,healthy,256,256,4632,True,,2610860469097dcd64ba7e184da54ad57f8d65b7c261d5e04d9bd96aeaad319f,00c0c0e0f0703804
dataset/red_spot/image_0_1599.jpg,5,red_spot,256,256,4634,True,,dc268dc27684b8cca0c6b54c8c9cf6b26abcdaf304842126b61ac00d1eb901cc,0001c0c0e0700000
dataset/healthy/20220101_094906.jpg,3,healthy,256,256,5059,True,,fa6636f2a6946c0af5dcd963e9b6c14dbaeb0058e235c46b1f3db7533ad67a75,4031f0d8f0629c7c
dataset/algal_spot/image_0_3847.jpg,0,algal_spot,256,256,7498,True,,77fffcb18f4e9c4d2adb3479545ac2722ec16df4bfdf6882edbf1070652dcfa7,c41fe1c086e27801
dataset/gray_blight/image_0_2988.jpg,2,gray_blight,256,256,7404,True,,b63009b77932cd01c94da2f3ff8bff98c7635a69d03596a17d4e49a6d9076338,01187ce6c0c00001
dataset/brown_blight/image_0_7705.jpg,1,brown_blight,256,256,5495,True,,108f8c15ea941ca85804d84795e3fe51fbc63ebb0098c2f45b751e48812c3b58,03031370cc8a0101
dataset/red_spot/20211227_160024.jpg,5,red_spot,256,256,5128,True,,35291efcd446ff4b52d2cd96abf4c5a487ab056a0a3273b1309dc63b172d5757,c898e1e898e06100
dataset/brown_blight/image_0_9924.jpg,1,brown_blight,256,256,4083,True,,17bdd48688c209963f3f3e09ad02ebe37cc8d67c64c98f6b251055d335743ceb,4000406031180000
dataset/helopeltis/image_0_561.jpg,4,helopeltis,256,256,4400,True,,b08d25fe49767b7cc3cc75ea635561c6b0116c1479b2e84c232150805e586881,0000307060e0c020
dataset/gray_blight/image_0_1940.jpg,2,gray_blight,256,256,5337,True,,76a7cb237dad3aa1bc32918c63220b85067b4f741427912d34976b7a9d04c110,000018f0f0f8e000
dataset/gray_blight/image_0_849.jpg,2,gray_blight,256,256,5989,True,,b75c9a76bf8b1a216a446d6837b76cce816796f934c192bf1eb57261e492eb95,001c3c64e8f0e0c0
dataset/red_spot/image_0_412.jpg,5,red_spot,256,256,4680,True,,f8be8f036a7c4a8ba8e3c401e9aea8a7791979b7e6b0dab46276be24cec8c349,010b67f1ccf03100
dataset/helopeltis/image_0_2067.jpg,4,helopeltis,256,256,5615,True,,e085bbf44934e81aa2ac65e9979771451d2015fe842c97dbfbe44b99956ecbd3,ffacdcf8b8f0e36f
dataset/red_spot/image_0_2550.jpg,5,red_spot,256,256,4993,True,,078c44730edc6833b576eb0475dc795c2051d3b383206ec2e3564bd45725645e,0678f8ccf0120000
dataset/brown_blight/20211225_232815.jpg,1,brown_blight,256,256,4607,True,,5ed58f7b618e611ac9a87af6b081e3c077150572b5c71a0ad5e3109a54930dc1,030303f0f4310303
dataset/healthy/20220101_104119.jpg,3,healthy,256,256,4931,True,,4175a4352efb4a7c5a9d69ed9302ec2aa7b517121dae9bf6f7e4b90ca195c5fd,f0f0f0f8f8b0b210
dataset/brown_blight/image_0_4192.jpg,1,brown_blight,256,256,5394,True,,98a0f7f884ad5a0aff0437f4c25578bb36ddebfb837d9896a89aef5775781430,000038fcc0c00400
dataset/gray_blight/image_0_733.jpg,2,gray_blight,256,256,5647,True,,431d3b84202d652bf267ee1cfb85f01e31831b95fde1d0ea69d7ccb853e5f6b8,000030f8d0e0300f
dataset/algal_spot/image_0_3482.jpg,0,algal_spot,256,256,6458,True,,ebf6173d83f0ffeb78ff77f1f427d5b5bd10e94fec316a2744935c4e0858f38d,46c1e0d4e0300000
dataset/gray_blight/20211228_140543.jpg,2,gray_blight,256,256,4458,True,,b994df0af99c9c534f1da2bfd6889534ffc62024a480ae6bc22a8f39b96fcecd,000000f0f8e0e000
dataset/gray_blight/20211228_140812.jpg,2,gray_blight,256,256,5356,True,,1ae644b3404cebaaed8eae43db00df877689a97aff46a7614aa9da4bc238b293,0000e0c0c0e02000
dataset/helopeltis/image_0_2888.jpg,4,helopeltis,256,256,4804,True,,a72cffe24f9c1aae70470ee787622836e21e24495a2a8c276d96da2885eef68c,be9ee2e1e1e6ffff
dataset/red_spot/image_0_2759.jpg,5,red_spot,256,256,6445,True,,0375b9c3d4f51f8c32fb9f87244a57a1489cd82e5f157384c2a0ee828cc3d859,80c0c0e0e0fcfcde
dataset/healthy/image_0_1333.jpg,3,healthy,256,256,5013,True,,5900693558e17030dca821f27545a5edea7df40292dffe4ac49b5c8c767c138c,000080c2f1793808
dataset/healthy/image_0_1487.jpg,3,healthy,256,256,4805,True,,ac79e269d045af70f888fb17398cb16f07ba0fd56a6f0dc96cc15dff0dc661e7,ffff39f8fce0737f
dataset/brown_blight/20211228_154323.jpg,1,brown_blight,256,256,4871,True,,b3e5f941efcd55c32fa155738d168e92adc66dad8c5942dcaff7b35c9f54cfc1,5d8f71f8dcf878bf
dataset/gray_blight/20211228_135747.jpg,2,gray_blight,256,256,6092,True,,a29a78a409872971b90fed02af8cc959487885bab25db1cf27f364e208a27978,0000e0a4f0f00e04
dataset/red_spot/image_0_1187.jpg,5,red_spot,256,256,5436,True,,86be2cf7aef0963bff057688f5282c429150d29dd4fb37e11e6a5383d0b13827,fcfef8fcdc9cf171
dataset/red_spot/image_0_219.jpg,5,red_spot,256,256,4738,True,,db7ae9fcf0df2d7b91db2a948f2c074a0ee8bb728d24f6de99768554f00861d1,001e78e080c008f8
dataset/brown_blight/image_0_7715.jpg,1,brown_blight,256,256,5565,True,,6b2c05eef6886adaba76a227692901110ea6ebf48f9fc32ece77ede9efa811f9,003a7cecf0e06000
dataset/helopeltis/20220101_101539.jpg,4,helopeltis,256,256,5544,True,,e1969be424b35618b48180de281f833606719161e2a963efea588bb504b64b1d,a19ebc74e8e1c38d
dataset/red_spot/20211227_155715.jpg,5,red_spot,256,256,5057,True,,0ecee615b7fb668f6a3c01b479cd8455ab3f919aea6dc850b1b58f2f0bb8eea3,0c0ef0f8c8f0e0c0
dataset/helopeltis/20220101_104917.jpg,4,helopeltis,256,256,5473,True,,361bed3f960ccf1f52e8e5a38f51b81d386424c36300c17cbc060e653edf2bc0,f3f7f1f8dedeffff
dataset/brown_blight/image_0_1145.jpg,1,brown_blight,256,256,4700,True,,eebe4003e40507ca09dfac79bdef96f217ef6ee81e899afd0cfdffab6e625e76,7fff3fc4ecf09303
dataset/red_spot/image_0_2516.jpg,5,red_spot,256,256,5924,True,,6eb39a526d294c3e54a902cfcedee9a25e10373e043707d5094ae887c22a4632,00f0f8fc7c3c0c02
dataset/gray_blight/image_0_929.jpg,2,gray_blight,256,256,6193,True,,aac657a1bbd06822378a1577f1e03d0a706afa458d69580010947cc52f667ab7,00c0c0c8c8f0381c
dataset/healthy/image_0_3121.jpg,3,healthy,256,256,4591,True,,8158544fad7baff03d2a0b0e22fdfd1a5a80a07e3ea09468a67f5b6090482ffd,00103070f0e0c000
dataset/helopeltis/image_0_1910.jpg,4,helopeltis,256,256,5374,True,,64e6feef237f85c994eb12f1975de10ebb11e4a68a0413b764186bfcfa21fcc7,020378f8d0e00000
dataset/helopeltis/image_0_3682.jpg,4,helopeltis,256,256,5185,True,,c5988d85d302974d0c60710079ee259bbeee5a1de1d7e4a43554ce6e11534829,0000e0c0b0c08000
dataset/red_spot/20211227_155602.jpg,5,red_spot,256,256,4792,True,,ebe364450ddf2356cf4251f120e748937fd302cccd3b80b5a7c5386f5bad33df,78fcf0f0c0f0f080
dataset/red_spot/image_0_1128.jpg,5,red_spot,256,256,5090,True,,550a62941198bc3ff8f1f28a391b1e54973ebf094180cbcf281ef3892064b284,000070f0ccf07000
dataset/healthy/image_0_1704.jpg,3,healthy,256,256,4677,True,,6054b48b33f7d239554387d771ff3d2b4bd7ccadf65eeb81ca2c9b512e15b197,01061c387161e2c4
dataset/helopeltis/image_0_1934.jpg,4,helopeltis,256,256,4231,True,,8efdd8b098c3ed52ed1a0e947aa89bd9a2063981bb1cf680b4228f870eca0a05,0020606070380800
dataset/gray_blight/20220101_122132.jpg,2,gray_blight,256,256,4889,True,,6480238d55dcbdbf8a77ce88710efe9e5b1a951d07c35f48cebfb7fab1c1578e,ffff9fe1e8cceeff
dataset/healthy/20220101_092920.jpg,3,healthy,256,256,5017,True,,ac04ed2dfde166ca52ddde3cc8d4334dc57cdb2db76a7d59c246aec40c03d226,fcde39f8fcf0310f
dataset/healthy/image_0_1633.jpg,3,healthy,256,256,4149,True,,c60608707fd294908053e3d64f2d4f8859b89bd27986f8690e3bc5441934cb0d,00000070f8c8f000
dataset/helopeltis/image_0_3196.jpg,4,helopeltis,256,256,4946,True,,de20508a4d49a715a3f7464ca792d45c9d81a6e4024c24405c50bfda8cd1236a,0004937ae0c0c020
dataset/red_spot/20211227_163331.jpg,5,red_spot,256,256,4405,True,,4da241045beaec343ef687a506870bd3047a1e6503d9c0616797d474eb5a08e5,fb9f71f0d8f0f0ff
dataset/healthy/image_0_49.jpg,3,healthy,256,256,4855,True,,fd8c14bde520188cc165f81dc45914315d56a32ed1ff3c870c8dbd71b6ff02bf,000002e0c0e08000
dataset/gray_blight/image_0_2533.jpg,2,gray_blight,256,256,6304,True,,90bdbefd3c7d2337f293fc9390e535db491047bb3525e7dffd03607156c395b9,8000f0f892f0f000
dataset/red_spot/image_0_2025.jpg,5,red_spot,256,256,5285,True,,efe8d04980dd3d20d9464ee5e052ec2651fddb78e20cabc172eb521fcbc32dfa,bfe7de78f0e1e7ff
dataset/red_spot/image_0_2438.jpg,5,red_spot,256,256,5110,True,,ff7104f62a10215570d84c6b01fd2193b6dd27b0a03926d8f34096309eca0c31,0066e188c4f0f000
dataset/red_spot/image_0_382.jpg,5,red_spot,256,256,5702,True,,f9ab1e94903ef931248207b757ba2405a3656550f8b9c2b558fc3bfac1c02ee3,010f7bf6c48c8bf6
dataset/algal_spot/image_0_1689.jpg,0,algal_spot,256,256,5331,True,,19cbb618049d2aa2c331635eac070a70a1ce74aa06c7b25f767a5ab21a6a7811,000339f8d8f00000
dataset/helopeltis/image_0_1762.jpg,4,helopeltis,256,256,4762,True,,c9773c289bf3a0d5e63892c652e5df48a3b34ea3dd7c22da71f76bc108df679a,fffe7cb8b1e3ffff
dataset/algal_spot/20211226_101342.jpg,0,algal_spot,256,256,6334,True,,0dcaf08d0578434ca1115a2f9a06dd09b40c19301e10b813a1aebe979525ca0a,0007f0ccdcf07117
dataset/algal_spot/image_0_3766.jpg,0,algal_spot,256,256,6379,True,,131fed397f88387550ebee7d1b88cd7d9ea8f173e960a17f9ced47bd98422382,0778f0c0e0e10e04
dataset/healthy/image_0_3687.jpg,3,healthy,256,256,4863,True,,5d337136ee769263a0de7617e8ede86c412af2f6315f84666afbfe3334501cac,00307070743c0c00
dataset/healthy/20220101_093432.jpg,3,healthy,256,256,5710,True,,ac17ed575957a5914528c6bcf7385294b44e94f5abe3f3ae8e90c2053a5eb965,d836f1c8ace8f1bf
dataset/helopeltis/image_0_1676.jpg,4,helopeltis,256,256,4692,True,,e8da6b75984d4eafe6e075ed2b81f516fc2cd0d14c3a8c594c763cd7688b75f3,18646466323958ee
dataset/brown_blight/20211227_163133.jpg,1,brown_blight,256,256,4483,True,,9894ac6d87524889a10b43781592550a7efbe0207f6101fba759d04a761b7afd,341ee3e2f838efff
dataset/red_spot/20220101_095917.jpg,5,red_spot,256,256,4900,True,,4a5e4ed92a25d9153364b0c400b090c3a83e0acbaad60ae803cffd84e154b08f,001978e4f8f1f2fc
dataset/helopeltis/image_0_430.jpg,4,helopeltis,256,256,5045,True,,0ae9225a7ad2a5e7503258c60398d0d7d6a145fe24128d51f18913922a7a125c,00001070e0c08000
dataset/red_spot/20211227_162121.jpg,5,red_spot,256,256,4671,True,,26012447e660ef4c81730ea24f0fbd2dda4b72651f1ea8d8ad028bb7176f18ef,e0c6b8f8e486c5fe
dataset/brown_blight/20211226_000350.jpg,1,brown_blight,256,256,5046,True,,7cd602606ec33c59d8fd09aacb9e7f734b848d03ed6500bc70e57a2795765bb7,010121e0f4320103
dataset/red_spot/image_0_2218.jpg,5,red_spot,256,256,6607,True,,2d4a8c5d69b0f29cf3ceb34524e0843b7a7bef474b9c8e84a2a68db49cbb9dff,9873e0c0c6fc7001
dataset/red_spot/20211227_162153.jpg,5,red_spot,256,256,4937,True,,71a17fbe1f4af1fc4d0fd0bf50588243381d3ef3808d9d97491f787f2de0acee,7c63e8ecc0e1fefe
dataset/gray_blight/20220101_115301.jpg,2,gray_blight,256,256,5443,True,,842646369bf142c7998080276524340a727616960cee0e80be2f8090b1945334,e77978ecc9f3feff
dataset/red_spot/image_0_3093.jpg,5,red_spot,256,256,5346,True,,672eee449d38d5e8aa141c9182cf5c0be2d82342f45d9ee4280408e20e4e8750,000eb0c8f2780800
dataset/red_spot/20211228_115731.jpg,5,red_spot,256,256,5607,True,,cd9722cd51ee359565fb740bc962bb9d287e7147542be5f5c0d3ef9548d19112,ff7bf8fcf8f0e2c0
dataset/gray_blight/image_0_424.jpg,2,gray_blight,256,256,4640,True,,145a8e2dd55ea52892534744bceb0fb34673d07c889f68c1d223933efc95ebb6,03036ce8c1c28000
dataset/healthy/20220101_101839.jpg,3,healthy,256,256,5086,True,,c99a225b7cc462f7a7f553f50086ce9d7c620e7799adf5aee49d8c24ac0765b8,0082f0ece8f00600
dataset/gray_blight/image_0_1678.jpg,2,gray_blight,256,256,5262,True,,1d14e4fc52828e9dbad90dbbcc45fcb14b9a19feada7b90fb1c3d986b60b0da3,000060e0e0e07000
dataset/gray_blight/image_0_2827.jpg,2,gray_blight,256,256,6550,True,,1514a442eb55a1dcc242705c827c9eaaf219fbe4041d705a44d4c28004c2cfa6,f0f8b6e1d8d2faf8
dataset/red_spot/20211225_224418.jpg,5,red_spot,256,256,4521,True,,a6d95424af953eb8f5b3033c6da95be145a5fbee3d73f090a5062f5af50a96a0,010133f0e0230703
dataset/healthy/image_0_2727.jpg,3,healthy,256,256,5139,True,,c434eddba84be34a9724cce81e9b29fdc58c7db5bf5c2cb7b03d7414d35ead5f,f1fd70f0ec78395f
dataset/brown_blight/20211225_234829.jpg,1,brown_blight,256,256,5937,True,,a3523e90095ff9ee4d50ded1dabea3944cab73f24667c8e0cfbe76d891fa47a4,010160c0f8180301
dataset/red_spot/20211225_231159.jpg,5,red_spot,256,256,5461,True,,0f99efef0fd62e57a7466f33814fc6d4044d296c2bceb5a23d12c71b058d41c9,010061e0e0700703
dataset/red_spot/image_0_1038.jpg,5,red_spot,256,256,5774,True,,e34745d30caae56f55fdf2503a6776b26efa99534315a9c462d79fec35ea33cd,0030f8c0c0f0b8fe
dataset/red_spot/image_0_966.jpg,5,red_spot,256,256,5070,True,,13774a066e6d9b4b88dab3f862449834cdfcbabaad828c68d6a3db661baa5354,0000e1c1f43c4efa
dataset/brown_blight/image_0_1679.jpg,1,brown_blight,256,256,5719,True,,27d27bfa60260db23414bfe8f5f137ec8733b96f16173f0b079df5b110331123,feff3cf4e1c77fff
dataset/brown_blight/image_0_2670.jpg,1,brown_blight,256,256,6648,True,,7df62b5c3c487f97e6288f0c71c143c91ad38fdc59809f10b7caae8934851414,0fcfc7e3f0300fff
dataset/gray_blight/image_0_3481.jpg,2,gray_blight,256,256,4949,True,,abe3037e1f2e11b2abcfbc866ccca01116b0ca9a2e3509f3cf8aadaba09ddd72,8d39f8d8f176f7f3
dataset/gray_blight/image_0_2344.jpg,2,gray_blight,256,256,3790,True,,9c49c6a899ff93b6aa988d5397dd6b6af1de2793de08ee1eba0aa3b474917e75,000000f0f8701000
dataset/helopeltis/image_0_3659.jpg,4,helopeltis,256,256,5081,True,,ddfcb70d9f0c9df9487be5ba138dc49382dcbe4bbff9ddf686b28058bae6db5f,000030317838180c
dataset/gray_blight/image_0_4096.jpg,2,gray_blight,256,256,5841,True,,dde6e412aaff0db9c2ec212754b2f6ed11167dc92322f45be446026a26183b06,fb3be1f0d8f4f8bc
dataset/healthy/image_0_3354.jpg,3,healthy,256,256,5318,True,,1099e94705b255637151cb106a89151156ee287964d061f6d0edf60c48147659,1f331e7efcd0c30f
dataset/gray_blight/image_0_2865.jpg,2,gray_blight,256,256,4674,True,,e9396f8f9f9db90ed0fb7383efe3aa20ead6afa46a79a07324a525bccbf98226,0000e0c0f0780000
dataset/gray_blight/image_0_1746.jpg,2,gray_blight,256,256,5561,True,,5691a982157bbc9fe1721062c038fb51ca0157a0f83697c960f11a893ec26dc4,000022f0f8f0e100
dataset/brown_blight/image_0_2548.jpg,1,brown_blight,256,256,6040,True,,7e995f6420a8bc08040bd468e52f77b87488caf77edb75d3fcd4f9cc4b55b200,0012f0c0c0e06000
dataset/red_spot/20211225_231828.jpg,5,red_spot,256,256,6076,True,,15c9427094ebc9eba9e9f4845aa8378880bb36a8d6c8b2895c5939b15bf28062,0103e0c4cc700301
dataset/red_spot/image_0_2170.jpg,5,red_spot,256,256,4959,True,,a175b6e097d559a1ce0936c42b281787ff16e6d5bc363fb01d76622e591a9980,7164f1f8f8f0f8fc
dataset/healthy/image_0_3270.jpg,3,healthy,256,256,4938,True,,3544042f4ffe38543f36334b86d82bd755b8fd7efa68337132e954854030d8b4,000040c0f0f00000
dataset/healthy/image_0_1272.jpg,3,healthy,256,256,4888,True,,8af453a6589a2eaff3138683859d2c573ad79f84e03861786b4854e5a0974936,7dff4fc3f1f8f8ff
dataset/helopeltis/image_0_959.jpg,4,helopeltis,256,256,5515,True,,7374fc19a6d28942c0f832c22027f45f4e523266bb8047448ddf7da6deb70b2c,720f70e4f4f89fff
dataset/helopeltis/image_0_2120.jpg,4,helopeltis,256,256,4551,True,,5679b1df678656231c61d323d90e7d383e85a85e69927815db03ec6da679ff4e,0010303070606000
dataset/red_spot/image_0_2194.jpg,5,red_spot,256,256,5411,True,,873b3cf4c55592e325a84241e5140bc33e2556fd82c197eebec90741ed736601,0000f0fcfc780006
dataset/helopeltis/20220101_100050.jpg,4,helopeltis,256,256,4241,True,,68e1266a5ef6563c9f97fafe946490edd9677e72b534dbee4f61282899e05c01,7f7fdcb8f1e3ffff
dataset/red_spot/20211228_114943.jpg,5,red_spot,256,256,5647,True,,8d2a918ef5471ca993a20b778da68631a4b1637aa34f99d76af6dddba238aeaa,fffff8fcd4fc397f
dataset/gray_blight/image_0_2777.jpg,2,gray_blight,256,256,5027,True,,b90fb4ced27ef3d6dc852131e5d2ba425330955744288babe03775b069821505,1f1cc6d1e1f8f8fe
dataset/helopeltis/image_0_1682.jpg,4,helopeltis,256,256,6161,True,,12080c5d10f04b5708061c832e39440eea7e405c528993304a9887079df23d1c,0070e0c0d4fc380b
dataset/algal_spot/image_0_3327.jpg,0,algal_spot,256,256,5605,True,,e89e8de3d427a0d37c2953ca893aa56539f1b60a1d7d580682c6c29957fbb1a2,01c4e168743c0c01
dataset/red_spot/image_0_833.jpg,5,red_spot,256,256,4931,True,,0c2d7742a1054e251eb17fdf74c8c8c21a20f4039f212e71a90539e7056fb6e7,0030f1c0e0700000
dataset/healthy/20220101_101234.jpg,3,healthy,256,256,4952,True,,cb37e023d8298a58dfa2000f3380bce30e53fcb69dd4348c93a459788abdfa30,0000e1e0c0f00080
dataset/algal_spot/20211227_152614.jpg,0,algal_spot,256,256,6385,True,,827063e9bed5ed6c51b211cf875ad0b9da6cef3600d446321bb2cc7381b42bfb,07f8f8b0f0718ffe
dataset/gray_blight/image_0_3905.jpg,2,gray_blight,256,256,5312,True,,25b7bb800e7c2e8c841b2a05377a5ed5b638b1ad518a40169494f20d2be8c652,000008e0a0c0f000
dataset/algal_spot/20211227_154129.jpg,0,algal_spot,256,256,4511,True,,8ac265dd5830330e60ac46d739c7a4744b8a8019d7ef16ab51003100c2f9579b,020ff8f8f071fce9
dataset/helopeltis/image_0_2894.jpg,4,helopeltis,256,256,5502,True,,fe6ebbf874a3f6b4493a3870e91025bfc978d114feed1a75f1c212fac29568b5,e084e0f0fcf8dfff
dataset/gray_blight/image_0_2427.jpg,2,gray_blight,256,256,6048,True,,b5cb7c430e0155df29e63e180d4ee2c999cefc50adf99b0b9fe76a4f6d109e17,8d7371616170b8b8
dataset/algal_spot/20211227_135820.jpg,0,algal_spot,256,256,6815,True,,aaae86d3fe0e117c7b5cc7f3f6b834b79c79609ec307fb5100f5352f13d0ed8a,b133f0f4f8f12787
dataset/red_spot/20211225_232522.jpg,5,red_spot,256,256,5653,True,,999d258df052cbf2c406c8a9d70af82c6206076b29869a26e9c148dcb38a1f36,030131f0c8601301
dataset/healthy/image_0_3690.jpg,3,healthy,256,256,4437,True,,6559e7c0be5ec862c3e23a062e43059a80266c7766fb2e52440bb1867064db36,0000c0c0e0700000
dataset/algal_spot/20211226_103528.jpg,0,algal_spot,256,256,4998,True,,390afd930588064e5fbd993bde00e893a136a404874296c7e4cd94ac6f18618c,edb1f0fcfc70bf7f
dataset/helopeltis/image_0_1843.jpg,4,helopeltis,256,256,5020,True,,1c9bf1b194a9da1b527ef196c65f78f7c5358f757b4d9d0d1d7b0b15b368769b,7938c6e0f9781c80
dataset/gray_blight/image_0_2301.jpg,2,gray_blight,256,256,5672,True,,8b54fcb417ab933492bca698b8da2014dda344dffd33122af839c3a4b74d5785,001c7cf0e0c2c438
dataset/algal_spot/image_0_1279.jpg,0,algal_spot,256,256,4551,True,,a3ae9df2dcc77210271afca248e742d0d9618871db291f2c6a326a656b552b07,000038f8d8c10303
dataset/red_spot/image_0_896.jpg,5,red_spot,256,256,5315,True,,6c6f3f53ef668749cc04acb2ead993fab7a1cf811f9e710063809811503455dc,00387cccc8c0c060
dataset/healthy/20220101_085850.jpg,3,healthy,256,256,4963,True,,8ce950928239a9a68d6c6b86b60007d8d9e2cf98589da6d22fac0997ce4ec412,fb8ff1f8f0f17fff
dataset/healthy/image_0_2509.jpg,3,healthy,256,256,5273,True,,2c4e932f61db9e1a955d118ef93aff0c79dc35f855d85fb001a3f56e8f17f613,e6e2f0f06079b1d3
dataset/gray_blight/20220101_115717.jpg,2,gray_blight,256,256,5093,True,,f5ffae8e74c22ea4592c544f320daed57a87d11618a92be36d3f3d0e73dc5d9a,ffdf3ff1c4fc7cff
dataset/healthy/20220101_093925.jpg,3,healthy,256,256,4536,True,,80b5487e9929b4775eeb74468708d11af3079d6c7c21806d2f6bbf5654ff5292,0412b031f9f0f2f0
dataset/gray_blight/image_0_3038.jpg,2,gray_blight,256,256,6054,True,,80692bc09b0b93df57dd8cbd078b36a7eeeccdeded7048487d417936e2a18f72,c31b86c3e1789c27
dataset/gray_blight/image_0_1098.jpg,2,gray_blight,256,256,5846,True,,cf66a3f692da4920486de882ced3cf406e5c7089d176872a2bd75d2e86656f1c,00a83cdcd8c1c63c
dataset/brown_blight/image_0_2398.jpg,1,brown_blight,256,256,6903,True,,bd0d44aed393223e11d44cae19696689f735c4b3b5c83f07067e7c1bcad877d7,3078ecccc4e07010
dataset/algal_spot/20211227_105548.jpg,0,algal_spot,256,256,4922,True,,ccc80b1f547ced30a0aea3205c9f3b5c55e66aa5378b2489c717b054ed2adf79,5b0ff0f8f0e13fff
dataset/helopeltis/image_0_3948.jpg,4,helopeltis,256,256,5836,True,,550c179f6ebb06be1e486e65796a179f9d522326ba298448ae4c4a10433938a0,fffffff8f8fcf4f8
dataset/helopeltis/image_0_1889.jpg,4,helopeltis,256,256,6053,True,,0ab0a7e5fddd66a8a2f0740f881e7fb36cafb4e3b359fdef55b602bdf2fce40a,0149baf8d0c0c088
dataset/algal_spot/image_0_3718.jpg,0,algal_spot,256,256,5828,True,,c67850ee5be9d83465fd2319200e9846c5ef8ab19fbcb1ee11cbe7e35b7aaae7,000cc1c0c4f80100
dataset/gray_blight/20211227_165133.jpg,2,gray_blight,256,256,5020,True,,67a27c6d7c385b13273ecfe2e68d52b79ec7b09c823456c7a1b472889b9b5009,070f47e0dcf0631f
dataset/red_spot/20211227_160622.jpg,5,red_spot,256,256,4962,True,,7b8fb8f2d43eda69c755e631d36a255b248d4bfc2118deaf90a0a92edd033eb7,1c1ef1f0ccf0b8c0
dataset/healthy/image_0_470.jpg,3,healthy,256,256,5036,True,,a02233304ee32610d50e9202be3f50359527597dc83932f1b766a95747205cdd,cdc4e2f2f0f1f2d2
dataset/healthy/image_0_1573.jpg,3,healthy,256,256,5558,True,,c7e9c3167955e19074cdd8801d84acca3783bb8dee7ceb80257a14ea6c1e73e7,00001878e88cf0e0
dataset/healthy/image_0_1192.jpg,3,healthy,256,256,5824,True,,3df613ee89b10be853c84d1e86f7cbddbddccec36166b78138b3b014315939d0,fcf0f0f8bef071df
dataset/algal_spot/20211227_154418.jpg,0,algal_spot,256,256,6771,True,,d756983581fa6eb08c1191c8654336bee0e41eb7482281aaf93e6e847efe0ddb,0e70e0bc98f17efd
dataset/algal_spot/image_0_1579.jpg,0,algal_spot,256,256,5585,True,,692d446ac90c496c3b0f724e298b729bccdf5d7d3450021e8a67d59daf4f7e21,0f3c78e8b1831ffe
dataset/helopeltis/image_0_130.jpg,4,helopeltis,256,256,6304,True,,5ceb22c8e0a8daa24e2e50a7ef16463a841c50cef6e9ad323672406f1302e6db,0060e0f0fcfc3800
dataset/helopeltis/20220101_093913.jpg,4,helopeltis,256,256,4680,True,,71d2a9613ba7a45c66701674747cf4241c5c85c84083d514156a1947d1b038d0,068f38fcd0e166c2
dataset/brown_blight/image_0_4844.jpg,1,brown_blight,256,256,5571,True,,f24ab86bac16b52fcf87a73fc1e99cc90ad15789fa0c25d4bd7f6f662cbb8b6f,bfcfe37139fcffff
dataset/red_spot/20211228_120334.jpg,5,red_spot,256,256,4547,True,,ceb9935a75f5474391673ae1b898fd83c3821318e587c87d5bc554b86a60e347,df3ff8ccf879fefe
dataset/brown_blight/image_0_1165.jpg,1,brown_blight,256,256,6242,True,,8f22604132399249ffcd924b41d0b7aaddf30bf1821fa51b0fdf42adce297162,070770f0c0830303
dataset/gray_blight/image_0_1343.jpg,2,gray_blight,256,256,5694,True,,80f8f7ba965f6f24bc5f0b9db32134c185fdf7432dd947558927246049093d9b,00000138f8e8f838
dataset/brown_blight/image_0_9057.jpg,1,brown_blight,256,256,4937,True,,44593128a38dca36753aac65548e7c8299441878d5bf85b57dd7bac02436cd3b,04060c3961c78980
dataset/brown_blight/20211225_233234.jpg,1,brown_blight,256,256,4696,True,,62edd35c62140807294c4e7bbe8814a5eb9176aa80b47ddc5ee9c883d1cd8e3e,030309f8e4340303
dataset/helopeltis/20220101_093941.jpg,4,helopeltis,256,256,4538,True,,09a6dbe843c11b5c3ad48ab1c33d317f777d4273e0abe71292f16a7b34cddb0a,00031c7cf0e0e5e1
dataset/gray_blight/image_0_1022.jpg,2,gray_blight,256,256,5584,True,,7e409540a33f943e57f8e0bcb6e9035c295a2b80df933c1b768d6288a2cbcc3c,222c86c1f87c3800
dataset/healthy/image_0_339.jpg,3,healthy,256,256,5739,True,,e1111a8988ea831ca9715f193a58ebd806a15519e8e13f01f46250a75fa15adf,f3b179707870b1da
dataset/healthy/20220101_103944.jpg,3,healthy,256,256,4812,True,,d6e09a7e07c3f4e3c54f4ad86ef1da9872907e850b42601d2a8f0056b1a481a3,f37cfcb879e1c0c9
dataset/red_spot/image_0_3099.jpg,5,red_spot,256,256,5229,True,,2fa889bfce1b4e39369ea607bedebea9169838e8b0c897f4f7b1e8cc1c242988,4040e2c1c0f03801
dataset/algal_spot/image_0_3775.jpg,0,algal_spot,256,256,6547,True,,045523581986438ef154d8efe28c00966522162a9ffcd21d7c8cd6bd751bc83f,bc78fcf8b1e3cf7f
dataset/red_spot/image_0_505.jpg,5,red_spot,256,256,5534,True,,7964bf4aeb17b60fcca0bc2919da358265dc899170c3dd7ed0003745c964626a,001c3864d8e1e3f3
dataset/brown_blight/image_0_3430.jpg,1,brown_blight,256,256,5125,True,,285c551c1b495548638901286d3d2d4ac531008a398a6c69abb7c661b3ca4032,0000183869600080
dataset/healthy/20220101_094726.jpg,3,healthy,256,256,4913,True,,bd6b36e5eaa8d950c9a063b6f6a5a91ddcab16775aab989d93c4cad7eca7e425,243232713939d9a8
dataset/brown_blight/image_0_566.jpg,1,brown_blight,256,256,5723,True,,783649832d466a5429d7c90161960827634c32e0bb6ccc78a4e4c61cc0013793,000f3c7060731000
dataset/gray_blight/image_0_45.jpg,2,gray_blight,256,256,5612,True,,452cff09732bf2d61927ba8a53f5537dc5866f3b7977f50b626503d10d01d251,001c3cf0d8c08000
dataset/red_spot/image_0_1084.jpg,5,red_spot,256,256,5193,True,,f70bbc2060e68e4d3d2a6aaa5cef46fc58dbf6bcc6a97902a7d1df52c3afc548,000038f8f0e31f3f
dataset/helopeltis/image_0_3171.jpg,4,helopeltis,256,256,5419,True,,b92bb856b3758070f9103c30de7185bdc07dcd8a79c65264b4cd270e6cdf0cb1,0060c08080e00000
dataset/red_spot/image_0_2150.jpg,5,red_spot,256,256,5920,True,,e12ceb240563bd97a0963a6bc71a4d91ca0ee65a79dfa8b6675d308b2ddfca9f,187ceeeefcf8793f
dataset/healthy/20220101_104503.jpg,3,healthy,256,256,4439,True,,e192dc3b0a39d0d64c20c5800c618dd46bef4c67b1e7dd9d48c50d5dab97b338,ffbd70e0f0f1fcfe
dataset/red_spot/image_0_2498.jpg,5,red_spot,256,256,6202,True,,213e4691162d07336a23bd2561001f429510a6fa57a151ebf627de61d014f1ea,0080c0e0f0783c1c
dataset/brown_blight/image_0_7702.jpg,1,brown_blight,256,256,6174,True,,72f010f4f02ea4c6157aa4d0b31c499f15f3978f0eff2635370c900ce203b8b6,f73fc1c0bcfcfcfe
dataset/helopeltis/image_0_3444.jpg,4,helopeltis,256,256,5415,True,,1cf1445fb66e5dfc49c659f0988a1907a9b7985a7782b9f093ebb47b9360ba92,001939f0e0e0c040
dataset/healthy/image_0_307.jpg,3,healthy,256,256,6294,True,,92c05db9f7bc06c19f54bfd727a8ee3d4ce839882edb690eb85c52c83ba52d93,108080c0e4783c0d
dataset/gray_blight/image_0_3238.jpg,2,gray_blight,256,256,5725,True,,546720d0ea5d272d2a764d803edc12913b629f6af599831716ad7e30d94fb467,7e9f63f0fcf8f0f9
dataset/healthy/image_0_2874.jpg,3,healthy,256,256,5559,True,,b6b530516e41d695cf4a4816abd6a62fd39ab6e81b20de34d6d1586f3d1b7528,00c4c0c0e0789cc0
dataset/healthy/image_0_1331.jpg,3,healthy,256,256,5498,True,,d90954d4e1b0223b364df7276339e513125d281fccc3a9297ca6cebe89979161,cc8862e0ccfc38cf
dataset/red_spot/image_0_2679.jpg,5,red_spot,256,256,5030,True,,b678e65170ea2151eee3bad5a83c7b9ff84b565896f283c5bc699d377880ee37,000070e0c4e07800
dataset/brown_blight/20211227_163047.jpg,1,brown_blight,256,256,5116,True,,a796e1e64c21bc32f4998947852378483e74f95a0e4a2aef1b6b2f3db22ecccb,9669d8f0f0f80f5f
dataset/brown_blight/image_0_9228.jpg,1,brown_blight,256,256,4214,True,,162f6b83e63934f483a8e12f77b22c8f3821fa1c2136ccfb0c9be6eaf4ece56d,000030e0e8780000
dataset/brown_blight/20211228_131114.jpg,1,brown_blight,256,256,5692,True,,d042601e853c07a370f4e18b427fb2db8fb1edfb6823105f00f19a081da6bd6d,ef8f78fcf2f8fffe
dataset/helopeltis/image_0_3064.jpg,4,helopeltis,256,256,6709,True,,3d390860a65ce24bd9d3bab20f5a9c7934d73bb2262b77a22bebcb7befa13759,1c3870f0f8f87870
dataset/algal_spot/image_0_3344.jpg,0,algal_spot,256,256,5205,True,,7c555dd8f33bb2e2685d6eb1e7f16108105afb93663704d5c530578142681169,104cc1d0f0780200
dataset/healthy/20220101_103910.jpg,3,healthy,256,256,4549,True,,b275dabd63d207fc91e571699acf59bc1257e339e7b73bde5f6e2fb3cfd0aafd,791e39f8d8f0e0c0
dataset/helopeltis/20220101_104409.jpg,4,helopeltis,256,256,5403,True,,05df7cc71391ea4dab4f92a9abddeb92345ab8e35d396dd46e23aa446814b393,0613f0f0f8f8ecfe
dataset/healthy/image_0_2831.jpg,3,healthy,256,256,4790,True,,9989b723740401f42a78b81a0bf46bd22b4482c067dd079b91071489bbd501e5,33dcb878e0c6c8e0
dataset/brown_blight/image_0_5953.jpg,1,brown_blight,256,256,5183,True,,808d61ad002dfac28933e8485729bc088a82d4ff363a8ecf7a98aab8d21ed22b,0000e0d8ec7c3c0c
dataset/gray_blight/20211228_140946(0).jpg,2,gray_blight,256,256,5922,True,,968a8883bd48263861603dffc1d6c323870149a2f6e2ff7af32fc6b53d28112d,8004e1f06c606248
dataset/gray_blight/image_0_2318.jpg,2,gray_blight,256,256,5122,True,,a1c188fa924d2c1e22c0215092fba9c24e99c17313b2fa92052aa99ea4503c98,000000e1c074f819
dataset/healthy/20220101_090121.jpg,3,healthy,256,256,4816,True,,1843ad82416034adeb5be56bf9e7d49e7b1b1208e601b77e7450df666ff8c828,fb9e70f0c0e07cff
dataset/helopeltis/image_0_1496.jpg,4,helopeltis,256,256,5111,True,,5886f4ba7931d73792fb4f505d4b5a43c2bfdd41922adfa22b6b5944172fe5fc,000001e0a0e07100
dataset/gray_blight/20220101_120702.jpg,2,gray_blight,256,256,5067,True,,f99142bd5414a648ce53ee8cc589bbf89115bbeee8c0a47147b6bd3fc3492e00,dddf4f79f0ece8fb
dataset/algal_spot/image_0_1269.jpg,0,algal_spot,256,256,5595,True,,d92982ad0588bcc6f12c0b6a5fe871ddf4483f4e61a7c576eacc3fdd52ba5133,0000f0f8fef80107
dataset/healthy/image_0_1440.jpg,3,healthy,256,256,5436,True,,4c921a798f23a7223f80fe840355e655f4b8147cc06a921e3c10b9b1c85250ff,000238e8c0d0e000
dataset/algal_spot/20211226_102703.jpg,0,algal_spot,256,256,5650,True,,452de11dc9f79e9db475e23ba245969915ed4b0ab4a94ae00ce9564e47eabf0d,d036f0f8fcf07fff
dataset/algal_spot/image_0_1411.jpg,0,algal_spot,256,256,5662,True,,bb2c2b0bfd5245b8a2d038842222c4a19823676c093bf4bea10e9516e2b74fd7,0000e0e0f478c1f0
dataset/red_spot/image_0_1490.jpg,5,red_spot,256,256,6379,True,,f995d3df985190a5aa2173a4db13c5efbf36db05f5b02bda8f5e9f6a47152f18,0707e3c8e47c1c3f
dataset/red_spot/20211227_161827.jpg,5,red_spot,256,256,5455,True,,6314618bff0f50c6576df4ee81130c4cbda3bddcd1c465402f0fd09e5f08bf12,6d33f0dcecf0bfff
dataset/helopeltis/20220101_102359.jpg,4,helopeltis,256,256,5343,True,,7bd5d973b5ed7c9688a97efc02e7993ad76c7cdfe3ccdc753024f02a4cb47b4a,e09270f4d8e06703
dataset/gray_blight/image_0_2007.jpg,2,gray_blight,256,256,5731,True,,30a8a59d8c54255e2841d798ba9125f8a2b5ca6403a4d4032493f339f3a3ceff,400c7cf0f1e2c404
dataset/gray_blight/image_0_943.jpg,2,gray_blight,256,256,5442,True,,347f63e4bec6a502b66bb717b4451816a8cc74fd209bba2255ded7f4adab25f5,170ec6c2f1f9f9fc
dataset/algal_spot/image_0_3364.jpg,0,algal_spot,256,256,5321,True,,28a9b7e3c3653674a57e4bb6d5ce3fcbe3838385e427e17285018b68caf62edf,3f7fbe70e0c3cfff
dataset/healthy/image_0_3268.jpg,3,healthy,256,256,5091,True,,3a9e1059e0b79ffb9c6c772dbb1d970774d43364f03e90bae803daec01cf65a2,000301f0fcf073ff
dataset/helopeltis/image_0_2895.jpg,4,helopeltis,256,256,5110,True,,9cfbe42e6cddf76ac477b91640899d7fd1feb31bfd00cc97f0764bc522afeaa3,0000e0d0f0780800
dataset/gray_blight/20211228_151051.jpg,2,gray_blight,256,256,5390,True,,2ade9067d664f948f15672ac9f5c8ede243439810b3646788a85c10b5f7f7593,7fde78fcdcf870de
dataset/helopeltis/20220101_095636.jpg,4,helopeltis,256,256,3868,True,,131a271d9c73d73ca86703cc1b6cd91599868f3c75a0dc6b2b58e5043964f28f,84c4ce78f0f20400
dataset/brown_blight/image_0_8176.jpg,1,brown_blight,256,256,5662,True,,6cb573efaf7dc1de6fabc353a8ae2399adbba684c71c13302dec8b64a733b4b1,1f0738fcc0c74f3f
dataset/algal_spot/image_0_1002.jpg,0,algal_spot,256,256,7189,True,,2cd3a9c69ab5a8174bed6afa8dab149eae9df74c639f7c7732fa20615883cc1b,86b870e0cce0e3ff
dataset/gray_blight/image_0_1077.jpg,2,gray_blight,256,256,5383,True,,8f0f702a138a34e9026465a422a4b6f994c16997e7c6983c373757d0457a576e,00888280e8f43261
dataset/red_spot/image_0_2099.jpg,5,red_spot,256,256,6304,True,,b697308cadead8c53fc786da54d4220451aa29c0a232eaebe4f238e980eb4e6b,0000c080c2f80000
dataset/gray_blight/image_0_1603.jpg,2,gray_blight,256,256,5190,True,,7da74e74cc76fa311077b3011a4129d19a6017db5eff679beb44ba59808c97b9,f4bef0f0e0e01f9f
dataset/algal_spot/image_0_445.jpg,0,algal_spot,256,256,4645,True,,74245a30d89b36f4d09546f1a94bfd094833e3bb9b46d9ecebfdf9b03443678f,7e2ce3f1703c5cef
dataset/algal_spot/image_0_2239.jpg,0,algal_spot,256,256,6957,True,,58a1fcb756244b91a51a2f38cb22b1a3cfab869a7fcd4e59bd8897403298cfb6,fc67e1f8fcf0739f
dataset/gray_blight/20220101_113328.jpg,2,gray_blight,256,256,5359,True,,8aa0fd8d041589274e023a22db579b66bce30747b2d77572d735ffb45b1dd70f,ffbff9e8e8e177ff
dataset/algal_spot/20211226_102606.jpg,0,algal_spot,256,256,5892,True,,4b285b178f6c72ca641ab00e426a8b594f02b31f73dad2660729a27bf399c2f8,e831f8ece8f09fff
dataset/helopeltis/image_0_340.jpg,4,helopeltis,256,256,5652,True,,7c48d09d80882f5ace4561fc0031120ff569fbecea7687dd66d60d94695df097,19317171f1f2e2c4
dataset/brown_blight/image_0_6436.jpg,1,brown_blight,256,256,5394,True,,ff035aad34bad3de08a304533375c2c8c58792529fd5a1d3b0ddb071c9bd1035,40b08c82f0fc0200
dataset/healthy/image_0_418.jpg,3,healthy,256,256,5515,True,,efdd092247de30aab277019fa9a3f597f92a5e9c6fea656dc7968850b072120e,18c4e0e1f07c1c81
dataset/gray_blight/image_0_3066.jpg,2,gray_blight,256,256,4323,True,,65d042a83181679d6a8e81d50ac4210d4e4d06225bd76caa73e6378c01a7504b,bf67b87860e72fef
dataset/red_spot/20220101_094414.jpg,5,red_spot,256,256,5718,True,,8a511948ee5a1044c41837c538e7af7c723a35fe32fe55f522ecc56c79c615c0,040e70f8ece0c180
dataset/helopeltis/image_0_3899.jpg,4,helopeltis,256,256,6359,True,,038c8a3ffdd44a533e22866742c9247f6bacee088bbd1df268ef1978cd3d9157,9dc7e3f1f87cfcde
dataset/helopeltis/image_0_956.jpg,4,helopeltis,256,256,4325,True,,85bc8c23fb097402d8f87a68700198af973b5a18733781bb46901390eef511e0,00041c3870706000
dataset/algal_spot/image_0_524.jpg,0,algal_spot,256,256,4955,True,,48135c5fe4aa0969956ddc3f4e2425f4867aa376425aca0af7ae57d19e76407f,8806e1f8c8f016e0
dataset/helopeltis/image_0_1187.jpg,4,helopeltis,256,256,4595,True,,28ca4257d66a50a5f6cb963a5bf6c23413edecc615b6d2f2e522f396b238eb5a,00c0c0f070703800
dataset/healthy/image_0_806.jpg,3,healthy,256,256,4649,True,,59e7478a07790d5f7a16a6742eed9b17da00e264a5587296944f98a8892f6e96,0000c0e0f8f89cf4
dataset/red_spot/image_0_1885.jpg,5,red_spot,256,256,6443,True,,0b641b2ec8bdaf0a6337c6027f0f1975c665aef9d6a91c12916534caf6e14c4a,0100f0f0f0780000
dataset/helopeltis/image_0_616.jpg,4,helopeltis,256,256,5704,True,,950be88517876943b8730dcadc6438d165cae8b427d7ae531c1a2600e7b1db7c,768ec3d1f8f8f8ff
dataset/healthy/20220101_104148.jpg,3,healthy,256,256,5611,True,,9c4d9737d650d53d31a15697878dfc7061fe3a8fb9c19dedb456834ab6e84932,c080f0e0c0e00600
dataset/brown_blight/image_0_9609.jpg,1,brown_blight,256,256,5272,True,,4421564439d4ebc7e7e77b8e49f475d25d5a3cc619c2316a4a756bdb56faa794,000040e0a8f0e180
dataset/helopeltis/20220101_121923.jpg,4,helopeltis,256,256,5357,True,,9b9a06cc657db858a6b2a16731fd5fd2028af98e117b3da82c2827b8b09ddebc,dfa7f371697171f3
dataset/brown_blight/20211225_233713.jpg,1,brown_blight,256,256,6298,True,,0a7465a52413fd066887507c25d1353ffe9fe432cf5f9c0691285a474ce55a9f,010030f0c0e02101
dataset/algal_spot/image_0_1322.jpg,0,algal_spot,256,256,5366,True,,de65729d38656307d642369e3e966f40d14c7692e8892b233b60100b2a1c94ff,000031f4c4f01100
dataset/helopeltis/image_0_4010.jpg,4,helopeltis,256,256,5068,True,,51bd1256530823c5c9de2feea366983e1455ec90a406e0f8a89044dd65a60937,000060f0dcf87000
dataset/gray_blight/20220101_112903.jpg,2,gray_blight,256,256,6522,True,,2628176dd0812aac370a0e5a0e940c21a77a95c56d00a1df78f8b2376b41ebd7,e193f0c8c8e82133
dataset/gray_blight/image_0_385.jpg,2,gray_blight,256,256,5814,True,,07c4854edb1de608549dda4813791424b0f56cb04cf6130f60939289995ccd20,6739fcd8c0877f7f
dataset/helopeltis/20220101_104931.jpg,4,helopeltis,256,256,4397,True,,bc23c807947ebf95be3459bb2b5d1c5e02e53ebdd896c5df0c5a226f0409bbfd,fdfcf1f8f0f3ffff
dataset/healthy/image_0_445.jpg,3,healthy,256,256,5544,True,,a4f452300005914552a4c4964d5de5035cc1b1b3e62ae097e52d84c61afc14ce,001ce0f8fcfcf87f
dataset/algal_spot/image_0_4262.jpg,0,algal_spot,256,256,6317,True,,2e30a07988dbd1828661709217b4ee1e6c5b7cb6e784d8db5d72d87b2d4ed504,3270e0c0e07098c8
dataset/brown_blight/20211227_164100.jpg,1,brown_blight,256,256,4835,True,,bfa35653d9ca1b2b42b197b554280d5741c8c4b35e84b4d46b0544ee63198f2c,fbf93eeee6f8ffff
dataset/brown_blight/image_0_8827.jpg,1,brown_blight,256,256,4764,True,,a0e9c10ad3b7f07b5428d047b584a1ac75d4c22120bd8c6bb35aa59cc19daea2,001cf6e0e00000f0
dataset/helopeltis/image_0_2142.jpg,4,helopeltis,256,256,4506,True,,70862c33200b64ee9d3ec4c122eb31688660ff8ccd153df3587a8bbb6d3a3e9d,000061e0f83e0000
dataset/gray_blight/20211228_133718.jpg,2,gray_blight,256,256,4605,True,,75b4657515a1130802495dd12ff5601e0375bdb82b6a5f10705884a016d066b9,e686f0f0e0f0bcf0
dataset/red_spot/image_0_2341.jpg,5,red_spot,256,256,5754,True,,9d8df103aa471df3608a36d101a1184947ee6783c99e4abb6d42d0c8b513c2f4,4fbf7fe0f8f8f8ff
dataset/red_spot/image_0_2716.jpg,5,red_spot,256,256,5790,True,,7dade4ce4b9215c860b4d8534a2b4f5da9801db7eba82e99f2a4ac90e080213c,00c0e0e070bcdce0
dataset/gray_blight/image_0_1292.jpg,2,gray_blight,256,256,4894,True,,08af99b24dcb9fc56ca6ea63fe4efa8c6ce387589f26be478295ab60f11bf549,0000c0c0f0380c01
dataset/brown_blight/image_0_5081.jpg,1,brown_blight,256,256,5412,True,,e73383efdbfcdad7b16fd963af6ed6dd0ef64a1f5f5b8aafa42fa320e167ca1c,9f3f4fc1f87c0ffe
dataset/red_spot/image_0_1737.jpg,5,red_spot,256,256,5823,True,,48f6e0c17b28dbf1519fabd8e4f2f52db760f5bc6e72848ea00f078c9fc539c6,f4cb7ce4cefcf0b7
dataset/algal_spot/20211227_110301.jpg,0,algal_spot,256,256,5241,True,,edec3fcdfe3744727b7b2a01639f3e9aa2358dddd46fa20b1b87b4660af3e995,33f0e0e8f0078d2d
dataset/gray_blight/image_0_320.jpg,2,gray_blight,256,256,5798,True,,0bd133407e850ec10ff36b00568adc01317b65dbdf116d0215d6460aa48ba762,4c0978e6e0f18fcf
dataset/brown_blight/image_0_685.jpg,1,brown_blight,256,256,6107,True,,c46835876de60e7f7e96e2d2fe74a21f81d74c234eadaf8a80d23f79e07f0416,030fc3603a1e0603
dataset/healthy/image_0_803.jpg,3,healthy,256,256,5902,True,,0f38bba31436710c5d14510e4a82b9ce56beca6f153ec0224c9a975da291aaae,0000e0d8def8710f
dataset/red_spot/image_0_2496.jpg,5,red_spot,256,256,5777,True,,a3f2b3a671fee443b59b10f30bcc6d1cfdbc40fe15d0ca3387f9f3989e98822c,200061e0e8f8f004
dataset/red_spot/20211227_160126.jpg,5,red_spot,256,256,4806,True,,a4b0cf091d99dbe0c1af030a3aaed11ce9b622e7154f3a2e5153be5b0cbaf552,c00470f0e0f00e08
dataset/red_spot/image_0_1376.jpg,5,red_spot,256,256,5563,True,,d803b66c98e54d0af4e8ae90478fe5f4ce8c600f8a9d9a6d66bca1a2cdd58a05,0000c0f0dcfefcf8
dataset/helopeltis/image_0_4349.jpg,4,helopeltis,256,256,4751,True,,0a3e1fcd1264776195b361ae0a9bc1e1da2999ed8ca06a9d53d1f2f35c93bec7,ffffc3f1f8f8fdff
dataset/brown_blight/image_0_9331.jpg,1,brown_blight,256,256,4632,True,,29037f9860ae352bbd1581e59f721e6fa5c0d7493da21935fb737ea475b71f39,0000c4e1f0780000
dataset/gray_blight/image_0_763.jpg,2,gray_blight,256,256,6516,True,,a8baef24a3cd05946836bbfde7634733dffe6379bff09761203ccfc61f8282e3,00286cecf8f03000
dataset/gray_blight/20211228_151216.jpg,2,gray_blight,256,256,5406,True,,b0e745f42ab0e8fdc864edc3f0d250ab30d1503f056db1d34b12fedbbf02ff8c,ef8e71f0fce0639d
dataset/red_spot/image_0_1922.jpg,5,red_spot,256,256,5439,True,,16e214e564c83619d5c2729b51afcbeac1e66862b74c17fef381ff47f087a029,000c7cf0c8c0c6f8
dataset/brown_blight/20211226_001130.jpg,1,brown_blight,256,256,5688,True,,bffcc3f1eea951d168ef4f2721a6ac341302e8cbb38b04b766b9b76efa368b86,010039f070180101
dataset/healthy/image_0_2250.jpg,3,healthy,256,256,5138,True,,dc2d92ab865716a2f750fbf1934c1bd72609c12410343e8594fa45426dc3fe37,000031f0c698e0e0
dataset/brown_blight/image_0_6526.jpg,1,brown_blight,256,256,5420,True,,41c91d38329b788e412e876081f5f564326ee42b72ca75332c42c3e611c28f15,07078787e3793cfe
dataset/helopeltis/20220101_101321.jpg,4,helopeltis,256,256,5957,True,,99314f55f2ccb0bd3029f5da2dcebcd6dcf77eedc8f8607717c3c0f25348b9d1,408478e8d0c0e000
dataset/gray_blight/20220101_122124.jpg,2,gray_blight,256,256,6056,True,,503c7c38c52e5d2940b376526c2af463812b136d98599a447e55a70e2791eb36,ff37f1d8fcf878fd
dataset/gray_blight/20220101_095202.jpg,2,gray_blight,256,256,5558,True,,1a8ec1eb5ee5968d1bc1b9bcdac2cf2e1f20ac03e50692817e31b31019e167e1,00205cde98c0c610
dataset/brown_blight/image_0_5960.jpg,1,brown_blight,256,256,5238,True,,6ecc7698c9a5a08ed54b94224de772fc642b8d3b0760e310054b83675bd15821,1f3f3fe0c0c33f3f
dataset/healthy/image_0_1663.jpg,3,healthy,256,256,4850,True,,6d7a40b144f8babf67bd1ed9f9cf17c21ceae61ff5cdb5cbc0c1307b6b62e264,ebb8fce8d1c3ef7f
dataset/brown_blight/image_0_2033.jpg,1,brown_blight,256,256,4600,True,,16ee7460501b1aff607bb31ccc39b7be88f9beb0410383263286e37e12021873,00007cf8e061071f
dataset/helopeltis/20220101_101827.jpg,4,helopeltis,256,256,5760,True,,cef03d5280447a6f53f8d7c343bcd8638d8531643f91cfddb384b26d699ecfb4,3072707868687012
dataset/healthy/image_0_2268.jpg,3,healthy,256,256,4361,True,,6ed79a4a9811e82aacce135325b2d323ae668baa37fa2cade03cd66aad85cc08,00003c7ce8e0e000
dataset/brown_blight/image_0_8981.jpg,1,brown_blight,256,256,5889,True,,6ca87099a3afa1f0df215f57eab9953234db718830697dbb0885bb28951a3ab9,fb3fc3e1ec7c9ce0
dataset/healthy/image_0_139.jpg,3,healthy,256,256,5247,True,,78f60a00bb43fd31a1fca2af0ee99f162c1f95ff2d5d88d3fecc98f783be5223,f838c0c0c8f03f7f
dataset/healthy/image_0_1644.jpg,3,healthy,256,256,4785,True,,cf252ec12b3a12d035f318442046da8ac65df80c8e4a555495a705c01f70f67d,0000c1c0e8f80000
dataset/algal_spot/image_0_1314.jpg,0,algal_spot,256,256,5462,True,,1eca0a5f5566019e4f7af9033f992a6506e5e0660eb796a203269daa33572e75,00008280e0781c00
dataset/helopeltis/image_0_189.jpg,4,helopeltis,256,256,4655,True,,d51074e6acdd78040bace83cf8c05e3c02ed7fb0d96dd832f5691f4b904abd13,0010426563623301
dataset/gray_blight/image_0_690.jpg,2,gray_blight,256,256,6202,True,,c75636aaf2a628e44a3b95a27db87386ec8541a99bcb765beebc6d059941dedd,af7d8f02b1d8f8f8
dataset/algal_spot/image_0_3236.jpg,0,algal_spot,256,256,7039,True,,979e34e8f4a1ce8b02910a0a656e462c8b4eba34042aa3d526412cf1d2233761,78c2e1d8ec7018c0
dataset/helopeltis/image_0_3528.jpg,4,helopeltis,256,256,5209,True,,479a6d5a95d18f1f507e48bb34cbba4aa5c6bcdf86fc4ae3301a04afbde9b33c,7ffff8f0fafeffff
dataset/helopeltis/image_0_1852.jpg,4,helopeltis,256,256,5389,True,,86636f5c0a53922579fb1ac148f707bc811ef802283425fa0635a568363dcf22,000763f0d8e16602
dataset/brown_blight/image_0_6214.jpg,1,brown_blight,256,256,6431,True,,8645db01cc7c3de96d0b3f4e7c569ef76128eb6604f14c1ee153486201f06037,0f077178ece1c70f
dataset/healthy/image_0_3430.jpg,3,healthy,256,256,5726,True,,a46897d4c5690f3ecb0bace580ce1056efb63ba261d109475671890ad0f493e0,fcdcc2d0e8f4beef
dataset/gray_blight/image_0_2859.jpg,2,gray_blight,256,256,5824,True,,62593f318a8380f8c44cdcbed1628209762d5ed38febb33f823f790718c73a02,010c3c78e0c0c61e
dataset/red_spot/image_0_579.jpg,5,red_spot,256,256,5633,True,,0a2deec6f8024e538ce7cfb7003125a9f3df852f3fb137a0f885090968b7ff93,000138f0c0e07000
dataset/gray_blight/image_0_1892.jpg,2,gray_blight,256,256,5419,True,,cafe01346c5aa3a78b28b8a08437f880086e39d51011cbaa5782d623a41b469a,534c3c74f0e0c410
dataset/algal_spot/20211226_100944.jpg,0,algal_spot,256,256,4417,True,,1c82147ebfe1b625bf16a8cb56cb925c6492625cffcb392671a45a046afb0e93,e0ca71f0e0f03eff
dataset/healthy/image_0_2178.jpg,3,healthy,256,256,4559,True,,8b278f811bd52131ccae35c5e903345a92af270b5e28c727ee92107187c5e6e7,000113f8fcf8331f
dataset/red_spot/image_0_877.jpg,5,red_spot,256,256,5181,True,,89e3d7558e1b33d276e7457f2e5703f6568e4d23095baaa055467e5637196550,9ff0ecc0e3bfffff
dataset/gray_blight/20220101_114833.jpg,2,gray_blight,256,256,5149,True,,9296772edc4cc93718ef4b6495d42f857ad5b83f101b6abae0342296ba8ebe07,ff9f71e0f4e079ff
dataset/algal_spot/image_0_1977.jpg,0,algal_spot,256,256,5023,True,,36d959e9ad5e13fde97706471fbeb27d157164f020d9d431dedd60b235654f18,0c71f0d4f0390000
dataset/healthy/20211231_175110.jpg,3,healthy,256,256,5078,True,,b9f66cb391ab1db1b0bf2c12be9f2c235f648288940e62a8ddb119ce263b3b0b,010778e0ccf00300
dataset/healthy/image_0_3182.jpg,3,healthy,256,256,4759,True,,d1d49e973c4c6466a5c93a85ab7e804ab0787749e1840e2f49586d9c19a6a716,00c0e0e070380c0f
dataset/helopeltis/20220101_103646.jpg,4,helopeltis,256,256,5765,True,,7b852210ee7b15f76797fe6b3cb32cb126d58a4788ff4f31d6ad64712d86720d,fdfeb9f8fcf0e1f7
dataset/brown_blight/image_0_1195.jpg,1,brown_blight,256,256,6646,True,,2317c9b39993be2c59b858e5e26fd2764b826311d600b67170b417a0895ec890,1f1f0e7ef2f03307
dataset/healthy/image_0_3396.jpg,3,healthy,256,256,5109,True,,be9d9471362d34de1d90eb3735e97f5ce56bee60327a5ed79592a5f4d4064fa9,7d1fe3e1ccecb8ff
dataset/gray_blight/20211228_153116.jpg,2,gray_blight,256,256,5271,True,,b84a1f08a45f983eec15583b4621970e5e217f166f7b79ba547217b67d1dd5a6,7f1761ccecfce7df
dataset/red_spot/image_0_1550.jpg,5,red_spot,256,256,4779,True,,5897d8705cf7aafcda4a67900780591b90bcb77595da3d47ce448df2bd0c8590,033c78e0c1c01000
dataset/helopeltis/20220101_092017.jpg,4,helopeltis,256,256,5179,True,,2ab46ef6b7add26ea1850db9ab9a512ef1ef7debd44dced06186ebf1aafb9479,ff0f73f0e4f071ff
dataset/algal_spot/20211227_105418.jpg,0,algal_spot,256,256,4532,True,,a5a7180b33298237394be766464f5ecd731f6f6f362c3134e21556ccd69e53c3,7e7f33f0f4f07fff
dataset/gray_blight/20211228_140914.jpg,2,gray_blight,256,256,5245,True,,a431948daee59408debb9c9436305ff0e9af0ce565d737a1d6a23b1997bde69a,2032e0d8d0e0621a
dataset/helopeltis/image_0_2811.jpg,4,helopeltis,256,256,6267,True,,0b84cc6513bedb859339451d29d36a4747c3e61d0043f5a54d334681d50a9dde,2fdcbc7e78f0e040
dataset/algal_spot/20211227_113026.jpg,0,algal_spot,256,256,5343,True,,51f37a9ddc766aecb3e8695d31bc094c5397446b0796b0d5dd4df3a00cab2ba3,f9fd53d0fcf871bf
dataset/algal_spot/image_0_1325.jpg,0,algal_spot,256,256,5219,True,,d8a4577855214acfdfa5e8eb34dfc59cb9a97c1f460e7e19e6d6314561d775db,000f71f0def0f0ce
dataset/red_spot/image_0_249.jpg,5,red_spot,256,256,6286,True,,f06f2bc63fd5f839cc2bcce68271bead66a02379aeb25631c98cb0e3e4d27e1e,3f1fe188fc783fff
dataset/algal_spot/20211227_110119.jpg,0,algal_spot,256,256,6200,True,,e7c35114ae6d29088ac1eecaddf712bb22d12df7125b28f14053c67eda7142f5,ef9f63e0fcf0e13f
dataset/red_spot/20211227_155443.jpg,5,red_spot,256,256,4962,True,,f9b63609f2f7693bb3a74c7f08dc919c7990961db6c4f9f3217b1bec0e7229a8,f0f0e0e0d0e02000
dataset/healthy/image_0_1784.jpg,3,healthy,256,256,5330,True,,a74881535c4a70e7956477112a25c50f24408ac0aee049b47a445129a5c62045,009178fcf8e0e4f8
dataset/red_spot/image_0_1024.jpg,5,red_spot,256,256,5239,True,,0e5b9cdb26d91678f58f5f9ee5999d3ed2cbf5b9c2baff735d353614218d810d,1f37e1c0e470f1ff
dataset/brown_blight/image_0_3448.jpg,1,brown_blight,256,256,4850,True,,661d665639380e5bd739c42a1ed5d916bd590bcfa29761dace7a4637860288b3,00006070381c0c00
dataset/brown_blight/image_0_791.jpg,1,brown_blight,256,256,7342,True,,43dfcdab492f4314c2a383c0cbadc3a2f23bd6c1ce9fcb63cc2082485902b128,70f9d8ccc4e0f0f8
dataset/gray_blight/20220101_114152.jpg,2,gray_blight,256,256,5466,True,,f2f3b4ea344eff2ee0357cfb8929ffc80531bbcccbfe1289162864f167919628,dd7fafb0f47cbcff
dataset/helopeltis/image_0_1689.jpg,4,helopeltis,256,256,5766,True,,b07c475ee4f82b663aeb37d48fbb1da31df54ba9e301981dca9993e4900affe7,0000e0d1d0f4f000
dataset/helopeltis/20220101_105717.jpg,4,helopeltis,256,256,4625,True,,8b19d1a87f835c99944381f5a2fcf6c14fd81a3f884903568c9c903cff3e6719,fffff8f0f4fcffff
dataset/red_spot/20220101_104246.jpg,5,red_spot,256,256,5563,True,,9ef5f302a41be34975814a71c458e77fa2c1fccd207ff897eb989c9ae9982fe5,f1b0f0f8f0f9f1b1
dataset/gray_blight/image_0_2909.jpg,2,gray_blight,256,256,5397,True,,ab914fd5fee9ee4b8de82e7701ccea9151f021ab8562f9a098fa5153a484b6ec,000030f0cce8c000
dataset/healthy/image_0_1325.jpg,3,healthy,256,256,5355,True,,d70c8318a3d6a41434a20dd096e158cb4979556817f5c58dade82716ad43994a,0000c0c1c0703802
dataset/red_spot/20211227_162023.jpg,5,red_spot,256,256,4956,True,,1c9af614b08d7888b6f501512ac36dc7cfbcab8d6dece46c9a51022abe8cbfbe,f33dfcd8f0f0bfff
dataset/healthy/image_0_497.jpg,3,healthy,256,256,5133,True,,f3637c5152cfd8f3785e97acd8da32944f267d58014c24402ad96f158c848555,95d97876e8f01f5b
dataset/algal_spot/20211226_102739.jpg,0,algal_spot,256,256,6382,True,,7bbdfed68e3cf99cd6eed75faed964bbc7b770a6c9accddeb5f09d1619de0e3c,001378fcdcf83107
dataset/red_spot/image_0_1106.jpg,5,red_spot,256,256,4716,True,,9c83f0f85cba6e2877d964e2d1d2609439c50ff66be90bff4cd18ac9aa7e3145,000378f4c0e00000
dataset/algal_spot/20211227_114224.jpg,0,algal_spot,256,256,5659,True,,2ee579f11023c07fd740e63ace856330ece0d2b953e017bc3913052ed597ce78,f9e733f8dcfcf1b7
dataset/algal_spot/image_0_711.jpg,0,algal_spot,256,256,6339,True,,4e6edd6d6c1d037e5687d8e829e145dd2d36399d6ff7cae7f68755cae91892d7,33f0f4e4b8c1c3f3
dataset/red_spot/image_0_1559.jpg,5,red_spot,256,256,5140,True,,d40a1d0764afb9955486783f6d78ea8126db9af318358b7c02f9f76b349c76e8,0000007cf8c0c000
dataset/healthy/image_0_3395.jpg,3,healthy,256,256,6362,True,,9ef635d8df2f41928fa4af0dbc99e13efb513e435bd90e7d25a8a2015670f688,0100c10080fc1800
dataset/gray_blight/image_0_3911.jpg,2,gray_blight,256,256,5677,True,,682a450585dd8645cdb82cf7f776d331b2d497819941be4830cc1b5016a8814d,0303f1f8f8787c7f
dataset/healthy/20220101_120445.jpg,3,healthy,256,256,5081,True,,3b5c950c6c8e6726d5b4bf2043c6b51867edaa317b31dd8f816045230f0f1498,ef8f71f0c6f879fd
dataset/gray_blight/20211227_163511.jpg,2,gray_blight,256,256,5042,True,,81100d48174ebd2ecf4c5d903894feadd1cda5070f2fdae2d57f7efedab451c6,718778f8e8f8f8fe
dataset/brown_blight/image_0_7011.jpg,1,brown_blight,256,256,6072,True,,c40e0e60c52d48201c57593afedb8674f98d2e9a585847d271df9353f2fa2c0f,0000c07070381c00
dataset/helopeltis/image_0_90.jpg,4,helopeltis,256,256,4804,True,,c22d6575d590cf9200a05cb84f14d23676f637f57123adb277fd60c869e3c962,fefbf8f8f8f8ffff
dataset/gray_blight/image_0_1329.jpg,2,gray_blight,256,256,4908,True,,26a926ca90f5a4a81917c029f721de6ca3e83dcf57eeaca056d8c1ee81068a6c,df997cf8f063cfef
dataset/algal_spot/image_0_1089.jpg,0,algal_spot,256,256,5427,True,,ee50581af3dc822ff609b4ddeb5ef9bd74414e6072ffa6a9511f31d1adffb876,00c0e0e070381c00
dataset/red_spot/20211228_123044.jpg,5,red_spot,256,256,4808,True,,00e763fe40c66c80b2fa4777254f2b1cc2d9311863280962ca253f791ac2a292,6f3771f8d8e13fff
dataset/red_spot/20211227_155617.jpg,5,red_spot,256,256,5227,True,,5f568c0fe488df84be5ef4fa27e7176fb427aa86848255ed9e902c8e7d106ee2,46baf0e4e0f08684
dataset/red_spot/image_0_427.jpg,5,red_spot,256,256,4795,True,,a89e88e97a17e84ee6f1061dc592964886971e03bc80017afb941dac64811b07,0f78f0f03c071f0f
dataset/brown_blight/image_0_3674.jpg,1,brown_blight,256,256,5637,True,,b8dcf8e408f4bd13186d5ffe2ccf7657fca3c89e96bbde91b003c405d4aed89d,ff5fc7c1f83cfeff
dataset/healthy/20220101_091752.jpg,3,healthy,256,256,4949,True,,079ebdfb22f583e578a5bc3e59f32e92ea70bb492d9bd8eb53ef7f346f601872,ff9770e8d8f0bfff
dataset/gray_blight/image_0_3676.jpg,2,gray_blight,256,256,5902,True,,7775aca1a3d0134c3ff6049f701339ad622677d87585d9e11ee1feca8bfa2cad,3b67e1b0e2781fff
dataset/algal_spot/image_0_2410.jpg,0,algal_spot,256,256,5346,True,,4acee78911d340f96279e0d7a73d459cb9b1a80ae2934ed8eac4fb78ee90504e,c0e006e0d0f81880
dataset/red_spot/image_0_3169.jpg,5,red_spot,256,256,5335,True,,488a6e84726cb0e724e18ece84486bd226f9d646c48f372bdddc21dc6d0deaa6,08e2f0f0e0f030c0
dataset/gray_blight/image_0_783.jpg,2,gray_blight,256,256,5928,True,,f4187b5e3e5dc7d2d1f1f3dfa46e7b9c86978c064bd7cac77fd0c9e50d743e56,0149c0c1c0c0e100
dataset/algal_spot/20211226_102517.jpg,0,algal_spot,256,256,4604,True,,0e2f56e2a643465f9919d34f82f13bf59c4859a2c42c9d14a41999709b66896d,e49e71f0fcf079ff
dataset/brown_blight/20211226_002423.jpg,1,brown_blight,256,256,4426,True,,9ffa847fc9b3b3adac6d1f95a0642ad4e732b60ec207bc49055715e034e3370d,010101e1d0020101
dataset/algal_spot/20211227_133542.jpg,0,algal_spot,256,256,5249,True,,2f5c24edc9f42a92377c9e4f889641a45d21ec1085cde10bc355c56aa80dd579,ff9f71e0e4f0fbff
dataset/gray_blight/image_0_3539.jpg,2,gray_blight,256,256,6757,True,,bed5da26be23990eec62e50fe4765afac03bfad85a85c2e3af6df15682ebf6dd,0030f8dc38d04000
dataset/brown_blight/image_0_3555.jpg,1,brown_blight,256,256,6876,True,,a238dbb211a9d426839598675d2eea40e56259fbf45694b68d54212ed2861be0,3f7fa1e4e678311f
dataset/red_spot/image_0_1777.jpg,5,red_spot,256,255,4798,True,,5ad595f73f959a59446881e5c7edc324f3b2cba64fe9331432db5724b74cb090,4f67e7e3e3636327
dataset/healthy/image_0_1523.jpg,3,healthy,256,256,6180,True,,3a714989ac2148752c6a2ab15f48bbb64dfc14f3a43e333878adb679ad4e4e98,f3deb874e8f1c28c
dataset/healthy/image_0_221.jpg,3,healthy,256,256,5718,True,,ab73741996cbf745538178f953e96edc8056b05ef46d0362c9ad1706fa6efe88,0884829188e47038
dataset/red_spot/image_0_2040.jpg,5,red_spot,256,256,5301,True,,ae305e70acfe8fca800453864f23fc63a8351664d09f837e6088f2a67cb8c42f,c0c4f1e8c6fc78ff
dataset/helopeltis/image_0_2547.jpg,4,helopeltis,256,256,4946,True,,43fca4b9615b22277e86ec93ace79acd55aba4eb9af558177ecf6024ff8d7941,ffffdff878e1c7df
dataset/algal_spot/image_0_2100.jpg,0,algal_spot,256,256,6116,True,,99ca2eb9fd6d86e140e8096e04592ab8f398c4f1de797694603d53ae766d1da5,fd3fe3c0e4f81906
dataset/helopeltis/20220101_105251.jpg,4,helopeltis,256,256,4524,True,,a529a09f66b3e090855eacdb31d374795809c84a7f294ba947a44d1edf9bcd08,0080c2f8f071fefe
dataset/algal_spot/image_0_1719.jpg,0,algal_spot,256,256,5184,True,,5072c68c562370000d4c9b2a5d43a920406462043af2920773234c0619b6134e,30706060707030d0
dataset/healthy/image_0_3096.jpg,3,healthy,256,256,7363,True,,1b5830b8014a7946a6c7fcf102df83f89ac9b3508cafad5419576aaae3e6b790,011c78e2d0c0c1e2
dataset/healthy/image_0_1125.jpg,3,healthy,256,256,4913,True,,64668aff48717b483320465dc1fcb1e692458cf3dfb5bda469746074fcd55626,ffdfc3e06070b8dc
dataset/helopeltis/image_0_2297.jpg,4,helopeltis,256,256,4903,True,,3bb6a5d09d3143aa8906dde9e02a9c9d83e74cc89157b9a4f1a8c02157a96c36,ffdfb8f0e1cefc6b
dataset/red_spot/20211228_125515.jpg,5,red_spot,256,256,4934,True,,18cc2f13bafbae6f2544bb78d7b96df1047146495fa4602595ceb65b37723201,1f79f0fcfcf8f9ff
dataset/helopeltis/image_0_418.jpg,4,helopeltis,256,256,6136,True,,b97cb000f30278ee37f60fb33cdd414320d7198db122d30bc303da00929ee6f0,000070f0e8f87806
dataset/gray_blight/image_0_3800.jpg,2,gray_blight,256,256,4992,True,,bd6d3f578e0553de8736c457c8ecca47c445f71151316e142c0c14714a8f5bb1,25d3f170381cc7d6
dataset/helopeltis/image_0_2729.jpg,4,helopeltis,256,256,4746,True,,d9c1a44a29ae2e0a936917f25d019563a590040205b68212d58ec99efdd00e47,000004e0f1780c02
dataset/gray_blight/image_0_1132.jpg,2,gray_blight,256,256,5478,True,,3d437f393ffa440fd0c564d31bf1839e6630d463d533a5cde23acf0f44c5df4b,bf1ff8fcf8e0e7f6
dataset/healthy/20220101_094112.jpg,3,healthy,256,256,5894,True,,4c3cc675aa55c6728fb995248051792ee4a60f80c7653a986738d372f4882f9c,809e78e8d8c1c600
dataset/algal_spot/20211227_110152.jpg,0,algal_spot,256,256,6088,True,,1cc8a3271f8cfd435cb4d7d3306c1d0029c246609e92c9d8456e297f99f656fe,bf0ff9f8bcf8f9ff
dataset/brown_blight/20211226_002748.jpg,1,brown_blight,256,256,4952,True,,7e747c0b56e4483964023f0f68a19e2c6eba30ad7d83f8b4a72ed0e38d0629c0,030b34f2f2330303
dataset/healthy/20220101_102054.jpg,3,healthy,256,256,4799,True,,df5d210068365d59f0207039a4e421944ed9aa58676789b1201387baa637c177,0080f0f0e4f08280
dataset/algal_spot/20211227_132541.jpg,0,algal_spot,256,256,5779,True,,7a7ca8ea00bb39879b2152e144f2eceea6d2a7f8df22c5f8b53796d58d278819,100670e0d0f073dc
dataset/algal_spot/image_0_112.jpg,0,algal_spot,256,256,6570,True,,8d6d64866118eff77e096b9dea44be2fcfd06e77e067dea47027f6573a6310fd,079e78e0c8c1c248
dataset/healthy/image_0_1566.jpg,3,healthy,256,256,4516,True,,ee3fb78781c5b11c4348aa2511e3111cce6565aa70af44ead117c0321a082e33,23dac4e271381c83
dataset/algal_spot/image_0_645.jpg,0,algal_spot,256,256,5955,True,,b24ee2229187673fb0fccb3f7a4104036737bdd0f23c593983b3e798a0521808,878f7cf8c0c1dfff
dataset/gray_blight/image_0_2368.jpg,2,gray_blight,256,256,5567,True,,7af0104b171eb99074b09b33d42737301dd30dd0bc37d953a382d5f0bcf8dd32,011f83c0f03c8ce2
dataset/brown_blight/image_0_197.jpg,1,brown_blight,256,192,3705,True,,b71a9412c53584feda2b39b5f716c9184af5dacaec1da83d14de1b609c9278c9,ffffedf9f963e7ff
dataset/healthy/image_0_1642.jpg,3,healthy,256,256,6245,True,,4a9eea96dcabe51e96197774f34631ba5344b4ddf91a015d74b7f758fdfeb4db,0000e0f0dcfc78b9
dataset/brown_blight/image_0_5815.jpg,1,brown_blight,256,256,6711,True,,9dc9eccda182df34f23911e11a5e4bdbae7672cba61abc8f8de9ad1b8de68ff5,ffcf6330fcf9ffff
dataset/healthy/image_0_2118.jpg,3,healthy,256,256,5591,True,,3f6ee2c46b44718244205b3c0595c3c565e640f8a63acd12dca6b9aa9dd85375,00c0e0d8e0743871
dataset/algal_spot/image_0_2542.jpg,0,algal_spot,256,256,5911,True,,5ecb9536db05655341e140b8766066715890fcf561ac36e6402a7896987c185d,10c0c0d0e0783c01
dataset/brown_blight/image_0_4727.jpg,1,brown_blight,256,256,5525,True,,bad442f424a5e6cc4b48da86d0383742fce7afcbd7efbee9a61ccff2be686faa,0000c0c0e0e0e0e0
dataset/red_spot/20211227_155315.jpg,5,red_spot,256,256,5003,True,,192fd8a98562d25fcc1dcdb39a24684912e8228ce250c27859dfae8ee8135a8a,1022e0d0c0e08080
dataset/healthy/image_0_2821.jpg,3,healthy,256,256,5204,True,,758c547f6fc962726d38e29208f8f87d88b26563148171838319b684e88e1f74,0898b9b17971f2e0
dataset/brown_blight/image_0_8583.jpg,1,brown_blight,256,256,5174,True,,093828b42bb3f40123faa9307dd3fe05b8be19413d520d10ac1408e40ad55618,3f3f3f5bd8e03f3f
dataset/algal_spot/image_0_1657.jpg,0,algal_spot,256,256,6312,True,,4d205e1f5f2ce3d90d5d60997d08942b4684058fc9b81b45157d2f724ea9ac3e,23c3e0bcfcf83fff
dataset/helopeltis/20220101_122301.jpg,4,helopeltis,256,256,6360,True,,625e468b1c128b3245e4d96e97cc0cbb3864603ee5a661e7bd88f99d3f784249,a770e0d0b0f2e267
dataset/algal_spot/20211227_153330.jpg,0,algal_spot,256,256,5831,True,,ff026b0137e45698c1370b10d12977059726263f5c1de4a25fec1d21dbbad453,001679e080f0f00e
dataset/red_spot/image_0_2474.jpg,5,red_spot,256,256,4953,True,,a3da0ae4380945a696d8955914fd7a2023f8d93a07918cd8f7323319767b4a04,0f0f67f1f83b1f7f
dataset/red_spot/20211227_162225.jpg,5,red_spot,256,256,5203,True,,1dcfc8928951368782c84814c62839ea32ac6e29b80e87b658e249ebbc5e59ea,f9cf78f4ecf177ff
dataset/healthy/image_0_3204.jpg,3,healthy,256,256,5592,True,,51c05dc0df6f287373d24ef4e69b9bd5ca527c944edf17b0f484df0e516e036f,000080e0fc7e3c00
dataset/healthy/image_0_3412.jpg,3,healthy,256,256,4676,True,,d7e59390a34b0cc823594daa3dfe8a745476a83dd1bdecec53cffb8d04468f22,683959b9b1b1b2a4
dataset/healthy/image_0_644.jpg,3,healthy,256,256,5037,True,,66ba078fa944a322870adde346d497694e43a773bb97658a8cc52ab5b5fb12db,000070f8fcf87903
dataset/algal_spot/image_0_4169.jpg,0,algal_spot,256,256,5287,True,,fe28a0dc33e956f5d7be0b91a4ca09c759742074e46d587a6031b1ac82fc9b0d,372ee1d87c789ffe
dataset/helopeltis/image_0_3900.jpg,4,helopeltis,256,256,5054,True,,79543903642671ecf7a8c257991d410114b19c3564815ac8eec8a60de8ae139b,0000c0c0f8380000
dataset/healthy/image_0_2093.jpg,3,healthy,256,256,6906,True,,8cc83fb751a85efb8a114edd7acb60325e3ce9d0d91ce62e9dc11025381280f1,ccf8f0e8f8f0e0c4
dataset/brown_blight/20211227_164746.jpg,1,brown_blight,256,256,4439,True,,a7fa97fdf50a4f64866699e2f41a67e1f5e27dcb2c65da8a4a58db67c5f4f6ea,9ac738f4c0e1defe
dataset/red_spot/image_0_648.jpg,5,red_spot,256,256,4802,True,,89182bde69ba5dce1c5d3c6a10d26653e4393eb249a4f1f9627ac77952947e9f,02030378e0e30180
dataset/gray_blight/20220101_115334.jpg,2,gray_blight,256,256,5412,True,,0813dfa02b7f47b86beef1bf023080501f6241dfbb9111c695e531b750a5b4a9,fef73ff0dcf0f1ff
dataset/brown_blight/image_0_1612.jpg,1,brown_blight,256,256,4837,True,,45ce223358e50a3c344e96d9719443202d3e119d4ef2e2b0dd601424c6135ca6,0000c2c170b8cce0
dataset/algal_spot/image_0_244.jpg,0,algal_spot,256,256,6250,True,,111546df9afb4cab931523d6e5fc20328d275617014b30503aa589af7be09615,001c3cf8f9e3473c
dataset/brown_blight/image_0_6423.jpg,1,brown_blight,256,256,4966,True,,cfedab82a97e9840198ecf3fddca21d475deef882a655f7cbaaffcd6a8e9c5f6,800040c070380000
dataset/helopeltis/20220101_104816.jpg,4,helopeltis,256,256,5272,True,,7767036642a466a5b5075fd8d4f866e6e45a4ff81818a712fb26673e877367ea,fcfef3e0f8fcdeff
dataset/red_spot/20211227_160235.jpg,5,red_spot,256,256,4799,True,,8b86631fb327395c6cee25f5ff4c300ce500a06b139325c92f17f4fc1011f182,e4c678f4d4f01300
dataset/red_spot/image_0_1990.jpg,5,red_spot,256,256,5520,True,,43c2314a617c499f50ff2c13fd4067ffe542ffda2ad0ba16ca2947c3d86b17f3,07071170e0710703
dataset/helopeltis/20220101_102325.jpg,4,helopeltis,256,256,5148,True,,cd98a47fbc87d983550aa80e8cafe6bc5645dc1059118caa063df5eefeedca5f,e0f099f8c4f07107
dataset/red_spot/20211205_154858.jpg,5,red_spot,256,256,4723,True,,0a07f4a048abdb2114c212f827c79e359e440602980b96fa8c4a1207c0d2d6c1,ffbf71f8dcf0fdff
dataset/red_spot/20211228_125637.jpg,5,red_spot,256,256,6481,True,,eeed496245fd8fde72408cf8bdad3e0f1431d161fe1c5599650a604325b7b0e2,ffefe1c0dcf8f3ff
dataset/red_spot/image_0_1538.jpg,5,red_spot,256,256,5224,True,,a65abd202d1f271e1a937d9a083ad8c84ed30056e069f5541d6b29aef33bdc30,0000387cfcf0e000
dataset/red_spot/image_0_324.jpg,5,red_spot,256,256,4992,True,,517310e6de961b86df9348e4fc2eea0c9b648aed2306f41b5054a537363d6cc8,010307e371310702
dataset/gray_blight/20211228_133110.jpg,2,gray_blight,256,256,4634,True,,070925932685a64c2b75b318e888655a2f3759924d1353bd40869e33bc1a518f,fcf6f9d8d0f0f8f0
dataset/brown_blight/image_0_9646.jpg,1,brown_blight,256,256,7270,True,,450efe4129c07215d243c03114651170acd7d097f84a560db2736c365c4f4255,9f70f0b881c3cf7f
dataset/brown_blight/image_0_7730.jpg,1,brown_blight,256,256,5084,True,,786e5e61d7aae854a6066c192127692ff5abe7b834823b835751926cc7f232ce,000ce1c0e4742400
dataset/healthy/image_0_123.jpg,3,healthy,256,256,4628,True,,934c0539fef664adbd08c1cff95b722751ddfd3716d5888b7b164309f88554e3,00000c3c7ce0e000
dataset/gray_blight/image_0_1023.jpg,2,gray_blight,256,256,5583,True,,d5fab433311788840e82ce67b00686212b46481af4542f52168888d27e2a49da,023170d8d0c31c00
dataset/algal_spot/image_0_935.jpg,0,algal_spot,256,256,5644,True,,65941f258c972c9cb81ed2a3b6a227cb35b1e3c060f6edcc317c0639c462a68c,933ffc7c70e0e000
dataset/red_spot/20211227_161710.jpg,5,red_spot,256,256,5107,True,,b77c418e1df78d4bc61f4241461d65a7a3bda2cfed1ca453a47e84ee850e1028,3fe3e0bcf17fffff
dataset/helopeltis/image_0_631.jpg,4,helopeltis,256,256,5645,True,,ba67f0f65ed976f34d6ff637ea59cdb9d2b68c9775bdbc448c1b04d968d8c580,00061c3c70700000
dataset/healthy/20220101_101644.jpg,3,healthy,256,256,4803,True,,840d87edda9d962a6b2cad254cb6dfd5ad5ca38ffd6e44920bb2992caa0cfe3e,14b272f0f0f2f3a5
dataset/helopeltis/20220101_091041.jpg,4,helopeltis,256,256,4768,True,,a1978bce20cb86fb56f0b0f35a851045d61a8d462978af5b140f9c50cb838fbf,fffe9df8f8e0731f
dataset/algal_spot/image_0_3019.jpg,0,algal_spot,256,256,6044,True,,75c4c27de1690f4f3c9a1267f5e1f2aff7b99e46e306cdd1941721a2497e172a,0000f8ecee783803
dataset/helopeltis/image_0_1245.jpg,4,helopeltis,256,256,4924,True,,515fa4ff29d74d0bfbcae995bb243ffcd581322aa4730f1d160b49b240773298,60e6f8f869e0c200
dataset/gray_blight/image_0_3070.jpg,2,gray_blight,256,256,5073,True,,b30133638ab59dd6c36459e1ee37689cd0d22e1cce5d3b1075c83722578d1364,04c4c1e0f8190000
dataset/red_spot/20211227_155754.jpg,5,red_spot,256,256,4968,True,,94b4b8608456b4bf6b916d82937f6af9acb99ef4af101909c084261b0555ba1c,f8f8f8e0e0708000
dataset/gray_blight/image_0_1656.jpg,2,gray_blight,256,256,5961,True,,9f881f0ce62f242e4dcefd405257430e00301685d6b0dc278d54ea3f75a7e703,0000c0e0e8fc1ce1
dataset/red_spot/image_0_3207.jpg,5,red_spot,256,256,4413,True,,2139401af49591c4b9581046521bf5be9e302e7037dcc15063bdaa0c9b9b90ed,0103c3e379190f7e
dataset/healthy/20220101_091440.jpg,3,healthy,256,256,5030,True,,d30bd3d0a92fb8ca42238bfa7433a67ce35049b5a0a1f83ff0c164c3c63055b2,6765e3f3f3f2e1e7
dataset/algal_spot/20211226_103244.jpg,0,algal_spot,256,256,4693,True,,19cfca986498ba7b8dc9d7a5a93f6be20b19431fe1d74ae05859a090c3033044,f08ef0f0f0e11fff
dataset/algal_spot/image_0_4117.jpg,0,algal_spot,256,256,6936,True,,9abf93d54d9ffb9a3bcb0c7739bd74176054f5a74001848769c1c9dc7dc0b74b,b28cbc70e0c1c3cf
dataset/gray_blight/20220101_113104.jpg,2,gray_blight,256,256,5690,True,,0b690e16577fe37dd57a110db61948a2f585ec6d791458e07115490c36cd0b8d,c19370cce0f1e208
dataset/algal_spot/image_0_403.jpg,0,algal_spot,256,256,6558,True,,632ab969eb9f66000c030ff65f87ad107e91ed2293a0770a27f769327f05b529,0060f0b8f67819c3
dataset/helopeltis/20220101_103905.jpg,4,helopeltis,256,256,5092,True,,8ceeff2e7be83691efa114e34c1f229e704582d9d4c5f7292b2c582750cdbc71,f29f38fcdcf1f288
dataset/brown_blight/image_0_4377.jpg,1,brown_blight,256,256,5327,True,,e615f1b937f5eb0657d922037ddcc517316c96b323705fa446b9f117be364a06,030303e0ec040103
dataset/red_spot/20211225_230246.jpg,5,red_spot,256,256,5011,True,,268da1d1c61c796e65f9339fdf363033f6300fe25137424682d294c7058be471,030131f0cc700303
dataset/healthy/image_0_2765.jpg,3,healthy,256,256,4955,True,,2a4607ad79b711fef80df7314979588931c652a58558c2d857720720b8a0a38d,0000c2e0e0fcfcd8
dataset/healthy/image_0_3582.jpg,3,healthy,256,256,4710,True,,cfc8700e31467fc5005bee9a94618b43cc08349e86924940b0a3b471d76e4b34,0000e0f0f0700000
dataset/brown_blight/image_0_5498.jpg,1,brown_blight,256,256,6368,True,,9bc0f1929e912a41130d0361f0a29b821484fe7c1d17fbe81fdd7a2796330469,0000f0d8e4f81800
dataset/gray_blight/image_0_1606.jpg,2,gray_blight,256,256,6254,True,,955cb714d208281ed1599ff0799a0dc0c7d8d204eb84b311139b6ea87fe79fd7,0010f0c098c00000
dataset/gray_blight/20211225_234938.jpg,2,gray_blight,256,256,6306,True,,f1d232265ea6da776f4177e338222fe2af376a9f852d1f189082b16f9ba5d843,000020e0c4e00000
dataset/red_spot/20211227_155821.jpg,5,red_spot,256,256,4816,True,,54cdc8892509191c3f0d498a23b6b1e56969634ff8f30e3dd328702c2f4254b3,7cf8f0f4c4f0e0c0
dataset/brown_blight/image_0_8824.jpg,1,brown_blight,256,256,4857,True,,d19bfe2cdaf1e95d95bda9b7d83f23de25208d4dcff49a434ae14232736f88af,0000e0c0fc3c0000
dataset/helopeltis/image_0_1604.jpg,4,helopeltis,256,256,6377,True,,39bb1626d3de4ded0b2b5c455d909cc34da13cd65c3158b794d66580eea42942,0000c08080d0f800
dataset/brown_blight/image_0_4677.jpg,1,brown_blight,256,256,7600,True,,1758c2b990aa6e10c972cb143f974123778cd4b454ca11fc3ac53740f40d16a5,7f3f91f8f8f83b3f
dataset/brown_blight/20211228_122234.jpg,1,brown_blight,256,256,6042,True,,9ca2fcb1cba0fe5b955b79e5ddbb45c21456afa2947d383db2aa1c17eda34e1e,3f9f7eeede9cfdff
dataset/healthy/image_0_1002.jpg,3,healthy,256,256,4579,True,,6cce06ddd45a0ca9362a238a69a94857520d9ef68c494f54db36395414df16de,000060e0f0780c3c
dataset/brown_blight/image_0_9061.jpg,1,brown_blight,256,256,5932,True,,d8419c443c56e43cb56d28fb88d8df4f78a4cb591e795f9dee10149333e6e8c0,1f1fd3c1f8301b1f
dataset/gray_blight/image_0_4221.jpg,2,gray_blight,256,256,5842,True,,d679300d4b89a150670c90a63e88750921d87c8ea097ad05172fe7d96643145a,b94e3e7ce8d1e31c
dataset/brown_blight/image_0_4937.jpg,1,brown_blight,256,256,6138,True,,91d576448a54b14504408e6c2b6686c1c2564cc01f15b206eb3c96b87aaa1993,03c3e3c9fc7cdeff
dataset/algal_spot/image_0_3352.jpg,0,algal_spot,256,256,5866,True,,daab3ceeb71f337cf6ea75448924a09d5b704bf848307c4e015002367e848671,001c7874c8f1e6fc
dataset/gray_blight/image_0_3869.jpg,2,gray_blight,256,256,5409,True,,356b466e772ae867bd46ca596ffb8d7db2579eee2d659d0f13d1eae162b94854,0ce3d0d4e47898ae
dataset/red_spot/20211227_161924.jpg,5,red_spot,256,256,3593,True,,8535446881d78726d6f3589aadf60dfb1b87328c793f3ca37469a459ffb61fcf,fffffffcf8e1ffff
dataset/red_spot/image_0_3166.jpg,5,red_spot,256,256,5432,True,,b5b1ad5c39e42dc815c1e619c2e4855d5ae54213c6e2a998bac22a0edf6a7d3b,00c0e0f0e2780000
dataset/brown_blight/image_0_2626.jpg,1,brown_blight,256,256,5790,True,,4ab3ca2da062508b07d62b8116ae872942e36b73cafe7361cd03ccd305d97b46,00033070c0f30000
dataset/healthy/image_0_2728.jpg,3,healthy,256,256,5133,True,,56457eb294cc778abe9092be13abcc80187cccbee3bf3c9b825603da164b447b,374fe2d1f878f8fe
dataset/helopeltis/image_0_3833.jpg,4,helopeltis,256,256,4892,True,,61230e4d45148df8e8ce67f98eefd78ec3bac24bfcfa0ee5248da8508d3bf0a2,00000000e0e06000
dataset/red_spot/20211227_162315.jpg,5,red_spot,256,256,5095,True,,a9725edb5747a23b649c7c5bd8b3de18c4061d06ec25705d59c1c4116dd02c9d,3c19f8f2e0f0fffd
dataset/brown_blight/image_0_9341.jpg,1,brown_blight,256,256,4400,True,,7867518d512cbbffae98c18289c9c3fcac43c7c0f52878b494cbc68461d79e2e,0000e0e0f0300000
dataset/gray_blight/20211228_125212.jpg,2,gray_blight,256,256,6562,True,,2b3a013810ec91189bf61a63ea1ed6e0936eb3c02ce68bad640cfaba862402ed,1ff8e8bcdcf0b3ff
dataset/healthy/20220101_093752.jpg,3,healthy,256,256,4707,True,,769f5326ddb9f5e42c0ed4bd7f038a908e370dea939781d7095b6d055101bac6,00041878e0c0c2f0
dataset/brown_blight/image_0_2627.jpg,1,brown_blight,256,256,4681,True,,397a199eadc26ff15d81cfcc65f003a6e8007e7542b664c7221c69c4d494a71a,fdff7f797367dfff
dataset/helopeltis/image_0_3875.jpg,4,helopeltis,256,256,4847,True,,e8f1a1051666f872798dbb4bf162a5146e52add81f90e3be4f0e4a7186d16f75,fffffff9f8f1f3ff
dataset/healthy/image_0_1797.jpg,3,healthy,256,256,5178,True,,6511b122b428e1f52b6e0733dbde7c7fdcb0f2d008078455f044e6f7ad3c5bbc,0000e0e070780800
dataset/helopeltis/image_0_3866.jpg,4,helopeltis,256,256,5147,True,,c6a73738ac34b2ec1cc289bb91db9345dbb73ca0eff1f3414ca3c9a2110962e5,ffdfb87cf8f1731f
dataset/red_spot/image_0_344.jpg,5,red_spot,256,256,5451,True,,504b1e1b47b04fc5cf34da6820654e5fa6e55830580daefa6a01150906a88910,000000f8fc80c000
dataset/healthy/image_0_1543.jpg,3,healthy,256,256,6062,True,,62c45df23ddc9b5b68ed364b6ae1850e1e30376367623e3e208f91968d62940a,6080c0c0e8783c03
dataset/gray_blight/image_0_4076.jpg,2,gray_blight,256,256,6481,True,,63c0315104a9a9307fcb2bf684481eb6f502cf5ac765210d6164538e9cba3d7b,fbbfe3d0ccfcf8fc
dataset/algal_spot/image_0_2348.jpg,0,algal_spot,256,256,5683,True,,66fadeed1baaed21ed133b2e4bcafb570e2516bd0a9cb2ab368c4054a28eb7b7,30c0c0c0e0781c00
dataset/red_spot/image_0_396.jpg,5,red_spot,256,256,6567,True,,69b4f32c2a5ff1e955704cf04279f9fb5c6082d881bd08b3eff211bcafe83d6e,070e3e78f0e08000
dataset/healthy/image_0_1087.jpg,3,healthy,256,256,4253,True,,1604914cefc244a6b103b7b254cd117508cdb830f07f91bbe1ad2fe8047dd2d5,0f0f0c193933674f
dataset/helopeltis/20220101_113856.jpg,4,helopeltis,256,256,4228,True,,df737b0c42ffb48ef8a1d410b85991642d4a1532f36eb06ccdbf93493809db6e,fffffbb1f9fcffff
dataset/healthy/image_0_1378.jpg,3,healthy,256,256,5570,True,,d5779ffb1439be58bc586ff026a66ebeaf0cc8521848de5cc920436d81b8249c,0c36f1d8fc7c3810
dataset/gray_blight/20211228_132704.jpg,2,gray_blight,256,256,5022,True,,ef03b95e6a9d07fe0f5d0cd6e8fad1e2a398fab41281b4196d12e8f7306510e9,fecef0f0e8f8f0f0
dataset/algal_spot/image_0_2168.jpg,0,algal_spot,256,256,5298,True,,0302e4fa6c8b5e433461e9d0f647260f04ab95402abbfde5d234cc244933ae0b,2070707070707030
dataset/healthy/20220101_102035.jpg,3,healthy,256,256,5277,True,,770a59b915054b2adc9c5699a31024981d770cf8934a6ccbd62038ae59622f3f,60c4f0f0ccd0710a
dataset/gray_blight/20211227_153649.jpg,2,gray_blight,256,256,5051,True,,bcf7cd1dea75c4abfa6a5c580d6621711325e354e54a275c2584833ef02b6d62,0133f0dcf0f0fefe
dataset/gray_blight/image_0_1187.jpg,2,gray_blight,256,256,5079,True,,14fff3e228951b0b74819c03c66ca2ec8c8bcd6fa266b65e77c29020f8354143,c79c78f0c1c77fff
dataset/algal_spot/image_0_1416.jpg,0,algal_spot,256,256,4911,True,,c10bb8e364c3c55b1209c7844da9fbe5a01fd71c02e8598d59fadb17e3467486,2006f1f0e0430000
dataset/brown_blight/image_0_8374.jpg,1,brown_blight,256,256,4954,True,,3bc67f9ebbd258f46339052bc4a4d24a395052ffc5a9a695dffb98fd49370eb1,00031c3861c38000
dataset/healthy/image_0_1181.jpg,3,healthy,256,256,4224,True,,0fb0164c548e1e1774681e08552ee750c551765cddcd33ac42d4f8fb3ebb9d2e,000030e070380900
dataset/gray_blight/20211227_165017.jpg,2,gray_blight,256,256,5692,True,,0f804a0bf39fef724345f1a0e74d0e78ffc63fc5a0cc1cb26e329502f3c67b3f,0f0f78f8f8f03fff
dataset/gray_blight/20220101_113625.jpg,2,gray_blight,256,256,5535,True,,2db5bcdfe4a69124326fa59096953d35792f89301145da20b36674427f695b06,ff3ff8ccf071ffff
dataset/algal_spot/20211227_151635.jpg,0,algal_spot,256,256,5288,True,,b5722da955b0c69ab033c65a48ad93cb1870026cfffd6ce9e0560986a01b75a1,e023f0dcf8e16eff
dataset/red_spot/image_0_3124.jpg,5,red_spot,256,256,5032,True,,e702540f18f584e5bc6d9d4bc34f69528d57e2ea6ba10e9207ae052ece4c019d,0000e0c0e87cfce6
dataset/algal_spot/image_0_1081.jpg,0,algal_spot,256,256,5273,True,,e152b83360c74567d1156c6e98a107990f6dbe1c5ef2f0cee05c280816a4b047,1f1f1fe0c8f00f0f
dataset/brown_blight/image_0_9024.jpg,1,brown_blight,256,256,6659,True,,0f14cf9532d90235856d61cbff7ad8431616734abf07d9a9c45f6417143750ec,00013cf8e0a0c000
dataset/red_spot/20211225_225900.jpg,5,red_spot,256,256,4982,True,,aaf8d45b5dd3297794bcb21ea4ce80a3044d3e24c7708cff1f7ea9071a38daf5,030361e0e0700301
dataset/brown_blight/20211226_002639.jpg,1,brown_blight,256,256,5284,True,,d8600a9967b7ebe1ed528dd6a9176d26ee046f18df04dbe7a75f94df98a234ed,070f61f094110303
dataset/red_spot/image_0_118.jpg,5,red_spot,256,256,5302,True,,1b947e57c4d937068f3b2d1faa9d0f7e3f37b79a1df344de4b38d3b0b0bbbde6,071978c0d0c1e7fc
dataset/gray_blight/image_0_3533.jpg,2,gray_blight,256,256,6717,True,,3590348f1fc008c5e6c24bf7fa709fbd89905ae6a0aa958e90d86360ef967430,1978f8dcf8e1673f
dataset/red_spot/20211227_160409.jpg,5,red_spot,256,256,5369,True,,1ad1a1c3de83855b28f314e956699c1f0e3aafed8696c80b323484e0277f0e42,c089f8d4fc780d08
dataset/brown_blight/20211226_003014.jpg,1,brown_blight,256,256,5764,True,,01dd7d91ceea20683c98c966f39fea257fb5a20f40926866265a42d0d47b8c73,030f31e4f2720707
dataset/red_spot/image_0_925.jpg,5,red_spot,256,256,5669,True,,e9496bceed7b3eae3e20aa0aca02140efd14e6de0eda7398324d9d1d2a71a228,c271e8c6e0f08e8e
dataset/helopeltis/image_0_2839.jpg,4,helopeltis,256,256,5197,True,,b951b5d2f32aa830bbfd25992bf31f24d66a587aef11219560c5d6bd71bfc4f4,00008480f0f00000
dataset/gray_blight/image_0_680.jpg,2,gray_blight,256,256,5345,True,,2e671c26ee8c322ad96afb6d135c661ff7a3816294da1967ec7e4fbd72d2bfe8,03ecbcf8e0e1e200
dataset/algal_spot/20211227_151856.jpg,0,algal_spot,256,256,5299,True,,8bffd7d1b2c639a1c1a5ba49cedcb75c44c9f9e5e901f3e9ad106885f22d51ad,d6b7f0ece0e1fefe
dataset/brown_blight/image_0_7130.jpg,1,brown_blight,256,256,5235,True,,94f8c9ccbd14756a950d92eb3cdf0c7b2a2b73d3ade569867c27cf7c4b5f1f18,080ce1c0fc7c0100
dataset/healthy/20220101_113221.jpg,3,healthy,256,256,5858,True,,bbac29801b6dd9c9df1fdad091f7d97539956ed0b80eb498a64da1a97c4b0ecb,dfb370fcfcf8f8ff
dataset/algal_spot/image_0_3396.jpg,0,algal_spot,256,256,4745,True,,ee7019827d467ab668f4ee1bae8ba4daa51e286d3d11a1670c164f18fe687711,00003e74e0c08020
dataset/gray_blight/20220101_115605.jpg,2,gray_blight,256,256,6014,True,,dc647d5baa1f690b5ed60b0e3d9b091b5b51a059393f25965bcf8a9e2440473d,df5f79b8b6e078ff
dataset/brown_blight/image_0_7703.jpg,1,brown_blight,256,256,5570,True,,5d8c6956a881b1bc4d66da68d262c1711a1cacac314bec939621d34a355bcea5,7f3ff1f4ee7f7f7f
dataset/healthy/image_0_46.jpg,3,healthy,256,256,6265,True,,7e5e96fcb6049a6b0fac9b671becc22fe3e02c4469c4931be2cb67b9075b09d7,20c0c080c4f43c0b
dataset/algal_spot/image_0_665.jpg,0,algal_spot,256,256,6340,True,,ccc64512722da483f4685220e6d3fc8f75571c1a8fc2213bfb05084f7bf14c25,0082c1d8ec7c1c00
dataset/brown_blight/image_0_6627.jpg,1,brown_blight,256,256,4675,True,,26ec9f45010936f134e4611ab1e722fe1d11397217801556f8cca4261c59a109,000ae1f07c1c0100
dataset/helopeltis/image_0_3168.jpg,4,helopeltis,256,256,5369,True,,036d95a1675984a0e337b736d40123ae554a1f09a8c028f430949c8761e3336c,30c4e2f2f1f9f9ec
dataset/healthy/image_0_2083.jpg,3,healthy,256,256,5414,True,,4a6516a67a51b38990b677332010e3e26968f3691014d0e0106037f60b687d1c,0000e0c0f4700000
dataset/healthy/image_0_3546.jpg,3,healthy,256,256,5155,True,,44e758d3931bb1d970809766a41d35d0c430b8041a6c9c62e325e525cf94cef9,000078fcf8e1061f
dataset/algal_spot/20211227_105608.jpg,0,algal_spot,256,256,4545,True,,ecab9536660d93b4bbfd36bdf7326a5c6f4d5d8f0eb5f484de548b02055cc534,bf8f33f0d8f07fff
dataset/helopeltis/image_0_3408.jpg,4,helopeltis,256,256,4864,True,,834de38121174fa27eb812aedd0ebe57c30ac7e006332eae1150de6d9009d714,000060e0f070383f
dataset/brown_blight/image_0_1178.jpg,1,brown_blight,256,256,5669,True,,ba34f3d0feabfff1dae7bd6c93824f45061427cc218f69f1b9f043fd70931127,010e3c7870e0c0e0
dataset/helopeltis/image_0_3966.jpg,4,helopeltis,256,256,5203,True,,fca2adca67ec982e0246872bde67b5ab03fcff9084596cc592ffcf013b12f9c2,288e70f8ccf1e380
dataset/helopeltis/image_0_3323.jpg,4,helopeltis,256,256,5144,True,,97dc19b448999a3001f0c1723f4944402833c57c653c5c5188f30d9a709763ae,000031f0f8381800
dataset/brown_blight/image_0_3896.jpg,1,brown_blight,256,256,7273,True,,7bb3cba646f5b0f769b1facba2eea2d30a0e44fbf0c2922b7cf07b1f374af381,7f3fe7e3f3791f3f
dataset/red_spot/20211227_155651.jpg,5,red_spot,256,256,4797,True,,3c784476f8ed45d2cb92231edec5a8d7ef3d32a67fcf0589133449c7eeec0def,421e71f0fcf0e080
dataset/healthy/image_0_1263.jpg,3,healthy,256,256,5453,True,,de249492e6215c9e7f3f1dcde0e7bfe7496028b09d5188ca2465e5ef43a47924,fffefc74f0c1e1e1
dataset/helopeltis/image_0_3796.jpg,4,helopeltis,256,256,5898,True,,445aaf9582bb9d0ccf32007fd3ce0d03e3e9fea5666780e2e0b3023080697a9e,613efefcd0c34c21
dataset/helopeltis/image_0_4108.jpg,4,helopeltis,256,256,6669,True,,ddf755e3e8354e6e43336233f24715a81f6dab1981f17aca461d5c57a245f8a3,001878ecd0f0c040
dataset/healthy/image_0_902.jpg,3,healthy,256,256,6359,True,,74b427659295d5279e79078442fce9181dd4d9e552f01035fec31565c6e732f1,383978ecece06000
dataset/algal_spot/image_0_2259.jpg,0,algal_spot,256,256,5585,True,,dffc2af3dcd26695e25b10b344c9b2026d09c0d56512e59db7376c6894e48580,5f1fe1e0ecf0ffff
dataset/healthy/20220101_103840.jpg,3,healthy,256,256,4670,True,,c40874d71ff2575a5ace2bb898ead1ad8079fdc4afc1cc0e1258c2c21c9ee1d0,601c3bf8f8e0e2c0
dataset/red_spot/image_0_1512.jpg,5,red_spot,256,256,4589,True,,d5ea4229ea069c6a53f6e63516cc3748117f202d2c9cd3356d283751acc12ee3,000060e0d8f03000
dataset/healthy/image_0_1288.jpg,3,healthy,256,256,4764,True,,1881245701609a494f9120c9e17486f530318fe1e5416b36c1a4003ac3e40926,0000c0e0f8fc3803
dataset/algal_spot/image_0_766.jpg,0,algal_spot,256,256,4556,True,,2858d58b808ded02f89717759481f60fee511bf580ba3fa7b90d2a28fbf6e1d2,0000c4c1713c0c00
dataset/helopeltis/image_0_2192.jpg,4,helopeltis,256,256,4397,True,,57facbc4d50f7ff7e0732c0bc5f490d4a5dae7afe9f4fda45d2f0aca3b44733e,0000407070380c80
dataset/healthy/image_0_1371.jpg,3,healthy,256,256,4366,True,,93fb1c1563bd7319d6d28e50cb225aa514bbb1fc587a3ba5ec4bb6678dcfef71,fffff8fcf8f0f8f8
dataset/gray_blight/20211228_141517.jpg,2,gray_blight,256,256,4906,True,,e434f5f0b37d6b9fb2a6d5464473062ddbbe1a44bca8614a378e7a5ae72b752a,000022f0c4e4390c
dataset/red_spot/image_0_3163.jpg,5,red_spot,256,256,4846,True,,5b5ceeba1264e67b4753cde0d841b1a6460365ae26672640d06f101c66a82c20,41cc98b8f0e06000
dataset/algal_spot/20211227_151941.jpg,0,algal_spot,256,256,6284,True,,75970b88b74ab9868fa50fc476f4d2db5502c27fcab77fae445c8c333b2009da,33f0ccf0f8f177ff
dataset/helopeltis/image_0_3398.jpg,4,helopeltis,256,256,6113,True,,6bac9c0ee2631d99dacf7080978c4ec40a4d1cef779cf2d5cdecfb8709c98607,1ec2c1e0e4fafae5
dataset/gray_blight/20211228_140535.jpg,2,gray_blight,256,256,4834,True,,1402dd35ad4c3cc56b145e5ac1b5f1e9a5cb5acd8f689863294c273f72197fdb,0002f0e0c0e02605
dataset/algal_spot/image_0_2533.jpg,0,algal_spot,256,256,5969,True,,41691a0a9fb80cd5f09eeb67b37dfec144f0fad28247dc477dec015b1e21d6e9,041c3870e8d1e161
dataset/helopeltis/20220101_105814.jpg,4,helopeltis,256,256,4845,True,,29a487f7de1d3de19f3c9681718d05f4eff2d30a1842e6a5e7e83e706ba97e1c,fffff3f0fcfeffff
dataset/brown_blight/image_0_5795.jpg,1,brown_blight,256,256,4972,True,,44d6178ccb718b3009eca088b02d380ccfcad3ca78d69b98b84724fd3ee7f788,00c4c2f1783c0c01
dataset/algal_spot/20211227_102403.jpg,0,algal_spot,256,256,4809,True,,473ad212dbec4a4a368698d9b3fc3e5634b32332ebeef8058c5fe570462d00a1,f99f70f8fcf8ffff
dataset/helopeltis/image_0_2167.jpg,4,helopeltis,256,256,3432,True,,277c8cea21966ea2f354aebfcefa1102fd9c8c57004c88dbbd2951e857673817,00001c7861000000
dataset/red_spot/image_0_1282.jpg,5,red_spot,256,256,5042,True,,a8c9e145477e7d5aacb1ed32bf65af25a650c18bc9ce7caeb450513b13a4825c,0010c2c0e83c0c00
dataset/gray_blight/image_0_2849.jpg,2,gray_blight,256,256,6280,True,,72ebde84751ac59689fc400c7e9f20432aff1441ef20d386c11fdc64bdee1027,0020e0d0d8f87007
dataset/gray_blight/20211228_141412.jpg,2,gray_blight,256,256,5691,True,,f3b0e47d6ce612cf3ea3f03f89416a1f2f2357c6d4ab9c4eff42182a64233946,000070f8dcf0300c
dataset/red_spot/20211227_155812.jpg,5,red_spot,256,256,6110,True,,5ab1f34b20756c6590e99b0292ebbe138140566c8e78ead6ed87e1dad3248867,fcfef8f8c8f0e000
dataset/brown_blight/image_0_1364.jpg,1,brown_blight,256,256,6204,True,,51fd6c69b189b7223324a6b19ef9b67ec477504646b8028412a52c20add3b996,000080c0e0781900
dataset/algal_spot/image_0_613.jpg,0,algal_spot,256,256,5213,True,,f55e09d17504517fad0fd98f8b664a312392f62de25d4a8d8732d6aa0e5d36be,3070706070b0b0d0
dataset/algal_spot/20211227_140320.jpg,0,algal_spot,256,256,5018,True,,45da9026fa838bcdef5df746494559fe22b998824f636a407609d1a06639e2ca,090f71f0ccf0f3ff
dataset/algal_spot/image_0_2069.jpg,0,algal_spot,256,256,6838,True,,7e316e127c94051ade0763fd8af159aa9483432487cb7d0670ebb60260b17399,00c0c0f8cc703800
dataset/algal_spot/20211227_102046.jpg,0,algal_spot,256,256,5345,True,,d95e0318ae3fa756f5fd3ffedd1c403c5994b884ff8d2736dac2bcb282830c11,dd73f0fcf8f17fff
dataset/helopeltis/20220101_101757.jpg,4,helopeltis,256,256,5514,True,,1c72737e98f3acc697f8e3723e0da5eb9ed344cdcecbb592b2bc8ee32eaae8ec,a46060f0e0687113
dataset/helopeltis/image_0_2229.jpg,4,helopeltis,256,256,5233,True,,73003b2c15a2aa1aa7dbde744d2d305412868add371df4578ef36c0cce2a05a3,0001b870ece0f38d
dataset/red_spot/image_0_440.jpg,5,red_spot,256,256,5771,True,,ffe89e9885482b1bfc03a429637ff3e448665b837ae41c17edf45a5492ac2ca2,9f0fe7e1f878392e
dataset/brown_blight/20211226_003230.jpg,1,brown_blight,256,256,5246,True,,8526bf31a9daf2f9e443aee7a982f2a08297fcaef28fe6dc86071ba246360a92,030313f0f4380301
dataset/brown_blight/image_0_4707.jpg,1,brown_blight,256,256,7051,True,,3693394dc7ce824a994c00b83ea6fde20fa38ac795204925f5746140be217ee3,0080e2f0603e1c00
dataset/red_spot/20211227_161236.jpg,5,red_spot,256,256,4946,True,,94dcbdffda95deb55c549bf65dbb86fdaa68173af9fc18b91f236399dfacb2fc,fe67e1c8ccf8f8ff
dataset/helopeltis/image_0_3123.jpg,4,helopeltis,256,256,6030,True,,7a89da92adcfeb00e814837f28a7b5bd63deb7c0a8cb2de481f3de84411cfdb5,000078f2d680e000
dataset/gray_blight/image_0_4054.jpg,2,gray_blight,256,256,4648,True,,6d37506997e45847cdc76745e003ed924c0d201d76f31e67c03a7c64dc2c60bb,ffffcdc1e0f8fce0
dataset/helopeltis/20220101_105435.jpg,4,helopeltis,256,256,4762,True,,24fbdaa60c6bbd14e8eebcc24a91947cbc5474aae2366c4fd2bd43e534d9a5f4,fefff8f8fcfcffff
dataset/helopeltis/image_0_201.jpg,4,helopeltis,256,256,6131,True,,2426efb366bc061621139d25218c3162125e15b5bbd7b4d3b945405a3d6ac053,fbdc74e2d8e8e1c7
dataset/healthy/20220101_092625.jpg,3,healthy,256,256,4973,True,,e18869e9f9957071ede80b26fbac5058dc3d1c60b47e7124bd96d0b7d50ddb96,dbb9b97979b1b3d3
dataset/red_spot/image_0_1678.jpg,5,red_spot,256,256,5166,True,,45f6ba99d5478c8953d2657a4283d20a085412e416ff95b76c3be63f8f2620ac,001878ecdce06000
dataset/red_spot/image_0_1629.jpg,5,red_spot,256,256,4754,True,,a098ef79ab1cb620617d647d331c8d26dfb3d594c342b3735b41d9724d6c69c3,1e0ee2c0fcb8ffff
dataset/brown_blight/image_0_8633.jpg,1,brown_blight,256,256,5279,True,,09727bdc14fbdb714caab7fd26ee7e138ee022142e3acaa0c5b81d93c56ca60e,fe7f5e7ce1b73fbf
dataset/helopeltis/20220101_113942.jpg,4,helopeltis,256,256,6416,True,,ee212fc63504139cd970f4ce054d8ffa1dec5ab5f56d06d9bbcf4a56e7614bd7,ffdff1f8d4f0f8ff
dataset/brown_blight/image_0_7721.jpg,1,brown_blight,256,256,5311,True,,46911d4e7eeaef04ed7eb2a850f168ff7c99092e86acacbdd7d5f6ab0d982ab3,00c8c5c2f0700000
dataset/algal_spot/image_0_2680.jpg,0,algal_spot,256,256,6877,True,,ad8db9e6e0385d156381a5fb45f7688f63cbb99f8f41ad564b9ba88b1f503d59,0ee2c0e070380f01
dataset/algal_spot/image_0_1465.jpg,0,algal_spot,256,256,4790,True,,a0a30001c3059557c9859b388272c7254c28ba81336697b602c117774ed02a2d,660338f8f073ffff
dataset/gray_blight/20211228_133437.jpg,2,gray_blight,256,256,5164,True,,cb7f181fefe3a75ad002eddb4a41dd6bcf554bdcf6e95dee75657a265bdad96d,fffeb1f0cae0f0c0
dataset/gray_blight/20211228_152329.jpg,2,gray_blight,256,256,4818,True,,a54e960b56c8e0fc5a920dad81cb4d053be8a272e6ebce0f1601a2e372f865e0,6fcf33f0fcd87fff
dataset/algal_spot/image_0_3855.jpg,0,algal_spot,256,256,4806,True,,981cbf7890430c6675dabc149ff6df2cdf1bff3ec3037e1ded65b9f12f7f9a96,0000f8f8f071fcc8
dataset/algal_spot/20211227_101655.jpg,0,algal_spot,256,256,4394,True,,51945b1d5255670f4c8c8942b9727dc8df8c4f76c917e490812c9bcc60dd2806,fbfb3ff0fcf03fff
dataset/helopeltis/image_0_1724.jpg,4,helopeltis,256,256,8100,True,,441c01505ffa57ebdebe0c5590f653aac4218b9ce421707a0862fcaaa705f1df,f8f4c8c8e078b878
dataset/red_spot/image_0_753.jpg,5,red_spot,256,256,5218,True,,655f0a5ba29c4dd1d148513190664f2388c95868d7e12481cadcbc9b429380d5,07c6c180e07c0020
dataset/healthy/image_0_313.jpg,3,healthy,256,256,4903,True,,15b018d28f20455e421b5dbd26b2d630230314bbea7fb5a012e52f9e4cd7934d,11c9e47371b1b9dc
dataset/helopeltis/image_0_3614.jpg,4,helopeltis,256,256,5204,True,,d998986a49412687b0332d43115a78e1e4f4ec862111ffe33327d0e0bc3ed85d,000080c0f0f8343e
dataset/algal_spot/20211226_101553.jpg,0,algal_spot,256,256,5697,True,,ca883560cf88894222dc07412c42b7c1894aecf6f7726abe17127e9e8d663cba,1b0f71f0f4f07bef
dataset/healthy/20220101_103401.jpg,3,healthy,256,256,4896,True,,d39947eb9579387eb1538ddc1da9d8c2a9d5ba5a15f523ef39e186100e0ec427,80c0f8f0cce0a200
dataset/red_spot/20211227_161122.jpg,5,red_spot,256,256,5039,True,,22abfbcf8cee337a639af6d5c153c978e8096d9b9f4080304ef05218373caecd,c78739f8e4e8709f
dataset/gray_blight/image_0_1640.jpg,2,gray_blight,256,256,4888,True,,43457ce9e20184bd632c6dd7b78de8521a88a9f6b3007732e5fc534726b7dab5,00001c38f0c0c000
dataset/red_spot/image_0_2649.jpg,5,red_spot,256,256,6285,True,,7b23da1283517ab77660b90cf73a09014b60abdf153fce939ed93c633d91cd0e,0303c1c0c4e0f107
dataset/healthy/image_0_971.jpg,3,healthy,256,256,5261,True,,2ba0d99190287775858538309136e445b0a4bc4a66e21088d5e20094240c29e9,0060e0f1e979f9fd
dataset/algal_spot/image_0_4075.jpg,0,algal_spot,256,256,5723,True,,248ac40eac0deac2e8fb401aa0a6f8331875a432de75aadd701c12d6413750ca,1978f0e8e0e3fce0
dataset/brown_blight/20211226_000508.jpg,1,brown_blight,256,256,6399,True,,98b8a81588b3a37a14d8841bfafe4e690ef7825eb55ee1b40193f795f09d3f06,010161c0cce80101
dataset/gray_blight/20211227_164009.jpg,2,gray_blight,256,256,4810,True,,4ca3e98e3af5004aac0831388ff5c7d0921761aa9819fdd4fb8bf1d0d4164333,690dfcd8fcf077ff
dataset/algal_spot/image_0_3885.jpg,0,algal_spot,256,256,4697,True,,7f881b6fec79318af12efffb327826f82c043ae28b343201a45bee8c35041bb1,0000e0c0703c0000
dataset/algal_spot/image_0_2130.jpg,0,algal_spot,256,256,5743,True,,722a986d764dbf4c68f2747b7bf844a43754efcd630f430bee12a910a9f40589,000038f0c480c108
dataset/brown_blight/image_0_7768.jpg,1,brown_blight,256,256,5224,True,,efe0c44891de89f5e6cd0bda98aa5203dd41895a67fdffddcb0860f152942814,039c7ce0c38efef8
dataset/algal_spot/image_0_3873.jpg,0,algal_spot,256,256,7449,True,,178df5394135e467df4188059341bb86f030249d824a4bcb72ec7c38524784ed,0853d0f8f8fc7013
dataset/helopeltis/image_0_3998.jpg,4,helopeltis,256,256,5115,True,,1bac9f305a1fc32aa22ccc54409c26d2f76d48d0e90d9c77e69883c4deece0d4,00c0c0d0e8743800
dataset/algal_spot/image_0_2714.jpg,0,algal_spot,256,256,6280,True,,4818c84fbb21fd3c4c86875312344021f124e8f4e37d719bfa96c6524695af2c,000038f888c003c1
dataset/red_spot/image_0_3222.jpg,5,red_spot,256,256,5612,True,,0e633912a66035007b800bdcce7d4b46912322ced5b71f2f731fafb90bcf5712,0318387071610500
dataset/brown_blight/image_0_2224.jpg,1,brown_blight,256,256,6010,True,,96b073dd69f557d5dabf59204c59b3a3a1977ceab93611a88e98583c88212ecf,0080c0f1f1791d85
dataset/algal_spot/20211227_105637.jpg,0,algal_spot,256,256,7849,True,,7df981c284c56d0259fcb072d258b2ca2b3082d3c92c767f1a688b2806daf621,0739f8ccdcf8798f
dataset/algal_spot/image_0_3220.jpg,0,algal_spot,256,256,5366,True,,c72947f13f6480970f6a7647c942c892735a526587ac42ba6a4d007d5c9acf4d,f7e3fcfea8e1ffff
dataset/red_spot/image_0_3110.jpg,5,red_spot,256,256,5602,True,,9eead427952d3601b7404d671eee1b12ccd5e88792f63127278b597d888e8b67,bf0ff1f8b6f0e7ff
dataset/helopeltis/image_0_4042.jpg,4,helopeltis,256,256,4945,True,,fc6a3908c062b2f668554ad31e345d4355b16aaffe3a2c0105a5ddffc79426fa,000060e0e0781c00
dataset/brown_blight/image_0_758.jpg,1,brown_blight,256,256,4848,True,,ac7af1f691347cb88d7678c71aefe20c3e5a8d79457ab726579c5129c22a6188,000030e0e8781c01
dataset/helopeltis/20220101_105737.jpg,4,helopeltis,256,256,4458,True,,5441e883a5e9e3aa2a45cc5bfe5e35e5876c31a8478cd4218996ccf8d1ec84dd,f3f3f1f1f1f1f3ee
dataset/healthy/image_0_2028.jpg,3,healthy,256,256,3940,True,,4b2d07028d6973ead8998facb2c4c6db04119cf5374603b560f23b88aad7592e,00001cf8e0e00000
dataset/healthy/20220101_101954.jpg,3,healthy,256,256,4745,True,,69bdf2bda57917c12ccc4e978b7211928ef3bfd6aaa35efbd57530976db35cac,e0c278f8f8f80300
dataset/healthy/image_0_3524.jpg,3,healthy,256,256,5944,True,,5d42e1a4fd11f5afd43dc0041e719c339acab3cb2c79a2c8a66b109edad03e9e,20c0c4e2f07874b8
dataset/brown_blight/image_0_3817.jpg,1,brown_blight,256,256,5808,True,,381816447628d51ead937096d2c873e4be5c4c2dba4d7c51630ef191aa56451a,3f3ff3d0c4e53f3f
dataset/healthy/image_0_178.jpg,3,healthy,256,256,5088,True,,eb44c79faa4a70a30870492d7afe0444914c44d6e68b3534c8454e292a94223a,3f4dc3f1f978fcfa
dataset/brown_blight/image_0_8932.jpg,1,brown_blight,256,256,4642,True,,9e6b9d3b7b939f5030532d69e997a3e88ccc2a1256cb13c6114377231fea2d5f,0f060c3c69610307
dataset/gray_blight/20211228_135852.jpg,2,gray_blight,256,256,4930,True,,665cf1bdd076b26f1870b76dd4ebebbf1cce876a1e4fca55f154495f3f81ab40,0000f0e4f8700000
dataset/helopeltis/20220101_100125.jpg,4,helopeltis,256,256,3926,True,,c2ed0c1c4fedcd0bd26e0993677a15d2843a3973c83d88635b2bdfc2c14c743d,f0f1271c3c307375
dataset/gray_blight/image_0_1074.jpg,2,gray_blight,256,256,5727,True,,6326d49a80e75aa2bd402c1cb3a896acc6f165f3018707ff107d79090af5f540,3ccee0f0ecfcffff
dataset/healthy/20220101_101908.jpg,3,healthy,256,256,4830,True,,cf7b0db1df5351f67a292a3c16377e7a9dfb409459a22fe45aff4fb087559fcb,404031f0c8e12200
dataset/red_spot/image_0_992.jpg,5,red_spot,256,256,5461,True,,0551323ebbb048c977f8d62035b83aa799e77486d05c5e209cd3e9087111bd12,1f1fe3e1783c0f7e
dataset/brown_blight/image_0_836.jpg,1,brown_blight,256,256,5170,True,,0d58a2b69fa1dca9076f3e28a23472c2a7162a6faae94fb6b62091aff721615e,00001870e8c80000
dataset/helopeltis/20220101_105240.jpg,4,helopeltis,256,256,4916,True,,8499f5218d6ca9074d06991bfedf194a69d73762c758757c4206373b9c1e33b9,c0f0f0e4f8f8ffff
dataset/algal_spot/20211227_154659.jpg,0,algal_spot,256,256,4974,True,,9e7a1aca051d1de895fe9744dbdb107d5b1a65de9527b4f14e9532b27e330b89,7e9f70f0f0f0b7f4
dataset/gray_blight/20211228_142130.jpg,2,gray_blight,256,256,4814,True,,043a103de6d44e396ad0c20c118232e0c2c78632891666fbb2452c5992865568,101010e8d8e0730f
dataset/algal_spot/20211227_140306.jpg,0,algal_spot,256,256,5585,True,,fa4d2fc2579638c7fb128a15f4bd3ada774c78d7094b42baade02c2f10aac36e,030771f8dcf0338f
dataset/healthy/image_0_549.jpg,3,healthy,256,256,4684,True,,32e1b4b1282985a0655250fc97caffc49a8c9bd88e1cd1bd715b18dc7929d815,ffeebe7ce8e1c27c
dataset/brown_blight/image_0_7297.jpg,1,brown_blight,256,256,6338,True,,36422c6df9f02d8517e57baed0f9a8f11f378f5272b3380bb090fcf7ba5bef9f,010060c0fc180101
dataset/red_spot/image_0_2243.jpg,5,red_spot,256,256,4435,True,,5ba1b370a3c4cde47f53b98408a2cf42174edfaffb0b7bfc2b5900ebbac00684,000631f8e0600000
dataset/healthy/image_0_2390.jpg,3,healthy,256,256,4234,True,,5bf4071da06c1488cc0186217653cba0e471b1881cc0095c6cb6c0b8837a5add,000071f8f871073f
dataset/gray_blight/20211228_125246.jpg,2,gray_blight,256,256,5417,True,,ac2940927ee63aecd549fe991a58340238206c66608c8dcc45ee8d96148daa1e,bf9b70ecfc78ffff
dataset/helopeltis/20211205_155954.jpg,4,helopeltis,256,256,4076,True,,b1070af30ae060c7e7fc47c4d3c808cd39a08ce663f7f6ee6985b93bcf2c9d02,0000003838000000
dataset/helopeltis/image_0_2465.jpg,4,helopeltis,256,256,5951,True,,a4ba0b7841bc6834d6b042fc73735af46c5e74fe2d9d72937c09db938456b4bd,dfffbefcf0f0f37f
dataset/algal_spot/image_0_2593.jpg,0,algal_spot,256,256,4130,True,,c1fdc420a1ccf3cbb0fa78c032c9839d28d67871c62c877721eb57bd8d265005,1f5f9b71e0f1ffff
dataset/red_spot/20211227_161354.jpg,5,red_spot,256,256,5199,True,,e614db6f2b48bb22f4dbc79076eb165a1ffbf8d7cff4739097833020c382fb1b,2a33f0e4f4f033df
dataset/healthy/image_0_3148.jpg,3,healthy,256,256,4193,True,,cd86a48ef37ded3f78ec8d163f73b81c54b875b241cd3176ac31838e67b67ac5,0000c0c0e8780800
dataset/gray_blight/image_0_3398.jpg,2,gray_blight,256,256,5608,True,,afa19d29d1380897c2f62caac359517b3290354ae427e08ae9db3e1d3707cc18,000078e080e00600
dataset/algal_spot/image_0_1704.jpg,0,algal_spot,256,256,5555,True,,36da27ed79e993ad122e1a037cdc861a7b19cef1241704cb25e436da104fd9cd,0000c0c0c0f07080
dataset/gray_blight/20211228_154016.jpg,2,gray_blight,256,256,5096,True,,580b874a7193672431cebfdc9e2201271ad88059947e449d2cef5f80ebfd2b6f,3e4778f8c8f9395f
dataset/algal_spot/image_0_3623.jpg,0,algal_spot,256,256,5564,True,,f9c8cce49ba551b8a0566a70db93d1b98beb95b28a1bf29b581ef886e685ce99,035c3874e8c1c43c
dataset/gray_blight/20220101_114958.jpg,2,gray_blight,256,256,5292,True,,32c1b0a8abbd0314e30f7c90c731ce9a3399fb6f7cbfca3e552d5e116e40aef8,ffbf37f1ecf6f8ff
dataset/helopeltis/20220101_102424.jpg,4,helopeltis,256,256,4772,True,,799f13ddd63a2ff61c6b00dc422df5d678a949925ca2a6c79b1448b41278a713,20463cf8c1e23f03
dataset/helopeltis/image_0_14.jpg,4,helopeltis,256,256,5291,True,,7b28ca151c460b89cee476c48aa74873dac6a559c9fcae2934620ddb6abed05b,ffff9f66e4f8b9c7
dataset/healthy/image_0_79.jpg,3,healthy,256,256,5113,True,,d098889ef680729e8cc44fa55137b75799174352ec4834bc6aab9c82c4061ed4,668778f0c4e0e107
dataset/red_spot/image_0_1135.jpg,5,red_spot,256,256,6203,True,,e9e51978ace796349d3ceff31aa2391f6e9c27877f6f23d9d3a438ac1e91ec97,7f3fe3e8fcf8393f
dataset/red_spot/20211227_160346.jpg,5,red_spot,256,256,5631,True,,6105b2aaaf2c1fa847acf8aa28fe04944a23ee54162b5ec64f507db41bd0ccb0,c471f0c0e0e10e0c
dataset/brown_blight/20211227_163611.jpg,1,brown_blight,256,256,4960,True,,a729d397af82ca718a3c82c2a57c88e076f20ad24d54d2dc88d2cf75998e31dd,f48738f8f0f8ffff
dataset/healthy/image_0_3007.jpg,3,healthy,256,256,5106,True,,345d8b27280c1a5ab2e3dd84ecdf52aa574ede37c01cbb54cd5678c93685741a,00000c7ee4c0e206
dataset/red_spot/image_0_2107.jpg,5,red_spot,256,256,4928,True,,e7b175db6b28cf5e218d5f6c3773a101ec67ce3f98e1512899aae0722841864e,0000e0c0c0f00290
dataset/healthy/20220101_094105.jpg,3,healthy,256,256,4758,True,,6e17e4a24fc238d60ebb371e306e9295bf74da5a7e283d05b9533a0984348cf6,18031c78e8c1c568
dataset/brown_blight/image_0_841.jpg,1,brown_blight,256,256,5569,True,,cfc7e3072f1f9e30461a2a0a019a464e48d7563e27b8df5ebb25569dab9d5aa5,174fc7c371391cc3
dataset/gray_blight/image_0_3166.jpg,2,gray_blight,256,256,5261,True,,2c5c098fe72a5f62e40c320e5a7f30a2b371c67d65b941dc139301524f0fd964,00033978f8e0c00f
dataset/algal_spot/20211227_154649.jpg,0,algal_spot,256,256,5935,True,,2585b6122bf833536adc590a7afb9c415a06c8b2a91763c152bab135d6003e7d,0778f8dcf0f1f6f4
dataset/algal_spot/image_0_3284.jpg,0,algal_spot,256,256,6300,True,,0f4d195a95de4cc64c4fb7706f1bba7da525047b9ca21f10be1b1aa4dec16d20,00017ce4c0c0e000
dataset/helopeltis/image_0_1264.jpg,4,helopeltis,256,256,5152,True,,b1b5c4ec2c82eb0459d2e60650de2d015543105a7e567e3d5919f4abb3eaa7eb,f7e9f9b1f1f9f1f3
dataset/algal_spot/image_0_1660.jpg,0,algal_spot,256,256,5529,True,,04e091e30f2341682864e26136ec4ceae4ae06fb0e33704f4e9c8bcfe3933727,408c81c0f0700600
dataset/brown_blight/image_0_6919.jpg,1,brown_blight,256,256,4642,True,,e8ab1a542b47da7d9720f37ddd41ef0042bb98cd22556810ae720e503be571fd,0000c0c0f83acd7e
dataset/gray_blight/image_0_1425.jpg,2,gray_blight,256,256,5105,True,,768ce9e5cee1889f16e28d806af039e921517cfa947a776a53422e88e00eade4,000078feb0e07fff
dataset/gray_blight/image_0_3148.jpg,2,gray_blight,256,256,5168,True,,e2ba54d2c5f94fc73fa38c9d2f2092f3458c718b50f0f9f8fe9db0fa37dc6f01,21211eb870e0c020
dataset/healthy/image_0_2726.jpg,3,healthy,256,256,5007,True,,fe8f040d100a3526810d1c4880af52801a4ac5c075b7c1413c96291cb67bfa88,0003387cf0c0c400
dataset/gray_blight/20211228_140427.jpg,2,gray_blight,256,256,5694,True,,1e401b7b8ec0b0391224ba8d8f32941c71d0817084b45a4faedbea2c75aae766,003078fcc0e00000
dataset/healthy/20220101_101528.jpg,3,healthy,256,256,5754,True,,ed7a6d4af2a52290b89a431356af4d94c3c28bd360389a883cedb192d3bf0234,20413cfceee07101
dataset/helopeltis/20220101_103754.jpg,4,helopeltis,256,256,4140,True,,eab41525f51bcd809252b71301df42c5b73c346093e9e0741115c20626b6617c,3666d9b9e1c6dcfc
dataset/brown_blight/image_0_973.jpg,1,brown_blight,256,256,5427,True,,aa4a1c1bd4c662c966ff46ce66994484beba52120c25086f6b7a5595aff36855,17d0c0c0e0f0f0f8
dataset/red_spot/image_0_707.jpg,5,red_spot,256,256,4630,True,,cf42708d8c939e061cddfc194a9952843b5959396d33d41d55689b6f960ba18d,000018f8f8f03000
dataset/helopeltis/image_0_1108.jpg,4,helopeltis,256,256,6336,True,,9cea86c16f1a8cd77f07db31e694fa71ba379a566fc992a3e370177172125575,0c86e2d1e8743c1e
dataset/red_spot/image_0_1413.jpg,5,red_spot,256,256,5308,True,,da8ee6a77b43f7f0e235edfc1c1315bf443533803ebc64697eea0f6f2bdcc8ea,10e0606068f8f0c0
dataset/algal_spot/image_0_1625.jpg,0,algal_spot,256,256,5825,True,,93d85195d7fbf6ff1b330c0bb2026949dda03b81964596e97cd3138143e0e891,0000e8e480e00c01
dataset/algal_spot/20211227_125842.jpg,0,algal_spot,256,256,5401,True,,047cb846f7594508b4ffc02359ae1459db9da2a9b63441b35a43d568b94d165f,e88e71f8fcf0f09c
dataset/helopeltis/image_0_662.jpg,4,helopeltis,256,256,5120,True,,c60143db1db56e9e03440f2b834e3b7704dd48a3b32dec49f2d3ba2d6b5687dc,0000c0c0f07c1c07
dataset/red_spot/image_0_1002.jpg,5,red_spot,256,256,5748,True,,b3a21dd95ece1243aca6c62f01f30b88bf20ec09b7ad0be8497e83b83553d136,0000e0c0ec703000
dataset/red_spot/image_0_2215.jpg,5,red_spot,256,256,4731,True,,8c6f89d96ffda3cd39fc6ec7fe76bfdcb0443214c8fb3f3b10f5dbd52a46b351,feff5f3979f39fff
dataset/red_spot/image_0_741.jpg,5,red_spot,256,256,5543,True,,38957c6e913da1bcff82cba8e46c12fc48547cce02a272ccc6c5391e58ac5710,9080f8f8f6f8f8e7
dataset/gray_blight/20220101_115558.jpg,2,gray_blight,256,256,5993,True,,3d4099774eafdfc87629044d9cad048959ee0db65c18be1ea6524050371b13ba,ff3fe1e8eef0f1ff
dataset/algal_spot/20211227_151602.jpg,0,algal_spot,256,256,5300,True,,a44326a2e4bca8faaf9162b5b7920b3f2eecb530ea2137ce7a91822db413953a,fffff3f0e4e8f1f7
dataset/healthy/20220101_103317.jpg,3,healthy,256,256,5498,True,,0587a313e962d6243401f396cbf44a5136d86b489bc408e3917dcc528e156724,701ff0fce4f89bc7
dataset/gray_blight/image_0_1956.jpg,2,gray_blight,256,256,5587,True,,c857dd7eb78f982273eda79c48d80cb37b31dc485162374570e9bf6cc4ee5533,031838e4c0c1e344
dataset/algal_spot/image_0_3507.jpg,0,algal_spot,256,256,5247,True,,268c60e1f583a4e5c21e9d205bc2afd9094df34fc7111bfc97affbf0f226feb6,ffedb8f8d9f367bf
dataset/gray_blight/image_0_2328.jpg,2,gray_blight,256,256,5759,True,,3db92ad56acf5596f252ae4ac023ba86ff3e5ddf5074c939271abda4217d0ecf,3ebc78e8f1638f3f
dataset/healthy/image_0_2239.jpg,3,healthy,256,256,4915,True,,a3cbb209557eb211a1c1174b74a454334ecec059a63743b1bbc7cfed90defd1d,000078f8c0f01100
dataset/gray_blight/image_0_2144.jpg,2,gray_blight,256,256,4837,True,,aa1ab868b26772e5dc842ab1abbd92b2810321919c1c7d7b656d1803b69c2f38,0000c0c0e8f8fcfe
dataset/brown_blight/image_0_8699.jpg,1,brown_blight,256,256,5468,True,,300cb6e6e539a83fa8870dd78b5950826fdb71ccd8c7105717c08b73610aff1d,feffdc78e1c79f7f
dataset/helopeltis/20220101_094301.jpg,4,helopeltis,256,256,5131,True,,69db0c09f2231ab8666618772979480db87348d343c4c25711e636284d96e399,8f71f8fcf23f5f9f
dataset/helopeltis/image_0_681.jpg,4,helopeltis,256,256,5418,True,,06530588e9f539cd2ac98de52bc5af39c21e416d4e0179f62c62073ed943edb4,c040c2c1d0f038cc
dataset/gray_blight/20211228_153707.jpg,2,gray_blight,256,256,5935,True,,392a0dda74f90f36039f8cab11b8b1a9f0081e8d24b5ed1369833a20c4f2af24,dd116cecf8f0378f
dataset/brown_blight/image_0_9901.jpg,1,brown_blight,256,256,5215,True,,a31461243897304a45c7420c9b4b8c00346cec01d584c2e6ac794d89f40955b9,8000c3e170380300
dataset/red_spot/image_0_3077.jpg,5,red_spot,256,256,5643,True,,c420413a71cef8b55a142ec6781140ebfd1ffbdb63e327ccbe4f884d73e198ec,000163e1e0720902
dataset/gray_blight/image_0_777.jpg,2,gray_blight,256,256,5568,True,,ef6f0b50df6112fdb07845ef6259236487110f0b94fb33c1b062648d3ee25e53,f4f0f2f8f9f0f0e0
dataset/gray_blight/20211228_140946.jpg,2,gray_blight,256,256,5954,True,,bd3035365847b0ca56142c01beb885725fab47e0e2ebab42d801bca6aa05f682,0084e1f06c606248
dataset/gray_blight/image_0_2593.jpg,2,gray_blight,256,256,6153,True,,d38cf155679f46502b247e6386a7832b2e0ba8c57347b24f7ae682016b92c6d9,00007cfcf0e04000
dataset/helopeltis/image_0_2179.jpg,4,helopeltis,256,256,5104,True,,8b6ee7ceefc551f7359940adeb0f9e42d409b09034f97ce6115eedaed6272d23,fcfef1f8f4fedef7
dataset/brown_blight/image_0_9265.jpg,1,brown_blight,256,256,5460,True,,80138ffdd4920bc2b1df1684ec892ea6988a4abefb598a074a7478060b20bd78,00040c3af0c1e307
dataset/healthy/20220101_085757.jpg,3,healthy,256,256,4674,True,,55d5202dcdd54a29e6abc8aafe9a294afaeb9b0cc39065ad52aed8372951342f,ffdf73f0fcf87bff
dataset/brown_blight/image_0_7826.jpg,1,brown_blight,256,256,5396,True,,7e60e2fb7e6c7331e4a0693a48a5afe46d88b63b2eacac523c7165c4b46abca3,0f3fc7c1f87e4fff
dataset/algal_spot/image_0_1702.jpg,0,algal_spot,256,256,6375,True,,33e97594b1ba862c03e98c46183481fa31d5f35bbe3b4cc80805fab18c0ea228,40c0f8c4c0c07fff
dataset/gray_blight/image_0_3693.jpg,2,gray_blight,256,256,4993,True,,6b94a04d66e71e083cc8c99069be1603d6bf08ae568c775a0306aa9d4603d15a,00e0e0f070381802
dataset/healthy/image_0_3288.jpg,3,healthy,256,256,4966,True,,c8ce5ceb8df1a8604a0464e7329de6c461bc8dab033f137c40d37bc59638e57d,bf9978f4c8e1e73f
dataset/gray_blight/20220101_114428.jpg,2,gray_blight,256,256,5995,True,,7dfc18e7535ea623a506c6a30a6aaf06c14183cc22bae11c9b4b7b905f205ea4,8f79fcfefc78ffff
dataset/helopeltis/image_0_4127.jpg,4,helopeltis,256,256,5926,True,,821fc53817bc9e8e234579bb6a0069b4c3c8eafda7a92917b30deb037c1cbf04,307068e8f8e06030
dataset/healthy/image_0_1014.jpg,3,healthy,256,256,4795,True,,2698f8b6aa07b68b895e56dd212239fb5bbce463c134f8d49684e24610fc6680,80cc397169f06000
dataset/red_spot/image_0_327.jpg,5,red_spot,256,256,6063,True,,85e8bdd73a50b4f36292cbb304bafa07741505bb4e548a376fd5845bc33b4584,06033860e1f3a708
dataset/gray_blight/image_0_2310.jpg,2,gray_blight,256,256,5938,True,,4aa63213d803c088add1b7f3d084df2ef3b0e6e85d5a2c9bd296d5c617feb584,000cc3a0e47e1c00
dataset/helopeltis/image_0_2697.jpg,4,helopeltis,256,256,6996,True,,47d87b8d6e11924399f3b2cf946e8ade0ddbf7768deac4d57eb0107091ca9310,ff9fe1f4ece8f0f3
dataset/red_spot/20211227_160335.jpg,5,red_spot,256,256,4851,True,,f2d5d7a9a77fc2da1e8946514a5654a53deaae7bdd7dd68e989b6d0ce80c6563,42c619f8d0f03000
dataset/helopeltis/20220101_095658.jpg,4,helopeltis,256,256,4018,True,,c8ea86a4bbe8fb459415c5d0586a6b785adaa2914d4e092dc049d976b69d98a0,90d0c8b97162240c
dataset/red_spot/image_0_1434.jpg,5,red_spot,256,256,5412,True,,5663eca2b51e6ccb8ae0506f55a8cca948a1075ef20ca117204cdc38d4f8d291,011978ecf871070f
dataset/algal_spot/image_0_1296.jpg,0,algal_spot,256,256,5770,True,,a0cf3e40ebf38d6cbde7ca8009c4bcd759e34eabdac1620886aa952ea096a7a8,18c2e068321c0c00
dataset/red_spot/image_0_2584.jpg,5,red_spot,256,256,6092,True,,72b2fd5ca8eab0be06757992d52dd1771bb5f695083b7984e15cb502c69e9111,1f1f73e8ecf03f3f
dataset/brown_blight/image_0_8442.jpg,1,brown_blight,256,256,5223,True,,918fad4d43720e97f05d79381f0f3b16680d5e04503815975e25441470c9295d,00c0c0c0e1f91800
dataset/healthy/20220101_120223.jpg,3,healthy,256,256,6000,True,,d7ba1e742cbeee02da29208d5d075521d4f63b22485e942717ea09e695c1fbeb,ffbbf8dcbef8f0bf
dataset/gray_blight/image_0_3802.jpg,2,gray_blight,256,256,6126,True,,c85d00cc1c995decfd40b4cf2cd0bea91c49966f193ad28d6bdf0af2279b0b4f,d878f8d1e3c7ff3f
dataset/healthy/20220101_103501.jpg,3,healthy,256,256,4280,True,,92073fc8709bd62f01be322910f5fe4cbf76ef13577f32a4b7d1148dc0b0b5c0,3084f8f8f0e30f01
dataset/red_spot/image_0_142.jpg,5,red_spot,256,256,5554,True,,de1eaf720ba9baeec8c9b846add3677d81a36ab43ed999140210a6023140cfc0,00c0d0e87c3c0136
dataset/brown_blight/image_0_975.jpg,1,brown_blight,256,256,7555,True,,a7f3cd9f1f417e0a74cd5f55b7db97503adbcac30a8875f39583601096e3525d,30e0c4e46c3c0000
dataset/brown_blight/image_0_2460.jpg,1,brown_blight,256,256,5747,True,,7b11c547cf35e76423ed67baba8bb9afb3cb4ab5ca55d53176ea3a57c34ba454,000c3e70c0c08000
dataset/gray_blight/image_0_3385.jpg,2,gray_blight,256,256,5557,True,,febd7019c470d9ae1554276e9f8059571b1c4717b429057ce001dec7c21eaf0e,00001cf8d0808000
dataset/brown_blight/image_0_9428.jpg,1,brown_blight,256,256,6979,True,,640d90fb7316503a215ba3998d48844b44d932abf0a14a067ab48c7c170200ea,0080e0e8e8f81200
dataset/healthy/image_0_1000.jpg,3,healthy,256,256,5438,True,,a5c8d0593afc7f7d0b5d6471616c07f7cb656ed7855329ce3c6d4ff37e1324c6,001c387464e86060
dataset/helopeltis/20220101_104441.jpg,4,helopeltis,256,256,5108,True,,f895d4a58ba5acfdcdadff3103175401cc3467b6e27ccbc40347867974686571,90f870f0ccf0fbfe
dataset/helopeltis/image_0_4110.jpg,4,helopeltis,256,256,5666,True,,645dd5343c7f0b7401f56197956cbbe8aa193e8ae69256ea1b7144b82bd750e5,0040c3f1f97c7818
dataset/brown_blight/image_0_9444.jpg,1,brown_blight,256,256,5313,True,,c82c8ce4885a9b4d71fe8efcc9d2ae91c5c9280a715d23f47776a1493340448b,9f1fc7f1793ceefe
dataset/red_spot/image_0_3241.jpg,5,red_spot,256,256,5516,True,,52f313edb8d4ddef608cb136f3ea7035178026a36c03d71e9052f2db50ad42ec,0080c0e0743c0c02
dataset/gray_blight/image_0_94.jpg,2,gray_blight,256,256,4944,True,,5e23deb49539f83ec9de6af9b32056254c248a3380daa2156751ad910d108d90,fffffcf8f1e2ecff
dataset/red_spot/20211225_224316.jpg,5,red_spot,256,256,5125,True,,4cb69040f2bdfc0a20d631f99a322e39fa3fe4deabd9ab1ccb515507dca9ced1,030731f0e8710703
dataset/brown_blight/20211225_233945.jpg,1,brown_blight,256,256,4971,True,,927099323aa63f101e4cd30d1cf4816ad6372bf88f858b441fe03804266c6be4,030739f8f0780703
dataset/helopeltis/image_0_589.jpg,4,helopeltis,256,256,5421,True,,e72aa7eb1f3a9b5cea879bc38d5bc03ba16b0f337141ccf230974d37abef9c08,04873078d8e1e23e
dataset/red_spot/image_0_801.jpg,5,red_spot,256,256,5075,True,,38faee21a69426e71fa1fedd60a5b9004c36765d7c488e8045383d3da5a9a67e,3e7c62e1f8f4f0f0
dataset/gray_blight/20211226_000725.jpg,2,gray_blight,256,256,7005,True,,2f92d023e44f8548b52662e7aaadd0b55fb7359992fb651f693588d3b13497f9,00c0809e80880100
dataset/gray_blight/image_0_3765.jpg,2,gray_blight,256,256,4899,True,,cc4701c215768b60913813241949849e7e83695d1830f144faf253fdd0b4e80a,0080c0d1783c0c00
dataset/helopeltis/image_0_469.jpg,4,helopeltis,256,256,5551,True,,c08f78f552d09ecbe2c141d4c2d5233f1cc1016113165e3e34abd8f95dad5302,1f0ff3606c7c1e17
dataset/algal_spot/20211227_151139.jpg,0,algal_spot,256,256,4529,True,,3bc1b60e1e3394b2dfd6d8289becd639fcacdf4d475bc77173f72664c330a82b,f09ef0fcf0ffffff
dataset/gray_blight/image_0_1486.jpg,2,gray_blight,256,256,5147,True,,f16146b4b7292d2c2d3166ce7f60a873728b55a13a9d9ecd184c2531040d8c2e,000c1c7478e1c7de
dataset/red_spot/image_0_897.jpg,5,red_spot,256,256,5936,True,,d8451b56f55c1317255762d333e35c53bd4c2be086bdf74791d7d847a5446369,60706860f0b0b81c
dataset/algal_spot/20211227_151800.jpg,0,algal_spot,256,256,5725,True,,44646625517761bee1f18b4fe33e7a94f71f1c2c4ffe94745ec29b8d14485820,0270f0c0f8f033df
dataset/red_spot/image_0_3080.jpg,5,red_spot,256,256,5357,True,,83901a5646008012027628bec00a7948f7c2ba707b7b36de4dd0fdede954aa46,0000e080c0fc1e00
dataset/gray_blight/20220101_115455.jpg,2,gray_blight,256,256,5542,True,,1cfaf31d50590495e53d975ed62831d59d7080e563544e5027cc5da02ee91cd1,de1ff9f0e4e17fff
dataset/helopeltis/image_0_1034.jpg,4,helopeltis,256,256,5670,True,,b48fc236c27bf53f223275bc0fa5a43daee6098f497bbe1f54a47514e9a402ee,791fe3e1d0f07eff
dataset/red_spot/image_0_3196.jpg,5,red_spot,256,256,6003,True,,78d60c1b968b5b3ca155fd953be714f2fec8e1dc1a91f8d7da81ee6b0d19868d,02031e7ce0c10300
dataset/helopeltis/image_0_2801.jpg,4,helopeltis,256,256,5543,True,,2b069903a382f973ced054e6e5883c49ba7cbcb735abb52e16fb3a4af220ff49,100778f8c8e1e2e0
dataset/brown_blight/image_0_7613.jpg,1,brown_blight,256,256,5379,True,,097292e03db01d93c8050d172525ad69139a670362b8273442f0b3a5469c7e67,40c0c0c0703c0200
dataset/red_spot/20211227_161839.jpg,5,red_spot,256,256,4932,True,,c59c8c2ec3f067c7fb95a9d25ebdd9c6fca3c665b82d44f473b1001dee8c2c50,7fcf39f0ccf8f1ff
dataset/helopeltis/20220101_100939.jpg,4,helopeltis,256,256,5115,True,,3d74f567fd63cd30cce929f119c493fe92b11aa014a00c855922e1386941fd1a,f1ce38f0c4e0e000
dataset/algal_spot/image_0_2086.jpg,0,algal_spot,256,256,5422,True,,a05da15635e3f831c2faf3cb8291139f621445c73fb98a63ed21244697015834,433cf4c0f070fcfc
dataset/algal_spot/image_0_1102.jpg,0,algal_spot,256,256,5524,True,,4ab1ded373f1af310c0d20bdf6d3b4c95c7d031e88f7e96ea860f8e38a4344c6,0b38f4e8e186ffff
dataset/helopeltis/image_0_4218.jpg,4,helopeltis,256,256,5457,True,,dab48ec0499210260a51c3348efd24e76a993ae76e2d46953c03904a65e31d1e,010e3c78f0c08080
dataset/algal_spot/image_0_203.jpg,0,algal_spot,256,256,5863,True,,e1baa287f6937697fae2d99f7e937c1d979d46f8b03ac5ce8d1da99b959fc8ef,708886c2d9e87cfc
dataset/red_spot/20211228_122728.jpg,5,red_spot,256,256,4907,True,,4da49bf8595429b9af4064ba9edc161f7e9377e677b7b7169581d6c39697bce8,a71fe1e0ecf13fff
dataset/algal_spot/image_0_1747.jpg,0,algal_spot,256,256,5649,True,,d7cc24793f245a7db0d29f4feeda5fe30dcc17698fae5008ef35b79c94c87c46,000038f8dcf01f0f
dataset/brown_blight/image_0_3920.jpg,1,brown_blight,256,256,5259,True,,f170fb72add51baab839f3727112820f624c57dbcc7d812a828cf8ddcb75fc58,c0c0606078381c0c
dataset/helopeltis/image_0_1084.jpg,4,helopeltis,256,256,5784,True,,71cee149f584368d000903af1572842812ed840a0b9237b3a910e0099cd1a638,2d1c68e8c0c0e0e0
dataset/algal_spot/image_0_3575.jpg,0,algal_spot,256,256,6494,True,,0d491d1bc8c4ccd48183303af5d0341588cc24c7876ed765f4070911c93eab16,010f38f8c8c1671f
dataset/algal_spot/image_0_1980.jpg,0,algal_spot,256,256,5687,True,,d75ddf98d3943a104d17529ddba01870fc63ce338d1ca56fe71ce5cd580b31db,3030707971703039
dataset/algal_spot/20211227_154344.jpg,0,algal_spot,256,256,5300,True,,ad57910290915c0edb042a514897eaf6508966359e75fcde5436aaeb3b940818,0c63e0b0f0f0dcf0
dataset/helopeltis/20220101_122339.jpg,4,helopeltis,256,256,4640,True,,456275231925d89c76f86a907375aa72dd965d75e54469e9d3b4115f9013f383,ffffe767e3f3fbff
dataset/red_spot/image_0_2090.jpg,5,red_spot,256,256,5399,True,,28b8675505240102c4200cf1e639db12996b23b7b6c66c22231e592eaaf201f7,83183cf4c8c1eefc
dataset/brown_blight/image_0_5004.jpg,1,brown_blight,256,256,5882,True,,738599018c92f1c51c761c43fdae7fd75fcac2a47bf2ccd5f4cdbeae68bb700a,00001c386163c080
dataset/algal_spot/image_0_1352.jpg,0,algal_spot,256,256,5552,True,,e08eb6ccf27e712b4b9184774315d34a9f7433b916ae652a4e6bfb8717d1a644,0679f8c4f0380200
dataset/brown_blight/image_0_980.jpg,1,brown_blight,256,256,5906,True,,3e7ec34d5090b861f308b62f528964718d119ac9dd0e470cf36da484aae31f99,00183868c0e00000
dataset/algal_spot/image_0_3176.jpg,0,algal_spot,256,256,6979,True,,489dafd5decdaf316eca152791bcefdab7e51047bdb0208069575219c2299965,38c4e2f168743808
dataset/brown_blight/image_0_7403.jpg,1,brown_blight,256,256,5233,True,,26401804fa14d421f5736baa077a0cfad597087990a2aa6ee7d3d1cc11b9453f,000060c0c8e00000
dataset/algal_spot/image_0_651.jpg,0,algal_spot,256,256,6010,True,,6f1ccf6de37fa0edcd191ec71d32e1e52de1686cbf3197bd79bc97bbae8dcff2,0ee1e0e4f0310000
dataset/helopeltis/20220101_104647.jpg,4,helopeltis,256,256,4343,True,,52f4e86c0e9455870fcd2532c4d1b0a7655fb16affc8fd9ff7b8a08f6f38b453,0b1b7060f09afcfe
dataset/healthy/20220101_090027.jpg,3,healthy,256,256,5423,True,,3a70e68f4308728f5c0aed1b5ddffac11504c19ea9751a13bbf5ee83530b5d29,ff9f71f8fcf0f8df
dataset/healthy/20220101_085922.jpg,3,healthy,256,256,6978,True,,17d1a9b998696ec12f3725d1baee04588138c0b6bf8e30cef05c6cd549cfb1d6,ef37f1e8fefcf8f7
dataset/red_spot/20211227_160356.jpg,5,red_spot,256,256,4740,True,,4cafb726028a77de1794e280091d79f448e6609e87b9399e759fa72072e3ad98,c09c1ff8f8f06302
dataset/helopeltis/image_0_1300.jpg,4,helopeltis,256,256,5150,True,,d3e39f35bf24494a47e4c7797a68f559c53e2dcadf1088aba1044b3a898d48ec,4180c0c0d0c06206
dataset/algal_spot/image_0_1073.jpg,0,algal_spot,256,256,6429,True,,5cfa66ddd4d52472a6b04c0de5d6ade6968a52919777989de5856199bb849710,6e78f8c2e0e00600
dataset/brown_blight/image_0_1969.jpg,1,brown_blight,256,256,5637,True,,11d5eb397e2985536984978f9820f1b34da9ed5b1ae629fa274eb6301779c546,000080c0e8743c8c
dataset/healthy/image_0_2905.jpg,3,healthy,256,256,5195,True,,f1be82795f82d43496eb03d37ff2782b25ed6941d77d745c93f2e542bdb161c8,ffffdebc74f0c1a7
dataset/healthy/image_0_118.jpg,3,healthy,256,256,4785,True,,c193a91b6d5d15c1fc96ce0173c0358d6fe8a7dcec074a539079f13492025183,000038f8c8e0e000
dataset/algal_spot/image_0_2723.jpg,0,algal_spot,256,256,4967,True,,f41909de0560cc42c9d40cecb6b82b55f69984c22e67e6aaafa72238f5e985a7,0a431cfce0e000c0
dataset/red_spot/image_0_655.jpg,5,red_spot,256,256,5808,True,,59cf1de273f94e6ef3d18116fae68a0c1d564f754cfacb67e8b29ba3bd35961a,00c4c290e070b8c1
dataset/red_spot/image_0_1504.jpg,5,red_spot,256,256,3942,True,,429919edb254bc260d654afe9b1d824a8f4b3fef2c3f3bf941ac67d423852a51,5ae6d93961f2bf7f
dataset/helopeltis/image_0_2226.jpg,4,helopeltis,256,256,5287,True,,2392817aa819f5c3fabd022dfd518999ea9f013258fec1ff8334f56d91fce3f7,0f1c3cf0f0f2e088
dataset/healthy/image_0_1705.jpg,3,healthy,256,256,5104,True,,0c56be9fcf3cf60822aa36958be805b038e3fa98d2977185e875d0cc1413fd5f,000030f0c0f87800
dataset/gray_blight/image_0_382.jpg,2,gray_blight,256,256,4725,True,,ea5729f4f84914cc0353deee526799a42be02925420802224897af14477b1c1f,fff7fefcf0e0ecfc
dataset/red_spot/image_0_985.jpg,5,red_spot,256,256,5368,True,,782dd7a79e54304c7e3be64e69ba8b9cb31ad5106c8f1a54ee106d77a41387de,7f9f71e8f4799f7f
dataset/algal_spot/20211226_101615.jpg,0,algal_spot,256,256,4692,True,,accb8231ea3638ccd28a9cd1d92f966b6e8f9fa844ed0761267d95aafc141755,c9cd71f0ecf03fff
dataset/gray_blight/20220101_113430.jpg,2,gray_blight,256,256,5341,True,,220b6975a3e55a4bec3a89c8778f9d76a2a5cfdf035769d490581d8bb5c5ea53,ffbff0d4f0e1ffff
dataset/brown_blight/image_0_4245.jpg,1,brown_blight,256,256,4956,True,,5565632861ddb220ce8b6d0e30bf37b67434b655a587d629161f4e9fca94ecb5,3f3f3f78f1633f1f
dataset/healthy/image_0_171.jpg,3,healthy,256,256,4869,True,,163679e6ee5d72535f74c9f89321faef063ad5b2d13593391523631fff252494,7daa9e61c8f07008
dataset/algal_spot/20211227_130307.jpg,0,algal_spot,256,256,6735,True,,f23ed8c137dea49f7b833b9876b170249e25d1ace2fd4a693e2b1c5392b8ba3c,e0e1fcf0c0e073df
dataset/brown_blight/image_0_8706.jpg,1,brown_blight,256,256,5514,True,,20c4f35f1b236997db242e93acc5a6690773c38bd6aad8e558b84e9381804050,0000e0d0e8701800
dataset/gray_blight/20211228_151820.jpg,2,gray_blight,256,256,5427,True,,cba514a70af78475e87438ae587322667514ded06a861ac1fdcb1ed78c82a57e,b35f63e0f8e0679f
dataset/healthy/image_0_40.jpg,3,healthy,256,256,6086,True,,bdb75a28afc0ef46b7235611e833912e2a9dfbf9aa90135f156c886b2656594e,0040e0e0d0f87839
dataset/gray_blight/image_0_4139.jpg,2,gray_blight,256,256,6359,True,,fcc69bc4b002e6c2372da6db5eebba1fe5f857a63eb7a6c2dbbd4c66b58000a8,7de3a1c8e4fcfcfc
dataset/healthy/image_0_1549.jpg,3,healthy,256,256,5139,True,,e1aa79a92b364397747e376514cbe4bbf36212d10ca253798a47974833719e81,ed99b9716163646c
dataset/red_spot/image_0_388.jpg,5,red_spot,256,256,6403,True,,bc3b181ab0824af04c8dfe973a70d65a46199459f8d00c185b4c60ceeec24497,0f0fc3e1683c1c9f
dataset/red_spot/image_0_105.jpg,5,red_spot,256,256,5821,True,,8a733fa034c7df3af816b5d434e1f758bf36b42e4fb47725f884eaeb1946b998,cf39f8fcfefcf8ff
dataset/gray_blight/image_0_1005.jpg,2,gray_blight,256,256,5369,True,,8638048e861d3038bacc7f697544dcb51aa6401676be924552d38a01472fffb0,0002f0e0e47000c0
dataset/red_spot/20211227_162101.jpg,5,red_spot,256,256,4620,True,,f1f14eeee548d857d283999bd058ca2680ca15be06feaa9e48d2f72895b50fbf,fadef1e0e4f0ffff
dataset/algal_spot/image_0_2903.jpg,0,algal_spot,256,256,5542,True,,192ad469b606d9a8a3f9d3609eb14d6a76c42555a131f242ef8276801b3ca70b,198e3efcd8a3c77f
dataset/gray_blight/20211228_153456.jpg,2,gray_blight,256,256,4907,True,,358b0c7a3e20402cd93a7fcdb42264a952ed67c01002d7de40a22d9a7c49203a,2f2ff0f8f0f08fc7
dataset/helopeltis/20220101_104529.jpg,4,helopeltis,256,256,5467,True,,d9550ee54ab37b189dbb11bc52c694f57d3075311e28048ff7a397fb9f71de0d,0100c1c0ecfee6f9
dataset/algal_spot/image_0_2409.jpg,0,algal_spot,256,256,5203,True,,d263bca30fb0775903556fd4a7550272be6858b163a1db3f569880bfef363543,0d02c6c1d8fcf811
dataset/gray_blight/image_0_524.jpg,2,gray_blight,256,256,4865,True,,5fdf9d386e2b71a257cfe7f046e6c05fb35747b9509ef953308d337bd1df06f1,6d0ff1d0fc788f0f
dataset/algal_spot/20211227_135726.jpg,0,algal_spot,256,256,6749,True,,44d1ee76a242568e6796352411a1b160548bf13c028a8ff3c997eec4ff55a8d6,878f70e0ccf0938f
dataset/gray_blight/image_0_1035.jpg,2,gray_blight,256,256,6514,True,,bad26675e59f634fd3966f9eaa062979058b66365a60dd74cea22f0334ac0327,000038fcdcccf000
dataset/gray_blight/image_0_1733.jpg,2,gray_blight,256,256,7080,True,,9e3545efd494b1bb85ed2c02a625d069a0b63330af0573f476c7f9bb80912df3,00c0d0d0d0f03c0c
dataset/brown_blight/image_0_2028.jpg,1,brown_blight,256,256,5249,True,,f5adec7aa931322335a5ca2be635e7e9368e6e6e490872b167198caaa3f986bb,feff1c78e1c75fbf
dataset/algal_spot/image_0_3754.jpg,0,algal_spot,256,256,5490,True,,cd65b36bb2d1a651474f902de4a445cb5843d7a01bfe043b12cd179a03d5c343,000023e0c0f80800
dataset/healthy/image_0_1681.jpg,3,healthy,256,256,6377,True,,7429d20cbad5a79155d773235236605321bf06652ca27f89f90e1c39cb2a970f,c398387cfcf8c1c3
dataset/helopeltis/image_0_3578.jpg,4,helopeltis,256,256,5867,True,,0a3b8f03ff95e67e9d8c49f292cd4321d0fa8ada8e5a3fa6c8934fd1bc9945fb,ffef73f8e8e1efff
dataset/healthy/20220101_094645.jpg,3,healthy,256,256,5148,True,,687c073937cfce3ff69930ed34549094f3ec922b39017802287508af1bd9b0ee,000ce3b0ecf00efc
dataset/algal_spot/image_0_3672.jpg,0,algal_spot,256,256,5392,True,,ff92ae5b32b97cabd9a41c41c0165e5231f3be908cea7a7032d96aa6460eb1bf,001c7cf4d9e32fbf
dataset/red_spot/20211227_162949.jpg,5,red_spot,256,256,4265,True,,60a84cfb96b3f8fd69771564ad7437fc1656ad2fe87bbfb18ebba14c03f8820a,d9a360fcf8789fff
dataset/gray_blight/20211228_131016.jpg,2,gray_blight,256,256,5567,True,,9a6e3b0099f57d1960c6891d3ad6a4bcd027d2f857eb840ffa3852bbba9e2e84,ffdf79e8ecf0f3fe
dataset/helopeltis/20220101_121733.jpg,4,helopeltis,256,256,5013,True,,699e90b3aba4c5c8b8a664a5c0526c1f8b18f40013a7f01ccf7670547f33991e,feffe361f0f3f3f3
dataset/healthy/image_0_938.jpg,3,healthy,256,256,4917,True,,d95040760e654bf1365a364d165515e5bf8d6d61a253e6066d69079dd7f19510,3432323131b9d8d8
dataset/helopeltis/image_0_1499.jpg,4,helopeltis,256,256,5698,True,,7da678c6dd80433275c1937c89b79a155d2f73dbce25508502a0848cd41bdb13,82c183e1e0f00000
dataset/algal_spot/image_0_600.jpg,0,algal_spot,256,256,5090,True,,84650661e9808f34d8be44159cce84f3cb1146514b96877191375c8f1a876021,0060e0f870b884c0
dataset/gray_blight/image_0_2632.jpg,2,gray_blight,256,256,6398,True,,8157b320e295d3d1b2d4d221b50d03f9dae5949e7efeed9d9caa6ec84c3ac5a3,26d3d0d0ee7c3c4e
dataset/gray_blight/image_0_2343.jpg,2,gray_blight,256,256,4461,True,,eb7fc7dc47bcbcc16486ca0bf07579e82c2563d3b1202a2776e2e90d46aa9ccd,00c1bcf8c0c10705
dataset/gray_blight/image_0_3321.jpg,2,gray_blight,256,256,4997,True,,64a9006b62c98ab7cf1e3ca48ca13e1df1105c0e08add2b8b870db2b65a275d4,000063c0c4f03000
dataset/helopeltis/20220101_092257.jpg,4,helopeltis,256,256,4168,True,,d28aebf5de7e8fb4c30a01c5878098b1661ab6756623e48086b6880f1adb9977,f7e7cc98b1f3ffff
dataset/healthy/image_0_2209.jpg,3,healthy,256,256,5696,True,,bf89b5c0a1deb7ba55e1728f9c52c78dc489b89614e06c801efe65b4d2cea4f9,30c4c0c0e87c3c01
dataset/healthy/20220101_094553.jpg,3,healthy,256,256,5214,True,,2da97c276b10157e6e8d6ac18acdfa9a1621800c2c6747e2d0ec545afbeb4687,30ccc2f171389cec
dataset/algal_spot/image_0_2820.jpg,0,algal_spot,256,256,6225,True,,32f79af9561a6d6b6c04c1febf0439ae03b98adbadff5d1193113ff031997c40,011c78e8b0c00000
dataset/brown_blight/image_0_1915.jpg,1,brown_blight,256,256,4937,True,,92761b5f8f1f093f89d8c696b0c00c25dea7d3b8f3ee2023dbeea4baf164db33,000090b0e8e00000
dataset/red_spot/image_0_1671.jpg,5,red_spot,256,256,6446,True,,8bb9a6495a6dc7fec875fc7fae82ca0acac7cf866b641c82011ab80367dc350f,3f0c7ef6d4e13f1f
dataset/algal_spot/image_0_494.jpg,0,algal_spot,256,256,9448,True,,d5a1bf064e587fe3c11ae8332c497136dd15a745fc50e63dc753862d953d8cd3,c00370e080c0f839
dataset/red_spot/image_0_776.jpg,5,red_spot,256,256,5302,True,,6049b7d84e1d7b689a5352556dfa51c2098cef5bf42effbfcd65f8a4da53ee7f,38c3c0e0e0700100
dataset/healthy/image_0_1380.jpg,3,healthy,256,256,4157,True,,c485cb266b383c4c10acc69a2b5c9678781e0f78a4d12119ff51519a69ac04e3,000018f0c8e00000
dataset/brown_blight/20211225_234017.jpg,1,brown_blight,256,256,5479,True,,870c3f9601291a913e3d328a94bfddf78d47c5bdb8ec772a79cb1be1d7746bd0,010104e4e4700301
dataset/healthy/image_0_715.jpg,3,healthy,256,256,5221,True,,7ab88d1ecf76ccb1432bfea6f2391b28b588ca8c88a7fba3833f9b17f15f68db,0000fcfc98c0c000
dataset/algal_spot/image_0_3924.jpg,0,algal_spot,256,256,5549,True,,88c62a7ef6ef1ca14a37ce5d0d5cea372c352c55583cac447353c5e45f5abd1e,000338f4d8c1e020
dataset/red_spot/image_0_1909.jpg,5,red_spot,256,256,6075,True,,8126f8885e0139ac53c1ab2cb8c5ecbec968a0538baefda4b3dd7b1443cfa8c3,010e3cfcf4e8c0e0
dataset/brown_blight/image_0_285.jpg,1,brown_blight,256,256,7218,True,,2644412a0cc0d890b40182a057498f4270f08fb51e042dba423c8a841585013f,3f1ff0ccf6fa3a3f
dataset/algal_spot/image_0_1300.jpg,0,algal_spot,256,256,5731,True,,e6bb603ae8e3836e0725c8c9b14ca9b8da4fdbcb31b5031745710763a1718250,e0fce3e08cf0f8ff
dataset/healthy/image_0_548.jpg,3,healthy,256,256,4189,True,,124b588ba43c3720fae195a8748f0348e276509dac097f949e1eecab63e59f50,ff9f7cfcf073ffff
dataset/helopeltis/image_0_779.jpg,4,helopeltis,256,256,4726,True,,fff35d3c713cc90f1fa83813d7dd23c9ef57d5d0c5b1e8a5b84238b33df47f6b,0b39f0f0e0e0633f
dataset/helopeltis/image_0_100.jpg,4,helopeltis,256,256,6408,True,,9b2bb0aa3fd3632b319b5fed658794863a446b66cef71c0c5cc15ac190968089,0101861c787070e0
dataset/helopeltis/image_0_874.jpg,4,helopeltis,256,256,5065,True,,f24937546244d1ded6a1d40e57486c38e1fc458e92977c78e6d6487a92b52871,0f0798f871e0c43b
dataset/brown_blight/image_0_4770.jpg,1,brown_blight,256,256,6158,True,,64b4f2014c5c9ac4eea8698af2aca7173f328a7248d5e85c701eb43613ce9c44,070331f0c0810303
dataset/healthy/20220101_101509.jpg,3,healthy,256,256,4640,True,,e392b292dbd000ea1ecf1d0d6d20ae5df394b9bcd037e45e6161cf95353814df,00b0f0ece0130200
dataset/gray_blight/image_0_3137.jpg,2,gray_blight,256,256,4909,True,,271ed95625bb41a9b43fde530fc6d6145acb9059621b0f863b59000809a28123,0000187ce8e0e000
dataset/brown_blight/image_0_6393.jpg,1,brown_blight,256,256,5155,True,,651acc9f03663e9fcf13c106fdc70188a20081fca37a22dcb903a2835debb205,0002387ce8c080c0
dataset/healthy/image_0_3490.jpg,3,healthy,256,256,4819,True,,e12b70fada9b5b189589f05f8c64920edb13c3407a62e7094db40c66080a91e5,6ee7b878e8c077fe
dataset/brown_blight/image_0_8571.jpg,1,brown_blight,256,256,5090,True,,ea891e1436c8908e25be355479b8d383c7a966cc92d3fb4dc09b1eb443ca9721,fefff8f8e060e7ff
dataset/healthy/image_0_1818.jpg,3,healthy,256,256,4675,True,,c58abd9214342eae379b3251194e58783f0b50b04a34fba54f8516fc923842e7,00c0e060f0fcfcf4
dataset/healthy/image_0_1919.jpg,3,healthy,256,256,5491,True,,920cb6baa3fc8ae241fe718380cf982b8761e25c4b3ca10498e963aa19491571,000010f88cd87800
dataset/algal_spot/image_0_3816.jpg,0,algal_spot,256,256,5739,True,,eb38e94f4cf454b5b1ba2e4057d91fc2c3469af47e065677bc4a5e817494916f,00003ef8e0e1e307
dataset/helopeltis/image_0_2216.jpg,4,helopeltis,256,256,4037,True,,e2d2b12596360248b4e1e66ddfe8475d94c2c23ef3a2932f44b6c5256c7e339c,fffff3f9f9f9ffff
dataset/algal_spot/image_0_736.jpg,0,algal_spot,256,256,5896,True,,201a9d33f21e279fa6a1d3448112d35b20182746afea8ea9b103e432bd1b5a73,31f8c8c8f8e127c3
dataset/red_spot/image_0_111.jpg,5,red_spot,256,256,4765,True,,f27012a30cf9c291e54327d6d6b50dbb110903692f5e5ec7b8a1a26cdf31bdc0,00031c3c69e10381
dataset/helopeltis/image_0_2896.jpg,4,helopeltis,256,256,4981,True,,cab3fb048784c5d5710f3d169c7ac68d607d5b89488d8a168ce433fa3dba3ebd,1f6e637371f9b9d8
dataset/helopeltis/image_0_1394.jpg,4,helopeltis,256,256,4598,True,,703f3144b486a9185ef7c5b7d4c5d622773b78fda2edaa3688a767dd731cab88,c0c0907060c00000
dataset/helopeltis/image_0_2363.jpg,4,helopeltis,256,256,5019,True,,b900615bc43356b32a561e5655bfd6d63d023d5c3aa68609525548777d2529e1,0783f1e1f8b8dcfe
dataset/brown_blight/image_0_4948.jpg,1,brown_blight,256,256,5512,True,,a412962906d987c4a51f92306af33b3f4ff0c7f5a7f92ef652c6f09c7c4df29b,3f0f63e1fc781f3f
dataset/red_spot/image_0_2445.jpg,5,red_spot,256,256,5428,True,,86a5f5080d4e9c7fbffdb0fcad640d2ebaa9fca15d29308f9c9c5f2fc7958f15,ef3fc3c0e0fc3ce0
dataset/gray_blight/20211228_134718.jpg,2,gray_blight,256,256,5380,True,,6902f69a13925211d6f6361abc4df8232ce2cdc7c92ef8dd073968cdea70a930,fcdef8ecc8f0f084
dataset/healthy/20220101_101732.jpg,3,healthy,256,256,5673,True,,a894a8d819c5d9a84260ee1a9a514453ed1dea521b92fd335717bd9b17c69f9d,60e4f2f0f9e17132
dataset/brown_blight/image_0_8237.jpg,1,brown_blight,256,256,4550,True,,57d08979e04470779b72052c0829768d2bdfafcc6e3418cb8773d1b3996ee124,0000183870600080
dataset/algal_spot/20211227_153715.jpg,0,algal_spot,256,256,4260,True,,e88e8a02684c61ead4f1f8ed7a6525eb9b211d3512b445aae54c8ccb4cd6038d,020e66e1f0f8ecfb
dataset/algal_spot/image_0_1480.jpg,0,algal_spot,256,256,6382,True,,7f084756e57d2d22bda7e72f32265c2ecfc6e88cc06a0bd321493e6b6b362010,0ec1c0d4e0700000
dataset/helopeltis/20220101_102335.jpg,4,helopeltis,256,256,4997,True,,a25c3e3e52ea354ac02e7c0e15048a9405466e89c51ae9bf4d2db9b4e70c822e,808471e8c4f0310f
dataset/gray_blight/20211228_132128.jpg,2,gray_blight,256,256,5884,True,,b58e95e39c77cdd6446e7c597899dd2830231c27a314d7915d33642f6049e593,df79f8ece2f0b9cf
dataset/helopeltis/20220101_114651.jpg,4,helopeltis,256,256,5256,True,,91044bcee81715a0ee23bc75cde21dc9966cafd36cb39cec87f2b40335e11800,fffff3f1d8f8f8fd
dataset/algal_spot/image_0_2018.jpg,0,algal_spot,256,256,5229,True,,e2cd225521f7d20504243edae1a75fc237a1f21c5c6c64941868ddf41b416ea1,0048c4c0c0e0f9c8
dataset/gray_blight/image_0_3846.jpg,2,gray_blight,256,256,5135,True,,cc920c5dfbb6d99e65856f59a77026d971d869ecd369ec0e7b2a58583dc79276,a30e1c7cf8c1cf7c
dataset/brown_blight/image_0_1712.jpg,1,brown_blight,256,256,5004,True,,74805bab377ccdc50a7e95acd25222a04dd3bf9af98aa94c44a9f8bf0ec84b1c,000070d0e8380000
dataset/algal_spot/20211227_133312.jpg,0,algal_spot,256,256,6107,True,,3bb5514330342255e8386f986bb1fc065f5b58fbb17d41f2d31bd621c26102f6,ffbfe1e0fce8feff
dataset/brown_blight/image_0_7644.jpg,1,brown_blight,256,256,5994,True,,209a4ef433a543ecf7a6e7fabd88e88deb5dc58c62cad1c292614ea92460828c,8009c3c170360e00
dataset/helopeltis/20220101_094948.jpg,4,helopeltis,256,256,5216,True,,898d36d7cebbbdc8c51f29f36dbcb156930817a2447a113d3a5cfd96c009334c,0009f8e4e0f1167c
dataset/algal_spot/image_0_3424.jpg,0,algal_spot,256,256,5006,True,,739826e692c8d6982d32e688857735598f102f81a4490a93316dd16b3636a06f,000178e8c0c24000
dataset/algal_spot/image_0_4297.jpg,0,algal_spot,256,256,5581,True,,77f7f9af1deaa3c939f2ec81914e6b300dba0b90da632593f23e826ed4ad2e7a,003ef2f4f0600000
dataset/red_spot/image_0_875.jpg,5,red_spot,256,256,6120,True,,b6c701b94f59e57fbaf48afe70235f775987510032ec9151cd9602dd0d92be1b,000670e0c0e0f801
dataset/gray_blight/image_0_3916.jpg,2,gray_blight,256,256,4567,True,,9adde10cae50c2a72be0968317a09f052a168c74cd580546ef490b83c7e789bf,41c5bcf8e0c1c706
dataset/healthy/image_0_1080.jpg,3,healthy,256,256,5509,True,,ea23a0333e3be1fd74c39de3554b7e0d496fd4b9cbab2eb9804a238694b575b0,30ccc2f1e878bcce
dataset/red_spot/image_0_1159.jpg,5,red_spot,256,256,4072,True,,2ca6659319650195457f2b9eaf27ea129d0800d4ad3374d39fde58520344d4e1,8000606038180000
dataset/red_spot/image_0_3102.jpg,5,red_spot,256,256,5024,True,,c14a550fb6faf8414529709be15f9148c4f59960bce89bfcfc1df62fd92407f4,0007f8f090f00308
dataset/algal_spot/image_0_2943.jpg,0,algal_spot,256,256,5799,True,,1b6f6c873571709f4c2a0aa045d15162e668ff838650aca4ced8dcc56ecb5e94,018e7cf0d1820c90
dataset/helopeltis/image_0_2583.jpg,4,helopeltis,256,256,5858,True,,0cd73575ea840424110c6e36d02203784973dcdd7e55948cd1ae8989c94fadc4,0000f0f0dcf0791f
dataset/red_spot/20211228_125918.jpg,5,red_spot,256,256,4957,True,,bd2b31d60a7f5a14a61ed8aaf7183a0e1827fef5ea7fbd356b7456b986c55df2,ffbf67e0f8f0fefd
dataset/gray_blight/image_0_3620.jpg,2,gray_blight,256,256,5133,True,,3a2f6c46aee9c9c15b419e7cc826b271c2dc63cf7b585710c0a33d2e226bd691,efef8cfce4e0e10f
dataset/helopeltis/image_0_2339.jpg,4,helopeltis,256,256,4900,True,,7b7342ea034117cc59fa221b6ea36cf63440aba304c477c88247c7ffa3ad8ace,fffff9f0f8f8ffff
dataset/brown_blight/image_0_3618.jpg,1,brown_blight,256,256,6242,True,,b9050044b64ad8d2d5b62a743b0fe02984eac16f9092b3d099e43c18f28c93c6,030c3c60c3c3cc00
dataset/gray_blight/image_0_52.jpg,2,gray_blight,256,256,6168,True,,376aef48dff4ce51228309a5cf2e194bcf77d6e24b1a33225e06a171e42def7b,0c3c74e4e8f0c080
dataset/red_spot/image_0_3109.jpg,5,red_spot,256,256,4528,True,,75ee970e18a8d1efa9dc0d838a3dd3216626b805a38cbbaf0db30665f6d9cd5d,0000206078380800
dataset/helopeltis/image_0_1461.jpg,4,helopeltis,256,256,6885,True,,43bcac17ee2d250480d2ddc957e2e4c4f92d92644af4719f10db3eaf3e414c67,10808480c0e07038
dataset/brown_blight/image_0_6027.jpg,1,brown_blight,256,256,5421,True,,d39fe0b920f43ebed348961722732b8c8935aa896afea4c514b0f0134942755a,00000880f0360200
dataset/helopeltis/20220101_095547.jpg,4,helopeltis,256,256,5482,True,,e8da1e8c25dd79d1ce60e7aa92b4491b944321f244855e6263497e90f0a52f15,e09b78e8dcf0e38c
dataset/helopeltis/image_0_609.jpg,4,helopeltis,256,256,5681,True,,e3c3d66264c6ba0b752faa81903fb3c25a3858dde1be117722048b396ce23a2a,50c13e78e0e0c08e
dataset/gray_blight/20220101_114640.jpg,2,gray_blight,256,256,4773,True,,e9c5587240f249bcdf7c15c0b8eea3fa8a852356e9891becfb0e0b004e6cafb3,dfa76373f3e3e3e7
dataset/helopeltis/image_0_2394.jpg,4,helopeltis,256,256,5268,True,,cabaaff57435dc9bbc7c95de7beabf6c4e244e7e57231cfe5736b3c5a135d7c9,8000e1e8ecec1000
dataset/gray_blight/image_0_3761.jpg,2,gray_blight,256,256,5291,True,,1b351f7a0fe082144a9e8faf2fa0e0b47326ac1917902e36b7581e40e9aaefa9,0024737060702000
dataset/healthy/image_0_3139.jpg,3,healthy,256,256,5955,True,,e9227b5323454694300b493facb92e6c4a5c62a4b9653d091c74128d06181c93,00387cf4e0c0e064
dataset/algal_spot/image_0_4186.jpg,0,algal_spot,256,256,7998,True,,2dcd0d453af2ed43e49b8af8bf1cb24d51df9fbb67f6edfe72b06c3753467497,831c7ceededcf1e3
dataset/helopeltis/image_0_3809.jpg,4,helopeltis,256,256,5110,True,,d618313fadda3d3e89eb56fdc1edc98097966b420a8f15c84700dbb78c4f19b2,000204f8d1e20000
dataset/gray_blight/20211228_134645.jpg,2,gray_blight,256,256,4799,True,,4cd4371dc1b44248ff1bb774985dfc7769534d7144ce4da8308e3c680c157dd2,c89d1ff0d8f0f0ec
dataset/healthy/20220101_090302.jpg,3,healthy,256,256,4707,True,,06569ce77b95873036a70678c184cc6430c1a41f1e491ee3c090a039e0b5023f,bfa762607971f1f3
dataset/healthy/20220101_090446.jpg,3,healthy,256,256,4525,True,,cd65fdc41fbdf45b37b17c837bb9cdaf461346974c510f1744afaaa3d6b585c3,e7ff37f0ccf0719f
dataset/helopeltis/image_0_886.jpg,4,helopeltis,256,256,5702,True,,f4ffe1f47cf3d062cb165da1f14f961a8861de1a4ebca2f7892f9e86ffc96dd5,ff87c1f8fc7cbcdc
dataset/brown_blight/image_0_7224.jpg,1,brown_blight,256,256,5174,True,,9a6a803659d31b379481e683a5f52dc16fdad32dcca26214105922e6645e8656,fbff5ebce0c1e3f7
dataset/brown_blight/image_0_8144.jpg,1,brown_blight,256,256,6961,True,,0aef4d53c567e6fe0443eea4367d80f910ab0ec4b0991078786acf2214b8af31,1070e4c0d8f060e4
dataset/gray_blight/image_0_3516.jpg,2,gray_blight,256,256,4438,True,,dfb018de117932c6ee53b12a350b5fbc8c17fcc50d16690ff98dbbcf7c847ab8,7e4eb9f9c3c737e7
dataset/algal_spot/image_0_351.jpg,0,algal_spot,256,256,5578,True,,f6299139dc62f213bdce38af643be5eead630423c7e18eb0bdb99ed8abeac537,0026e1d8fcf8f0f0
dataset/brown_blight/image_0_7464.jpg,1,brown_blight,256,256,6013,True,,7f4cdbf6294f69a2603d0495f9bac813c725f5fd10b3533e03dcea95dc109163,e0003868cc808000
dataset/gray_blight/image_0_3434.jpg,2,gray_blight,256,256,6722,True,,f0c5da6afdb291fed570007d8dbab6e41592fb32611758a611f59ac865477d8c,0080c090c47c0400
dataset/red_spot/image_0_1343.jpg,5,red_spot,256,256,5355,True,,ab26e31a7627540313cb99e9a396f438c3fe952624ac83cc10d4f1314526f3da,8f033c74e1e3effe
dataset/healthy/image_0_2636.jpg,3,healthy,256,256,6103,True,,59a4d3189aad1322c26a38d618f3fc38a49de9252b88a646c908520054774c8f,183079f9f9f9f1e3
dataset/algal_spot/image_0_1838.jpg,0,algal_spot,256,256,6341,True,,fb582657dbdfefa9b20cee2400014551917a9cf3cf5e57269c0ec353d85ae791,0018f0ccbcf06000
dataset/algal_spot/image_0_4110.jpg,0,algal_spot,256,256,5113,True,,50ff008be75c43bcdd8a5dc9ffaa63eaca0b29b58de99d6f320f30b09422fbe5,000471e0e0f10600
dataset/healthy/20220101_101617.jpg,3,healthy,256,256,4832,True,,45f551a44f325b5475c30216ebdffc26f084737f0b765834d08cc17f0a175151,c0c071f0cce02200
dataset/healthy/image_0_1530.jpg,3,healthy,256,256,5270,True,,d2bb87695c8c8268e47f754275ee16822934397d6c07771cd24f0fa001a09d75,ffffdebc7c68e1e6
dataset/brown_blight/image_0_9793.jpg,1,brown_blight,256,256,7026,True,,7be08b0a2e4a669c6fcc9cafd8d69be604fe991f4353c53a4a3559032ce01d96,07c3d16970341c2c
dataset/red_spot/image_0_795.jpg,5,red_spot,256,256,6291,True,,2c028286fbdf920f29a3f7312636dd926d45bee2d1e8f09a4b6037741c186d3b,000138f4ccc0e304
dataset/helopeltis/image_0_1230.jpg,4,helopeltis,256,256,5224,True,,b9dbd24f9c4a7675eedac4ad0f0ab18b7d72d613d46e8eb9f1d37389c3db701c,82cc9c78e8f1c280
dataset/red_spot/20211225_231459.jpg,5,red_spot,256,256,5728,True,,c2a2f07e68f43e218e7c30fb91858e8f88e411c4885ddf93cdf0e437352aa8b0,0000c484c4700301
dataset/algal_spot/20211227_112954.jpg,0,algal_spot,256,256,5796,True,,58d7c8711bce9d1c35c70aa4f2040cf78ba168c772e229bef9714b8876d2349b,fbbff0fcfae4bfff
dataset/algal_spot/20211227_153628.jpg,0,algal_spot,256,256,5733,True,,28d6a2e16e7d79a0efc76372b5abfa092e44edce81b9be603c4d7019d27b733e,1e61f0fcf8719efc
dataset/brown_blight/image_0_4308.jpg,1,brown_blight,256,256,5880,True,,5d739c7fb8d60eab07e6b60eca3a134063f318453d796eee70cf9512786a4a72,3f3fdfd1fc793f7f
dataset/red_spot/20211228_125359.jpg,5,red_spot,256,256,5136,True,,126eba4bb91f10897a2ca803a83b0530509bba8c6bd2d4a9dca72fc119231d0d,7f9f73f0fcf8f1ff
dataset/helopeltis/image_0_1872.jpg,4,helopeltis,256,256,5030,True,,fe36129ece080f187005d1cfbdd79ad7cea273979bd4eec313e204991721a04f,2f1fc7e070b8e72f
dataset/red_spot/image_0_3025.jpg,5,red_spot,256,256,5078,True,,d8de181be572b7c488bae4ca8a3b25ebf9c1370c2ccbc70a74c686e6e7646a5b,000071e0cc70f3fe
dataset/algal_spot/image_0_3053.jpg,0,algal_spot,256,256,4822,True,,2f703f1f5abbc6901450ceab91c1d92c71ac7597028530e30811a3e03c202560,f8fce2e0f8beffff
dataset/healthy/20220101_101820.jpg,3,healthy,256,256,4647,True,,a4bc97764e56c056a18396da768af469458246997bba3a02845a512269260b3e,40b0b0f070703034
dataset/algal_spot/20211227_132410.jpg,0,algal_spot,256,256,4892,True,,de7cc118dbf29f214572a9b20f1da54b81ccc54ba1875782b5de6a0fbd73021b,000032e1c0e0e1e0
dataset/healthy/image_0_2468.jpg,3,healthy,256,256,5756,True,,09c80eb9ce38a5db1548a13a3b174ed75779b5339e0e8808d03b27cbae9afa89,48e4f2d0f9e97133
dataset/algal_spot/image_0_1301.jpg,0,algal_spot,256,256,5431,True,,6cc0b4499dc47104e20d657acddb3f79f925afd9bc85c93811499fbf7cf91c8d,00041c7861e3cf3e
dataset/algal_spot/image_0_1168.jpg,0,algal_spot,256,256,5736,True,,0aeb0a4033f0f00c3c92314846c78a3aa020d1b1e0f0e777883970d3671f9d82,0000e0e0dcf0030f
dataset/gray_blight/20220101_114039.jpg,2,gray_blight,256,256,5452,True,,2ad923f25826e5f23dd10a0e3e40a8d47d6cb959cf9b7ceec30e690e04e05d4e,bf3bf0f8ccf0fbf8
dataset/algal_spot/image_0_2050.jpg,0,algal_spot,256,256,4752,True,,aeda6f38e6d048805a9668eb32f639e3dbdce6050d2156b0cf1281e478494d52,551fc7c1d8fc38fd
dataset/gray_blight/image_0_2274.jpg,2,gray_blight,256,256,6256,True,,d51c03ce48e0f8ac8a165e3133a126e21ddbe076148d65954ae021ef99122d1c,043878e8d0c0c080
dataset/gray_blight/image_0_2063.jpg,2,gray_blight,256,256,4767,True,,c0de5ad9158da6464c17dc3f5ea489eb53057bd20b055ba02bb5e7347926048d,d3e3bcf4c0c0c410
dataset/red_spot/image_0_3227.jpg,5,red_spot,256,256,5688,True,,cf89816f9a531f76428e7f3e0e1d93a0564575c12ff5c55fa00acc77bae48bf5,7f7f3cfcd9e36f1f
dataset/brown_blight/image_0_2911.jpg,1,brown_blight,256,256,5804,True,,9ddd264b397b380d084f91a7b3f12e2bc906d72b5e4532053a2bb772957d6219,00007cfaccf80000
dataset/red_spot/image_0_2657.jpg,5,red_spot,256,256,5192,True,,46a3ebd05d8fd8432ce71c1775110e075780e2106c86ec148a6e8d4b55de096e,183870e8f0c080e0
dataset/healthy/20220101_093034.jpg,3,healthy,256,256,6523,True,,68d763a656aeb08133130d2e21bb5c870fbc4800ec16aebf890fc42fb0805acd,f8f8fceeace0719f
dataset/helopeltis/image_0_3181.jpg,4,helopeltis,256,256,6144,True,,99ef47e2b3b83058a0f96e052f8a7517c5d8d318f596073a79f377edefad2991,fdeff3f0f4fcfcff
dataset/healthy/image_0_2664.jpg,3,healthy,256,256,5272,True,,cad76ca4bb80714b6bd2e2da2446f21fbb17e611d0775bcb5f4f9ec269a6e4a6,000400f0c0f83cf4
dataset/algal_spot/image_0_4029.jpg,0,algal_spot,256,256,6093,True,,45d4be6fa954b2361c6a9f43c958d92cd14510b15c864266cacb677c685b1697,0c0f07e1c8f07819
dataset/gray_blight/20220101_113637.jpg,2,gray_blight,256,256,5969,True,,dfb69f0ffd35bc26f65ef84c6eef9ddc93956a26100c7d5118445b543f49b3a7,67b878ccfc78f9ff
dataset/algal_spot/image_0_1668.jpg,0,algal_spot,256,256,4804,True,,9339ac8518872f7c826476c0573f323f5e683a83f081daf1ea36887b1b7208c1,000061e0e0f00000
dataset/helopeltis/20220101_121058.jpg,4,helopeltis,256,256,5661,True,,cb7a2f5d68de53d84e547c51021064411fcd56ec3bb0198a66375f6774f5ca1d,7fdf73f0fcf8f1ff
dataset/red_spot/20211228_122740.jpg,5,red_spot,256,256,4983,True,,175dc2587594ac9cadf9d94517da9205da487baf04ffa8f18c4d12ff940a29db,5f8f39f0fcf0ffff
dataset/red_spot/image_0_2207.jpg,5,red_spot,256,256,5514,True,,cfe9dd49d00c7e29d651d294f60a48dbfedb95793700f93b3fbbad9a254a257e,7f0e3ef4d9e3c73f
dataset/helopeltis/20220101_103638.jpg,4,helopeltis,256,256,4986,True,,a774c2383e0aaf866991b7e19c2489eb19edc3e75e2dae5340b688db394cc35d,fffffe7cfcf8f1f7
dataset/brown_blight/20211228_121012.jpg,1,brown_blight,256,256,5314,True,,cfd3b84d31db685bc2dff14c4029f0c324334fd6c5352dbdc67ee20849c58a0e,8f73f0d8f0fcfef8
dataset/healthy/image_0_132.jpg,3,healthy,256,256,6038,True,,a786a9ba58a1a9d903097655bf315278e583d0b6a26cfa397428d471ca6955c2,0010f0ecf6f01906
dataset/algal_spot/image_0_520.jpg,0,algal_spot,256,256,6560,True,,f18276bdaf6e629bde15c6f9aad33f124c8592815237c07551c37bebe6a6b000,069cb064c8c0c0c0
dataset/red_spot/image_0_1496.jpg,5,red_spot,256,256,4931,True,,874d949025ad1bf56dbcb15d2892e67de44ace98b1f2d50d6126006520018202,1a8cc3f17878dcc0
dataset/red_spot/image_0_1548.jpg,5,red_spot,256,256,5666,True,,0a53dc7e7282dbb6f47c5bb72acf22d6ce9b1821773258f7200ffc6823de0505,fe79387169c3c73f
dataset/red_spot/20211228_125821.jpg,5,red_spot,256,256,5432,True,,ba654910d7a6d99e0fec2c606633cfbadcb0d63efc728aabf5d622ad06e5a7a0,ffdf71f0fcf8fdff
dataset/helopeltis/image_0_3662.jpg,4,helopeltis,256,256,4596,True,,651e344c103384d3c36eefa308dd19b73d14f5cd3fd23876c5a586af70a55c51,000038f8c0c20000
dataset/algal_spot/image_0_2154.jpg,0,algal_spot,256,256,6248,True,,204b3c569aaffeafc98011bf6af33d9ecd4eb4f53ae293185f25b35acaf20fa4,0000c0e0fa780000
dataset/helopeltis/20220101_104312.jpg,4,helopeltis,256,256,5357,True,,d1344812211cbbd174c4c5c48133a715b892b63e6f4fe5268d5721f2a7530e81,f0f0f1f1f0f9f9fd
dataset/helopeltis/image_0_477.jpg,4,helopeltis,256,256,6123,True,,94bfa9c606700c63f427fab68eb8c271d89d432c052c4343b47bac165eca8a88,000031f8fcf87100
dataset/algal_spot/20211227_152405.jpg,0,algal_spot,256,256,5689,True,,bd901154f38a602f79bc72823738292aca4903b564e33acfdde13c54300eff68,1978f2f4f071cfef
dataset/helopeltis/20220101_100010.jpg,4,helopeltis,256,256,5783,True,,d6fa445631960e7fcbc1c9461bcc39b5ce2527a1b3d54e224de29dc40143e35b,4c6662717979b959
dataset/healthy/20220101_094835.jpg,3,healthy,256,256,5536,True,,cf146c031df2256374c852f92813514785d1031c36f1867d9d334804fcb889bd,611370e8f4f0b8bc
dataset/healthy/image_0_2442.jpg,3,healthy,256,256,5743,True,,dd5e502997ac0a53c311b0da9ac3fd7d6cd83ce7f88ece6a402f11d429736eba,0c0b78f0c0c1e0c0
dataset/helopeltis/20220101_092709.jpg,4,helopeltis,256,256,6072,True,,3d11e49a446d207a3eafc33f8b784182f26340fc983b6dd2e897dcbe3b2470f6,c183f1f0c2f43c03
dataset/brown_blight/image_0_8831.jpg,1,brown_blight,256,256,4726,True,,1bf8e58acd569a7b50c9bbb110153bb0f8c1c7db38a49f4e8175a0da2c4cef7c,162fe0e0c0e23efc
dataset/helopeltis/image_0_3811.jpg,4,helopeltis,256,256,5313,True,,1125058d05e131d21de5a35b99d5ce2d70dc79dd24dc910a24d3e6b41fc735e3,000c7cf8f8f03048
dataset/gray_blight/image_0_1083.jpg,2,gray_blight,256,256,5875,True,,c177e9c066971f012ae82040c0d657a49e3567721c808be4bff34a8f608efb60,10907eecccb0c1c0
dataset/gray_blight/20220101_112953.jpg,2,gray_blight,256,256,5824,True,,a5a8765091f1c560d628c53447aa90582b9c24e5291440a61620ef60df46cf33,347261f1f9e9f0f0
dataset/gray_blight/image_0_1859.jpg,2,gray_blight,256,256,5894,True,,e3e8de043fdcee421687bca14baeb6a24cea0e183a80a304662f534abb0815f5,18c6e1d8ec7c9c81
dataset/algal_spot/image_0_4127.jpg,0,algal_spot,256,255,5421,True,,44cb6b20b9113ff8d303492814e5f822b68877b980e50187db8fddc0a3800e88,000c3830606264c8
dataset/healthy/image_0_829.jpg,3,healthy,256,256,5257,True,,97039206a362cdfebc4287da9d94481ac2d950b42559857dec969bfb953c3366,0020c0c9787c0c81
dataset/healthy/image_0_2210.jpg,3,healthy,256,256,4642,True,,71a48efe4e092b72d10473a0d942dd1b3e6d52a773320c0dcdb4e25f0e09ac08,00c06070781c0400
dataset/brown_blight/image_0_3554.jpg,1,brown_blight,256,256,5463,True,,dc87e5fedddf70f9a86ae6f1434e1d68b41f2afe4f8d13a8eb9dc5fc8a1610e8,00003874e8c88000
dataset/algal_spot/image_0_2848.jpg,0,algal_spot,256,256,6784,True,,f65de1a4f02c97e79950c9250ccebabd9118b99839826b8ff5e6723ebcf5fe69,0000e0e0f0f07187
dataset/healthy/image_0_799.jpg,3,healthy,256,256,4882,True,,622995da9b46bce59ed5eff7c9b9cc1d64dd507aa30dca724705813d644bcff4,083870617062e2e6
dataset/red_spot/20211225_231906.jpg,5,red_spot,256,256,4473,True,,3a2869770a218059a2d8e4ae3640d75c4fcbe1c310afe8f8fd8db406f760c439,01033370e0710601
dataset/brown_blight/image_0_6882.jpg,1,brown_blight,256,256,7342,True,,06c044787011d5056a1a44ea19d28bf3f1a8074be7b4172467aee54181b6bf1b,ffbc70e890839f7f
dataset/gray_blight/20220101_114826.jpg,2,gray_blight,256,256,5430,True,,979fa9e5d36641b8eb722718bdf637607978840a6dc3283cc0a856be0c0a56af,ffff1ff1f8ece0fc
dataset/algal_spot/20211227_133246.jpg,0,algal_spot,256,256,8484,True,,8a7d703e4cdb5676834c21855c1f3b0428762831ff9d35054d9391658f2e5973,e393f1e4c6c8f1f0
dataset/algal_spot/20211227_151231.jpg,0,algal_spot,256,256,5190,True,,2a4adb831437c943f5c59048bf27f0e27144940b9f3c4a3814dcc2ddd587fce5,ab8ff8f8d4f0bfff
dataset/brown_blight/image_0_5664.jpg,1,brown_blight,256,256,4413,True,,a74aba3a9b7707e89e242f35cd56c7668f05d156b33b984c73a76d512bdd19a2,03010c3cf8d0c000
dataset/red_spot/image_0_2923.jpg,5,red_spot,256,256,4945,True,,6b26d7306706cfcd1f583a2a1c2b1ad1d1e5a7434880ddfbe54cfffcddafa5a8,4e1ef1f0e478d9f2
dataset/healthy/image_0_3010.jpg,3,healthy,256,256,5122,True,,4aa918cc688d1ba681b7596a05a3df9c9bd822423af43dad389f32fa5f301738,00031c3c7c70c0c0
dataset/gray_blight/image_0_2337.jpg,2,gray_blight,256,256,6171,True,,c3ea16dc043b953ab940779194622de77f07a814be29ec246164b6d0a5afa662,000838f4c4d8e120
dataset/gray_blight/image_0_506.jpg,2,gray_blight,256,256,6955,True,,62e617660dd5c7fb4435aa9b536a5867bb1af8e3077a78c3c8a60c92f349a01e,1d84c3e1f8fc7e3c
dataset/brown_blight/image_0_2869.jpg,1,brown_blight,256,256,6069,True,,d1dedfd47e626fd24df2176c976a45a63c0deb2a048dd25bd073adfe52150c13,03041c38316162e4
dataset/healthy/image_0_2954.jpg,3,healthy,256,256,4539,True,,de24ed84860a51b0a59adc8205fec81354cf009b6995274b383ac4bdf43e5f22,00000070e8f03000
dataset/healthy/20220101_092658.jpg,3,healthy,256,256,6645,True,,cbe9fac574b1906388eed4c4fff4a00bf109ae59a0deb1a03ea65d6fe1b33452,0ec6c1e8743a1e06
dataset/brown_blight/image_0_3938.jpg,1,brown_blight,256,256,4746,True,,34357ef1ac42a52c73ea3f4f1f60cd3fdf623f87faf3e3f31845c2be5d65d8b1,0010307068687030
dataset/helopeltis/image_0_2100.jpg,4,helopeltis,256,256,5514,True,,673744b8f6775b439998f9b44fb5c74b7976d66cc81403e9ce3adbce78dd1c2f,4007f0d0b878727f
dataset/brown_blight/image_0_4538.jpg,1,brown_blight,256,192,3694,True,,b0552072ccb0396d4017924db5fd8998a6671d3cc0967ac753d13426b8aef5a6,1f3f4f6773330fff
dataset/red_spot/image_0_2989.jpg,5,red_spot,256,256,5206,True,,5bb02ea8b3da14e9692bbb4315c42edba8ea01019f2ea1d05195e862173a3aff,000c7cf4d8e06000
dataset/gray_blight/20220101_113010.jpg,2,gray_blight,256,256,6143,True,,578e8293ba8438dec8dce41e4dd41ca23904bd58bf4b1ca1059f8627a386cd4f,a4e0f2e1e1e07030
dataset/gray_blight/20220101_113045.jpg,2,gray_blight,256,256,6058,True,,089e5d5f886c8c6b6a7065d17f57df46716a6dcf4f01169ab4c5b10035f36849,2462626161617072
dataset/helopeltis/image_0_1102.jpg,4,helopeltis,256,256,5023,True,,f49d2e97b87d48464f838859476ab029570bb702e916e14c12cfda7811d9876a,183830b0b0706060
dataset/red_spot/20211225_231718.jpg,5,red_spot,256,256,5279,True,,e5adcacbe17b0966f059f6923b0881c8a3d3154a9609464a462ae5f78b45e06f,030761c0c4e10303
dataset/healthy/20220101_104101.jpg,3,healthy,256,256,5675,True,,300e9f2a5f08cc6a7cfd71f5bbfdd49d5f04a9d8d2175c681666237b0b986477,30c5c0f8e8f0b387
dataset/brown_blight/image_0_5182.jpg,1,brown_blight,256,256,4312,True,,ac5484d2784d7fa6fdb479098caa7c60f8670c43613d4f0595eb70c05ccbe0d5,000c7ce0c0000070
dataset/helopeltis/image_0_2593.jpg,4,helopeltis,256,256,5710,True,,874716e6c596ffe613cfc811917391213e1789e1d1b39cfd83f9aa1db0ea1f95,e5e260e0e4f0f015
dataset/red_spot/20211225_231236.jpg,5,red_spot,256,256,5553,True,,61b99b099a4fa7c267ac23e5d8869a41785c2c64df478dc88a065854c23d7877,010061f0c8e10703
dataset/algal_spot/image_0_601.jpg,0,algal_spot,256,256,5591,True,,dcf264aa533bb8207bc31aaeeac8061626f87d1ecf15db9427530d540d152a52,1002e0e0c4783c27
dataset/red_spot/image_0_2865.jpg,5,red_spot,256,256,4368,True,,0b695e9ebe948357cffbdf7e4d3795271b8ce6498638d6e2f5eb86def1ae582a,00013c78e0c00000
dataset/algal_spot/image_0_116.jpg,0,algal_spot,256,256,8580,True,,b6994a9b55d010244ea647492ad0cbfdf26df4de719eca19f2452ba886749319,800d78e2c0808088
dataset/gray_blight/image_0_2002.jpg,2,gray_blight,256,256,5333,True,,acdc8416dc8dc43deacd9b7536ea1e311da13d671f0440e580496509354f2163,fffedefcf8e1c73f
dataset/healthy/20220101_091705.jpg,3,healthy,256,256,4435,True,,8d270f15efd4d9088df15eb4bb63f2e10630fe0dd55aba8e2cdc157b99a498c2,ffff33f0dcf873ef
dataset/helopeltis/image_0_2302.jpg,4,helopeltis,256,256,5680,True,,ba16ad3030de676c36a9370cc87d3be3dd11e15b1c06ebe0d8db0d2f02e790a0,0040e0d8e47c3e02
dataset/helopeltis/image_0_1295.jpg,4,helopeltis,256,256,6233,True,,a722f6f540ca8bd1239d757616ead5e8cfcc0518a3caaa920afef8618b6c634f,067cfcf0c0c00000
dataset/red_spot/image_0_122.jpg,5,red_spot,256,255,5414,True,,69ea6de759dfe5972128158f21bc7ea0921efd9f88cf3165c201363cfc4f6c2e,6763c3c3c3c3c7c7
dataset/algal_spot/20211227_113011.jpg,0,algal_spot,256,256,5564,True,,23ff6d39b162211e7a08f01539a770a139d0acb3538eb442ff757c381d216c13,fbdff0ecfcf0f3ff
dataset/red_spot/20211225_224219.jpg,5,red_spot,256,256,5181,True,,0b3d90f3ed227bf6e5072731cffb3655957c740f5ac35a238e85c5c21d40ddf7,030131f0c0710301
dataset/algal_spot/image_0_1239.jpg,0,algal_spot,256,256,8703,True,,aeba48f8e826330104ad5a34be8f7a5f2c1cf8c057caec27cd6a945c2d35e08f,80c0c0c0ec6c7038
dataset/red_spot/image_0_1691.jpg,5,red_spot,256,256,5318,True,,dfb33baf8f62909104772a6bd029a0da39bca43c3c7ac0043e88d89556b81a21,3f3f73f1fc791f7f
dataset/healthy/image_0_1291.jpg,3,healthy,256,256,4935,True,,aefb771a628526d3e16560cd65daaac415b34ee8af5e143c052de3567a5544d7,0000f0c0fcf80008
dataset/algal_spot/image_0_1241.jpg,0,algal_spot,256,256,5647,True,,77ed75772db7772bf3e7e88f6684be7c2f22b2911acde154c624aee91caae292,000ce1c0c8e02000
dataset/gray_blight/20211227_163638.jpg,2,gray_blight,256,256,5364,True,,65b18718d557f78ab5728137b0805de6970e4935672d0e0ae948f72755aebc14,591b78f8dce8f3ff
dataset/brown_blight/image_0_3427.jpg,1,brown_blight,256,256,3236,True,,7a6322544cc70919a3011b2365f71f3d9489915ad9c762933935866632c7d4e2,00006060701c0000
dataset/red_spot/20211228_125253.jpg,5,red_spot,256,256,6046,True,,b4f2de5ac6c112aaf3d72a445f1bebd243f7fc27038367a8c41ef2ef5f449001,ff3bf8fcfef8f8ff
dataset/algal_spot/20211227_102325.jpg,0,algal_spot,256,256,5815,True,,105b31e0218bec86a5af930f9d81c8f3a94526909e46fb2e7cc874a31264ef4e,2767e0fcf8f01fff
dataset/healthy/20220101_094446.jpg,3,healthy,256,256,5281,True,,9e3e4a8bc8efff46de7bd83dbe21c7d5d86e4b4c6f6e8cfd9b69a7f65f0b768d,0022f0ccdce02632
dataset/brown_blight/image_0_4357.jpg,1,brown_blight,256,256,4844,True,,f5813fa3f40fdae141c4a22bd67c74dfa26d34b65850283f3c796ceedde48474,001470e0f0780000
dataset/red_spot/image_0_1341.jpg,5,red_spot,256,256,5978,True,,6ddbdddf0fbbc9c3fcdc1c03b1cb74bfe1ff750854bc28bb773bd6614fc4fd01,000080c0e4fc9cc0
dataset/healthy/20220101_104751.jpg,3,healthy,256,256,4684,True,,1b4ed8d1bcd455f3ea89c3de3bd1bdb9a55a8a57aca18b8f03e8b5762e3f9594,fffffff8fcf8fbff
dataset/red_spot/20211225_232008.jpg,5,red_spot,256,256,4868,True,,9b3570ecc6dbe570bcd6df37dfa3b6276d399dc001265039795cc174de183b4d,010011f0f0700301
dataset/gray_blight/image_0_3074.jpg,2,gray_blight,256,256,6488,True,,7c0b1324ef91fe1e7fe0c14ad19b40a50820bfe6faf1bb4611a0449430313b20,0020e0d0c8603000
dataset/red_spot/image_0_3188.jpg,5,red_spot,256,256,5154,True,,98bbfc1bb9bda684290e608a58c5a3faf4ae7641ad91b6c53617b845caf65582,0101036168301902
dataset/helopeltis/image_0_4012.jpg,4,helopeltis,256,256,5396,True,,6333779b3bb799a33401e1845767745e9d21d5e52c49c186d5c2507b253d5ba4,0000c1c0f0780100
dataset/algal_spot/image_0_1622.jpg,0,algal_spot,256,256,7657,True,,047d6deabcead5494aa309ac4c11dd6f2425b2bb1cdbf01d81f66403fe638bc0,8f71e0f4c0f0788f
dataset/gray_blight/image_0_2456.jpg,2,gray_blight,256,256,5334,True,,cb142812febd8e07b889f52096ac9b56f4e24f94538aafa62c74c9eb8580c19f,5c1ef8d8f8f8f0e0
dataset/helopeltis/20211205_160940.jpg,4,helopeltis,256,256,5290,True,,fb8e7b1544894725263a6722b2e1c98e384c932835dabc7f2a9476e6598188f0,7fff3fe8e4c8d8ff
dataset/gray_blight/image_0_1213.jpg,2,gray_blight,256,256,5575,True,,f4463ba6e1f45c0b8bf54de2dd1c69b00db0373a1e5dbab35fba5c8911179f7a,800023f0c0e0f801
dataset/healthy/image_0_1208.jpg,3,healthy,256,256,5755,True,,41202bc587684322680011bf976c7ccc1441afd1c02961dfab087fc4ba955d8d,000070f8e8ecf030
dataset/red_spot/image_0_452.jpg,5,red_spot,256,256,5446,True,,f6ef163330019e74d9186d84cbe8ef47ccb5d0d313b3d9dc077129a04be67a0b,01016361783c0402
dataset/algal_spot/image_0_2795.jpg,0,algal_spot,256,256,7985,True,,efffa7f46abb6ef6c25a1a576eaa30e90567a550ecf90144a3d671b45b95ce1a,011c3c74ccd9c367
dataset/algal_spot/20211227_153512.jpg,0,algal_spot,256,256,5325,True,,118db93416b8704ecd14f548776cb644f95ef0c183b8c6605530b9cad52388ec,9f70f0d0f073c4c0
dataset/healthy/image_0_1559.jpg,3,healthy,256,256,5515,True,,e9a52e650fb7bce144730ca7179aedcf7e3cb77d93919bb1b0d31bb2085ef3b6,c0c0e0d0d8e0789c
dataset/healthy/20220101_103803.jpg,3,healthy,256,256,5005,True,,607e4e5d52dfd3ad47f2c910701e923cd45fb57aabad636e3a770962af6e6ed6,c8c2f178f8fcfeff
dataset/gray_blight/image_0_2124.jpg,2,gray_blight,256,256,5795,True,,04e545f3c8bec9d415e6b47760bb3b4feeb61c05626a16336b177e5ad156897e,00000070e0c2e000
dataset/helopeltis/image_0_1563.jpg,4,helopeltis,256,256,6153,True,,ff9de60f6d4aaaad717e70ba87eb94f34d96ebf4619bc98482df2cbcfa8515d6,00c0c0c0c0f63c00
dataset/algal_spot/image_0_1342.jpg,0,algal_spot,256,256,5313,True,,c6e8d95be59b1e78a62350163d487330c95d79cec45c83c6f7963979d630c74f,000880c0e9703803
dataset/healthy/image_0_719.jpg,3,healthy,256,256,5397,True,,d52be3fa043e22daa90a4f3d0bc2398e99a1f66f8cede3d8fcd7fc28086353bf,a062e0c4fefc8000
dataset/algal_spot/20211227_152324.jpg,0,algal_spot,256,256,4798,True,,9185727c8c59234cc63ce0dcf6ec744b504630c798cb7e94d92f12a72c1eb789,ffff7fd3f0f1c3ff
dataset/gray_blight/20220101_114437.jpg,2,gray_blight,256,256,6409,True,,6a2f2a4d410fe3f610d05f2e60ba3287e4c49f9e6e74ae851f5815ad8603f217,ee73f0ecbcf07fff
dataset/helopeltis/20220101_105224.jpg,4,helopeltis,256,256,4794,True,,6a6ceb6607d18604b8ea2a6d613d66f50d565980a8a3c211561f9b8aabd52035,fff7f3b1b9f8f8fd
dataset/red_spot/20211205_155013.jpg,5,red_spot,256,256,4599,True,,1da97d0fc70a468b8c39217c59c4004a4e701163b24b32fa99ba27e806e0579a,ff7f73f0e8f1ffff
dataset/gray_blight/image_0_3145.jpg,2,gray_blight,256,256,5973,True,,e74f965e1d43bf6deb3335703922004687ff185db1a4fcac4284e623d8784527,378c83e0c4fc78b3
dataset/brown_blight/20211226_000254.jpg,1,brown_blight,256,256,5412,True,,1f27d4f2419f2a050d5a839429bb022c844f82407c17de06e6d6988cf4146eaa,010061f8c0c20001
dataset/algal_spot/image_0_2411.jpg,0,algal_spot,256,256,6499,True,,8f5759e01710659f72fa3b9a3eb3c65435bed287870a7cb030d4eb766162c1fc,04c7a098e77c0c00
dataset/healthy/image_0_771.jpg,3,healthy,256,256,5680,True,,309a8f9ef816f2d372d45be1e54f4e408e68b7626bd618f78016a92f95a794f0,001078e4f4f03000
dataset/helopeltis/image_0_1483.jpg,4,helopeltis,256,256,4661,True,,d8a3cf28e1c2b82ca54ed9ffda41fca1997052bcafbbb89ac6103edd3a00a851,0c06f8f1e0600000
dataset/red_spot/20211227_162237.jpg,5,red_spot,256,256,5650,True,,2b76bff91a78c680af1638486ebf80bc4fb1a76ec4c1536aa368ef95c97a8588,8ef3f0bcdcf07bff
dataset/red_spot/20211225_223710.jpg,5,red_spot,256,256,5155,True,,8d7fa7a8380b9488f6f9c525fd215f8f7bd1630c4d0ef2d19b4707c21ce18d8a,030331c0e0610301
dataset/red_spot/image_0_1819.jpg,5,red_spot,256,256,5662,True,,30d5fa9a1b15a75dcd22e7e1e2bc8a603188797471dc5e8347906b47a6e39c69,0607f1f0cef8f8fe
dataset/algal_spot/image_0_3818.jpg,0,algal_spot,256,256,5332,True,,de6c600daebb7eda3d7af1faaf660caff4751f23c178c7ea07eb2739daedf276,0864f0d8e0609890
dataset/healthy/image_0_3115.jpg,3,healthy,256,256,5176,True,,fd1923a2304ec4c28e40f72c548e32e7cbfcac9418029dc969b8e6bab85f70d5,c7b8fce8c1c20000
dataset/helopeltis/image_0_3312.jpg,4,helopeltis,256,256,5785,True,,1f09682525cd69c46e4a4f969638b52e47d5479a91cdb96d5254db9dc44395ed,000ce2f0f8f8ffbf
dataset/helopeltis/image_0_1147.jpg,4,helopeltis,256,256,5469,True,,e3a3c1ef11f3e7f7081f14fe6f4fa76c8790a70e3f7dbe8778fd44fd49fbbbbd,0f193864e0e0f8fc
dataset/algal_spot/image_0_1825.jpg,0,algal_spot,256,256,5658,True,,0ea18b5adfe233940b99872fd81f808039745a27968dc6fa2f76a9864b728c37,bfdbb874e0c1c73f
dataset/gray_blight/image_0_2847.jpg,2,gray_blight,256,256,4915,True,,b01727924003cec57502860e7ae88982b9fe418d837b3d67abebf87bd72b9628,c3cc3cf0e0f03ffe
dataset/healthy/20220101_102007.jpg,3,healthy,256,256,4930,True,,f234b2221664043dd35d48bc2588e6d4cfd8de3caeaa356c81705aca82fdba44,608639f8dcf8f000
dataset/algal_spot/20211227_153605.jpg,0,algal_spot,256,256,5896,True,,e5be8124a47586ddc67f3c623fa01ca59651072c3473c6b51435ea364e0d22bd,b373797874f0f8f8
dataset/brown_blight/image_0_782.jpg,1,brown_blight,256,256,4879,True,,273329ea6b786c16da6d0896e27eaa6a0669df4c599270b63c25d38d16658463,00c0c0f87c1c0100
dataset/algal_spot/image_0_997.jpg,0,algal_spot,256,256,5966,True,,7ee3930011dcb0a038c1e3225990a2fdac30a246cf7c2f8b8986f47cfa2aadf3,00e0e0e0f2780c00
dataset/gray_blight/image_0_4042.jpg,2,gray_blight,256,256,5527,True,,e6d3ee955b8284fb329eddc642ed1f971ef74292b503760b0c3fe41cbb7adb75,1f36e06cfcf8f0fe
dataset/algal_spot/image_0_2043.jpg,0,algal_spot,256,256,6842,True,,cf8c29c35d6fb28f506473625154a633bb50fd4db4d84e364d4ce7b2c9ec84ea,180481c0e0781900
dataset/gray_blight/image_0_1927.jpg,2,gray_blight,256,256,4476,True,,4d7e0ae7830fa9dfc730f07e04b05ce9fe72c63266a4bc7d40209a7be8e7729e,030707387ce0e30f
dataset/red_spot/image_0_84.jpg,5,red_spot,256,256,5108,True,,4754e387c49aa5ca1a716bbc67a4615f7fadc0c02a63308347def53b5b6d7b15,6f4f3674f8e1673f
dataset/brown_blight/20211226_003208.jpg,1,brown_blight,256,256,5735,True,,dd1d0d7197971ff8174256f2256751925a9886c38277d642834b6b9662764b36,010739f8e8280001
dataset/healthy/image_0_665.jpg,3,healthy,256,256,6947,True,,e701fa5b0c84dc33ba8d78ddc54633a5af73ffcd3447ddb942c13eba1fa10ff2,0080e0f8dce63808
dataset/red_spot/20211227_161212.jpg,5,red_spot,256,256,5008,True,,47a61b1c6c142a641a0958f4b40c7ee847f92ae5a8b92ea37564cbfced700f65,f4c778fc8cc4fa7d
dataset/algal_spot/20211226_102645.jpg,0,algal_spot,256,256,4973,True,,63dacfb08b78cbf34a8287df9fc9941a0d60a25325a9b5065f84f228a16b16fb,fd8f71f8f6f839bf
dataset/brown_blight/image_0_1154.jpg,1,brown_blight,256,256,4586,True,,1dee60644862d1572a512ec21004a747e2d79ae2a4ac3151c3557f6d3b116765,0000183c70606000
dataset/algal_spot/image_0_363.jpg,0,algal_spot,256,256,6144,True,,d1eec941a7382e2bb4c14c9f83249d34233af2ef0fdd84ffda20496d97465a7f,000ce1e0e070b182
dataset/algal_spot/image_0_2959.jpg,0,algal_spot,256,256,5352,True,,926c74a51cede774a60ded1af0408a714bb2e323f5289cd8c0824dc8e6347b63,0060e0dcf83c0000
dataset/brown_blight/image_0_4231.jpg,1,brown_blight,256,256,5978,True,,5155ad1c83b792f15ce064fdb7a44060adc0a0c6a567b0fc85d7d066be0e6b4c,3f2f387ce1c3ef3f
dataset/gray_blight/20220101_114145.jpg,2,gray_blight,256,256,5300,True,,7ad8b7dd90c6aa7381317dc5ea0604e894426b0e4db97f75c87573a5235d05f4,3fe7636170bcdcfe
dataset/healthy/image_0_735.jpg,3,healthy,256,256,4173,True,,3a502a6d2da4cb9dee2898a820185407040ca7a315b904734a436c1e2bdb8e61,08b07060e0c0c000
dataset/red_spot/image_0_1397.jpg,5,red_spot,256,256,5559,True,,c0646b7a8a929fb73a4cae71068e0f0a5f98955da73ad8634a0ca114129fea26,0000c1c0f43e0e03
dataset/brown_blight/image_0_4742.jpg,1,brown_blight,256,256,4634,True,,36d62262bdea67e985c0929d7dfffe94fd5f634e4606cdc4be3071f086967604,010000c0e0f0147c
dataset/gray_blight/image_0_2395.jpg,2,gray_blight,256,256,5922,True,,bd9eb455d5740f55385c7645574dec784b266b516d309f5a4776ae76b13fe8b2,fefc7c78e9f1e64b
dataset/red_spot/image_0_1150.jpg,5,red_spot,256,256,5575,True,,5a88e61d7a461e08813e85d1d4f986f5f58870d09cbfc2c4d5733ed627acdb34,0070f0ecf073070f
dataset/gray_blight/image_0_755.jpg,2,gray_blight,256,256,5328,True,,273e32d80fd3a567ba1fa9fe54e4cbb80c718113d94302a5ec1264b83de88bef,00004060c0f83e05
dataset/healthy/image_0_70.jpg,3,healthy,256,256,4492,True,,a06d07cb7995cc0bf0da85b1e5ed5ee416cdc5227049ad6888b4f039f81adbc5,206060606163676f
dataset/healthy/20220101_094344.jpg,3,healthy,256,256,4252,True,,7a4dc2e024f285179ff45162b4dd4cdd6b0d6c8a4f9ba23b034599679db2097c,000031f0c8f03388
dataset/algal_spot/image_0_2389.jpg,0,algal_spot,256,256,4577,True,,6a01183cf7fbd7496961df0a6cfeb89ea86f2309be5203e5a211994fafb8769c,fa7a33f1f8f00707
dataset/helopeltis/image_0_697.jpg,4,helopeltis,256,256,5945,True,,3342aecc43f1a80c80cc2559d3ec7dc991c1e1dc383e367db5e349aa761595c8,0c3878f480818000
dataset/brown_blight/20211225_233558.jpg,1,brown_blight,256,256,4833,True,,856f77678b4df8b3d4772db8c371f31c1099e98fef06e96c82d1ab7cfb85df10,030101f0e86b0103
dataset/healthy/image_0_2760.jpg,3,healthy,256,256,4777,True,,16c088b032d1dccd9d9f946820a51f923cda9e8121fe6ae807fda3f395473ff6,0000047efcf0e000
dataset/helopeltis/20220101_100035.jpg,4,helopeltis,256,256,4759,True,,d459cdba258753c4fb58934263f29b3f5d20dbd6872d69284caed63d41b1ec9d,fffedf38f8f0f3fd
dataset/red_spot/image_0_3131.jpg,5,red_spot,256,256,4611,True,,d4b1c937a585ea535f99f4fcacb7579894863c40e5c95cb9313be9a24f8d6f4f,0006387cf8e000c0
dataset/red_spot/20211228_123139.jpg,5,red_spot,256,256,4432,True,,f8814bed74233354a559ebdb206670e2cba9c9c2bd3a199a644ada3f0fec7de3,2b8f71f0e071bf7f
dataset/brown_blight/image_0_8693.jpg,1,brown_blight,256,256,6198,True,,7bd96224663c370b61756bde4ce135bf2bac03190dd1e308afa4848a31c95f44,fdfefc71e1e37fff
dataset/helopeltis/20220101_092205.jpg,4,helopeltis,256,256,5637,True,,75cae9c6b5ea61df433145621cf9cde77d03d2fda14cc59b9cbb5e9ecdb25ff2,feff39f8c4e0f0ff
dataset/healthy/image_0_59.jpg,3,healthy,256,256,6839,True,,7078164190bffbf3956f2da5dabb537515073c38e3cae83d5ede63052b0e5967,f8f8fceeece0e10e
dataset/brown_blight/image_0_6254.jpg,1,brown_blight,256,256,6424,True,,3b7edc2773c8f98ab50efc58819074f5a698f05c2e550166149f731c049c47d0,0020e0c0701c0500
dataset/gray_blight/image_0_1415.jpg,2,gray_blight,256,256,6003,True,,62160bbac2819e9a349254d0d8f06992ad2729eb0ce69d9f6be7973b07eda580,003278dcd0c38400
dataset/red_spot/image_0_2393.jpg,5,red_spot,256,256,4530,True,,2e40fcd68aded2113b89d3e810eaa9ea65f537de6f6461372161851c760241f6,3f3f3978f0f0f8f0
dataset/healthy/20220101_085948.jpg,3,healthy,256,256,4972,True,,aa6a2d2970c18137c08637f8b8a0138bf688e5445602751a50efb0b687e4905a,ffdf71e0e4e0737f
dataset/gray_blight/20211228_153126.jpg,2,gray_blight,256,256,5019,True,,260907e7e079c31e78f7b2c4dc15f285f71ccb5834ae2c26afd1391c96e679ee,fd37f8f0fcf0173f
dataset/brown_blight/image_0_3090.jpg,1,brown_blight,256,256,6200,True,,8a28053de997c9e76978dd978553b602914901be1c5146813c364f9a3dc407db,7f3f79ecd8513f7f
dataset/red_spot/20211225_231437.jpg,5,red_spot,256,256,4821,True,,01a16aca20c6615acd486a0bbb18d9557a652680d7c46c40cfd9b5e00c8a146b,010131e0e0390703
dataset/brown_blight/image_0_7422.jpg,1,brown_blight,256,256,5964,True,,54b8cb1f0a9ee883be9a363848e697e8001ffa20769756b0b7a864794f950cdc,070305e4d0710703
dataset/gray_blight/image_0_3689.jpg,2,gray_blight,256,256,4636,True,,45decc2ed8f740440bc40524b947728e3e10751750faf7fb8fd10162ddfd282b,00007cf8c0e0070c
dataset/brown_blight/20211228_155121.jpg,1,brown_blight,256,256,5095,True,,d65bc7ddae99a2017bec976a0f204dfeba75d155a5a59a4682d964b46f29fa32,ffdf78fcf8f9ffff
dataset/brown_blight/image_0_7206.jpg,1,brown_blight,256,256,5236,True,,99d7cf3dab96c302462e81ddce25d79a3d26d7553b2d990de3ab0203fe2409e1,0343436373391b1b
dataset/helopeltis/image_0_3678.jpg,4,helopeltis,256,256,6031,True,,4d3b1a0a8db9aeaf578084154e05510cf8c4ab9c575fc2a498b1fd886e6e6407,7f3fe4c4a8385000
dataset/red_spot/image_0_1756.jpg,5,red_spot,256,256,4904,True,,b7916ef9c5094118e9e834f31a0ccfcb7a05dac870c96eeadc275742c2a61ab7,00003cf8c0c00604
dataset/helopeltis/image_0_617.jpg,4,helopeltis,256,256,5223,True,,59460062ba9b83198876a87e9cf4379dec9f007d97f7e3d0164dd6098ca1f393,2060626161701200
dataset/red_spot/20211227_161218.jpg,5,red_spot,256,256,5200,True,,2f35d17c2ef55e5f21aff7aa5129c1f0aa76d0ded4ac17a0813ef8f137a3b8a2,faee39f8c0e071dc
dataset/algal_spot/20211227_130246.jpg,0,algal_spot,256,256,4800,True,,8b4ae092b6fd1f35b5b78060be17575d539c1c581b3cd89fc4c549e2f6aeed25,d7c739f8ecf033bf
dataset/red_spot/image_0_1417.jpg,5,red_spot,256,256,4908,True,,1373299bfa59823c5ff0cb05781aaa4b37a82786f0ecaed9505d3d6d86e0755a,00033c7ae0e02080
dataset/healthy/image_0_3281.jpg,3,healthy,256,256,5098,True,,260668bb9e0d9cde048be423155fa9077850a9b6ca84dbbbd5a4364298ca7d9a,ff3ff1f4fc7197df
dataset/red_spot/image_0_807.jpg,5,red_spot,256,256,5430,True,,8140c4f64111ed0e37a2264a794b9fe885d5271ca3acf41b037d3853d949a19d,001c38fcf8c14ecc
dataset/healthy/image_0_1100.jpg,3,healthy,256,256,4418,True,,570c467b54e7891a493fdce902ab7b15e42f74bd9e780067a55c9ad9dad1734c,000c183830303030
dataset/helopeltis/image_0_471.jpg,4,helopeltis,256,256,5597,True,,11bc2c6da3cb01809555c5a6c860a4c80bc1f7f9cc70bf7c0d0f5f360b94f904,00048980e4f00100
dataset/helopeltis/image_0_1746.jpg,4,helopeltis,256,256,5455,True,,d0ebb4ffa265b65958e5710dca45b3099fbe66d9817c8c93cca2ef6a695518d7,f0d078f8d8f86000
dataset/helopeltis/image_0_1074.jpg,4,helopeltis,256,256,4053,True,,c33bd6e2c3c78802857e35bc8678e1ee14b7cef3b9f831b0c92de2179a9dbb13,003070f0f0300000
dataset/red_spot/20211225_223532.jpg,5,red_spot,256,256,4620,True,,819fae466b505d731c89b9c153269f6bebd30aa0d7e39886d1ba5a3bb2f4e464,0301017064610301
dataset/brown_blight/image_0_4345.jpg,1,brown_blight,256,256,5184,True,,cf3a3794594018563b4de78cf68a03be1d12759dae6ac630e117611034546922,2f3fc7e1f0f8fcf2
dataset/helopeltis/image_0_3381.jpg,4,helopeltis,256,256,4529,True,,aaad754aa405d5b01c2e623ee2d43141ff6c4cc976d117a567f7311253e7cd75,f9fcfcf8f0ffff7f
dataset/helopeltis/image_0_1463.jpg,4,helopeltis,256,256,5910,True,,8d96774516f9f7291ebc400c3aad6df28b0e0874fd31da989bf2b9639244e017,cbcebc70e0e0e1c7
dataset/gray_blight/image_0_2546.jpg,2,gray_blight,256,256,4911,True,,2e363aa081ec6fa7ee0ce06c5392c8c7274f53bf5ca79290ef5e547e38552d33,0020e0f87c3c8180
dataset/brown_blight/image_0_939.jpg,1,brown_blight,256,256,5786,True,,2f7fac206e772f78c3b1be62fbc74bcde216b9415d6adcb55e2dd361c8cbf0ff,3fdfc7c3f17c0cff
dataset/algal_spot/20211227_113453.jpg,0,algal_spot,256,256,5024,True,,f6d58d324b6a7da53cf8f027da404e3c9d2d0fcfb12e80a0c418e3a93385cb2b,f33ee1e0f8e17fff
dataset/healthy/image_0_629.jpg,3,healthy,256,256,5512,True,,716fd64a60ea3ff67e8c911d7a63c35b5688297dac36a84f5a0e85be3cba763d,bd3ec1c0e6f0f07f
dataset/gray_blight/image_0_2883.jpg,2,gray_blight,256,256,5494,True,,982c8545bfe5fe2cc793ebab50b1835ee51f5f669af4d4120c5e51609c5716f5,01610080f8f83cf1
dataset/red_spot/image_0_2336.jpg,5,red_spot,256,256,5404,True,,f0c4db0ccf372d1d767b4bb6ff08c9ee4c0e8a50782a442f6b8d55616bd60dcf,f4f8f8e0e0e08880
dataset/healthy/image_0_3091.jpg,3,healthy,256,256,4637,True,,9546ea5720fd8c4753bc2ba763087ef9b8cec3967d5aab62d76a7f8e191fbab3,0080c0d0e87c1c00
dataset/algal_spot/image_0_4059.jpg,0,algal_spot,256,256,5522,True,,8be393516144c31dd8634942cc3beafb23345300d472bd07d9a8789a66972243,00c0e0f86c3c1c00
dataset/algal_spot/20211226_103354.jpg,0,algal_spot,256,256,5485,True,,163d73ad62c65d2caabd7450feb11f70e87b0db3833dc1794f86a3c06d72153d,f88f70f8fcf033ff
dataset/red_spot/image_0_2145.jpg,5,red_spot,256,256,5358,True,,50d390b6656bd95f01ed2b32d2020f011cab95250a83792ab0780f0987d00c92,0c63f0fce0381802
dataset/healthy/image_0_1598.jpg,3,healthy,256,256,6181,True,,6b7790e8764f250a7837e366bdcc93e43a54cc2fb06fee390c650b8921a9fccc,0433f2ecb8e1e79e
dataset/red_spot/20211227_155502.jpg,5,red_spot,256,256,4581,True,,2ad62d067e6d0a7687c28fdbc97363616a8067321ee752c07d986b1421e24f82,183838f8c4e0f080
dataset/gray_blight/image_0_806.jpg,2,gray_blight,256,256,5613,True,,4d92d42435bcb1cfee6b8b649769a4cfd9d365b6f786b7012775c65f865bac0a,000030f8d0e0700f
dataset/helopeltis/image_0_3825.jpg,4,helopeltis,256,256,5414,True,,79923f5b30811bd5be3ad09db34fe05a5a01dd1140b2dd7fe5ebbe21fdb4a3ea,1ee6e3f17970b8ca
dataset/healthy/20220101_091028.jpg,3,healthy,256,256,4719,True,,ba5f3bcd51b696850dea1aa977e6719c3fb36c8269345b0a68fd4651ac5516b9,ffff3ff0fcf871cf
dataset/brown_blight/20211205_155836.jpg,1,brown_blight,256,256,5008,True,,68d80ba8064d8126f46b66d27a448e2bce2e35f386d984809bda2a11d062c3b8,ffff3978ecf8f9ff
dataset/red_spot/20211228_125314.jpg,5,red_spot,256,256,5301,True,,00c9e13acad896eebec4020b40554e52de1a0badafcde2f18bc5b67de785364f,9f67e1f8fcf07fff
dataset/gray_blight/20211227_164209.jpg,2,gray_blight,256,256,5244,True,,f3f0f779145ffe494feb4023dc0a51d0b0b44cc58ead5188200c005d9b25b99a,f68e73e0ccc063bf
dataset/helopeltis/20220101_093849.jpg,4,helopeltis,256,256,4731,True,,564429075e9c6c5b0ea4feaba118c3e054b1949f62c8474a395a8fa50215b925,10b072727332b9f9
dataset/red_spot/20211225_223318.jpg,5,red_spot,256,256,4436,True,,8627b46deae2a8fd2bef08a8f7a0531c6835b39b0703ebc3cc387324bc4b9410,0303037078310303
dataset/helopeltis/image_0_1675.jpg,4,helopeltis,256,256,5797,True,,9549d571bcd5a1d8fae2c69a5b2b7c33ffd5bcdc4bab4dfa978811fdd064a5e0,e0e0f0f0f0f06020
dataset/healthy/image_0_1531.jpg,3,healthy,256,256,5408,True,,2be15459eb29728d63d71720f87736888e970846651b12bbd26e800a41bb6b87,cf65636179f9b919
dataset/brown_blight/image_0_2729.jpg,1,brown_blight,256,256,5370,True,,1f8d67f22b1cefd754e76b19450999dae9047554e0b530e21b1a7ed393e6bdd8,fc7f6c3c79e3679f
dataset/algal_spot/image_0_384.jpg,0,algal_spot,256,256,6442,True,,55673dd5a3ddc675c555db486f7c7f6034cac7d2be1325c3142d5ab2623222fa,000078ee88c14fc8
dataset/healthy/image_0_2571.jpg,3,healthy,256,256,5724,True,,f9915639ab3d4df700e79c2ca295fd530564750cbccf560508d63a7eb06860c7,98c2e1e8743c5ef7
dataset/red_spot/image_0_1829.jpg,5,red_spot,256,256,4060,True,,0d1ae211b72810343da6a7479647f335406f56ffad82f20c060f3bc90acdf381,d8dc16f1e870b15c
dataset/algal_spot/image_0_3045.jpg,0,algal_spot,256,256,5547,True,,527d396df9d467367db3078fd4b1283dd3db293f73f2c532cb140218a8347689,c0c0e2f068343c0c
dataset/red_spot/image_0_3157.jpg,5,red_spot,256,256,6089,True,,fa39cf392ab59c4682cdf1797c92c56baffe53b706707991edb5596cae05cef6,3f3f3978f9c1c73f
dataset/algal_spot/image_0_3947.jpg,0,algal_spot,256,256,5585,True,,5aaabce66d316a9f9e6f064d55fbcc655103e064ee7b33bbc49ee238cb0876b9,18387060f0f0e0c0
dataset/brown_blight/image_0_6378.jpg,1,brown_blight,256,256,5439,True,,6a10ffecbabb899e43c0d02dde6bf40edd2dbde8ab3e13f3565c8abd5b0f48aa,03030d7cc8e10700
dataset/helopeltis/image_0_2219.jpg,4,helopeltis,256,256,4586,True,,16b4666e44d874e033c3058cbe7a24c7b8bd74e1912322c084f0dd8654ff6a70,01011e3cb0e2c080
dataset/healthy/image_0_870.jpg,3,healthy,256,256,4643,True,,8f8dab35b0d3f9cb3f2283ca24d7e916e591b9948772425a49015336f181446c,1030303070707060
dataset/algal_spot/image_0_3306.jpg,0,algal_spot,256,256,5668,True,,d12279e10181e25eb39319df8f19eba1cc49dab5c150651962e5fe65217f3782,1838706868e06040
dataset/helopeltis/image_0_1504.jpg,4,helopeltis,256,256,5387,True,,da1bd825ca4fe208e5f74356528e2a029ad820c8817670da84789e4ebda08ac9,206082c1e870b88f
dataset/helopeltis/image_0_3282.jpg,4,helopeltis,256,256,6643,True,,ada0187cda151421bf16d9343d5f9ac06b27aa1507f30b896f369740136d60c6,0001f0e6d2f83c1f
dataset/brown_blight/image_0_8776.jpg,1,brown_blight,256,256,6116,True,,d7c62f54eabe9a2477a730feba8d2d853abf2419e8c02b51f173061c8c8fe230,0117f1c88e170d0f
dataset/healthy/image_0_732.jpg,3,healthy,256,256,4819,True,,56c2672e505e0f955af49c6a252042119ddd2a8b73d14b801a683fa0ecfc02e6,0000e0f0f83c0800
dataset/algal_spot/20211227_132453.jpg,0,algal_spot,256,256,4334,True,,a7cb92dea628e3c8653def1abbc75c665236d0cd1fd11ee2bdd951ca576ed85b,f1daf9f0f0f1e4e0
dataset/helopeltis/image_0_431.jpg,4,helopeltis,256,256,4747,True,,611c61b66169dc9bd6ccd6c23bae232f8a09f2c997371167ad53bc8d9acd3ba4,0000c0c270380000
dataset/algal_spot/20211227_132604.jpg,0,algal_spot,256,256,5032,True,,e90360ed7e073a09740e9e2f86b80677919544efcdb707b7e1c856a2c2ac18db,429370e4c8e0c3c0
dataset/gray_blight/20211228_134605.jpg,2,gray_blight,256,256,4717,True,,63405797db890bcab425db9bb0d5e54a53395dfa5006c6bd701c541dfde22ee1,feff7ffcf8f0f6fb
dataset/algal_spot/image_0_1284.jpg,0,algal_spot,256,256,5416,True,,651238907aed9fd6fe188267d0af3a2fa4191eb4ff1c67daef934fdbebf11c7e,0100c2c1f83c0200
dataset/red_spot/20211227_162042.jpg,5,red_spot,256,256,5093,True,,0cd3634ff65b02fa69011efd59845dcb25c7bb3bbb9a742d207f30a2b374550e,fcf7b9f8cee4f8fe
dataset/helopeltis/image_0_1854.jpg,4,helopeltis,256,256,5235,True,,63a45da4d05ff7744b903bb5e858dde825885fc90fc7dc26f46ec9deff5a59eb,bf6363f1f1f1f1f3
dataset/healthy/image_0_3014.jpg,3,healthy,256,256,4347,True,,0ea8389c8244f2a43b0fec8a616c0cf1b000981c934a2d7e27af9c1498d0d2f3,000000f0e8781000
dataset/gray_blight/image_0_2466.jpg,2,gray_blight,256,256,6230,True,,126d059416f30770b677e5d2420923872b6511862feda744b9ecd97307eec030,0209c3c0c0c0e1e2
dataset/red_spot/image_0_1980.jpg,5,red_spot,256,256,5467,True,,d96664ad9420e6a4cbde6b833f20a37821043403ae37fd7453d40a808dc9d1fe,ffefbe7ffcf0f3ff
dataset/algal_spot/image_0_95.jpg,0,algal_spot,256,256,5724,True,,8aa779d60614f9ac63187f5da103ff07a931e4357deddd6c3c18e30281fdb183,0046c1c0e4380100
dataset/red_spot/image_0_2338.jpg,5,red_spot,256,256,5579,True,,da5a53aa06e1e82336894983eb83b99a3fd2ac216439fcb412e50a2f14efa83f,00c0c0d0e4780000
dataset/helopeltis/image_0_1306.jpg,4,helopeltis,256,256,5683,True,,c1eb7e0d91f8dfb03f55aa1787834bfbace522abc31bf6ce28b9a3eb72acada1,c3c83c78ecc8d8f0
dataset/healthy/image_0_3508.jpg,3,healthy,256,256,5378,True,,9a98118b8a21ae51c41a46ce77ee4a022e6b9ad767950274846cf65d00fda03d,00e0c0e0743c0c80
dataset/helopeltis/image_0_2872.jpg,4,helopeltis,256,256,5649,True,,3dc02b60f608b62e5b6dfceab58547da1b954c592e2745d35efca40e72576b36,010098b8e0c0c000
dataset/algal_spot/image_0_698.jpg,0,algal_spot,256,256,5937,True,,fa3e123142b07826599cfffacacb3a51c862697e90ec579822bbd18c6944fb91,f7eefe7ce8e0c0c9
dataset/algal_spot/image_0_1379.jpg,0,algal_spot,256,256,6601,True,,3b72786ea64d0c5233f54f9c299ea992825663e35fa744f91e2a10f05bd99abc,000078e0c0e0e000
dataset/healthy/image_0_1421.jpg,3,healthy,256,256,5717,True,,10ba763a2519951edeeb55a110b221fdc30edd0a6e5e0859821f10146886eac2,ff8fbf77e6f4f0e3
dataset/gray_blight/image_0_944.jpg,2,gray_blight,256,256,5495,True,,854f5de60f0b5d00d382ce71d40e53302476e60877daf564737f8c0756459f42,7f7fbe7cece0c73f
dataset/brown_blight/image_0_9146.jpg,1,brown_blight,256,256,7008,True,,d87935f363b447b04cf762c6176e41746830359152e0216368305abe636ffb6f,00061ef8e8908000
dataset/gray_blight/image_0_3831.jpg,2,gray_blight,256,256,5776,True,,87cf0783e74d5275dcfe22846a5fb156d0fd16eefb650567fdbbfb9a1cde88e6,011c78f8c8e0c000
dataset/gray_blight/20211228_135137.jpg,2,gray_blight,256,256,4862,True,,09cac668fdf72ae66715de3a00e5ecd8d29ec241fe0d943044e501e912a27ae0,fcfef9fcecf8c000
dataset/brown_blight/image_0_4045.jpg,1,brown_blight,256,256,5648,True,,695a1097a1696776ac4f7fe76a4d89e7be8489d1a8010b3e0ace422582dc8c80,00093868c4e00201
dataset/gray_blight/image_0_2249.jpg,2,gray_blight,256,256,5512,True,,fd00cc52d14c807abfc16bbc73c5154536897afcf0c911af025010f1896d1dfc,0000f0f9f8783c7c
dataset/red_spot/20211225_225628.jpg,5,red_spot,256,256,4363,True,,ba729224440ea4e60ef5b83df0318f89029ec825e027752985ef9a1fe86093c9,0301037870190303
dataset/brown_blight/image_0_7834.jpg,1,brown_blight,256,256,5307,True,,d9737f437ca40b90e06d5016eccf28ac6abc38217b385e45e61aaa8fcc1f7b6a,0000f0c0f0780000
dataset/brown_blight/image_0_8384.jpg,1,brown_blight,256,256,5016,True,,c3a08a0703666078b3f44a9f1271b1b18cf42392971307f4c7bdc8ba623262bf,00000080f0f00000
dataset/algal_spot/image_0_3064.jpg,0,algal_spot,256,256,5213,True,,00907a26e19e4d9a43c6ac2b2a8025aca567963ef6ccf7abbb80e91a06a9a2e7,0000c080d8fc3807
dataset/healthy/image_0_1692.jpg,3,healthy,256,256,6326,True,,054a81c7878b9ea839db7ea6f5fed3aac8d10cd89ce48f1cd5174b67d0945ca8,79fcfcfcdcd0e30f
dataset/helopeltis/image_0_350.jpg,4,helopeltis,256,256,3221,True,,51b3f7cd2eafbb3e1e565eecbf9295d47559fbac795840022c87dfc8c7f7a23d,0000001838302000
dataset/red_spot/20211228_114553.jpg,5,red_spot,256,256,4955,True,,c7b1b80ee271e13066d1968cd1b44719779b6297c85f24df7445b08dd6dbe1e4,f0c278fcf8f8ffff
dataset/helopeltis/20220101_103925.jpg,4,helopeltis,256,256,4717,True,,98c8e86e9761c0acf3e56b7f3219cce6dc8c9ac56ea9204eb139c921975a726c,7e5e39f8f8f0cfe1
dataset/healthy/image_0_1317.jpg,3,healthy,256,256,4331,True,,0b83f25ca194fa2b599ca27ce0c3e98de9bc159f8d4854df1dd90da327376343,0060303838180d36
dataset/healthy/image_0_1600.jpg,3,healthy,256,256,5477,True,,b5dec5b8c2f9be706e322f81883c70bb5d4dd73b94cfe0104ba657a70d2b1ac0,fffec7c3e171b8cc
dataset/gray_blight/image_0_3975.jpg,2,gray_blight,256,256,5163,True,,4737047c6b70cb916dc1d30d1cd650b89d36dd99dd308a07ede3a789c7724101,7b3880c1e07cfc03
dataset/brown_blight/20211205_160355.jpg,1,brown_blight,256,256,4683,True,,b84f4939742debe8d784f4b0a3e8bbaf7b6b24b131dac65d9cb4328ce31974b5,01001079e8700000
dataset/helopeltis/image_0_70.jpg,4,helopeltis,256,256,4397,True,,97024f7a927b1e38246db33f57388e7fbf1adb91f6f6a3e5a9fb8cad4ff441b0,000018b860c0c000
dataset/algal_spot/image_0_845.jpg,0,algal_spot,256,256,5422,True,,ede55aa8cba664dbf84c49bf31b2c423fad3768acf2920c873a600bcd7ed2a0b,000c7cf0e0c30f1e
dataset/gray_blight/20220101_120153.jpg,2,gray_blight,256,256,6131,True,,4e5e528d29634fd94d3245e5143982d36227798b1891e56b2c30cb771da8ffbf,77ff71f0d8dcf4ff
dataset/algal_spot/image_0_4263.jpg,0,algal_spot,256,256,5380,True,,ed146756a8cffe7063fbfe4fb19487e2e52bacb8d6322256235b3fd90a850c52,00003c7ef8c08000
dataset/healthy/image_0_310.jpg,3,healthy,256,256,4510,True,,e7c17b0ff3d8179d893b78b88376c5173adecaf985a8c2cc4e60e58e6ffac40d,0000e0f0f0780000
dataset/algal_spot/image_0_4082.jpg,0,algal_spot,256,256,6165,True,,112ac506abd1bd71cb737d498f98cd0ad45c6ed74b1443d1d410aebfaa33e7bd,238fc3c1e9703808
dataset/algal_spot/image_0_3130.jpg,0,algal_spot,256,256,6794,True,,21e2a11a90aaaeaf521e745affa89cbdfb7f62e605aa5fb0082569bc83afb27c,479e78f0c8a187ff
dataset/red_spot/image_0_1553.jpg,5,red_spot,256,256,4982,True,,5c1f1c99b238c03b6f49f814f5306c75815be6dc94a0969357f2de55ade5314f,434dbc70e9e1e6fc
dataset/gray_blight/image_0_3862.jpg,2,gray_blight,256,256,5748,True,,4a484af2e2d6d7ef32866a9b6a29c2115c2a715077314e7ffcea5122f7b333a7,3f3fe3c0f2f23f7f
dataset/brown_blight/image_0_9336.jpg,1,brown_blight,256,256,6812,True,,d571b64b45b0079f562d6a8c3a1f3c27821e2013c8f1ca973008af3ecd87b51f,0639f8cebbec6800
dataset/brown_blight/image_0_8656.jpg,1,brown_blight,256,256,6546,True,,76d7fb32666cd2e78bf5f5a09e2bbca9d676537044607ca5008220f71387dbe6,3262e0c1e070380c
dataset/algal_spot/image_0_1683.jpg,0,algal_spot,256,256,4506,True,,65c14e6f00a125f1f39dbb5feb14370cc87bed6a1ea10ba35d6517851cc43092,67b371e1f1e7ffff
dataset/red_spot/20211225_224954.jpg,5,red_spot,256,256,5609,True,,19870852341e283dd5ed08a6742ef454b717bb4ff01d36aae44f223791f97961,010371e0ccf01303
dataset/healthy/20220101_090923.jpg,3,healthy,256,256,4777,True,,2e25896c0aded581db60fb9ca87d0752441a4a7737ab3f70460beff348d34bf3,ff8ff0f4f8f19fdf
dataset/gray_blight/20220101_120920.jpg,2,gray_blight,256,256,4533,True,,b9e85e1c9a0665986a9f925da0c6b99ca82e89a7f4ecde0c5c58b8597f82afdd,ffff9f71e8f8f0ff
dataset/healthy/20220101_101054.jpg,3,healthy,256,256,4920,True,,3661a3b3300794a42ad10830d9a761d8b6ea6b8fb973af3a0486de140b57b811,8070e0c4f0c00000
dataset/helopeltis/image_0_547.jpg,4,helopeltis,256,256,5635,True,,ee6b58450f207efd6ed63737c4a2c1e1285ab856838a4e14ba9706801e062ea9,ef6371f0b8fcfcfb
dataset/healthy/20220101_092904.jpg,3,healthy,256,256,5022,True,,2c1fad93e4afb07aff87367aabd484eb5accefd55e0563cca6553c021b20d4c3,e7b3b1b0b0b0f86d
dataset/algal_spot/image_0_1934.jpg,0,algal_spot,256,256,8308,True,,7c43f68d14088d1098c15634eddb346c142a27f4448592e4e6be5cb2512f7457,04e2e0f4e4f06308
dataset/algal_spot/image_0_751.jpg,0,algal_spot,256,256,4314,True,,2d47d0c1a9db1987cba35734016e528da4e53c901e5a868d71e277de4df09067,000060e0fc3cfffe
dataset/brown_blight/image_0_2984.jpg,1,brown_blight,256,256,6621,True,,50d831caae075e64b58c463e3b35616009de68eeb6bcba6266ad5dda0e0dcbff,0103e3f1f9fc387f
dataset/gray_blight/image_0_2822.jpg,2,gray_blight,256,256,6228,True,,d94c5e3033d8163516cc5a77241540b64efa4125054d1d7f94bc35f1a6138a8e,000ce1e0c8f03800
dataset/gray_blight/image_0_471.jpg,2,gray_blight,256,256,6260,True,,6369a12d214d3fe36efe3056fb249294d6b7651ee8c64aa8f3381e6d92f3282e,3030787878f8b979
dataset/gray_blight/image_0_1597.jpg,2,gray_blight,256,256,6033,True,,36df37a3b776a17cd933ece7a96d7600f42118a29466ef30e11397f1fcd5e7e2,00063c74e0e0c000
dataset/healthy/image_0_3059.jpg,3,healthy,256,256,4426,True,,27c6cb60d3c766d31c9b9242672446a04982db163153040573d80e5b7de0fdb9,0000187ce8e06000
dataset/algal_spot/20211227_132105.jpg,0,algal_spot,256,256,5180,True,,7e0c88e6babe297b4f9214f37d3699e674ed09c15fa6897ad6eee213c3790f1c,108823e0c0f0e1f2
dataset/healthy/image_0_2599.jpg,3,healthy,256,256,4415,True,,6c009b1c95e975e2b17bdd6af5cae499069bf5b04c71d0b40dce1153bf4b0419,000020f0f87187bf
dataset/helopeltis/image_0_1148.jpg,4,helopeltis,256,256,4365,True,,49fc65919982c3f0ee87905cbddbd26f352c3405be701a51df34484bb17f88b3,0000446270300000
dataset/red_spot/20211227_155943.jpg,5,red_spot,256,256,5367,True,,a163c2c9d94ab870a71fb72dbebe14d23e394f16826bc51f9ea6322b87e7181c,a8e2f0f0d8f00000
dataset/healthy/image_0_3467.jpg,3,healthy,256,256,4860,True,,5edaa299d4094c023ec11c141c5cf13cd79abfe1a24612a4da2b27d527ce3315,ff8f71f0f8f03fff
dataset/helopeltis/image_0_3293.jpg,4,helopeltis,256,256,4733,True,,8ca230764bc78de69e33c8752589e2682109cd080be32c8405363bb6c9bc9af6,0000e0f0f0608080
dataset/algal_spot/image_0_3085.jpg,0,algal_spot,256,256,5167,True,,f2527b9c544e9830fe5cc737deecad60d7b25bfcbd4474a47146254efa76ee6a,0b0f3e70e0c0c078
dataset/red_spot/image_0_820.jpg,5,red_spot,256,256,5027,True,,15c8d1bb71df6e236f2b716e8fddf82fb826beba0b29d5938c3e607c0a39b63b,04063170ecf03200
dataset/helopeltis/20220101_095802.jpg,4,helopeltis,256,256,4246,True,,943fb6d0894db589dd1c852a8cadbd6fc29139d931c205117c53a96e9f85eaa2,7dbe1b3878f9feff
dataset/red_spot/20211227_162609.jpg,5,red_spot,256,256,5205,True,,9ed5ffa8c044b83b56516dcb4aeed2c766090b2490e14810e5cb6d407a0eb780,fd73f0f488f172ff
dataset/red_spot/20211227_160137.jpg,5,red_spot,256,256,5605,True,,12dbb63d3d1e5cf5ab7cd7cd362fa293976898e9e4d5bd5b8bf11f81b0d571fa,c8b2f0e8d8e06318
dataset/gray_blight/image_0_1190.jpg,2,gray_blight,256,256,5753,True,,072b10bfb63477b7b2697b1e0881a937223793d3f61e0da1bba14688e1bc741c,00057cf0b081c000
dataset/healthy/image_0_2586.jpg,3,healthy,256,256,4946,True,,5a34af2d825ecdbc8f59bb55d34f26117a89c259c8b3634465f6d5fad39a180c,000080c0e8743c01
dataset/gray_blight/image_0_3528.jpg,2,gray_blight,256,256,5036,True,,00d400e9a1af86096e9c79e8b79c661e03e620a3733235a2284a25f66b4174c0,ffff9f78f4f879ff
dataset/gray_blight/image_0_656.jpg,2,gray_blight,256,256,5177,True,,c43ca45a13705896d743fbdb6bbffac9b648617f2e107067f06e1847858080b0,020c61e0dcf07000
dataset/brown_blight/image_0_6616.jpg,1,brown_blight,256,256,5143,True,,228f4b1c6bfb1117e0b6ea51f67ce73f394c7c3622440b5ec0373ccbab6bb2df,457c8384fc7880e0
dataset/algal_spot/image_0_2975.jpg,0,algal_spot,256,256,5519,True,,52474bfccf9d0dc751051adf860d0650f12327f3a4cb68681ccefa7d2393c330,ffe7fe7ce8c9e37f
dataset/red_spot/image_0_3010.jpg,5,red_spot,256,256,4296,True,,b16852085c260b3ad53a6bf37d2c05ca1a740026cab13b41ac3a73b809db7a64,6f0f1f78e0e33fff
dataset/algal_spot/20211227_102104.jpg,0,algal_spot,256,256,5832,True,,cd9b442e072121513791c37b51c11aeea10cbe20dbfa33d66a5766c7fd67770a,dd9f71f8dcf878ff
dataset/brown_blight/image_0_996.jpg,1,brown_blight,256,256,5812,True,,7c2e4bb789c571ecba5d91d6f607360f09cee8775ed63a06f5505ddacb494bbc,010021e0c4c60000
dataset/helopeltis/image_0_3063.jpg,4,helopeltis,256,256,4532,True,,92d976219d1ed1a00f12718c184803c3cb5dfe140d8b35b3a2c375950d11b84e,0005193973e7cefe
dataset/helopeltis/20220101_103812.jpg,4,helopeltis,256,256,5047,True,,b172989bbe10dcbbc99258237dab9e0291a3c41efe30dc2dc4f929ac8a223992,e4627270f0f0f2f0
dataset/red_spot/image_0_36.jpg,5,red_spot,256,256,6023,True,,23d7539ed72bd5699cccd3ad41a71044bc9398e92775611d5400310b6ea70836,a78770f8fc78e0ef
dataset/algal_spot/image_0_427.jpg,0,algal_spot,256,256,5526,True,,ba63ee00f8def88979aa7ce3e6afc803bab702d7da4a1e7b7d44655e30cbc342,230ee1c0e47efcff
dataset/red_spot/image_0_3127.jpg,5,red_spot,256,256,5086,True,,cab5f3455e793ea69637787d5756f43ea8750bf6740d03a545cb62d12700ffca,ffecbc78f0c0c640
dataset/helopeltis/20220101_093558.jpg,4,helopeltis,256,256,4938,True,,86a53afbd4c369bdc2dff3bbd2492a61e6e340ca30923195ab81269c3a64310c,000431f8ec3af1c0
dataset/gray_blight/image_0_2547.jpg,2,gray_blight,256,256,6314,True,,7288f13892a2313720f889ed0e95c3c4d33210688784952857d48ac6e95fea85,0ce1e0e4fc3d0601
dataset/algal_spot/image_0_2005.jpg,0,algal_spot,256,256,5413,True,,c47cd7b409e117a244306ba075be19c9b73322f842f0457f5bcadee9a74f208a,38e4e0f9f87cfcf2
dataset/helopeltis/image_0_2019.jpg,4,helopeltis,256,256,5333,True,,105db13b1db6c78db18591e3053ab08606157e41573fe4ff99b9b18743521b80,6ba462e171707070
dataset/gray_blight/20220101_112659.jpg,2,gray_blight,256,256,5179,True,,543b3c96cd73df977fbc0bedbabcafefd21acf32cd6dd0518818dc97da72f814,f0c7f8f8d8d00800
dataset/gray_blight/image_0_2032.jpg,2,gray_blight,256,256,6345,True,,41015280ee9e4412cbb2ea85d9c5e1914f01953bb345fa5392510039ab18fe90,008481f0e4c08139
dataset/healthy/image_0_2105.jpg,3,healthy,256,256,5018,True,,75e14767a8c8197ec7eb92143439b2b71da7c2425a6baa2f8bcadeb85ccf411c,01033870f0c1e010
dataset/algal_spot/20211227_105948.jpg,0,algal_spot,256,256,5816,True,,5d3824b8ca4fd5227803d0e0009d082db67f3e008eb83896fc6b8f755a23cbd1,0b0717f0ecf0e13f
dataset/red_spot/20211225_230038.jpg,5,red_spot,256,256,5218,True,,954c242023098efb4f0fd182139aa44b11be0f68b2006b71cb236e4b4e32edc8,030771f0e0610303
dataset/algal_spot/20211227_113912.jpg,0,algal_spot,256,256,5001,True,,8ca7dc9b36e7da98d5ddca9add8845a092fbf59b86570267518b1aa1e0f55d5c,ffffb7f1fcfafcff
dataset/gray_blight/image_0_92.jpg,2,gray_blight,256,256,6710,True,,409ccc232a077b7d7e878f8553ef69539982b4f85cf6c63cd2014c6fd14e35d7,e7b97ceefcd8917f
dataset/algal_spot/image_0_539.jpg,0,algal_spot,256,256,5583,True,,0a5106b60aea08eae0f39388ddca3abf8fa531def3f98591fcdc4f90e8862c95,ab07e8f8fef0e1ce
dataset/brown_blight/image_0_243.jpg,1,brown_blight,256,256,5077,True,,a20479363f2fbada6b85840b912b0bfd7d6f359b12d248122929cbf453f1a798,000019b864f0f0fe
dataset/helopeltis/20220101_104635.jpg,4,helopeltis,256,256,4577,True,,97edf350c977bf1cbedd514d49dbe7277795402b7737038b463f014da10db22e,fdfcfcfcf8ffffff
dataset/algal_spot/20211227_135615.jpg,0,algal_spot,256,256,5101,True,,18b804e40936d6a773366b7f764bc27562aba34ad87fd01be888220fb6a18819,fdff73f0fce0f1f8
dataset/red_spot/image_0_3074.jpg,5,red_spot,256,256,5169,True,,4139c2753957f1aad1d7115ef00268cc6a8b0fd355c60b249dcd12b8e824599b,0000e0c0e8f8f8ff
dataset/healthy/20220101_091804.jpg,3,healthy,256,256,4616,True,,5c5c0b11cb74dd830e246dd58519068f651a13d4553ea695babaceb42b14da42,fe9fe1e0fcf0777f
dataset/gray_blight/image_0_848.jpg,2,gray_blight,256,256,5703,True,,e4c30ce22687c04108c9b99e467d655646c734c8d7ff9748d7faa52fa2c3dbd2,4f677379f8f8d8ee
dataset/helopeltis/20220101_105041.jpg,4,helopeltis,256,256,5815,True,,823ae62fecc7647fff5a0733b4151d58c17a35c3cf263b693a8319e09213a7e5,fcfefcf0f4f8ffff
dataset/red_spot/20211225_225928.jpg,5,red_spot,256,256,4847,True,,671636d1ecb6278316b3a7737c46c7e1255628d63f0accde144fc192537cfd87,01030370f0310301
dataset/algal_spot/image_0_1076.jpg,0,algal_spot,256,256,5827,True,,2c5ab808d6c2a5950d2c37e0bf6d63376afabde070ff98c69816082b9e3c747d,001cfee8e0e00410
dataset/red_spot/image_0_2666.jpg,5,red_spot,256,256,5824,True,,9a85fbf7bdc959eb5a942f57eab8f9c8c885fdb5571b1e3bf871921dfe116873,7c7efcf083870f03
dataset/gray_blight/image_0_2693.jpg,2,gray_blight,256,256,5590,True,,ae6b3978b41d05eecaf6f4657499afab93afbcd55f4bc649154336b0a0fb35fb,0ae2c0f979391902
dataset/algal_spot/image_0_3661.jpg,0,algal_spot,256,256,5445,True,,9addb82e9dc48e5a5406445ec6f6e8a40979063d1fc19a28a9e70fadabd78660,02001c70e0e0c080
dataset/healthy/20220101_102840.jpg,3,healthy,256,256,4664,True,,dcd33a4b39878ecb6cc5c9eb1e931e0d77fe7f862c289dc7b829509053329e80,6ce4e2f273733335
dataset/healthy/image_0_3378.jpg,3,healthy,256,256,4551,True,,aa9f78f8daab6359d184c5ed56a89a483474a920be8ef4f1b256497e7ce23c8b,4060607070703010
dataset/gray_blight/20220101_114545.jpg,2,gray_blight,256,256,5438,True,,af0982e5573d4d4417db54ded68be0bd67eae5e4c84497ad4cc22113f9c9660e,bebf67e0e4e0f1ff
dataset/brown_blight/image_0_7669.jpg,1,brown_blight,256,256,5527,True,,25d6a4774ed516ee40fb10887909621461b6d2cb3dc5611b4a2ff020e78057e4,fe071c78a3871f87
dataset/helopeltis/image_0_2391.jpg,4,helopeltis,256,256,6026,True,,c056afc2b28b5b988dd764a3cd85885944eb703217aa07efdff964f8d6a826c5,c080e088e4e8321e
dataset/algal_spot/image_0_1908.jpg,0,algal_spot,256,256,4902,True,,95d4a835db1a942244f1e2472feaba8b7985536cd50c90b614ecc53d26b20bf1,00083876e0f10f1f
dataset/algal_spot/20211227_154309.jpg,0,algal_spot,256,256,5302,True,,de2a60d233c91c8b7cbb86896dd189f39b12790bbde3874e6819acc805ce0927,001b78e0f0f1fef2
dataset/red_spot/image_0_1112.jpg,5,red_spot,256,256,5753,True,,b4204da8ef9df9dd0265a533e38dcf0628608c8c18c72f2e6b560ea51852456d,feff3ce8d1c31fbf
dataset/healthy/20220101_094139.jpg,3,healthy,256,256,4790,True,,19b5800df389a73a9a88a3b1d0621807275dca59099c0e1aa709bbaadaa61f88,000011f0c4d0e0e0
dataset/algal_spot/20211226_101742.jpg,0,algal_spot,256,256,5303,True,,20c3deafd7f952ebd16e14570892d01ea5ad4bfe3bab06b20333a9eff652bc6c,599de0e0fcf8bdff
dataset/algal_spot/image_0_1791.jpg,0,algal_spot,256,256,6975,True,,0eb2a8162a637e6e84afe69b30158a37a22a37eb145871c355c9eb1e8ee1a809,101ec0c4f8e0321e
dataset/algal_spot/20211227_135523.jpg,0,algal_spot,256,256,6869,True,,f9737e1ce2b981b36d6044651de1d7ea1d094aa952649b8e4b62cd1014cf6923,8ff0fcfcf8f1ffef
dataset/algal_spot/20211227_104322.jpg,0,algal_spot,256,256,4747,True,,7e2857e88c8c091bf6785be107fe335923b3f85f83586a05596f70119459020a,7f9f70fcfcfcffff
dataset/brown_blight/image_0_7085.jpg,1,brown_blight,256,256,4682,True,,ce1c59e005b9809eff5ba77f1e9507d53a4de09233127bb21921ec1c560a33d5,000000c2e27c0c1c
dataset/brown_blight/image_0_3635.jpg,1,brown_blight,256,256,4417,True,,8967fd7767c770a3f8699f1c6669d10142055def250c9afeeb3fbc003d114bbb,000862f0f8180200
dataset/healthy/image_0_193.jpg,3,healthy,256,256,6350,True,,486928c755e1c166f822c6294f7d569526702ac2924e5541e977226daec0d52d,f1fefcfcc8d1c36f
dataset/algal_spot/image_0_2696.jpg,0,algal_spot,256,256,6153,True,,4e7187211d474e3f1fa4503868db44f11a452ebe0e97009fb37c9ce666694de2,7cc6c1989cf8788f
dataset/helopeltis/image_0_3503.jpg,4,helopeltis,256,256,5339,True,,c6f4038ac1625f4815c2654dc19d0405ccd7c7a70ffd0f544b63e09da4af6103,0000017ce4e0e000
dataset/gray_blight/image_0_2943.jpg,2,gray_blight,256,256,5969,True,,d56760f8be033b7fc8a8b0e5120bd7610af995cd5198a35532d3952cceacd671,00000e1e7260e0e0
dataset/algal_spot/image_0_2066.jpg,0,algal_spot,256,256,4968,True,,ce3dc2131a2d11f4986502369936ccc37c257ab1f3fe8ad13972ce049f23b41f,000070f0fcbcfeff
dataset/algal_spot/20211226_103338.jpg,0,algal_spot,256,256,4774,True,,40e65b7aac200faf633a085e725384b1933a1deaa47526c2bd8b4b7e6f31799a,ff9fe1f0f8f03fff
dataset/brown_blight/image_0_4748.jpg,1,brown_blight,256,256,4779,True,,9cbdb4c3cb7227087b34d9c075f87384d705158a9d2b1adddb8b25a764765ea2,00001170f0800000
dataset/healthy/image_0_3532.jpg,3,healthy,256,256,4957,True,,1e702c29bef0d90ee78832bb7705c54c605f5e7ca27184157d8697dbcd9047e5,000231f8c8f176fc
dataset/gray_blight/20220101_115904.jpg,2,gray_blight,256,256,6005,True,,160804368a4d48dc4fa3c150de0c4a9ce220cf6da262666f5fdd0eec2be8ab52,ed8f71f0cee878ff
dataset/gray_blight/image_0_4049.jpg,2,gray_blight,256,256,6789,True,,1a238a42694d49a3d9e08bfed6856d643c7c083ab81368d2c063ba4c5f11ea87,051c7ae0c0818400
dataset/healthy/20220101_095045.jpg,3,healthy,256,256,4780,True,,bb4fc92992fae60a988cc53f55b6996d4fc420248a76a51ba7f4516464aa94b2,000026e0d8ecf0c2
dataset/healthy/image_0_2500.jpg,3,healthy,256,256,6097,True,,54eb46c3baf20b0afe0f8c3e1f0399838b4fbfec47ec83b3e49dea2c2d82436c,0080c0c8e47c1e06
dataset/red_spot/image_0_530.jpg,5,red_spot,256,256,5103,True,,1739d4b5e353b6c842b6a51d98537ed13788bb09b1aa9ef0df98312ea619ff1c,000060e0c8f0f000
dataset/gray_blight/20211227_164817.jpg,2,gray_blight,256,256,5198,True,,c86d037336f8ab83c5c59d42c8f9c188286d514294466ba053b8d89b7d4bd755,4f3370e8f8f1729f
dataset/gray_blight/image_0_413.jpg,2,gray_blight,256,256,5073,True,,4d348c891a882114f158853bb850c0b9728c06f797c8888573f75e27ba4f9878,cb16f9f8f47c82c0
dataset/red_spot/image_0_2327.jpg,5,red_spot,256,256,6224,True,,83368b99542c4944910bf22b812377e3e0f6da2ac58eec855af3d0e0e3665de8,01010178f0f03303
dataset/gray_blight/image_0_2190.jpg,2,gray_blight,256,256,5548,True,,912c77adffd3108d73d042a0da4d63a264bf8814fd26e7bc3db0d73585385a2c,ffe7bc7cfcf8e06f
dataset/algal_spot/image_0_1763.jpg,0,algal_spot,256,256,4135,True,,d6bf7816c552082cd928a4724902824b87d5d41346c159ecbaae910c6a78394a,022483f8f8781a08
dataset/red_spot/20211227_161557.jpg,5,red_spot,256,256,4663,True,,3e2779b7eb1ebe81d429bf48dd4c4753a6aaa3cdf5b8aa32d0bff42fdb9056c8,558f39f8e8f8fdff
dataset/healthy/image_0_2625.jpg,3,healthy,256,256,5931,True,,200863adf82dbd103a23b2641446e84adc1a50d800ea41a1b761859831bf8b88,3ce2c1f0e27c1800
dataset/helopeltis/image_0_3455.jpg,4,helopeltis,256,256,4720,True,,86a9334027a76872b7bcd1a682f04915485dd1cdc9057054d407b0e78c932f89,0000183c78c0e000
dataset/healthy/20220101_102000.jpg,3,healthy,256,256,5044,True,,62e578a99db286aee7f3fdf56f0c23ce5d8a3afc2a5b7e66f75a58a08b387fe8,a0c010f8ecf0f104
dataset/helopeltis/image_0_807.jpg,4,helopeltis,256,256,4429,True,,d435f649cd349bf4777f47c3eb8de1b0e8a9cc187d704e5afeecb99e9a134c11,0008c4e270f8da7c
dataset/brown_blight/image_0_2013.jpg,1,brown_blight,256,256,5593,True,,8396e6b23656f1940169eab15fd33d0e351f66ad011328ada6fb081dbf24a015,00002464e4e07100
dataset/brown_blight/image_0_2917.jpg,1,brown_blight,256,256,4567,True,,5336b6e6198a43d39455249eac75f276f82308bfb9032a854ac661957fb303cc,000018f8e97898c0
dataset/healthy/image_0_1996.jpg,3,healthy,256,256,5308,True,,1f66bfdeb46ab4546bde7a2aaccb3584e2340cf7b3b2a806da36eff5c618a1f7,0000e1f0e2f80000
dataset/red_spot/image_0_2519.jpg,5,red_spot,256,256,5731,True,,466f8cbe0938393a1bbe7ad900491780e529da84d209939c1000bccac2610028,3ec3c09cccf0b8fe
dataset/red_spot/image_0_1616.jpg,5,red_spot,256,256,4967,True,,b14dbc3c44ddf1f51ff7da80439ead2c0c094f204ff10722d3c53abc83529da9,0000387cf8c1c303
dataset/healthy/20220101_102112.jpg,3,healthy,256,256,5335,True,,f72a86414cdbcddd6b7e9327b321b9073618bcc5d4df950a7d552de4237731dc,50b0f0e9e9f07224
dataset/red_spot/image_0_1708.jpg,5,red_spot,256,256,4978,True,,9d55e180af7eae22eec94ff93422caad775d52ec8a2e9133bad9dcafe143c05b,306860f0f8f8f0f0
dataset/healthy/image_0_2451.jpg,3,healthy,256,256,5007,True,,b66f4fa02062913b9863662d0f26ff0e4540ec7b00db0a09ea8645e2c264edc1,00c070f0d0f0300c
dataset/red_spot/image_0_1803.jpg,5,red_spot,256,256,5944,True,,bc35bcd53f368cd015871634be39bb35203519f0df47548510cb5eaa67986717,00008090c4f0380c
dataset/gray_blight/image_0_3563.jpg,2,gray_blight,256,256,6376,True,,763a4a7072b68eaae9782a0ee310adbff0d0af5ad116cd8c1f38dc1622d3ef67,000138e8e8f0e0c0
dataset/brown_blight/image_0_5682.jpg,1,brown_blight,256,256,6329,True,,05e4c1cece19413dd3846359d05b4e60ed6fff747677a961d4d1b940f017bc61,8004e1d1d9612000
dataset/gray_blight/20211227_165106.jpg,2,gray_blight,256,256,4180,True,,0e3cc25875cd1a221eda8224dfde6b2a24ef2db0fcf3151ddce66ba95fbf9856,0f0f33f0f8f13fff
dataset/healthy/image_0_2061.jpg,3,healthy,256,256,4614,True,,c2e142253dd2b9d81ff78aee8f9f2f1007aa0601ff85aec93a19a1947c575a46,1ff9f8f0e0c40000
dataset/algal_spot/image_0_1040.jpg,0,algal_spot,256,256,5796,True,,610e62658e1b6a34016409f777720ac4ebb9c6253520e1ce9377188b7800c571,228c82e1e87e1e80
dataset/brown_blight/image_0_3292.jpg,1,brown_blight,256,256,5053,True,,b06ae06a28e434d4a848c6aba765901c058c19064c7ff62fb2397b55d740b86a,00003cf8c0e0e080
dataset/algal_spot/image_0_2065.jpg,0,algal_spot,256,256,5182,True,,f80fb9a44886701a5d101adb89185964fdf28731f5d5d972c621cf93b52373ab,00001878f8e06000
dataset/algal_spot/20211226_103611.jpg,0,algal_spot,256,256,5501,True,,8d3f75f7a76e7cfa21a08be4e84fc66c20bf60e1cf82c79620c7bbb481211e3b,f006f0f8dcf831df
dataset/algal_spot/image_0_1425.jpg,0,algal_spot,256,256,6055,True,,7f517283b793d73bb98a13f750c338a22cf7ca863744b86c7a68d81ae43c731f,0418f8c480e0e200
dataset/healthy/20220101_104335.jpg,3,healthy,256,256,4993,True,,d3630405ce33855fde4197b2664854b58c8461dd83001dca427decb32ec51de1,ff3fe3d1f0fcdcff
dataset/helopeltis/image_0_695.jpg,4,helopeltis,256,256,4776,True,,d3c6ebcd2707d5ef43c2c7a1624c5ac4a025814416cd4fc99594c3db70bc2b08,000008f8f0e06000
dataset/healthy/image_0_3665.jpg,3,healthy,256,256,5390,True,,fdc1be9e3d38501ddd88a616503d1ad54ef7b5e949d1ff08aaa6f46245bd1569,80807cecc8c00000
dataset/algal_spot/20211227_140630.jpg,0,algal_spot,256,256,4760,True,,77e34b620debc0ec7b00fbb479c7a317e2c4d1a05887201e37c6492c83a2a8ee,ffff7ff0c8e1ffff
dataset/red_spot/image_0_1555.jpg,5,red_spot,256,256,5244,True,,751ef8b21509a25d80021abf4da9e2e8e8f75e091de47906c0c0d288cbd01ae1,094de1f0dcfcf8f8
dataset/healthy/image_0_534.jpg,3,healthy,256,256,5481,True,,0306b1777daa4525de6f375a52a7ec0d60af11e487a0d65b58c4c2dce7efcc9d,0c3070e4d8e16201
dataset/helopeltis/image_0_1628.jpg,4,helopeltis,256,256,6191,True,,762219be5bcba721d09b9e5573410c501e83ff29af0950d4119cab99d2ff0a98,000060e0d0c0c040
dataset/red_spot/image_0_1620.jpg,5,red_spot,256,256,5313,True,,557598cec975404d8aef41aac9b08956f1cf1fc61b70257e1e8ffdf6d31515fe,02033070c0e10300
dataset/brown_blight/image_0_2084.jpg,1,brown_blight,256,256,6200,True,,52492ba45257ea7694abadd694d548d53688a0771e23a8e2a839abb2d570f096,0009c4e3303c1c0d
dataset/algal_spot/image_0_2422.jpg,0,algal_spot,256,256,5845,True,,273b9a56d42db164305981e271a4235548a7b01aa6b42a9c15385f5e0a470d36,0e71f0f8f0e1bffe
dataset/algal_spot/image_0_3595.jpg,0,algal_spot,256,256,5326,True,,b64822aac946c0ea66a6e935e48ae6ca0147f4ad45fdc96b8bce85aed18c7e28,ff377cfcf8e16f7f
dataset/helopeltis/image_0_1360.jpg,4,helopeltis,256,256,6179,True,,da7299a38b9cb9f7d669c19896d5589610437434a186fc800b74a9c532febdfa,fffcbcf0c0c0c30f
dataset/healthy/image_0_3394.jpg,3,healthy,256,256,4662,True,,918c91006bb122c7e57aa03fa012af3eae023b91da6176567518eaf653196e62,0000c0e078380400
dataset/healthy/image_0_1700.jpg,3,healthy,256,256,5824,True,,c1bf44130490fa6b1d855aabe6d3b453fa9003b22baf7281b1b5563585460763,0060e0b8dcf83cc0
dataset/gray_blight/20211228_135846.jpg,2,gray_blight,256,256,4966,True,,a6c31f5cbd0a7b51c1cbb9cf67f83155e0228bd7e12fb12d45ee141d230f782b,9082f0e0e8f00680
dataset/healthy/image_0_2344.jpg,3,healthy,256,256,4652,True,,9e9a01305353c1a6f34d3dadc0b07d853a0f21f6aa3783e51ce7c0ad704ab0b6,4064627038385cf0
dataset/healthy/image_0_2743.jpg,3,healthy,256,256,5955,True,,ccc233783cb8172b76bede72e444e4e9eee9331f8abcc5b47a5697cc7eeaaf85,e0f0f0dcdef81902
dataset/gray_blight/20220101_121652.jpg,2,gray_blight,256,256,6199,True,,d864997a55d150f76b009f323d1470ff12c9e2db4fac3b791408a52d8c969cd6,ff2fe3b0dcf8f1ff
dataset/brown_blight/image_0_7827.jpg,1,brown_blight,256,256,4032,True,,d6b52c900690f1710266f30cd402b68b9016de3f3952b15790c92ad2e2f7b22c,00000878e0610101
dataset/algal_spot/image_0_3082.jpg,0,algal_spot,256,256,6359,True,,985d1fe0f2b43188a543a7d986bda0a0467291a95845b58f82458a129a9f7a9c,30f8c0c0d8d06000
dataset/helopeltis/image_0_3761.jpg,4,helopeltis,256,256,5631,True,,5fab7703fbe6b8eb888e7d6dcf80466e37303fb6cdd57cf563047dcb00752646,008090c0ccf8f8f8
dataset/brown_blight/image_0_6488.jpg,1,brown_blight,256,256,6600,True,,5112773b6fd819cad09b9215a384e0f75c666bd2e991ec24c98177875e9e5411,3b86c1e86474fcfc
dataset/red_spot/20211225_230925.jpg,5,red_spot,256,256,5509,True,,1d6a412ce38b0416e80f399192f30fbb7b5bc5c87422b8ef9347f98443456b17,030731e0c6e03107
dataset/helopeltis/image_0_1367.jpg,4,helopeltis,256,256,5518,True,,3b4ee8904ef6c554904db05d65289fd14b8fa28079ba868359e7fd7f6820360f,0048c0c2c1703c4c
dataset/helopeltis/image_0_381.jpg,4,helopeltis,256,256,6248,True,,4c8325815855d1c4f8e7fe437c3eb5a796016a9db3630cff9bbd69785489c2aa,60e2c0c8e074bcdc
dataset/healthy/image_0_1912.jpg,3,healthy,256,256,4842,True,,8064bb81dc9b6b09ff9ea14c2fc833e366c1c48b3e4770b8c46f9ac68e8a0622,00001c7ee4c18210
dataset/algal_spot/image_0_2669.jpg,0,algal_spot,256,256,5624,True,,cb18b37bcc8b7d16080796483546b3b0e8e00bcb5130dab3260b2e90d1dd7d42,1162f1b8ecf01104
dataset/helopeltis/image_0_3668.jpg,4,helopeltis,256,256,4449,True,,e5b23a92b629d74db04e42d11edd072b922d80466ca4a9b47477b1e622a57fb3,fefffb78f0e0e73f
dataset/red_spot/20211205_154736.jpg,5,red_spot,256,256,5553,True,,9360f49d5ef4c93ff5e746ce27f4362995b6d942aa86558c98194cc7403bb6e2,ff3ff1e0ecf173ff
dataset/brown_blight/20211225_233930.jpg,1,brown_blight,256,256,4528,True,,d99bc992a8b9cb8f1bfae76414c5bb7f19f08a2e568e069349cce1b0925e5cde,0301127160390301
dataset/gray_blight/image_0_11.jpg,2,gray_blight,256,256,4332,True,,9658d33716d8b8067444cf4f5614b6fb543c6e8976034e41084c222953908374,ffffffe1e0f8f9fe
dataset/brown_blight/image_0_6389.jpg,1,brown_blight,256,256,5818,True,,02a8f3f640370f3fee626c56db9f44b90eec297bd3dfcfe86397128bccea04f3,bfcfe371397cfcff
dataset/brown_blight/image_0_5469.jpg,1,brown_blight,256,256,6021,True,,433e3b6937e4799d79b322cd71930c22cd2f3845a10e3bc568854ca970267821,3f771dfcc283cf3f
dataset/algal_spot/image_0_1790.jpg,0,algal_spot,256,256,5342,True,,90c298dfdae5ace88d912c6fd79709e1ca8d08022c16f083879c54561fa39b79,00801c3ce0c0e18c
dataset/gray_blight/image_0_3868.jpg,2,gray_blight,256,256,4537,True,,3ea69c7307176bfc7b71bd2d6011dfdcc5dd6f182b5b22824d0d90d5fd4a34db,8b1f3cfcd8f1ffff
dataset/healthy/image_0_1722.jpg,3,healthy,256,256,4814,True,,e3426728aa3c7522a1ea359beebc346453c9ac02b7b65d5b54d25afaca790582,df3fc6c1e8f89fff
dataset/helopeltis/20220101_093817.jpg,4,helopeltis,256,256,5054,True,,8197cc254e4f3a6529db35093e6db47f72629e3765133a2d94f60c4e6214e860,081839387171b0f0
dataset/brown_blight/image_0_5413.jpg,1,brown_blight,256,256,5668,True,,f2ec3db381682dc6951f2b27375ddda5b617ffea207df6b86ca78824b2a9f29d,7966be74e8d8e073
dataset/brown_blight/20211205_155048.jpg,1,brown_blight,256,256,4703,True,,f2bcfee573475c45d416f636840160a88c3b5fb69767f17f5a99f820db65dead,ffbfbfe6ecf8ffff
dataset/gray_blight/image_0_3714.jpg,2,gray_blight,256,256,5662,True,,f0cfb1b0e9d28736fd8c1fd3323c1bca9259c4cf21c115e2752add3ec18d9859,c08070f8ccd8f8f0
dataset/brown_blight/image_0_4811.jpg,1,brown_blight,256,256,5097,True,,cb838dbdee6b9b2537bb2a0f0b2d2f2a3fd85f56cdd9c971dd197e2c25bcce34,20420e7cf08180e8
dataset/helopeltis/image_0_3491.jpg,4,helopeltis,256,256,5527,True,,86a1a998e65bbc643b841b2caf09fac3ab7b4797a54b0c1ce88bbb0dea339c21,7c3e72f0fcf8fbff
dataset/healthy/image_0_2016.jpg,3,healthy,256,256,4173,True,,2c872e71027fed116b07dd64b747ad06ffcff16eaa838eb401aacdb72dc810eb,000103e0e8f1bfff
dataset/gray_blight/image_0_2284.jpg,2,gray_blight,256,256,5773,True,,8635c410fcc5b08c309cc98cb84c6767f319727f31e4236bdee3490b4c7a262f,d0f2f0e9e9e0f0e0
dataset/helopeltis/20220101_105120.jpg,4,helopeltis,256,256,5648,True,,ea1d18a7548e600359af6af6e454fb9e141f8aaff18d8c29025a1a8af1040c64,84f2f1f8fc7cf8ff
dataset/healthy/image_0_3634.jpg,3,healthy,256,256,4580,True,,08cfb5cb330b12c29392e5571e7214c7725a6626f6103aad268c0d01b46b6420,000070f0e0e0c0c0
dataset/red_spot/image_0_2797.jpg,5,red_spot,256,256,5452,True,,3fb70d7f5df0184dab44baf6722315d53c29e088d2ba8f018fad11d10d645f79,00008080c0f80800
dataset/red_spot/image_0_2763.jpg,5,red_spot,256,256,4361,True,,15c5a8584d9882836a7bef151b7d501ede9e9dde6549bed83324b8b6cb922a99,000000c0e0700000
dataset/healthy/20220101_095308.jpg,3,healthy,256,256,4573,True,,9bf3ca4426bc849c8895fb2fd8bb8fa0265027f1915ed0726b0e7b22097321a4,400270f8f8f09efc
dataset/red_spot/image_0_360.jpg,5,red_spot,256,256,5268,True,,16d403221b9adfa5c5f1122ad9b7a9fbcee1ae6d764c96ec3ef9549a18535213,5e1ec3f0e478b9fc
dataset/helopeltis/image_0_2818.jpg,4,helopeltis,256,256,4889,True,,69715aa4f83579e7e5a2fd276fea191e9a2140253c266eadfe70f8b094df9acf,000838383438b137
dataset/gray_blight/image_0_2312.jpg,2,gray_blight,256,256,5445,True,,ca97f189eab196463b92d6fe01a17000b88171d7c3029c7133689a5e444a5cdd,2c37f0ecfcf8f8ff
dataset/gray_blight/20211228_142102.jpg,2,gray_blight,256,256,5967,True,,eb87610d6f9a7dd91561b3ed1e699797d22d35c8f91ab5d632e68813d5be465b,000cc18080e07818
dataset/brown_blight/image_0_9098.jpg,1,brown_blight,256,256,5101,True,,35972d91eba681e9f9454a99137d0e850135bda316775d83404cee292b86d98e,dfdfb770e8e1e3ef
dataset/red_spot/20211228_115614.jpg,5,red_spot,256,256,4802,True,,852d202468ffa939441cfc3f5f07298ed9e504118e917939ecbc69dc0d0c47bf,ffbff8fcfc789fff
dataset/healthy/20220101_095155.jpg,3,healthy,256,256,4402,True,,37168f40c55ea49ea941578e0e4970315da9b999749a8e46c171712aabcb16c1,000cc1e078383e7c
dataset/gray_blight/image_0_2609.jpg,2,gray_blight,256,256,5491,True,,32679b83b91bdbb5a680b4c133b6692a31a28a3b7c61d7f631739ca12d6017cc,808ce1f078716268
dataset/red_spot/image_0_295.jpg,5,red_spot,256,256,5249,True,,b2cca5a48a6d85bb5b90fae149236d147fb51816ce092d7d6cbae66eea5639e1,7fffbcfeecd0c1e7
dataset/gray_blight/image_0_3628.jpg,2,gray_blight,256,256,5612,True,,c5d1a296d3d8844eb6b73a349706dc7aa67ca7bb30fe2cc13a70dff513870dbd,1bc6c1f8783c0e88
dataset/healthy/image_0_116.jpg,3,healthy,256,256,4340,True,,e557cb4adb63663f735e8a25d76a13f694a2e770f0b016f558737553b82abe4c,00000078e0e07000
dataset/red_spot/20211228_114808.jpg,5,red_spot,256,256,5076,True,,8697bc3bfda6a0275a50932edaa476a8b0352075fe26d72cba49d7130dabf19f,fcfcf0f8fcf87fff
dataset/red_spot/image_0_1364.jpg,5,red_spot,256,256,6482,True,,b562d48c182694025e15c064208482e840ff42ebde7db211f9eabfe4bfbb6ff8,18c2c1b8dcf07801
dataset/red_spot/image_0_2518.jpg,5,red_spot,256,256,6350,True,,d99592f990be6be848719cb650076971230d4bb1ebe3dc4a1e01874f705a2d9c,deffbe78f0c1c77f
dataset/healthy/image_0_695.jpg,3,healthy,256,256,5071,True,,68d22049597129c1acf9a3a4552dc2c79bf81abd009e4750c02825a540d791ac,e044e0f0fcf8f8ee
dataset/healthy/20220101_120651.jpg,3,healthy,256,256,5428,True,,205edc59e67c5ab2612b3d21d8d99b8b3cf738daa6eedfd1e36fcb0c13f001a8,ed97f0f0c0f0e37f
dataset/healthy/image_0_1913.jpg,3,healthy,256,256,5319,True,,2fc36a909c2031695035e13e630cba41a8227007d066f327758b3facb4c0fc91,000080e0fc7cccec
dataset/red_spot/image_0_1917.jpg,5,red_spot,256,256,4756,True,,0359131489f1f3ff2e25fa6c093205dc7e4f9ed51678ec0b2289cbd3f0221455,0000c4c0e07c5ce2
dataset/helopeltis/20211205_160838.jpg,4,helopeltis,256,256,5228,True,,fe9c0f61c767d95f437776622cf3dcf83aa8ff505dca6cdc4b51acacf49927db,bf9f71e8e8f0b36f
dataset/helopeltis/image_0_3553.jpg,4,helopeltis,256,256,4780,True,,adc52e4a2cb475bff3f131aa250997049cd4efbd196158dee9607b4b71f8c1ba,0000043c31602000
dataset/algal_spot/image_0_287.jpg,0,algal_spot,256,256,6896,True,,0a26812280f0f57ab64a77cf71b3ea98d34e99fb2f480f36bb17d028c4d73521,1186c1f0e4701c04
dataset/brown_blight/image_0_7984.jpg,1,brown_blight,256,256,6410,True,,d842a0e30f2e7e1fe86f8b64c9bf2299b749435cc5b35aa54ba60769551f28a1,0000013c7080c000
dataset/brown_blight/image_0_5187.jpg,1,brown_blight,256,256,5338,True,,5c0be2e960ddf58364cd24673cb70f5742293bcf4e6afb8ad1352182885d9b70,9f3f8fc1f87c3f7e
dataset/healthy/image_0_980.jpg,3,healthy,256,256,4601,True,,46c3f13b2f5f04ee5b47765d38c0c2ec75917e21a313444714bc1bc250283891,008003e0e8e03000
dataset/brown_blight/20211225_233829.jpg,1,brown_blight,256,256,4792,True,,26a6aba1de7339d25b0f295660b69d69b4d1ee186712f953db70f80fdc60f778,010131e8c8610301
dataset/algal_spot/image_0_1757.jpg,0,algal_spot,256,256,6126,True,,36a25b02a12604e27bbc2afe0d8b18cf478d9501fd33c23f4c1606693dfe542f,0028f0f0d0c00000
dataset/healthy/image_0_3648.jpg,3,healthy,256,256,3740,True,,e89cd78f3c44410783de1b9ce41f73ad7e051bb4c858e450234f47e739aab57d,0000181838303030
dataset/helopeltis/image_0_3407.jpg,4,helopeltis,256,256,7076,True,,0ba2bac9c54fb22d475897bdbc0fcf55bf5f161a391104a3e3b24c15aec35014,191c3cf6e4f83800
dataset/helopeltis/image_0_2515.jpg,4,helopeltis,256,256,4618,True,,b249a46fc8b4b0cf8a38ffb74da544d86ec7ac690f51383f1af348892c178ea9,a1b8b978f8e163ff
dataset/helopeltis/image_0_3829.jpg,4,helopeltis,256,256,4991,True,,ee04571bcb732497ca1fa0a294b6a391bf61a6204d9f942043b4bf951c472df5,f8f8fcf8f0e0c000
dataset/algal_spot/image_0_855.jpg,0,algal_spot,256,256,5514,True,,98049c6afa2e55848b9b80377b44bc94e55f84af6c44a90fa73f36561d200201,0066c0c0f0f0c0c0
dataset/gray_blight/20211228_140853.jpg,2,gray_blight,256,256,5411,True,,24ab390d1d0ff1a680e45979fb66882ab987e7815e18657d6b7768f37ebdb8dc,0000f8f8c0f00600
dataset/red_spot/image_0_3171.jpg,5,red_spot,256,256,6502,True,,9cb89a9300c044f14fd72612dd80fe644c2e7062379697febdd1c1512474b2c8,00c3c1c1e0743819
dataset/gray_blight/image_0_124.jpg,2,gray_blight,256,256,6792,True,,3cdd6160efb05dc03c776e439f328ffa5422d7e099ff41870f664b126d5f029f,03e8cce080c0c000
dataset/algal_spot/image_0_3123.jpg,0,algal_spot,256,256,6259,True,,7aed5d72f41cdbcc212be5a4d736bb3321b9d0ea4447835d972bcc3fc8061e90,00187cecf8e0c080
dataset/red_spot/image_0_954.jpg,5,red_spot,256,256,4729,True,,8021f9d4c91774e9f86cca413f50aee7ae5b9fa7cd7384efd12d4ec8c744c765,000038f8e0e00000
dataset/gray_blight/image_0_2782.jpg,2,gray_blight,256,256,6060,True,,466f6f2597ad2c57fee2442c6c64302fecde70202436a405433df054329966f0,0000e0e4d4743800
dataset/helopeltis/image_0_1270.jpg,4,helopeltis,256,256,5879,True,,bfab1a3b8c7b1e30f4c315e914616de867c64695bafd4657b730099e49eec580,57fdfcfc8cd0c244
dataset/healthy/image_0_2455.jpg,3,healthy,256,256,4686,True,,edfc8a663bf7e2365797e5d80fba157427148c5a39489adab93062b52471d4fd,000008f8e0700000
dataset/helopeltis/image_0_3828.jpg,4,helopeltis,256,256,4717,True,,5f74c632bc9c8112c2d470c98c2877eb3b1d3d347ce8001af3994cb11ad248bc,e0e0b2f0f8f13707
dataset/algal_spot/image_0_2841.jpg,0,algal_spot,256,256,5621,True,,e8e1b72976d3d385669a6d82da7944f1abd87c45cd3011464ae6d0ad7f2cdd37,ffffbcfedcf8f3ff
dataset/brown_blight/image_0_2823.jpg,1,brown_blight,256,256,6773,True,,557a4f5af01929730fc02f4743c0adea07d6fd0b0e6969204007653ec93fefad,0000c0e0783c1c00
dataset/helopeltis/image_0_13.jpg,4,helopeltis,256,256,4397,True,,2d6d2d099c01f4eeeac70ddc07e24da9ff928b7055c2c4a65905c948b76f1ca8,000060c0e4701000
dataset/healthy/image_0_522.jpg,3,healthy,256,256,4648,True,,aa464e97aca171083b8872f52a5218be4ed1f9f2c2545d63305b8184c6b314e8,003030787870b0d0
dataset/healthy/image_0_3400.jpg,3,healthy,256,256,5208,True,,cf15742cc7dd2adb591c8beff6f08a4ef9fa99d2db2d2c696df6d2438bb55a2c,061c3c70e0e0c080
dataset/red_spot/20211227_161046.jpg,5,red_spot,256,256,4974,True,,80183136e1908c0ac67a71d6ccf61629a2ad1b12e2b0d932ccd896055f9a9f3d,ff37f0ccf0f19f7f
dataset/algal_spot/image_0_3070.jpg,0,algal_spot,256,256,6325,True,,145ff443551295b43b6aaac51a39718d818669e0fad4b8980a8d143dfaaea04e,000e3c74e8c08478
dataset/algal_spot/image_0_2994.jpg,0,algal_spot,256,256,5927,True,,a5cf251fb14fca1f17ae10496d6c35a45e52075980160e488bc42b83308067a4,7fdfbc70e8c1877f
dataset/helopeltis/image_0_3922.jpg,4,helopeltis,256,256,4749,True,,202c970505a083e76acaf1d9d89d382b912f881350b25c31bb0a929ad9d347ca,fefbf8f8f8f8feff
dataset/brown_blight/20211225_234841.jpg,1,brown_blight,256,256,4739,True,,c917887d18a8d8b34b57185858c98573648f1c53ea35d4889febc63fc8eff56c,010121e0e8710301
dataset/healthy/image_0_1594.jpg,3,healthy,256,256,4853,True,,f524762d0df50d1a05eb4deee812a3a882757a58a7d2f31d0208957890a3a31f,c39c3c706961630f
dataset/helopeltis/image_0_3698.jpg,4,helopeltis,256,256,5188,True,,f9a91774f99629a4c6da99f89373b520db9a4dccbe706036ee2ef7df01083d23,2060706060703000
dataset/helopeltis/image_0_3111.jpg,4,helopeltis,256,256,5288,True,,40dbda1d8e3cb97354c59438119bcdba903a67827d01970529ed4676da124c7d,000038f8c8f06000
dataset/red_spot/image_0_3170.jpg,5,red_spot,256,256,5617,True,,f85dfcf32a28902e6f18063773ea7df2ed48f28f910e2d1f8063bfa693bcbde9,1c62e1d8ee761e01
dataset/algal_spot/image_0_4051.jpg,0,algal_spot,256,256,5006,True,,6a43b6b6ece762a4e1a4453b0e8e3db9d183b09b5d45ae3b4a9faccccf130674,3f3fcfc7e3f17cff
dataset/algal_spot/20211226_101708.jpg,0,algal_spot,256,256,5264,True,,16f1f99a3be81b741df482d5ad37ff3e393f5a4219f97abf7d6dc226f94e904c,a019f8f6f0f81fff
dataset/gray_blight/20211228_153533.jpg,2,gray_blight,256,256,4858,True,,021ee2524cb3b7ef76abc35103586770d75f0b98ad21017f34b144888bf5ca01,bb0f71f8e2f0bbcf
dataset/red_spot/20211227_162130.jpg,5,red_spot,256,256,5202,True,,b97fb4887774f22fb9238c6fb557687e0dd103ba1af526ee8cc28b34228613c0,f1c7b8fcdeeef8fe
dataset/red_spot/20211227_162531.jpg,5,red_spot,256,256,5617,True,,5e4bcc67f5ed013bd262238247d690bd6a78dba799313a95179457547d0b359f,fca19e7ef2f0c07f
dataset/gray_blight/image_0_4202.jpg,2,gray_blight,256,256,7128,True,,972735297720a3ddfb644977f44c04981b4291329b02714d2f8a3b7865eb6a13,0000f8fcfcc8d0c0
dataset/brown_blight/image_0_8313.jpg,1,brown_blight,256,256,5105,True,,44e7949f45e15babcc9fd68e7e252fcd1c54fdbd5d43780c8f6e30231440b9f8,2020707878787030
dataset/brown_blight/image_0_5144.jpg,1,brown_blight,256,256,5486,True,,44ff8e112c1e766109943378b4b154e44562c5d8349cc364585e5537f70a3302,3f7f3cf8c1c3cf3f
dataset/algal_spot/image_0_3116.jpg,0,algal_spot,256,256,6245,True,,68a389087c441643d1c7d19a805ba73e7c7c53e55483b5275752080ae7005527,00043cf8d0800080
dataset/algal_spot/20211227_114558.jpg,0,algal_spot,256,256,4962,True,,e0e965d38363ad5979dad88dbb642aceb0224684d0226e70b3b69b3ea1367614,f33ff0fcece0ffff
dataset/algal_spot/image_0_2845.jpg,0,algal_spot,256,256,7775,True,,bd94850a496c51900760988746975f033d9589a3aa34b4998cd317a2bdcfad7a,cb38f2f2f8c1c73f
dataset/helopeltis/image_0_3613.jpg,4,helopeltis,256,256,5827,True,,27721075becfa7c310c310dd3d076ce1cc83fa29059c71f6dae36782588e5b08,2030e0f0f0e43c00
dataset/helopeltis/image_0_2069.jpg,4,helopeltis,256,256,6229,True,,e120e7d3580dd8b0f348f6c728be8bcd1333ff80ca4cbe553b003ab3521a560b,00000070e0c0c0e0
dataset/gray_blight/20211228_141032.jpg,2,gray_blight,256,256,5504,True,,c63caf9e96ff667e23bdaa7035637699c9c12e2a34896dbef76dbe5aed63e5e1,6044f1f0d8f8f0c3
dataset/red_spot/image_0_2104.jpg,5,red_spot,256,256,4613,True,,101e95d4e63ce0251a1e7dd2bde440e5a529fbdcf235b6a74619ea6dc6bffbaa,263cc2e0e0f0f2e8
dataset/red_spot/image_0_1145.jpg,5,red_spot,256,256,5061,True,,26897e5e81b1a61ca3f29b0e2ef8de31b21c593649b86f528bd151a0886d99ce,8000e0e0703c0000
dataset/red_spot/20211228_122703.jpg,5,red_spot,256,256,4825,True,,b9d8822af6292a11b1c0705dc32d876af5705d586d91a26ef743f4cbed066aab,d20ff0f0f071dfff
dataset/healthy/image_0_2134.jpg,3,healthy,256,256,5317,True,,ef14ab82b1d59cdec883bc57cb9909a3f7d6c4539e2b215c652bb66aef5f71ce,010c3870e0c0c080
dataset/gray_blight/image_0_292.jpg,2,gray_blight,256,256,5112,True,,668071e5f0458cf7d6a86847f258f98699431f0732b2807ca597fc8160a8a0f5,011a30e0d1c24c04
dataset/healthy/image_0_258.jpg,3,healthy,256,256,4652,True,,d0e511d89e6c93612a98bf8c3a723fbc182604aabd641b4cb4f9f261175d0126,00003cf8c0800000
dataset/algal_spot/image_0_1274.jpg,0,algal_spot,256,256,5517,True,,3345a51cee4a6d112f325e6e8900079cf31893f04c83763ab007324bbf2f7e7a,3008c2e1783c0600
dataset/brown_blight/20211227_163448.jpg,1,brown_blight,256,256,4714,True,,9d7af2019d89d18439a942fd3b090b756a3f8b509e5f8abddb32726205286098,f2d61df8f2f8fcfe
dataset/algal_spot/image_0_3995.jpg,0,algal_spot,256,256,5074,True,,c647c60e713819ddfee45a16616b5140f9c7e22754950ea31968e8b011a80b38,1671f0fc70b88680
dataset/algal_spot/image_0_88.jpg,0,algal_spot,256,256,5759,True,,7391642397eff64932cb5bb368b1b8cc303fde0af83626151d305aa193d27ae9,001c3c70e0e0e040
dataset/red_spot/image_0_2569.jpg,5,red_spot,256,256,5303,True,,d8f5ddd6828d1b3f3e0bda499fe1c74d2970eeae6d8ed2d64bc875e5fafee8f7,01010330f0780303
dataset/algal_spot/image_0_2218.jpg,0,algal_spot,256,256,4672,True,,0b001d398ab507e791208875402bd36d74e40b8f462b1ee5eb4a6a1f1f184205,0000e0e0783c070f
dataset/gray_blight/20211227_163341.jpg,2,gray_blight,256,256,4760,True,,93d9362410d5bba6fa94a3b88ce067c734715030bae4195037a482ff40788a9d,3ccf78e8dcf0b6fe
dataset/healthy/20220101_092559.jpg,3,healthy,256,256,4759,True,,7c1d862fac15513d800c62faac01cb905917f9d0fa0392058e79f2d027efe3d2,eff33138b4f8d8ed
dataset/brown_blight/image_0_3829.jpg,1,brown_blight,256,256,8186,True,,39759fad8d881b58bfa2e7bc2eb8c3b7d8691fb141c28ceed047f232eeb772bd,00c0c0ac92f07800
dataset/algal_spot/20211227_153502.jpg,0,algal_spot,256,256,4895,True,,b131fe757bc39c98cd8f5497c027868a3c642b44959aaee4c4e913c3b29240d0,7093e8e8e0e10000
dataset/helopeltis/20220101_120854.jpg,4,helopeltis,256,256,5611,True,,61088b878a658e8e0f787d7600b30862989570333256cc0aae24f875b5e8e62b,ff9f79f0dcf177ff
dataset/healthy/image_0_3496.jpg,3,healthy,256,256,4985,True,,074b48aa35c17dae578ba0d07971ee1e48ccda21c3fec6072d7b0b3e9fab92ee,73f8bcf8e8e0e0f0
dataset/healthy/image_0_2897.jpg,3,healthy,256,256,4639,True,,b61c14a47dc09b8c808fa81838f48cc16227163f57a09cb6ef0adb470c923dcb,f88e707078988716
dataset/healthy/20220101_122140.jpg,3,healthy,256,256,4674,True,,d0563620e3584acebf3e8636894ffa1e8f854c20174019ca527ef9fe68a7e1d5,ffffdff1f0d0f0bf
dataset/healthy/image_0_2528.jpg,3,healthy,256,256,4724,True,,dd25c4a2b5febae810157bec24ef6263722230ddb53002e5b1ffc5dc94982e8f,00000060f0f0e000
dataset/red_spot/image_0_1040.jpg,5,red_spot,256,256,4611,True,,7bcbf2bade80d2155f226ac30bb876f56469f5184a114d03bcdb53611e2270e4,000078fcf870031f
dataset/healthy/image_0_2684.jpg,3,healthy,256,256,4599,True,,f26efb83b6deafe6f2707d57689e0bb05bf192914c7b8c866c604edb704a2d93,000042e0f0780100
dataset/algal_spot/20211227_101515.jpg,0,algal_spot,256,256,4478,True,,2d565f6c00bf90ecae618aba33624b45628c7b9467618cebf25c306d87ac6696,fdcf3874fcf8ffff
dataset/helopeltis/image_0_2712.jpg,4,helopeltis,256,256,4625,True,,a8628553df6a106c2c20214e921585c37bfb5be34479134678c94ddfead44246,0000903070604000
dataset/red_spot/image_0_1770.jpg,5,red_spot,256,256,5303,True,,2707c3b5e208f3b53e02012f96b477998c28701b7e5856319894618cd28c19c5,cfbd7969e3c73f3f
dataset/healthy/image_0_946.jpg,3,healthy,256,256,5054,True,,754093490cbefcc017934d33ed5f6dec8149dcd8bc6a4d62fa0a1e99bd4079b1,f6b2b1f1f931b9d8
dataset/algal_spot/image_0_3382.jpg,0,algal_spot,256,256,5838,True,,5e59709a6caa2627cd5b0279d9bb0c76f750a47984d7c635909848e8932cc7dc,e39d7ce0c8a1879e
dataset/red_spot/image_0_1113.jpg,5,red_spot,256,256,5702,True,,c8bc56383a81aab0a51110e17201725d3cd17559fe86e9540823becafe76e740,000018f8c4d0e10e
dataset/algal_spot/20211227_135546.jpg,0,algal_spot,256,256,6461,True,,8233bb9b53c0a20c14068a359ec43a756b95ab928b11c35b3f30e9732ca9154c,c793f8ee88f127df
dataset/helopeltis/image_0_2813.jpg,4,helopeltis,256,256,6222,True,,b51fdebd66191127f9717beed47c1ed6a2c58609622d04502688b68af9c51722,031c7cf8c8d1e306
dataset/healthy/image_0_1219.jpg,3,healthy,256,256,5379,True,,448720e06d5d066d1e2291834bfc9561cc2821b886fb1343553b7ce01b095f5a,0000e0f0dcf83000
dataset/healthy/image_0_275.jpg,3,healthy,256,256,4836,True,,310abcaebb9b78efdfac2714bc88faaa67bb9644dddf993f770d911f939e3834,fecb3cfcd0e160f8
dataset/brown_blight/image_0_9767.jpg,1,brown_blight,256,256,4431,True,,3ddf152925acc5dfe39e6fec668c2ad8596bab5536832d99b207e5fed062d6ed,7f7f6f6370fcffff
dataset/red_spot/image_0_354.jpg,5,red_spot,256,256,6238,True,,30d39545eb8db055cc15d99c5bbcc23b3dfef87fee23a78831bd9cd97121d54e,88c4e2f159383c1c
dataset/helopeltis/image_0_3561.jpg,4,helopeltis,256,256,7280,True,,5a875f668c3ad7005ecd346054d0a9b8051764659af4bb5f61fef98dafbfc093,000379f8d4d0f007
dataset/brown_blight/image_0_5373.jpg,1,brown_blight,256,256,4547,True,,d8432cc39544b3dfdc952b9fd209e6e467bfbd8045c2f08ddece494f3467102d,0000c0c0f07c1c00
dataset/algal_spot/image_0_175.jpg,0,algal_spot,256,256,5022,True,,663bcd917e078fb290a80904521585695ba32a7b5471b9c8a24dc5e994072eb0,0008c2c160380900
dataset/gray_blight/20220101_122117.jpg,2,gray_blight,256,256,5517,True,,74e4393d6995a89ef5714af52cf3811f74e91fca9978bfeaa71452a0fe526ad4,ffbf67e1bcd8f1ff
dataset/algal_spot/image_0_2808.jpg,0,algal_spot,256,256,8761,True,,51515d374e8dba19fbc0b43a3aa3d6796883a85662a3c670aed7246d73e6f914,cc3c72fcfce1c38d
dataset/brown_blight/image_0_5340.jpg,1,brown_blight,256,256,6165,True,,9ad7a3b6225f5502da6827e095d2a814f7493c343ee743725ef65edea33fc31f,670ff1f0e6f074b6
dataset/algal_spot/20211227_101139.jpg,0,algal_spot,256,256,4541,True,,a45e98aac801d9c2b9192f7e0cd7f80298ff03591e869dc3f33ba78b98df6804,ff8f71f0f8f8dfff
dataset/helopeltis/20220101_105517.jpg,4,helopeltis,256,256,4799,True,,3991c4cad3f19dcb55be389d9f267ec27f68ce3835ccacd6978f39733bce233b,fffff9f8fcfefeff
dataset/red_spot/image_0_1104.jpg,5,red_spot,256,256,4977,True,,252da1f55baa7318a1cfcd175372890b97afcbdee750c72d7eef41d602c1b418,3f3f6fe1f87c5f7e
dataset/red_spot/20211227_163538.jpg,5,red_spot,256,256,5066,True,,53fc2d75dc198ec649edd9790e1139e6fc97d2444c84ce006480590878138f8c,e59778fcfcf8f3ff
dataset/gray_blight/20220101_115345.jpg,2,gray_blight,256,256,5782,True,,bcfeb677da8f9cf960bdf0a14a80d11d7b620fe549035b903aa14b002b3b2260,efb3f8dcfef87cff
dataset/brown_blight/image_0_8675.jpg,1,brown_blight,256,256,5279,True,,33b2e942217a22008b380567759ab378417572e1b7389c2058fa63c7f4949eca,8307c3e1781c071c
dataset/red_spot/image_0_608.jpg,5,red_spot,256,256,5545,True,,ac88ecd3983ace3570ea493f0a1009ccabf7016066f86903b4d5c6fa3629edf6,fffefefcf8e1c37e
dataset/helopeltis/image_0_2908.jpg,4,helopeltis,256,256,5367,True,,995acf23a88d103780694ddfc877e45f83bd3bf5eb3da5231bbe3c9b2b1b53fc,308671f0e4f83850
dataset/algal_spot/image_0_1990.jpg,0,algal_spot,256,256,4259,True,,0547e2d251d9eed97e94bf609cb039c86b297b379d34160c3b8dd817fb5dc2fd,00c013f0e0f00600
dataset/helopeltis/20220101_113947.jpg,4,helopeltis,256,256,6473,True,,017c3e8836a68d47d87a3cacf41e80e256a81fe292a2521f5d497afe1eb66ae7,ffff7fd3d0f8f8f9
dataset/brown_blight/image_0_6280.jpg,1,brown_blight,256,256,5908,True,,08c213bdda2422d46bbb399246105d49ee923760ad9555c5bae7019c15a452a0,feffb870e1c7dfff
dataset/helopeltis/image_0_1143.jpg,4,helopeltis,256,256,6048,True,,f2f75df77ccd9f7ae55147879cc441a802bb2a0c7c2406f475740371dafac318,efdfb9fce8c0e07c
dataset/red_spot/20211227_162411.jpg,5,red_spot,256,256,4894,True,,c8f483dffe58e19173d3ae0c253e6d137ec10565c4c50f465fb3d1e8646ca434,f8fc39f8cce4e2f8
dataset/brown_blight/20211226_002401.jpg,1,brown_blight,256,256,5433,True,,2ae76512f8d72e9a85b2281418c9cdca2539c946819502564c979774e9f011f8,010131f0c8700301
dataset/gray_blight/image_0_4263.jpg,2,gray_blight,256,256,6013,True,,a0a1f0edc79f4cdf0923b98d18163f1cceeec8c6eda0274eb6f31200427b7522,00c4c2d9d9f8780c
dataset/red_spot/20211227_162333.jpg,5,red_spot,256,256,5248,True,,d4ed779439e2f4ae29a4c09b82864a1dbd8b555106bfe31671652dc861aa37ea,799e71f0d0f0f7fd
dataset/brown_blight/image_0_3913.jpg,1,brown_blight,256,256,5363,True,,c37fee485e68b4e158b28f8dfdfa4899c358d737682da17cc7763279e2381d46,000100c1f0060103
dataset/healthy/image_0_3250.jpg,3,healthy,256,256,5133,True,,71a8992d837c700d34e8d9755fc64490e7b335af4cec99e5b6c7d584e30649e9,001c78e8d0c0c000
dataset/helopeltis/image_0_1154.jpg,4,helopeltis,256,256,4645,True,,6b0c4d96106b91a5b77206c4535f148c657ffe30c987a857e4c88eb149bd7e09,fcfcf2f1fcfeffff
dataset/red_spot/image_0_1919.jpg,5,red_spot,256,256,4970,True,,824ce6098ef8c0cd14460a89a4a75c448c20d61a6e3d70a437d8f1062c842efc,08c4c261603c1c01
dataset/helopeltis/image_0_3661.jpg,4,helopeltis,256,256,4831,True,,0a29292ac67c67f06cd2641626b49ae99279b2c85a713fe0d894b4837d04efb5,01021cb870604080
dataset/gray_blight/20211228_133927.jpg,2,gray_blight,256,256,5483,True,,354452e580bed6d9b49f711b09b34e3579cd73c4e9efb40170973df8ee6a6606,e4f3f0ccfcf0e3dc
dataset/helopeltis/image_0_1585.jpg,4,helopeltis,256,256,4897,True,,aabea159456302c99cfb66fb234fe984de68c6f9cc8b07220da78723644b3df9,000070e0d0f80000
dataset/red_spot/image_0_467.jpg,5,red_spot,256,256,6481,True,,06e895be2042eebec93edfbd5646bddc1238c51a980a5abe09fc8d9c8de6202e,0000e0f8dcdc7c00
dataset/gray_blight/image_0_1700.jpg,2,gray_blight,256,256,5205,True,,7ea12a1f0ea3e5fba4aff677701b7ac7af162cfb063fa26445340b4d4d278d4c,8000e06068381800
dataset/healthy/image_0_1935.jpg,3,healthy,256,256,4714,True,,291d108d1cb46b5e3d3cef6b5619959a2d40149ac736d54cdfffd05d0f8f6dd3,000000c0d8f87800
dataset/red_spot/20211228_124157.jpg,5,red_spot,256,256,4828,True,,88a56b5bb663f4a7d8ec6d50b2cc100b5f614c297e0371b3047d7bb37fdae62a,7fff79f8fcf8fffe
dataset/brown_blight/image_0_683.jpg,1,brown_blight,256,256,4646,True,,77ab82cbf2528a4df79de4ba5225e39cdefc603e36b2f622b476c388bac78809,00c0e0703e0c0000
dataset/algal_spot/image_0_418.jpg,0,algal_spot,256,256,7434,True,,c07d2190c10ea9ba826b08ecb412077f2d71df8204cc46612a2cea47c65923c1,2fc3f0dc763c0c00
dataset/algal_spot/20211227_151700.jpg,0,algal_spot,256,256,5308,True,,2c24afc50576bc42993d065762c97d49cd479263048ec2b9f3cec108dbb796cc,ff8ff1e0ccf0f3ff
dataset/helopeltis/image_0_2856.jpg,4,helopeltis,256,256,6596,True,,888e337aabcf222de9b1891d57eaace83689a334d670f8567fec38ffce6f0f0d,c0c0c0c0c0f0783c
dataset/algal_spot/image_0_1098.jpg,0,algal_spot,256,256,6787,True,,f69e8ab728a60c7434d06f630c9b800ad931768b1203e4110297ff9f22e64f49,131c7ce4f883cffe
dataset/helopeltis/image_0_2516.jpg,4,helopeltis,256,256,5152,True,,c9de9de57ae84a37af6531d376f9df2b81968fb260f36c0919ee1f8699266708,60c023e8fce82884
dataset/healthy/image_0_296.jpg,3,healthy,256,256,5054,True,,b6853b96682fe2f833f9d35f2b4bed35611cc3d0a377b6cebddcf85b94fb5e82,c9b8fcf0c0c4c0c0
dataset/helopeltis/image_0_3220.jpg,4,helopeltis,256,256,5674,True,,16f7688063b6e49ca0d6f6d324ac6ee50f4ecaa51635b6b459b9a8c3401e9c8f,00c0e0f0f0f0f8b8
dataset/brown_blight/20211227_163456.jpg,1,brown_blight,256,256,4322,True,,ddcc329485b7d13878b7914f1ade75394f543a4d30c9fecee0f61d72012ad792,fcb3ece8f078fefe
dataset/brown_blight/image_0_7589.jpg,1,brown_blight,256,256,4854,True,,0168e0c89edfefca9a2bb9f0105f471d7070012b8dce176ed54355c08485362a,7e770c1cf9e3670f
dataset/healthy/20220101_121855.jpg,3,healthy,256,256,5015,True,,5efe3ddb9827062761668ff455720dd1a38bf73e280857988d9653e918463335,7f3ff1f0fef871ff
dataset/algal_spot/image_0_4231.jpg,0,algal_spot,256,256,4769,True,,ad9757f3ca98d5a63606b54bacab17907f7421f37d248d5618ab702bfa9bdb00,0020c0c0e0780300
dataset/helopeltis/20220101_104456.jpg,4,helopeltis,256,256,5725,True,,e376a2dae27509e19fa80c42c5be33e836b56c2aa8397eb9aba64f8c27a7bca4,cfe2e0d8fe7cffff
dataset/healthy/20211231_174942.jpg,3,healthy,256,256,5543,True,,169d3a23ccbc509f795b96290c1ab808c6ba9b61c71ceab4d2736bcfbec93981,030361e084e00301
dataset/healthy/image_0_1730.jpg,3,healthy,256,256,5737,True,,feb20e83feb158414f9914eaa12ed6f61a1797dc88f57b1071b660ac6f1e4867,0070d0d8e4f03000
dataset/brown_blight/20211225_235207.jpg,1,brown_blight,256,256,5195,True,,6eea543bf915218b73f20d923ebcedf179c59204260cdc2efce9e8584592365a,010031f0e0790301
dataset/brown_blight/image_0_7940.jpg,1,brown_blight,256,256,4888,True,,87031ac93096aed312b96b8941838f333f1b5838d4718816e466d80641aadca6,ebbbcebcf0e0f7fe
dataset/red_spot/image_0_3047.jpg,5,red_spot,256,256,5830,True,,6e6cd77f22fc07f7b9a15c0e27230060ab0e5647a8eca9de9d92d66e67b5bd3d,0010f0c6f4708fc1
dataset/algal_spot/20211226_102949.jpg,0,algal_spot,256,256,5126,True,,404338eed7f92a581a9cb5bcff52fadc5fbeac5174b1047fa646f233a34dcf82,ec33e0ece0e11fff
dataset/helopeltis/20220101_093735.jpg,4,helopeltis,256,256,5347,True,,fbe9f7ad9a1bc59c763737d1fe4565ebd0a0a421b5cc013da7d1f13b1e371ccb,000678f0c4e07184
dataset/healthy/20220101_104257.jpg,3,healthy,256,256,5039,True,,787c7ecba7be58fe744e89711aae26134ac7df0cab55bbc0b4e77ce6342a72bf,f9f9f8f0b0b1f9db
dataset/red_spot/image_0_1558.jpg,5,red_spot,256,256,5581,True,,6023985e04ff705bf3061e431efa4d9d2d56c508feb8dbace539e524a14c4e69,08fc03b1e8fcfce6
dataset/helopeltis/image_0_3182.jpg,4,helopeltis,256,256,4728,True,,f582f828a9c2041171e0bb40be7435fc2bef9eedd13cb3bb1b4ddc84a3bf2470,201ce0c0e870330f
dataset/brown_blight/20211226_000042.jpg,1,brown_blight,256,256,5599,True,,1efc561533cd88e62f24948216626470593e1b9d20c9727df5730fa00dbf2f82,01011cd8f0300101
dataset/brown_blight/image_0_8480.jpg,1,brown_blight,256,256,6826,True,,c4de90c9fa1171b84cbed44af63769af4fd846944bcf9d84136911c126c3bdbf,7f39786c6c7871b7
dataset/red_spot/image_0_1843.jpg,5,red_spot,256,256,5460,True,,d1b104add81ef50cf17f3f96f5a618a88e55aeb9e0b12d815602af9b4c1a7821,02013c70c0810100
dataset/brown_blight/image_0_4292.jpg,1,brown_blight,256,256,5857,True,,f5f65790da0d39f6789f7d3ec3a89520ed7bf7676b161a78a438b325b58000f5,000071d0b0e0e040
dataset/red_spot/image_0_2312.jpg,5,red_spot,256,256,5177,True,,d30e221b1c66e9533515cc1ef45710cb33aeaa0f4b8a14a1061282865b234a7c,ffddfcfcd0e3c7fc
dataset/algal_spot/image_0_1090.jpg,0,algal_spot,256,256,7625,True,,9bf678d98f02637cf1144bd841e54437a80418d1dfeb1f2c778fadc9eec81d15,20e0d0f0f070310c
dataset/helopeltis/image_0_2279.jpg,4,helopeltis,256,256,5195,True,,4907980c55c8871da0324d866d39859ff0da04e7da73c958cdb96d716783beb9,f7eef8f8e8f89907
dataset/healthy/image_0_144.jpg,3,healthy,256,256,4723,True,,c9a4d380ac29d8185a12989f02dd0b98ed5f11dd26916a5e58b3428f6392eb9a,dedfde3c7cf1e33f
dataset/red_spot/20211228_114621.jpg,5,red_spot,256,256,4982,True,,964e869669ac47d0a68a1aea41cef7a19e430b6cdc952299f31aed4f1303eb11,fcfef1fcfcf8ffff
dataset/brown_blight/image_0_8053.jpg,1,brown_blight,256,256,4501,True,,34b7907597adbfad7376595e2f9b5aeff66c7e456eedbc5a4cc273841114ebee,00043cf4c0e00000
dataset/healthy/20220101_094600.jpg,3,healthy,256,256,5606,True,,ab93acd94fba43aa06b1a01c1c901334725481f2da697663d04acd1044d5e167,000378ece4f06210
dataset/helopeltis/image_0_200.jpg,4,helopeltis,256,256,5546,True,,a02c61fca566a7adbb198ddff281458f679abf2a6fe5fe1d53cfca0e3780ca26,ffffc7e0fcfcfeff
dataset/brown_blight/image_0_8211.jpg,1,brown_blight,256,256,4792,True,,aec672c511e3812e3ec5502b8ddb905249df947b7440615dc85b5a8aeba5c495,0008387878e0c000
dataset/brown_blight/image_0_1963.jpg,1,brown_blight,256,256,4956,True,,5dfc670ffa2a1afd6b299d55df60f8f4032dcef58415a7affd2bd557a3f33f8b,000070f8e8780000
dataset/gray_blight/image_0_1952.jpg,2,gray_blight,256,256,6420,True,,a58105b1cf395dac5bac65e77ef3199bdb09a8d8ea951e05081c9275668836fe,a04439f8caece063
dataset/healthy/image_0_2872.jpg,3,healthy,256,256,5398,True,,f024a7d15ac564a9a5313b12ec056854307eb4bbeb2ba4977341e72379b7165c,0000e0f0f47c1c00
dataset/algal_spot/image_0_147.jpg,0,algal_spot,256,256,5779,True,,d6a1a5bcc339f4c3befd7618204685beded155b0531480dbbef98d64cbde3087,66e1f0e0f03000b8
dataset/algal_spot/image_0_4001.jpg,0,algal_spot,256,256,6979,True,,de4024d072b294c89aa1b939014747018882137f6b0c193c96233ebcccc6babd,479c7cf4f9f1e7ff
dataset/algal_spot/image_0_1690.jpg,0,algal_spot,256,256,4984,True,,be1dd6328c39459f2261e3c2f24e669f1d7bd7760d643906742815b44815289f,0398c4e2793c0c00
dataset/helopeltis/image_0_3739.jpg,4,helopeltis,256,256,4860,True,,76a567ac528a41b25f79b0ecbb6b20c11cd3f2a694c43cba4f1b8e772a5b6dce,fcfff9f9f9f9f1f3
dataset/gray_blight/20220101_114126.jpg,2,gray_blight,256,256,5221,True,,6f99fe947ead4e53c9edfc1838f5e5133daa61aace4db1ea2436fe6b539fedf0,eb8f79f8d8f0ffff
dataset/healthy/image_0_2984.jpg,3,healthy,256,256,4842,True,,d7b5561363d6003d0fbd4e1047b85afcdbe5c1bc0c22cd5378e6fdf7b8fa5f52,ffffbc7cfce0c37f
dataset/gray_blight/20211227_163116.jpg,2,gray_blight,256,256,5380,True,,c7a401974267e885430995d4ff22a0a6bd02a5fc23ac7f659d94dfa121406e8e,349f746ce0e0f3ff
dataset/healthy/image_0_2494.jpg,3,healthy,256,256,5038,True,,2c106dd6deb98a2afeb9444a6801a1afb4bbd7f371ebd42fe75346f518b14e61,00021e3870e0c0c0
dataset/red_spot/image_0_1058.jpg,5,red_spot,256,256,6941,True,,fd1e44c3c61750601e09a19f8fc271c931c2662d48eee6d7586c61dd276c8391,ff3c7cecd4d1671f
dataset/red_spot/20211227_155722.jpg,5,red_spot,256,256,5526,True,,183a2996e95a9b276a3a1370ac253d02294f60196195d3cb2ee3a9a32c7b2161,1c1c70f890e0f098
dataset/brown_blight/image_0_5181.jpg,1,brown_blight,256,256,5344,True,,bdb7a1424ddfa7e1802e9e5133dd73bb438d529a53d5fc777e804d8de438dbec,070741d0c4651f5f
dataset/red_spot/image_0_196.jpg,5,red_spot,256,256,5999,True,,b32803f9c6a4f0de35f6958b46155ee1ebe9d39741220cbd0afa36264d308b7a,8000c381cc7c3e01
dataset/helopeltis/image_0_467.jpg,4,helopeltis,256,256,5052,True,,a52669e04d077efcebe95e0afc05cf6525933ea2f4eafb56b8391576d8feb44b,0060607072f0b030
dataset/brown_blight/image_0_145.jpg,1,brown_blight,256,256,4667,True,,01c373eeb7b56d0753383b13ee43b41e7caaeb6999f982115a2a176deecdcfe1,000010f0f0380000
dataset/healthy/20220101_100857.jpg,3,healthy,256,256,4661,True,,5d99ee8449d0f7e92605b98d5bb82871c4e23f9de4182cd2e01f3ee8019e7434,00897cf6f8783f3f
dataset/red_spot/20211227_165009.jpg,5,red_spot,256,256,5098,True,,3f9ac87fef1cc2504063e5467dad56ad717939c301aab108d9f260f8fab57912,071978ecf0f35fff
dataset/brown_blight/image_0_9120.jpg,1,brown_blight,256,256,6600,True,,bd619d11e0a623bb8424a5b8f202db908c28e51073135bd9f12429ef546b72d6,0719386061c1c38c
dataset/healthy/image_0_3316.jpg,3,healthy,256,256,5178,True,,bbd4364e6c8a2082d10f03101d3f9c3f9b5487b89bccd53afdd84702ed6422d5,000070f8ecf89986
dataset/brown_blight/image_0_2901.jpg,1,brown_blight,256,256,4969,True,,2338158b26f2b4a7bf760c3e9cca4d3157b116e7426a5cc01ac2d06a72175881,b71f78e0c0c07fff
dataset/red_spot/20211227_161741.jpg,5,red_spot,256,256,4772,True,,5ba5a4a2b37a2644a3d2d88c325334935fc86ef7bfc06389a8f0d68a66604763,788f31f8c0f073fe
dataset/brown_blight/20211227_163142.jpg,1,brown_blight,256,256,4858,True,,c0a8f97c72c143c5b39d7dd22e3acd4ac0df5ea057d548e6b7e865dc8293250a,fb9ef1e0f8f8f8ff
dataset/helopeltis/20220101_094328.jpg,4,helopeltis,256,256,5023,True,,a150f4151e08de743b83038895bc0687f3a59bfe675fe6721c4368b71a0954a1,000678f4d0e14682
dataset/red_spot/20211227_161556.jpg,5,red_spot,256,256,4666,True,,e913fa16c2585b9e639a406d50e15b3922ade601b0d088ed73f4c84481f520ad,350e39f8e8f8fdff
dataset/gray_blight/image_0_27.jpg,2,gray_blight,256,256,5305,True,,ae95f52db25e5f6d952dcb70d2da2e79f4790de05d063ea83fbcd9a66cf3090b,40e0e0f0e0f8fcf1
dataset/healthy/image_0_2781.jpg,3,healthy,256,256,4387,True,,b235e2da0e6f8d5bd2cb841d3569513400aac5bced13bae21eec84b054ce85c8,000010f0dcf87803
dataset/algal_spot/image_0_308.jpg,0,algal_spot,256,256,5504,True,,d731d8265be5b00690ced9cddd377a9de8499187aba80324dd6e57928c60e8e6,00008080c4e83800
dataset/brown_blight/image_0_6939.jpg,1,brown_blight,256,256,6373,True,,db1563f38a716e81c3460054324c2f1092bfb4234b119cce14832f2a01c96f54,063879cef9e80000
dataset/helopeltis/20220101_102534.jpg,4,helopeltis,256,256,5308,True,,081c50a10df45efa53bdb8b112799a82471b7d7e71c81606444d12ce6cd6b608,00c0f8f8c0e12000
dataset/red_spot/20211227_155609.jpg,5,red_spot,256,256,5452,True,,612344d67703f6006c0c322eed96f42e14665aa81d7f69e480962e941c266e12,0332f999c0e0e3c7
dataset/brown_blight/image_0_813.jpg,1,brown_blight,256,256,6249,True,,5842e1c4138dbe288d3163a1699acd08c970059c78f5b3db40b6907f668a84e3,bfcf3c9eeff9f8fc
dataset/red_spot/image_0_1811.jpg,5,red_spot,256,256,4462,True,,683b620f07e8ef2ec89bdf2d8ad125b92ca0e951faf51a3b095ab0c69d77ee70,0080c0c0e0781800
dataset/algal_spot/20211227_103843.jpg,0,algal_spot,256,256,4815,True,,23b069ba2f1ae75ab85a3d993a78c41ff64ea42bc1c30a248851d7e4222b5cc7,730ff1f0e0e3bfff
dataset/red_spot/image_0_1806.jpg,5,red_spot,256,256,5910,True,,028915a1c317592bf562f990f280600b9969aee11458631991efb8f91448c334,6860e0e0e0f8b8b8
dataset/healthy/image_0_330.jpg,3,healthy,256,256,4892,True,,e58edad850dbd495f0096ab4f28fa9aec0135f464e707be94e09576e82c3d011,fbf8f8d8c0c57f7f
dataset/algal_spot/image_0_2279.jpg,0,algal_spot,256,256,5592,True,,2cf356b51e2832842974583e4a4600caf5260d4a8433e55d2caeeafc5c731a4f,bfffbcfcfca0c3ff
dataset/healthy/image_0_1899.jpg,3,healthy,256,256,4913,True,,59f47299127f1f7879d19715a1b0f3ee4d8ec6d658a4a6a36ccfbff8d407fb05,fc9ee1c8c4f0b0c0
dataset/algal_spot/20211227_154113.jpg,0,algal_spot,256,256,5147,True,,2ee31d0a21c713fbf871aa14b556cb081618b61929fd87f5e184a7d1db6b99f5,0e71f0dcf07ffcfe
dataset/helopeltis/image_0_1838.jpg,4,helopeltis,256,256,4938,True,,e1a4dd8848618b3bae7c7bfcc63f7f08c32f0d418140c52cd4af69bca22ed85c,3ff9f8f0f0e060c0
dataset/algal_spot/image_0_1235.jpg,0,algal_spot,256,256,7345,True,,49a5c1e1d8841558d20d229c6664dd1c995e9317e3bd4432562a705935bc25b5,3870e4ccf0e307fe
dataset/healthy/20220101_120611.jpg,3,healthy,256,256,5287,True,,6696859043a8c6aef97979c5e565a6d7a0a6baf81754a447947ecbebb39e767e,4dbe6fe3f8d8f177
dataset/brown_blight/image_0_3317.jpg,1,brown_blight,256,256,5894,True,,cb04b9eabb78b9ebba1c787a68a39a70091e0096c7079ac3b4369630407755d7,00043c74f8e06100
dataset/helopeltis/image_0_2559.jpg,4,helopeltis,256,256,5902,True,,af84350a1f46e6eaa56447094cafc58cbbd3d5f70f409c88789593d91c321fa5,008080c0e17018e4
dataset/algal_spot/20211227_110231.jpg,0,algal_spot,256,256,7411,True,,41d954dc9fc18b8411b57612667c4e63f7ac1a939d3f5449751945c62aeaeb2e,2617f1fcbefcf03f
dataset/red_spot/image_0_2048.jpg,5,red_spot,256,256,5506,True,,fd7a4eea6a43c0c1c140f850ac122967b3e0679b7ec0dd415683baac65f32d82,e099f8fcf8f07fff
dataset/brown_blight/20211226_000950.jpg,1,brown_blight,256,256,6380,True,,67880c86349303b61d2eacaebc4bbefde01ee08c5242cebb462c966643716056,0000e0b0b0e10000
dataset/algal_spot/20211227_113510.jpg,0,algal_spot,256,256,5390,True,,104b236141c8bfc23020374f752cb73adf02016f899f1470da1583f6a11e7a21,ff5fc1f4f8f0f7ff
dataset/helopeltis/image_0_2268.jpg,4,helopeltis,256,256,5427,True,,85ee856622472c15fa9fa68daa7d00d3698bcc2349a7bd2c133f7a8d5f3e8f29,04187860f0e2cf07
dataset/algal_spot/image_0_505.jpg,0,algal_spot,256,256,6900,True,,42fd29ca919abcf97e2fce8540dcf4ac479d4361b61d7ee5cc97ebad00b972eb,1fc6e2f0ccfcbcdc
dataset/gray_blight/20220101_114840.jpg,2,gray_blight,256,256,6860,True,,f973bcace60fb41ffcf5441dee947d05d4a53d7d23bb47c5c8104994134ee77e,ffbfe9c4d6f07cff
dataset/algal_spot/20211227_154406.jpg,0,algal_spot,256,256,4964,True,,cb153063f63ef7378cbfbbc4f52e2325f751b5fbc0db200b0f5d2c485aff35bf,610ff8fcf8e0fef8
dataset/algal_spot/20211227_132340.jpg,0,algal_spot,256,256,8454,True,,2e392badb215ae63d8148ee9f9de4fe374a402aed9ff5195abe245c4f352e9e0,0c71f0b0d8f1e28f
dataset/gray_blight/image_0_1867.jpg,2,gray_blight,256,256,6473,True,,e13eb29e4775e63f8bd4df52e1227f01cececa8cd22df5b6810762baa89a0023,20e0f0d4c0703800
dataset/helopeltis/image_0_2566.jpg,4,helopeltis,256,256,5309,True,,a1f630a3bf22c2f1c455c8ffa4215628162c429665c7dbff032797d8e7f7d79f,00404c6071301c00
dataset/red_spot/image_0_2350.jpg,5,red_spot,256,256,5745,True,,1fae79e04de2d6c1db1a178b5714708a319794d89a8d2f8b5843d54f00c7106f,0010f0d4d0e033e8
dataset/brown_blight/image_0_609.jpg,1,brown_blight,256,256,3772,True,,298f6baafca1f869e9c6f48bf621be62e8582018dae405422d834dcbfc0ae404,000040e0703c033f
dataset/healthy/image_0_2750.jpg,3,healthy,256,256,4540,True,,b38a89a51c1d34e49955381ee1de3168e2342fbfb34c0784609d3d170ff5fb33,0000c6c0e87c0c41
dataset/algal_spot/image_0_3342.jpg,0,algal_spot,256,256,5924,True,,8a788d6476d3cec5cce1414e4b1b6d4400ecad2c465d23f61185fa2be4083319,300480d0e87c1c00
dataset/gray_blight/image_0_3092.jpg,2,gray_blight,256,256,5919,True,,75ce1ce38022e1fb6938abc96adc8dbc39744be392577ecd9f8cf1c4c7e12402,0004c180f0f00000
dataset/red_spot/image_0_2450.jpg,5,red_spot,256,256,5605,True,,ea31537a75059dbf5983c94cd52afcd570a4e90e574778e6da617eea05d6a48b,fecf397979e3c71f
dataset/helopeltis/image_0_468.jpg,4,helopeltis,256,256,5213,True,,c9da90f38dadf501955ebbcd0147d480d4b175d8e8acb3e1edfe1a39d19bd9d7,00c0c060703098cc
dataset/algal_spot/image_0_2575.jpg,0,algal_spot,256,256,5818,True,,666be634cd20eb46478af580a2a922216c24a26d4543d84513ade2ff51cb4c7a,000000c080c4e001
dataset/red_spot/20211225_225609.jpg,5,red_spot,256,256,5314,True,,ec4c831d7aa72502d4aa2b453e44e1d0c72bdf26980f228bd72fb5dfa6f31055,010371e0c4600301
dataset/healthy/20220101_095109.jpg,3,healthy,256,256,5420,True,,2bbabf7725dcd5c1758057169a80ace24b61af596ddea768722838cb0b48c5d1,000471f0c4f8f0e0
dataset/gray_blight/20211228_133918.jpg,2,gray_blight,256,256,5192,True,,82b23dff000ced062ba6b5c3fe5c9afce443308adeed06892760c36b0158e1d9,e0f7e8ecfcf8f89c
dataset/gray_blight/image_0_3929.jpg,2,gray_blight,256,256,5934,True,,0037c325ad336df79e6174ed8579542b394783a679a52907d7e8cde81bfc3fb8,ff9ff8fcf8f0fcff
dataset/helopeltis/20220101_095018.jpg,4,helopeltis,256,256,5894,True,,c78fea867f48fa83a89088d51504983d9799f9a459f85222fe52aab0f7b1a641,60e4c2d2f1f1f0da
dataset/healthy/image_0_3078.jpg,3,healthy,256,256,5346,True,,d7862c5933cf320716be6a13010b4f580d24e0576d9e067db6049fa1d0195314,00033c74f0c08000
dataset/healthy/20220101_094050.jpg,3,healthy,256,256,4692,True,,76ad0548dcfcc78529d7785815b214af202480ff021f86440778a019332975ed,000470f0ccf022e0
dataset/brown_blight/image_0_5511.jpg,1,brown_blight,256,256,4886,True,,0a9fb547a6fccfaeaabff52c3d913e81622455376f60710a059c69d3b59c8f2c,8110e3e4f0b08080
dataset/healthy/20220101_095518.jpg,3,healthy,256,256,5446,True,,ea2945dfe4dc034dfb182d613de76e594098a2a1b62bf6ffddfd97942119b4f6,128c7cf0e4f0e195
dataset/healthy/20220101_094457.jpg,3,healthy,256,256,5522,True,,29063f7c1bdaae8f3153b7a00954c9cbe5b37fd4e7da4fcd2c6508c4f37a67c0,0431f8ccfcf03272
dataset/gray_blight/image_0_976.jpg,2,gray_blight,256,256,5651,True,,52ab2ccf3b347546c68fa3d5c1be2dfdcb6ea2dbee62c56e973e93c5d5d6a317,024203b0ccec0100
dataset/algal_spot/image_0_221.jpg,0,algal_spot,256,256,7577,True,,4afc6c91fa45b046d2f926c1adbe4ab389295aa2b9ea89ae1995742fe4376137,7060fcf4b8f87000
dataset/brown_blight/image_0_7119.jpg,1,brown_blight,256,256,4452,True,,3eeba8f1dd01f14178de892f0305d45ed2fd794b2ef8d411867b7971ce963bf9,000000e0f03c0e00
dataset/gray_blight/image_0_3095.jpg,2,gray_blight,256,256,5742,True,,f6af758eb1c68acd3f3a51c8a2b89503f515df658c4487829be6ac51235c4c8b,000070f2c0e00000
dataset/helopeltis/20211205_160149.jpg,4,helopeltis,256,256,4336,True,,078c09f37bc9d348c5d919dc2855f26f482d21bc4ccf3f13861ce0af01e21f73,ffff3ff870b9ffff
dataset/algal_spot/image_0_1644.jpg,0,algal_spot,256,256,5931,True,,cac57a463835f7e364ef0e9e9147b19aa690f29f0134a92fa595c1c3949497b4,00f0f0c0fc3c878d
dataset/brown_blight/20211227_135106.jpg,1,brown_blight,256,256,5564,True,,45ad6a61772c6afba51cfc513183cdb9a256ddbf28101c0bf2ddedca0d8405db,8719f4d6e0e1c7e3
dataset/healthy/20220101_101455.jpg,3,healthy,256,256,4735,True,,9a566acb712b368f305024285a7c6ad005adf1d016b0eade998bfb89eedbb02b,0030f0cce0e080c0
dataset/helopeltis/image_0_1598.jpg,4,helopeltis,256,256,5229,True,,0d19e1a8812581588854a7c22b483dd930ca5d3ab93a177cb4e15415182c1f54,1838787870706020
dataset/healthy/20220101_100831.jpg,3,healthy,256,256,5578,True,,283e9a4e239f4917483a9c98e4500d82b507ae88771f964bd961940893b96555,609270fcc4e06080
dataset/gray_blight/20220101_115440.jpg,2,gray_blight,256,256,5327,True,,af03395fd0065f7ca554939af70f041f0d011e4acf414ecf023cc65b3a63b653,df7f67d1d8f0f8fe
dataset/algal_spot/image_0_3749.jpg,0,algal_spot,256,256,7128,True,,fb91d832425f49231c4fc9fe9f812293a90f65d8b8044c6da9c397105dfef9c1,000081c8e4781e07
dataset/helopeltis/image_0_3347.jpg,4,helopeltis,256,256,4929,True,,4be2f9ae922b40142e3fe247313486c0d6a1b11878dec069ae1c15c14aa1c8c4,00006062d0f8f031
dataset/healthy/image_0_3408.jpg,3,healthy,256,256,5957,True,,c61827cbdbed6525490aa4334fb1e23071b98f1aca94693e8c72573012b351e1,ed8f7cf4fef0f1ff
dataset/healthy/image_0_2554.jpg,3,healthy,256,256,5070,True,,4e9b7a85ca5f75bb0829d406883d9964974a37f363153047782436345552cf75,3c3e37e1c8f878ff
dataset/healthy/image_0_3386.jpg,3,healthy,256,256,5029,True,,e11a85ec4c95a040f17608f483dd964a46a182bbf8d61af6d762d38385b8db24,0006c180c0f87885
dataset/algal_spot/image_0_4178.jpg,0,algal_spot,256,256,6507,True,,f9015568f9da3474a30bda708dab8aeaa02ebe8e4eb13deb85808bce4268ecc6,00043c70f8e0c4f9
dataset/healthy/20220101_121603.jpg,3,healthy,256,256,4974,True,,51fe277036429dd93f18e204e45ffad1adea9859ed64fabb6711540eccafc84e,ff7f4fc1c8fc7cff
dataset/algal_spot/image_0_4147.jpg,0,algal_spot,256,256,6928,True,,e5b8dd3ab2f60829c38a7bc8f2de9baf20f3f832cd096b14b2c9723bf94399cc,c79c7cf4f8e1c7fd
dataset/algal_spot/20211227_135743.jpg,0,algal_spot,256,256,6183,True,,e815d36070b62413a19e398bf34355482cb83b53bfd1ce09cfd8ef0ea7fc9889,070770e8ccf0638f
dataset/gray_blight/image_0_962.jpg,2,gray_blight,256,256,4859,True,,327dab275d742f3bab7d8a61579a41c2235cd97543f3b33e8539e13743a608ac,0603387ce0f036f6
dataset/brown_blight/20211225_232840.jpg,1,brown_blight,256,256,5036,True,,faec2d71c65b1b8e513be82fe7dd40198835c7732f9523ad71e3fde88b984a4e,030101e0c4440101
dataset/gray_blight/image_0_955.jpg,2,gray_blight,256,256,5302,True,,e04d0fd166861423c31b03c67fe4a684c1d023cef3dd1b53f33d93dce9555ca9,00e0c0d8f438071f
dataset/helopeltis/image_0_4118.jpg,4,helopeltis,256,256,4711,True,,1081c31deb0890ffa083a461bcb3d1f2e7813df1540409ac4bd11c50be5ffde3,fdf9f9f1f1f3e7ff
dataset/brown_blight/image_0_225.jpg,1,brown_blight,256,256,6873,True,,5efc7ab3ce42e0747bcdf3e663b3c09d713e40f777c1ae2594e550bfcc6a881c,ffffe3f0e47bbfff
dataset/gray_blight/image_0_1532.jpg,2,gray_blight,256,256,5923,True,,27d01310e9b6f5dcd333c23d6b8f8cc695e64400a54c14735839c9c9a56b494a,759d83f1e0fcfcff
dataset/red_spot/image_0_3071.jpg,5,red_spot,256,256,5298,True,,f174d2955b14922c82ab76093eac8a6a9b06d9c4805a5ca7960b137aa89e6f7b,018080e0c8703c0c
dataset/brown_blight/image_0_8071.jpg,1,brown_blight,256,256,6583,True,,87fa1ba3c8807babc4ce6890563f6754cde7ffb416658b96c3141b5144820d5b,0301e1f0e0300303
dataset/helopeltis/image_0_981.jpg,4,helopeltis,256,256,3675,True,,acc381beb7a144252588b2485838972c65ec3df7cc452bcad5e01e19118e7f38,00021979f9700000
dataset/helopeltis/image_0_1269.jpg,4,helopeltis,256,256,5072,True,,fc2feb7888f6ae217edb5ea375ab90c65cf9c86dc2be4889e19ccebd5ec0ae4c,7dfdfff8f0f0f307
dataset/algal_spot/20211227_151620.jpg,0,algal_spot,256,256,5291,True,,f5c8040297c256fce89efa00024511a798b6029313953ee29a14f8c57a29bac2,f7efb3f0cce0f3ff
dataset/gray_blight/image_0_2982.jpg,2,gray_blight,256,256,5998,True,,7b443e3fc950dc257587bf292de1966e79a35a1567db681e46ed593cb25385f9,30c8c0d0f9703c0c
dataset/brown_blight/image_0_7362.jpg,1,brown_blight,256,256,5491,True,,a9883e0ba3afb37fddb4a955551173588561dbfbbabd7dfd5ff5fc3852a02ced,3f7f37e1c1139f7f
dataset/gray_blight/image_0_3956.jpg,2,gray_blight,256,256,5314,True,,030a8e73f83b00094f6d346e694ab375b42ade89e6dd343a099315da008b604e,070f13f0c0703802
dataset/brown_blight/image_0_6917.jpg,1,brown_blight,256,256,5633,True,,466b534d50eb342e4fc1e3413895bab719b541055df47293f0ed6a4333a3c476,0f0f33f8dcdd7f7f
dataset/algal_spot/image_0_1542.jpg,0,algal_spot,256,256,4711,True,,bda01421d86a85c883f1cfc2d7eddb4e9c468e73db254f781e16a8b2b85a566e,00c0c0c0783c0000
dataset/red_spot/image_0_2242.jpg,5,red_spot,256,256,4979,True,,94fc26dfa4572466b392db083ef3c773bcdc350fc12dfbff20fe822377bf0456,000c3c7e6ef4f91f
dataset/brown_blight/image_0_4142.jpg,1,brown_blight,256,256,5117,True,,a296c24f90b64b92764e352d9e6235ac7c3c5207f4d059bea50a963961369c9a,01001070e0310303
dataset/healthy/image_0_2968.jpg,3,healthy,256,256,4639,True,,8fa4092c72051517254aa739e7e4c5bea8a61873e54aa4330bd439c58bbe9793,a0f0f0f0f0b09080
dataset/helopeltis/image_0_1611.jpg,4,helopeltis,256,256,6090,True,,f580f5c335a413be0a80ce65d945914988feb3f115e7c8bd90ebf2499696b63f,ef6ed3d0f4fcf8fd
dataset/healthy/20220101_104154.jpg,3,healthy,256,256,4190,True,,db9a55e7b3fb10a991fe5c6293520fa15aacf4507d22ed2fe49ecc328f1fb34a,c0c0b8f8e0600e00
dataset/algal_spot/20211227_104417.jpg,0,algal_spot,256,256,4138,True,,93615a812394bfc16aed529c15e309f15c871b1acbdb76de61e236853a7aeffd,74be1f70ecf07fff
dataset/helopeltis/20220101_105753.jpg,4,helopeltis,256,256,4451,True,,9d00c18acb14688d12b268f189ff2639968cd3557ead165e656f00973ac66b93,fdffe7e1f0fcecfd
dataset/algal_spot/image_0_522.jpg,0,algal_spot,256,256,4699,True,,f70746e1a29716a6bb9391e3e6e50a573d668622379fcfc695d40a841e1ded92,000043c4f070041c
dataset/brown_blight/image_0_8697.jpg,1,brown_blight,256,256,5485,True,,8987bdbda6385329e2747b7d6c40798efca51781c2b70bebc1146b35d166d7b0,318883c0fc3c0080
dataset/healthy/image_0_2186.jpg,3,healthy,256,256,5118,True,,3ef0af8c75a125c50e4d62840f81e37f4aa0ae39d6dd0d723fec110298de73e4,00c0c0c1f0bc81c0
dataset/gray_blight/image_0_2722.jpg,2,gray_blight,256,256,4736,True,,94a7572ce66d53aa54c487efb2bb6bd30eab291043bb56074dcc06de698d003f,00011c7871616303
dataset/healthy/image_0_690.jpg,3,healthy,256,256,5089,True,,c68478dad6c047a0c56fd4a83338ef16db4e487c43d3a2ce1482ef1fed41afb4,38cdc1d0fc7ccdee
dataset/helopeltis/20220101_121129.jpg,4,helopeltis,256,256,5938,True,,c4927acb8df967b229a23b7ae0de5d3bde9e5bb5312083c4d734295b1dac3cb6,7fe778fcf0f1f7ff
dataset/red_spot/20211227_162141.jpg,5,red_spot,256,256,5635,True,,f393cab5eb86e69de1e1fc857e1927b297cd56eecd137e6b6c5070b09ba8d3ef,ce33f8dcfcf0f3fe
dataset/brown_blight/image_0_4430.jpg,1,brown_blight,256,256,5687,True,,33a652c2812ff019841676fc900e40039407bb51f8a2c4f86749fbe76fda3a1a,7f3fc3c0f4fafcfd
dataset/gray_blight/20211227_164852.jpg,2,gray_blight,256,256,4655,True,,8be58631248de9e855cfc7bf604fe98c7dc8c5618cbd2e5b30b23ac6ac701bb6,391f61e0f4e067ff
dataset/gray_blight/20211228_141729.jpg,2,gray_blight,256,256,5665,True,,cfa097c11813a3b8225a803fba62df41f803546a5bf20395534e586c19b35b23,101670e0b8f0710f
dataset/algal_spot/image_0_4301.jpg,0,algal_spot,256,256,4880,True,,ab162847574e1988606b914e498cf6941c382fc26ecbaae9291077045d28d318,800038f8c0c00000
dataset/healthy/20220101_121201.jpg,3,healthy,256,256,4510,True,,ba7d55591abd2e5fa428955662084fa423c328feb2f6c6333c48906e9698f8b1,fdde63e0ccf0e3ff
dataset/algal_spot/20211227_132713.jpg,0,algal_spot,256,256,6637,True,,5fb74ceea79bfc63c47da1b59400e7e42a108b22463cf7ea15f33af6fd9f4120,0f33f0c4ccf89bce
dataset/gray_blight/image_0_2748.jpg,2,gray_blight,256,256,5415,True,,fa4f77db02062c26c7dcf6631f27ece31daffebf6d34779683618387899b5356,0000387cf2f0e000
dataset/helopeltis/image_0_3615.jpg,4,helopeltis,256,256,7542,True,,2106808314661525ae6e561a9d98bb88030e5780c6ecf8834e031bccbb360750,39f1d0d4dcf8fefe
dataset/algal_spot/20211227_125858.jpg,0,algal_spot,256,256,4206,True,,36eb6ff8056cb5bb0adb8fdfb3499ed3b51189c386092e211dffc5ed3ae80ecf,ffff2bf8f0e1bfff
dataset/algal_spot/image_0_3383.jpg,0,algal_spot,256,256,5350,True,,0c3e5124521864f04c5f50585e8857b242505b6123ff391d4d1c78fc9aa0262f,c70ff8fcf8e0eefc
dataset/helopeltis/image_0_761.jpg,4,helopeltis,256,256,5685,True,,a5ee097c3cfa9168c59c61e1dd1280107c89addbf5e19565ab3744b7dcca58b6,0000a0c0ccec3c00
dataset/healthy/image_0_149.jpg,3,healthy,256,256,5116,True,,6fd1ecc47ee333a722182345c2d28ce74ac647741dbbc811aea0b3b4d8afdeb5,8081fcfcf8c00000
dataset/red_spot/image_0_377.jpg,5,red_spot,256,256,5428,True,,8cdffe0707263c19eedd68358429e4cdbd6e62449b91e9323f908c1cdf776c23,030c3870f0e0e0a0
dataset/healthy/image_0_785.jpg,3,healthy,256,256,4611,True,,885c6f8f4fe9e732de5835c72d02596c7e8410d23249f438308562c8de98d309,00000cfcdcf01000
dataset/brown_blight/20211225_234000.jpg,1,brown_blight,256,256,4845,True,,0331fc81f3939801c978bbdafeac8b0ad40bcc6f21876cf97bf778b2dac55179,030131f0c8610703
dataset/helopeltis/20220101_101848.jpg,4,helopeltis,256,256,4264,True,,794676fdde27694e28b3920ad14c4c557e2d3433b6dcd7e9a8b5d15db58435f8,c0c2387060e04400
dataset/red_spot/image_0_2705.jpg,5,red_spot,256,256,6451,True,,3cede24d8eaed9c00b427d05e928c58d2723c0afce1e8eebd909f392f101b64d,3f3f78fcd0c1c73f
dataset/gray_blight/image_0_3320.jpg,2,gray_blight,256,256,5442,True,,4cc50f7392eaf68499dfe49c0c10033b85d4ddb254e7cef8537515567ae5a695,ef27be70e0c1c33e
dataset/healthy/20220101_104447.jpg,3,healthy,256,256,5197,True,,07d23f8cb34c5909b979f174f0178ea78c82ca47eafc9453b3c368b8427cea51,0fb1f8fcf6f0f9ff
dataset/healthy/image_0_2602.jpg,3,healthy,256,256,4654,True,,a5640fcaefcd903e0059568305d0639982ae3ef7972f29d27e614229508ce38f,0000c0c0e8783800
dataset/red_spot/image_0_57.jpg,5,red_spot,256,256,5242,True,,69b7c8590f41d4d971c9e4065872a309ef8a779eb945894ed7031d6e3a8e64db,0000f0e0c8e032e0
dataset/helopeltis/20220101_122322.jpg,4,helopeltis,256,256,4964,True,,1622f36e450bfd14b340928b33b5dc8e55b20b86a58ebc0d9ef99eb411ca56c4,ffff7ff1c8fc7eff
dataset/healthy/image_0_848.jpg,3,healthy,256,256,5362,True,,3cc239ab17887b9c8acd0e9e143a1c784bf040b6f3ebd98837f7d6d3b145ef0b,000ce1d0ccf67801
dataset/algal_spot/20211227_132928.jpg,0,algal_spot,256,256,6815,True,,acf96afab67ba1f5971147314475e802bfdaafa15fdeb269a358449ae0e855e7,1fe1e4b6fce08fff
dataset/red_spot/image_0_2098.jpg,5,red_spot,256,256,5049,True,,2478acb0af2eaacf787756e60b388e13037cb5256a487c82a236980f020a38b9,7ffffebcf8e1c73c
dataset/red_spot/image_0_1072.jpg,5,red_spot,256,256,5634,True,,5c9ebc3e0dd1233b44437bb88ace8dfa6e62f90243f54b6a5e89f0bbed18944e,1f1f37f1e8781f7f
dataset/helopeltis/image_0_4244.jpg,4,helopeltis,256,256,5283,True,,7716b4765773fe2567ca263ef1c267195a6a10166543cc98236b0cd909e095aa,0000c0cce0e23a00
dataset/red_spot/image_0_381.jpg,5,red_spot,256,256,5870,True,,b0faba080d4a8e82ee10f37d543c78b9550636a0887a02e7c9032542e1546d22,010370e0c4e00300
dataset/brown_blight/image_0_4955.jpg,1,brown_blight,256,256,5192,True,,9c42660ac6e34b6079e379fabace327d7ee0fe462de55c2816dc66bdeaa93e6f,ff4f3ef0c0c1cf3f
dataset/healthy/image_0_2443.jpg,3,healthy,256,256,4814,True,,076da7f715ecd1596880e471e80711c4a6981fc53f3e97b52026486ee7d6e631,0000e0e0e0781800
dataset/gray_blight/image_0_3741.jpg,2,gray_blight,256,256,5454,True,,9ef794671dc87c6f319a6631734fb7db257f144c5760fe4c567bd54bea8c4e2d,008080c0e9783c2c
dataset/red_spot/image_0_527.jpg,5,red_spot,256,256,5558,True,,b90cf451e15fd3e6d677da8a977e35c283393d54cbb64f17de502125108e8ae8,1f9b7af0e8c1e2f8
dataset/red_spot/image_0_2767.jpg,5,red_spot,256,256,5686,True,,40a51f93f9505a2e3fef9fdfb7174a047ef562e407c84a3c0bc65d5b7a81551f,24e2f1f864701804
dataset/gray_blight/image_0_183.jpg,2,gray_blight,256,256,5610,True,,0c3b8f9111a7e6df8942ebc8e7f9bc40bb1443f79f65ef82c2e1652b01c65e72,001c387cf8c0c000
dataset/helopeltis/20220101_105108.jpg,4,helopeltis,256,256,5066,True,,7fd2696d0afe688ae75ca92846ab62fe80c566a1bc12a918c44b7e4139323772,43c2c3c8fcf8fbff
dataset/helopeltis/image_0_3687.jpg,4,helopeltis,256,256,5676,True,,741ffd66827454128d701332f03e59fc8f3ce0a94df640ff9bd96f73d346860a,000020e0e8ecf000
dataset/algal_spot/20211227_102236.jpg,0,algal_spot,256,256,4481,True,,5ffb8c0c414c235b58958615bc722e869a4b4160c9ab3cabd30f9ab2542e71dc,be8e70f0f839ffff
dataset/algal_spot/20211227_154447.jpg,0,algal_spot,256,256,5084,True,,92d385649b5533338d7e46f327ad67763c5c896b8845124ec4541fc4d016e7fb,8778f8d0f8f8eae0
dataset/red_spot/image_0_1398.jpg,5,red_spot,256,256,5762,True,,d858d98348529d86eddcc6b40174db51d640f2cfacd116b74d025c13aad8fc86,0060e0c0e4781800
dataset/healthy/image_0_919.jpg,3,healthy,256,256,5397,True,,2144945100bd4642f7b518d461bc8c716486c7f8f5a218354ab60c83f4f5f22f,034abc74e8c0c468
dataset/gray_blight/20220101_112715.jpg,2,gray_blight,256,256,5970,True,,554a0455b1e76dc158447a81c9b4e9f17c168f40689bd9ac0c7144c95a33b3ff,e0c1f8e0ccf03188
dataset/brown_blight/image_0_8162.jpg,1,brown_blight,256,256,5074,True,,b81d855fc09e7e6b4b693bf15eec91c4a3a9f5181889f7cc7ed2292e5b1d6f7e,dcf0b2f0e9e8f0f0
dataset/algal_spot/20211227_154625.jpg,0,algal_spot,256,256,5667,True,,01a1bd94ba3c8a5e9ad90b712db33b47b03aaf2e1d5e3802fc3003d89c35baba,0ff0e0b4e0e3fcfd
dataset/gray_blight/image_0_2369.jpg,2,gray_blight,256,256,5752,True,,e4c5e9179c897acba384cb2b6e5ebd570e93c9f9f5028f6bd2ecdbe868a6a0dd,3fc7c1e074bcdeff
dataset/algal_spot/image_0_762.jpg,0,algal_spot,256,256,4928,True,,1d26cea3e45dc72016d44c0420a9a61e431d7c4d8c9c25ffcbea7ecfb6035e7d,0000c0c0783e000c
dataset/gray_blight/20211228_154715.jpg,2,gray_blight,256,256,5867,True,,0d05bbd920692303905da57727bee3470ff84b3397e8ab22ae67943785f886db,3fe0ccecf07fff7f
dataset/brown_blight/image_0_3727.jpg,1,brown_blight,256,256,5302,True,,3d799b8e1a4b9c044cfb6ea06d5ffc3089c5c6cfa4241b8e46f161fa05263d29,0008456331190c02
dataset/healthy/image_0_1079.jpg,3,healthy,256,256,6050,True,,484da80873422c734bac8e67cb4eb967c9c8a11a6982ca5a0580dc01ed547f6b,0080e0f8f8fc7c3e
dataset/healthy/image_0_1494.jpg,3,healthy,256,256,4694,True,,0df40d61bd089b8e3dd523e4cda678d73ee8779bff7e4d29f3d4b48ae4b46ac4,f9e39878e0e04e7c
dataset/brown_blight/image_0_113.jpg,1,brown_blight,256,256,5070,True,,44e7c3673abf31fa83b9d54d1ac31ff76d04cde06f4aed917f1b9aa4da7194f7,00021c3868e0e2e4
dataset/healthy/20220101_105055.jpg,3,healthy,256,256,4974,True,,739b2149d47075f7ae9037910d19c4886f74fa6be30d6b6699a83b2416e6204f,ffffe3e0fcfcffff
dataset/gray_blight/image_0_380.jpg,2,gray_blight,256,256,7209,True,,64840e4996389a85fcfbf1d6f28f87cd9924a9eec5ef5d3c3fcd543ef284794d,03e0e8c2c6e02100
dataset/healthy/20220101_103855.jpg,3,healthy,256,256,4704,True,,ec528489551bde9bc61ab9f0822c542e1aab192cf39bd778efd2489cbe4cebbf,048671f0e0f898c0
dataset/healthy/20220101_090457.jpg,3,healthy,256,256,5046,True,,1702e6862619bac1385f30bc2cec208e9af81353d9ce71e892e206b64f5bf7e7,ef3ff0ece8f1bfff
dataset/gray_blight/image_0_2679.jpg,2,gray_blight,256,256,6420,True,,3f6e3ebb525034611c106b2102daeaf606ac51fe667c1ffe60baea80c4c9f447,6966e3e9ecf0f8ef
dataset/red_spot/image_0_3095.jpg,5,red_spot,256,256,5835,True,,85fe2dad23ebdbe66788e728a6c0fc65538b1af46cb80e90eac18cf0cf8dc40e,0b4eb1f0ec7838c2
dataset/gray_blight/20220101_114819.jpg,2,gray_blight,256,256,6562,True,,f0e0b13fffae7b01a15901ad161c50c3cf307c4e12199363affba5fb6245befb,bf9f70e4c4e4f0ff
dataset/brown_blight/image_0_6859.jpg,1,brown_blight,256,256,6336,True,,542d96f7dc3edeeefb083c265eaed764c87be213833822678c135aa1703a1c75,00a0d0d1f03c0200
dataset/helopeltis/image_0_3002.jpg,4,helopeltis,256,256,5485,True,,b4de419e3fff17410a182fd5ae05c4377720c17986a8d70e9b0ce321aae534b9,000070e8d2c20c00
dataset/gray_blight/image_0_3158.jpg,2,gray_blight,256,256,5344,True,,32f0db2a46a3d785748319a039b2e46b80653d1d6b6ddfd85e9b595469b38c6e,f3b2f0e8f4f8b907
dataset/red_spot/image_0_774.jpg,5,red_spot,256,256,5146,True,,793f4e0e238703e1961d70522b89420d8078f5520636889785383a8c0d25b83e,8080b8f8e8c0c000
dataset/helopeltis/image_0_1476.jpg,4,helopeltis,256,256,4596,True,,83c3b19cf94e7d0bd2712be8d16efedc368728e3fc2c3f33c742128f1d5758b1,000070f0e0700000
dataset/brown_blight/20211228_153745.jpg,1,brown_blight,256,256,4688,True,,73a1e563f868603e4b3ad3dcd48eb9ee0332df50daf1ac2492810ad4087484e0,fa9ee3e0ec669d2f
dataset/gray_blight/image_0_3104.jpg,2,gray_blight,256,256,5042,True,,8fa3b584ce3e9acc63739c8e3b200c67e792a9eaf7feecb0b85aa8fa8c26b248,0000e0c0c4f00000
dataset/algal_spot/image_0_679.jpg,0,algal_spot,256,256,5547,True,,ea10a4d4a0ab262c45a36802a1c96d8d1c0594ea72a7e74dfc9c1410f7841f46,1e62e0cce0f89804
dataset/healthy/20220101_093220.jpg,3,healthy,256,256,5279,True,,be9129f5c58161c61dbebb34624a92ddb0c6bfc923529bfeb730d850586afe3c,e0f0f0d8fc780120
dataset/red_spot/20220101_104105.jpg,5,red_spot,256,256,5465,True,,744a86efdfdf1fac319f065934493ae4b2d1c25481fd41347c92c634663f086d,e460f2f0f0f07232
dataset/algal_spot/20211226_103212.jpg,0,algal_spot,256,256,6323,True,,75d5ccd4e175d5fe3c710d36bf2b7877e301dd2d2ceedec5797a5725c5d7a4ad,4001f8fedef83903
dataset/red_spot/20211227_161157.jpg,5,red_spot,256,256,4999,True,,196cba78b98bdeafaa54732f34019592cc36b97e2be13e92185cd535f28eb47f,1f39f0c6fc788ffd
dataset/gray_blight/image_0_454.jpg,2,gray_blight,256,256,5629,True,,56898d334d39c40c9c04dbbe13dd339be43adcfc681b074de720b7c1789b1b98,0000e0c0e2f03800
dataset/brown_blight/image_0_2904.jpg,1,brown_blight,256,256,5399,True,,e7b0a033f8d4f57f64efd71e8b86a270f759ba6cd6ba7ce6d53368b3840fafc5,00000474e8c10000
dataset/algal_spot/image_0_81.jpg,0,algal_spot,256,256,4737,True,,e619b97e2c2152f2c13407e028df1c0514a714cf47027b32872198eaaf5cf090,2d013e7ee0e10601
dataset/red_spot/image_0_679.jpg,5,red_spot,256,256,5592,True,,d203f39a5494cd40189912a1508a55fed8aae69049642f9ddc15adefb31169e2,08c2c1d86c301801
dataset/healthy/image_0_164.jpg,3,healthy,256,256,6278,True,,f1e69d20ffd73217bd68b6297e2c64bba7b18694cef507414e75d3003d7cc7dc,397979f9d1d0e2c4
dataset/healthy/20220101_105232.jpg,3,healthy,256,256,5005,True,,66a5e5428ca250c8bc8bb276974c274b6559001144d7450d1df1f2a0c9d0a6af,81c072f0f8e8f49f
dataset/red_spot/20211225_231033.jpg,5,red_spot,256,256,5400,True,,ec14e5facb35cbcc4bcc9ce4890e56fd475a505bcee77721dde04fceebcd9190,010371e0c0610301
dataset/healthy/image_0_3721.jpg,3,healthy,256,256,5509,True,,0eb71b8c98a6b834823f36f3db39007004f2f1daf9639328fe68b663e23bbbf8,7b6ec2f0ecfcf8ef
dataset/gray_blight/image_0_179.jpg,2,gray_blight,256,256,5667,True,,a4bc4cb036c50a2278f1943504839e019c2108a03137932305f90669579a4ba4,000002c0f0f43c01
dataset/helopeltis/image_0_774.jpg,4,helopeltis,256,256,5902,True,,4398c59d2808e563c43ff7e7049cd22100333d14db57d9126c47657395057216,c0c0e0c0e0781c00
dataset/helopeltis/20220101_100137.jpg,4,helopeltis,256,256,4728,True,,4f017cb0e622642ce3caed5a75f72290c225ea160dd7f94266dbaa433e89dfef,aa9c6ce478711f7f
dataset/brown_blight/image_0_3900.jpg,1,brown_blight,256,192,3499,True,,a0aa22bf212923105e0fadb3f9f2a07f8df952301292614bf26b1e24794e87a7,0000003068700000
dataset/algal_spot/image_0_2641.jpg,0,algal_spot,256,256,6080,True,,42851346be93b5ea274ec5e38fd32a0bbf247a7a9f48405a01ea19c81c8718ed,01cbc3f1e13c0c02
dataset/healthy/image_0_1112.jpg,3,healthy,256,256,5374,True,,4984d2492828df839fb49d300eda14bf19442ad44d342fab609ee0d8c5e7342f,e798f8f8d0c1e7fe
dataset/helopeltis/image_0_1052.jpg,4,helopeltis,256,256,4210,True,,062b09b4bef54806209e51fd677357a156ce2be2c6a4db67d6d943a786d7ff03,00000070e0c08080
dataset/brown_blight/image_0_5602.jpg,1,brown_blight,256,256,4513,True,,bf323afa3e7365e31da92e8ba0c066de6dae9e51a326e52df3372ff04b1279c7,0000c2e0783c0300
dataset/gray_blight/image_0_571.jpg,2,gray_blight,256,256,4533,True,,af664a26b2747a5280e57521b2eaa25c7ab55369443773407e1f74469be913cc,3f798cc2e178bce2
dataset/healthy/image_0_2375.jpg,3,healthy,256,256,5420,True,,f349d6501e2e4b813224213f0c539214dd147b809061c268891586d5b73e85b2,000c02b1d8fc3c01
dataset/algal_spot/20211227_101206.jpg,0,algal_spot,256,256,5622,True,,b8ffc1f898cdb508df6efd6debd4cc4b878113b2f2003768dcc21c9611b9891a,5f1f71f8dcf033df
dataset/brown_blight/20211205_153800.jpg,1,brown_blight,256,192,3386,True,,cf290baefb5e84e9cacd20b7452662e462a16b6600d155892b7a251625b50162,0707073130310707
dataset/gray_blight/image_0_3250.jpg,2,gray_blight,256,256,5576,True,,44876f63a8adb1447906ca170cd26581b20b035db65c7b3116a26e45d16ec571,04193979f0c2c4c0
dataset/gray_blight/20220101_121019.jpg,2,gray_blight,256,256,4471,True,,2e2fa7774b74ebe6bba8da519e1b40bbe6ed5fd57e0606d256087a3dae6520ce,7bdf73f0ccf0ffff
dataset/algal_spot/image_0_267.jpg,0,algal_spot,256,256,7678,True,,a957c09095bf65cce6538524f6a3ac890fb94d97794518c44647af2a53363dc6,661e7cf2ec99e3e7
dataset/healthy/20220101_093548.jpg,3,healthy,256,256,4875,True,,6bc2e7de16f1a407a3c9978724a372716872f74993ab730d0068c1192ed576bc,fdff71f0f8f13f7f
dataset/gray_blight/image_0_1167.jpg,2,gray_blight,256,256,6437,True,,8f85d36d7faa893aa95055308093908b85565b76c7bbd1fa6a0581516635a9d3,020d3c7ce0f02301
dataset/algal_spot/image_0_2126.jpg,0,algal_spot,256,256,5331,True,,d99bcf31f30c53ba869258954e179def32fd54b3d57898f7296c77f70dfcb124,e41978e0c8e16000
dataset/algal_spot/image_0_664.jpg,0,algal_spot,256,256,4979,True,,79e05fc25c22eb7438dc4a70340c015778007722bf5915294060420288bee246,008482c1e03c0c03
dataset/healthy/image_0_2814.jpg,3,healthy,256,256,4733,True,,d0a86fa774132ab1f6e1ea84c97be003ba01ecd9e645de184c169d8d4131d644,0040c0d0c0700800
dataset/healthy/image_0_931.jpg,3,healthy,256,256,4709,True,,f5327a5066b7f38177a4c46752bbea74cf0764f9b89ce2815be3403304c0f137,0000c0c0f83c0400
dataset/brown_blight/image_0_6056.jpg,1,brown_blight,256,256,4736,True,,04ffdfeeec76b766e566175d81d694a57ea3cede4e2fdbf7196499d61b013d1a,c1170f6139190b7e
dataset/healthy/20220101_094009.jpg,3,healthy,256,256,4726,True,,081c128f01eedef728c9550337185b4ba827a51b5f559715263407dcea8aa272,206462726270b2f0
dataset/red_spot/20211228_115741.jpg,5,red_spot,256,256,4170,True,,cc00252eafafcab55b18dfd00b58b966ab7c7883a14784bdf1f8a0ac10745037,ffffb9f8f8f8f0e0
dataset/helopeltis/image_0_3146.jpg,4,helopeltis,256,256,5014,True,,91cf54864ea725845b97d7d062ee691039282c9a2c458c15825ce240fc334127,1f1f3f6761793c0f
dataset/algal_spot/image_0_3670.jpg,0,algal_spot,256,256,6204,True,,c7f47f2caba870b83afd6358bb9e7cd58814c595fad20bc41f47c96b0ca98b7f,4f36f1d8e071338f
dataset/algal_spot/20211227_101632.jpg,0,algal_spot,256,256,4724,True,,44b078b1a493b15cae733aceb2c257034a0bf26aa0dbd2af8bc21ca5f51cef4d,ff8f78f8fc79dfff
dataset/brown_blight/image_0_4435.jpg,1,brown_blight,256,256,6574,True,,4e7a521161e769382e7f24396c81c4bbe1473ef79438427ac79fdf9a0246e9cc,0f031ffefce0830f
dataset/brown_blight/image_0_1464.jpg,1,brown_blight,256,256,5737,True,,ac8a5728ab554fff2406b03ce1d3c5702c65476ba764f2c9265f58dc243b3450,010771f0c8e00701
dataset/gray_blight/image_0_1361.jpg,2,gray_blight,256,256,5190,True,,7294f825d1888de7195a78d92472160e88c1f3142e88ecc5e1750340c6016d4a,0006e9c8e0780104
dataset/algal_spot/image_0_2499.jpg,0,algal_spot,256,256,5891,True,,40653d8d09c2c1b3f1ba4a904df32f6acba82ae31255d47621f70be35cdb0416,008680c0e4783c6d
dataset/brown_blight/image_0_8833.jpg,1,brown_blight,256,256,4978,True,,bb3033ef248ab3940f55444314e9caf99408ba9c0f8d4db0b7f730aedc051419,10c8c4c270380c02
dataset/red_spot/image_0_1802.jpg,5,red_spot,256,256,5397,True,,e88e3aadc9ac3f68c4e2786878aa1a6fc711ea0fb8a1e4da21f4a2f99a1668a8,09e7e1e874bcfcfc
dataset/red_spot/image_0_1892.jpg,5,red_spot,256,256,5912,True,,72e0d69a9feb6227ae103c34bfc38a50886b39f7f872e74daa43369ba32737ce,8261e0b4ecf8b886
dataset/helopeltis/image_0_4312.jpg,4,helopeltis,256,256,5443,True,,afd8c4021f06ea189dc3654ac80b7e0a45a58df62c3752c71d014fbc497f9382,00000998d8e1e208
dataset/gray_blight/image_0_1188.jpg,2,gray_blight,256,256,6307,True,,fae93965c2479c66ab2acd1aaa1f71851945d25e10e5adb5aa86daf9982c76f6,000070f0b2f8d000
dataset/healthy/image_0_2699.jpg,3,healthy,256,256,4873,True,,099c5a70a9ee74b45bd49301420d98f6d8e638017f582426de44e03a85838499,fcfee0c0f0780f3f
dataset/healthy/image_0_2702.jpg,3,healthy,256,256,5099,True,,757cdfa45169d20815d17a4834612a8fffda8d1478fed52757d53d2d7e5b7c75,39a79c7c68f1c3ee
dataset/healthy/image_0_3472.jpg,3,healthy,256,256,5723,True,,129ed4df939d3a3bfc147b394e7ebb2ab924df143ad672e1ceba6d963a7007d5,9f71e0ccc070b0c1
dataset/healthy/image_0_1631.jpg,3,healthy,256,256,4416,True,,c5a6ea36bae05bb854737f168f397a87e7f7a984b6a3f93571d7703a08e7ef8a,dfedb971e3c7b0e0
dataset/helopeltis/image_0_1945.jpg,4,helopeltis,256,256,5865,True,,ca8587fc6c0f41e3b7f0360edc9040c1029129ca94032cbf52ff777cd30361f7,e5dcbc60e8e1e33f
dataset/red_spot/20220101_121657.jpg,5,red_spot,256,256,5488,True,,132189ae8bb7a4c6ba1f157cd518918dec72f8a497106d0efb0a820686f237db,bfbf3ff0e0fcf8ff
dataset/helopeltis/image_0_4170.jpg,4,helopeltis,256,256,4792,True,,cede6ae646f602ffc94662ac39fa250b64669e6c85ea165e5f6c78cb04fc27af,e0c9c0e2e1f9310f
dataset/helopeltis/image_0_979.jpg,4,helopeltis,256,256,4789,True,,7cb1a878c9a755d4b810b2284ff07722827689fde17fbbdb25874652399f1f06,000639f8f8f0ccc0
dataset/red_spot/image_0_2833.jpg,5,red_spot,256,256,5603,True,,78fd6fe1c730cf78a4e87d344117721eca178fbe99a7925f00e938c84714e4f0,7bfcfcf4ecf9e3e6
dataset/healthy/image_0_1626.jpg,3,healthy,256,256,5473,True,,78ac513697dd2b9325e49f0895e27952a7decf7d2cd7d676096f5066e5fe4764,00e0e0f0e0703800
dataset/red_spot/image_0_1169.jpg,5,red_spot,256,256,5215,True,,c1e010d7410553fec66389e1ab736d4907e133223b5a16ee008b06af2ea5bbf9,7feffcfce0c1c107
dataset/helopeltis/20220101_095351.jpg,4,helopeltis,256,256,5227,True,,a569e536083e0363db803dbee97d9953b990d853935896a85e9b2bd71cfd0d03,420278d8d8e1c600
dataset/red_spot/image_0_1212.jpg,5,red_spot,256,256,5305,True,,bf3ee15e753d0bfb850a500a1c079f8a91563143d21728c477e8f5b4662e2378,2bcdb8f0c2e0f019
dataset/helopeltis/20211205_160818.jpg,4,helopeltis,256,256,4774,True,,daa52b2dbd5cfa33795c94b63d5aa165364640e0a4a05691d090fe42e1b47cfa,ffbf1f70e0e097ff
dataset/algal_spot/image_0_3350.jpg,0,algal_spot,256,256,6272,True,,19662139cc09b436d68df5aed64a5ad82d759b7157bde0715d28ec609b7a4118,00e0d0e8703c0c00
dataset/gray_blight/20211228_142256.jpg,2,gray_blight,256,256,5210,True,,81fe92a014ebf280ccc745bd21e43888cab6c0552c7b97e57269db64931605e7,70d4e9e898b85b1c
dataset/gray_blight/20211225_234032.jpg,2,gray_blight,256,256,5624,True,,9c071741db483e4ebb4b72667137b3a0c6c9a87f155705177d267c7971d6d885,030331f0f0300301
dataset/algal_spot/image_0_501.jpg,0,algal_spot,256,256,6753,True,,e5fb31da7a8229b08aadb586f1907f9749f7be4ee9d2c819678f57bb1d3dc853,1471e8ccc4703104
dataset/brown_blight/image_0_5353.jpg,1,brown_blight,256,256,5410,True,,8711fcd73a0ad85c58211ddf0db6d2712ee979e0a3f00f11abd30a2c98e7f772,000078e8c0e0e080
dataset/algal_spot/image_0_3851.jpg,0,algal_spot,256,256,5823,True,,16a6ce5a3b29d25d07077d530a37215436967097371d4aed28a9c83e5afb5223,000130f0e0783906
dataset/healthy/image_0_2658.jpg,3,healthy,256,256,4525,True,,e7c82bfa2ed8097e160df8d2bfee23bd4aee85807da672819c4fb2cfaa3aa730,00083c7cf8c0c000
dataset/gray_blight/image_0_3779.jpg,2,gray_blight,256,256,5353,True,,b52c7eeb4038ffc08a581047106470c0b9c510054b219c2ffb879fb019898647,d9bc7cf8f0639fff
dataset/healthy/image_0_1886.jpg,3,healthy,256,256,4797,True,,4de06b1bab9c16630484b5618d7c8611423b3d3695c84f5704bc746ba454d7ac,000018f8e4e06202
dataset/healthy/20220101_092752.jpg,3,healthy,256,256,6030,True,,e55b8245c2c311f3d3ae1e97401ecb68f8abbbdb4d59188c07167af8ee48a4db,b37363e3c3e273b3
dataset/helopeltis/20220101_102524.jpg,4,helopeltis,256,256,5614,True,,921676b39e7fb943f576ed77a4d669100762a27bf3c7b06a2c477ea01cf5220d,0002f0f0ccf87914
dataset/brown_blight/20211226_000617.jpg,1,brown_blight,256,256,5715,True,,93883f79e5f48ecba3d7d5e5dd9a8362f821b660334deac866ab196ab8b48708,010230e1c07c0001
dataset/brown_blight/image_0_7310.jpg,1,brown_blight,256,256,5710,True,,f6c14849ac9416e537ec26e11f8adc549ff29b3ea77232667ebf1135438a8984,0c071c7063c7db21
dataset/algal_spot/20211227_133349.jpg,0,algal_spot,256,256,6692,True,,ac5ffe71c40b8c38b5552a82afe0573d216cc894a5a537e75bc377d4050d8a4f,0131f0e4f8f01f0f
dataset/helopeltis/image_0_395.jpg,4,helopeltis,256,256,5441,True,,97020f362916c9e164cd735cf910cfd2f2ff37e0bb09d6342ad7f1b065823b08,0000f0f0e0e10000
dataset/algal_spot/image_0_3334.jpg,0,algal_spot,256,256,5303,True,,54b928e02a22b8211cdc0b52abfe171e9909481f390697ad298f33d5444a13f0,71c481d8fc3880e0
dataset/helopeltis/image_0_490.jpg,4,helopeltis,256,256,5878,True,,431d0c826cb8d27156f8e6dec4ed9443bd7623fcb25c66ce29277ee46b937638,f2f8e0c0e8f8fcf1
dataset/algal_spot/image_0_3999.jpg,0,algal_spot,256,256,6076,True,,2557b23fd513b0558425950f8aa8a0dd5361077715af899d457d4ae712b01980,e5e1f3f2f2f2f2f0
dataset/red_spot/image_0_1942.jpg,5,red_spot,256,256,5856,True,,c31294b6dfd44a97724e5ccb2c7628219f31f0455c295c5a286df903caa420b8,010163e0d4703103
dataset/healthy/image_0_2249.jpg,3,healthy,256,256,5046,True,,f66ba00bf4723242814231583d3b9f2878c7eb2c6c6a1a6fbeec442ced80c6f8,001084c2e1783c02
dataset/algal_spot/image_0_2138.jpg,0,algal_spot,256,256,5800,True,,5203021cd2df694d447047753635d700d6b48eb29d9c1b246cbcda53126ed7fb,ffdff1e0ccf0f3ff
dataset/red_spot/20211228_153147.jpg,5,red_spot,256,256,5889,True,,a55093202e3aa651f01e9d17198f6cf3766c42d1a34a9f891bc1971a54638c7f,770fe1d8fcf8e078
dataset/brown_blight/image_0_5382.jpg,1,brown_blight,256,256,4403,True,,db464570ddfc5921c03a2a615bf735d2f4dccc3742c28609e688e508ea0c8253,00003c70e0c10707
dataset/red_spot/image_0_1439.jpg,5,red_spot,256,256,5121,True,,78397199bb62217f7c3d16e573c72dc74b6fa3cc85c2f8303ef11fdb05c6d49e,c3c1e1c08cf8f0fe
dataset/healthy/image_0_1154.jpg,3,healthy,256,256,5250,True,,a49be79547bdc009a9ba39a58f0cafd7ec642891334b9c16b70bfc6825bb2a0b,000038f8c8c0c300
dataset/healthy/image_0_1699.jpg,3,healthy,256,256,5045,True,,5a07b5fa8ccdba03642c561bb6efd2c2c5904cf8ac4b093beea1a07132977229,000081c0e4780000
dataset/algal_spot/image_0_3610.jpg,0,algal_spot,256,256,4832,True,,12cf4c7c9ef0ba8f81cf908809e94573aca5e0bff1a1695e4bbf976efdae35c9,0184f0e978b84000
dataset/healthy/image_0_930.jpg,3,healthy,256,256,5001,True,,e59477f9e7a3182c846e487fe6dfbb54bf27c4d045db4a4363cdb0df1d988024,000078f8d1e3670f
dataset/gray_blight/image_0_2431.jpg,2,gray_blight,256,256,5003,True,,c5b9c8b3c23d536ef3c203575230b5c63ee8e767292e329f8017c32f8e012f55,e7ddb870e0e167ff
dataset/algal_spot/image_0_2596.jpg,0,algal_spot,256,256,5154,True,,98a9b9b98cd81c2df3363dc93c0fe34099a7faacf1599b27d793ebede439b040,00003178f8f1670f
dataset/healthy/image_0_1303.jpg,3,healthy,256,256,4562,True,,7eb9acfbbcdae354f4bce19905486e9c89ffbb2774f77434e3679ad27f3a0546,ffff7bf0f8f0ffff
dataset/gray_blight/image_0_898.jpg,2,gray_blight,256,256,5436,True,,14410debb95904a91c0755321e96d756ef93a4e5b0f5ab040b82bff27efb2963,0000e0d0f0380000
dataset/algal_spot/image_0_1508.jpg,0,algal_spot,256,256,5624,True,,393998144638cd1d706fb9077d925d34cebedbb7a38904ef0510cbb7b2e57329,38cfc3b0dcf839ff
dataset/algal_spot/image_0_1152.jpg,0,algal_spot,256,256,6549,True,,a8cf99bb4d3ca3147a29f2ed3efc39f8361fc2d628bd85641940ca187da8fdfc,6c80e0b6f0780100
dataset/helopeltis/image_0_856.jpg,4,helopeltis,256,256,5466,True,,56688b29d8fb50bbe4bb379731b6dc47242305eaf03156536787d6260fc688cb,3c1e33f0f4e0638d
dataset/healthy/20220101_095737.jpg,3,healthy,256,256,4691,True,,43d0b8291a43516dbc5b1af94c04995256145c968c0dd613bd1ae9d88c9cf5e8,00833cfac0e0e280
dataset/helopeltis/image_0_450.jpg,4,helopeltis,256,256,5275,True,,3a86bdf2b5d93967bcb56730cb42c48e3f21ed6628e761eb948c6765cbbd43c1,000070e0c0c00000
dataset/algal_spot/image_0_4044.jpg,0,algal_spot,256,256,5656,True,,7a1591522e8c1273d2ad8604f69d6b931bf8302c7ee9b9622cfcf853baed1ec3,3fe6c3f1e9f8fcff
dataset/helopeltis/image_0_994.jpg,4,helopeltis,256,256,6242,True,,5421f559d47c2a668b51452fae38bdd2bae3451a5f91d38b79524ff2a6733426,c0c0c1e8687cbc49
dataset/gray_blight/20211228_132511.jpg,2,gray_blight,256,256,4992,True,,8919833fcfb02f99185290c9dda4b2271d3823c278f788278bf4a71c1ac6b92a,eccef1f0ccf8f9c7
dataset/gray_blight/20220101_112959.jpg,2,gray_blight,256,256,5507,True,,55b07dc03614434eacf4183a5db3016066d517caa3701ed734e004f8d89a0c5b,e961e2f2f0f0f2f0
dataset/brown_blight/image_0_6413.jpg,1,brown_blight,256,256,5301,True,,423220d1a9b2361663720c26924e4725e6640637051e13de0dff5d01f8af0155,9f1f6fe3f93d7cfe
dataset/healthy/image_0_1709.jpg,3,healthy,256,256,5918,True,,0ccf5521d7b23234f1c55fd42516717a9066bd005bad999b97402fa3f0b97bfb,f8e0e0f8dcfcf8df
dataset/red_spot/20211205_154648.jpg,5,red_spot,256,256,5230,True,,bb04df9bf4556b2bc36d825f1e5bcacff40a9e607a7654078c98d879b1397607,030363e0c4e07307
dataset/brown_blight/image_0_4813.jpg,1,brown_blight,256,256,6078,True,,23044191a5c36275fd3ddbe45a2ca3f037671438e677dfd265f5a06b6d3ebe10,0008386060404040
dataset/gray_blight/20211228_131050.jpg,2,gray_blight,256,256,5419,True,,9b24d04ed67805cd7105f3cfd31ba3ca43b3f42d31954e7c3e9abfa61f9a9c16,ffff79ecf8f0f8f0
dataset/red_spot/20211227_163022.jpg,5,red_spot,256,256,4058,True,,4a9ef89d3838adf3d94bcd40dc430af87e81b46362c8dc6633b27feb8d8548d7,f22f6360f8f1b3ff
dataset/helopeltis/20220101_100826.jpg,4,helopeltis,256,256,6193,True,,faf9113216af91b941b2004b03d2c7c43ee5bfa9dd79b7530a47a1f9803696b9,9863c49c8ce0e004
dataset/gray_blight/20211228_141937.jpg,2,gray_blight,256,256,5131,True,,da37402eb0e8b123b4359fecd2c1d5db486fc8f9d8f350aab4f9bb6d8dda43ea,000030f0c0e0f00c
dataset/brown_blight/image_0_2584.jpg,1,brown_blight,256,256,4942,True,,41e61bd0301d3d486ed3a1b6bfe219bed4b4c75d52177a73e82f34f023e8f93e,1f3f37f0f87b3f3f
dataset/healthy/20220101_090611.jpg,3,healthy,256,256,4838,True,,1c727b02cd3a211d07ee79c74a4677f5418164d1a001c3c2d8cb085cfa73def1,ffcf79f8dcf879df
dataset/gray_blight/20220101_113148.jpg,2,gray_blight,256,256,5875,True,,8bb1a58550da73657526bc406bd2e6483b45ddabc4110fb041da7f59c04efa23,c227e0d8b8f0f1f8
dataset/healthy/20220101_101854.jpg,3,healthy,256,256,5010,True,,1c6d3feccc24e503fb7cdfa9f74bacb63b59aa4c6056576238c089aefdb8c23d,6060f2f2f2f2e2a4
dataset/healthy/image_0_183.jpg,3,healthy,256,256,4863,True,,dd86fde2dcc9ebededc2c7352434218afaad6259971402c3df6cda99ad26add2,23dc3cf4d0c31f3f
dataset/helopeltis/image_0_2241.jpg,4,helopeltis,256,256,4029,True,,dd8dcdd28aa274eb78911d316cea4922814704f15fb3b556bc943ad64c67afb1,fffff3f9f9fdffff
dataset/healthy/image_0_1479.jpg,3,healthy,256,256,4964,True,,a8000959d4253af77f0c52c312388ee22880dafd0880146b38502d612053adf6,d6b2b131b1b1f1e8
dataset/helopeltis/image_0_1700.jpg,4,helopeltis,256,256,6033,True,,e748411606fde74698620d4f85cf55f54ac916a93d7aef9424c2ecaf6745d841,021cb870e0f0c3c7
dataset/red_spot/image_0_1649.jpg,5,red_spot,256,256,5523,True,,399c13658b4b9e3a19df1f6a3a0adf71f6c4ac6f7b03ab10ec65146db0cfaac0,0070f0f03ce0e248
dataset/red_spot/image_0_2861.jpg,5,red_spot,256,256,5772,True,,85b85b68a732615d4bf2a379768d393c5c1eed0751fb3a4a9ff3fbe1c0b1a5eb,011e7ce480c1cef8
dataset/brown_blight/20211205_155416.jpg,1,brown_blight,256,256,4678,True,,e80a20928dc13e5680bf85a2e32758b6b6c2b30e8fa7f8c263bed08a05bf01af,fffff9f8e8f8feff
dataset/red_spot/20211225_225552.jpg,5,red_spot,256,256,5317,True,,fe2087edbb6c4cd3ebf3c998cba70f524dacc7ea2eab5392f1fd44e4bdf651df,030771e0c4600303
dataset/healthy/image_0_322.jpg,3,healthy,256,256,5065,True,,c1327b41e952ae13f51570b74b9999a545987870adce6c8fd58e8e884bf67349,4618c2c0f87cbf3f
dataset/red_spot/image_0_1601.jpg,5,red_spot,256,256,5059,True,,4cb7f8d77edfe76570a09de446b569ee9fbe31e7f599ba51002ae5c7e9bea51a,0086c0c0f0380801
dataset/helopeltis/image_0_2597.jpg,4,helopeltis,256,256,6179,True,,12566b8e09705eb3a9d72b08f7e1ff4aba27b48619895abf0249a45acce7c6ac,0000c0f0e4f03800
dataset/helopeltis/image_0_3110.jpg,4,helopeltis,256,256,4154,True,,2f104dfb66f2c59346d7865a9bb0fe2a05b7e5b49630b0266bda82a375441343,0020603030303000
dataset/brown_blight/image_0_8272.jpg,1,brown_blight,256,256,6602,True,,be846dc450cc561212b8523f14504e20e711ac1f0755382f77558f8a753c6d2a,0060e0c890e06b0f
dataset/brown_blight/image_0_5161.jpg,1,brown_blight,256,256,6569,True,,83b2c7be3c92579f5abd3aef28b9835c2358366f30ca1e33a21a3000bc07c2fd,7fff79f0f0f17fff
dataset/algal_spot/image_0_1121.jpg,0,algal_spot,256,256,6413,True,,b21182256745b71908c26e490d66afbb506ad50762ed3c97d9c12144a37d4e16,000c1c3c7860c0c0
dataset/algal_spot/image_0_1250.jpg,0,algal_spot,256,256,5886,True,,f42b0bed430c07a00a75861070db9e74f28a143b3b7c1abdb35761acada41b43,001970c4c4700100
dataset/algal_spot/image_0_1860.jpg,0,algal_spot,256,256,5378,True,,08efc5c6a64bef1a62599b08a99d885e4f1b24cf7973a5b47d6bbc81be14cb08,0878f4d4e060030d
dataset/red_spot/image_0_2761.jpg,5,red_spot,256,256,6662,True,,8dfea2881f2f5ba794df8a096ed57b0b78ae30a741804bdcbfbcfb0ac4b53a5f,00c0c0e0f0783c1c
dataset/helopeltis/20220101_095854.jpg,4,helopeltis,256,256,5594,True,,852515e93f057a845f61f010d5383fcfa31d65b50a4a123e050251496db64260,40d49efef4f0f386
dataset/helopeltis/image_0_3349.jpg,4,helopeltis,256,256,5543,True,,716653aa9c408c40cb09fc1570fb62bae5fcaf8cdf87a566a626097c251c78a2,ffffc7e1f8fefeff
dataset/brown_blight/image_0_4613.jpg,1,brown_blight,256,256,5125,True,,03e691d0bf91fb05eb2a7ec42705bf361bdbaeb4d24968ca3b1cee946427faac,000014f4e0700000
dataset/healthy/20220101_092148.jpg,3,healthy,256,256,4859,True,,0d5649594115fec3bfc92380aa92c1686e94e9ab6f29b8f9dec43bd4903bda6a,dfdf37f1e0ecf89f
dataset/helopeltis/20220101_103655.jpg,4,helopeltis,256,256,5674,True,,1796e601ce8d5c4d869460f694ac1c243019b8c90772c41df0e179c362445804,ff7e71f8fce8fbff
dataset/helopeltis/image_0_3684.jpg,4,helopeltis,256,256,6941,True,,a7869964c0203f3005f86a11c0aab65a867e9058f2e9de67040de66b0882b762,020e7cf4d0d0f0e0
dataset/brown_blight/image_0_8988.jpg,1,brown_blight,256,256,5863,True,,4abff2cc92f7e5ed2a9d3cf281c58684ad694629169980afbacd1b428ee664cc,000070e8ec7e3a00
dataset/brown_blight/image_0_1430.jpg,1,brown_blight,256,256,5498,True,,9656e68854012e26b3580e2540baa980455e03b931a2ce462bb015b21911cf6e,07073978e0f10f03
dataset/algal_spot/image_0_3991.jpg,0,algal_spot,256,256,5131,True,,18d2ad733b70c39b7037225797d88c5b2d82b7b77ed559e5321793ec427792f3,0002d8c4e0700200
dataset/helopeltis/image_0_3107.jpg,4,helopeltis,256,256,6478,True,,aab540b0042a959b6999b2fb04b010d104501b076d0574cd2c0e5f0aec148a55,000080c0e8f8fc1c
dataset/helopeltis/20220101_102059.jpg,4,helopeltis,256,256,4724,True,,ebf9a3f5f1bbfe237d3ebd349a7e9c64142d1fc69b027e533445c01cf1b9fa8d,60e0b878e8e18701
dataset/gray_blight/image_0_1912.jpg,2,gray_blight,256,256,5485,True,,7c0d6c13f221479c287ec67e15a1dc15f20749d6332eaa8d8c31b7bc5973db6f,fffcbcb061e3c79f
dataset/brown_blight/image_0_5410.jpg,1,brown_blight,256,256,6229,True,,c6e0e5da03f3760834db17a68b1c379658d53fad98e6e145feea58b1eea64d87,000070e0c0e03000
dataset/red_spot/20211225_231844.jpg,5,red_spot,256,256,6531,True,,4e28558937100ee21aba6332503ca1c48c6b9012dcbd8e5bbcd1b8e585e85168,010370d8cc680301
dataset/red_spot/image_0_554.jpg,5,red_spot,256,256,5560,True,,8725f5ef16681806fd1315eb06cc3661423d7edfdb510e29bf4d9605bf1a9041,010060e070380801
dataset/algal_spot/image_0_3996.jpg,0,algal_spot,256,256,5519,True,,97d91079692a901d088281731c6d17d34a6a981b4c3e98db2a7e5393cc67b2bc,6a3fe1f8fcf073ff
dataset/helopeltis/20220101_103620.jpg,4,helopeltis,256,256,5556,True,,44ef2850a8be7a8b87685b6d344f10fcbd7cc6f46125918c85565dd1055bb327,fffef9f0f4e0fb0b
dataset/algal_spot/image_0_3893.jpg,0,algal_spot,256,256,5740,True,,0bd92f5363d1139b6cd16f555794580a88028c333d47bbe40edcdb93b4fda1ba,000070c8c0700000
dataset/brown_blight/image_0_2628.jpg,1,brown_blight,256,256,5304,True,,bef0e88091e6ed5b48ca9738d46f8534b14a02d21bde42e377c56658f70281d3,0301007848880101
dataset/brown_blight/image_0_2083.jpg,1,brown_blight,256,256,6092,True,,0740299776261bbd435c830f4f7a8f92b9a6e4b332ca827845d1e4f82f2d0757,000e7ef0d0e06000
dataset/brown_blight/image_0_270.jpg,1,brown_blight,256,256,5512,True,,1987b8cb93b1562ee62c2c6974122d698000faefef86a73370ef836461f73351,ff5f3cfcc1c30303
dataset/gray_blight/image_0_388.jpg,2,gray_blight,256,256,5438,True,,f5676c5242b133cc506036a359a6c1eb563df20005cd79fe208940ba28119e38,dcf870f9e3a7dfdf
dataset/helopeltis/20220101_101316.jpg,4,helopeltis,256,256,5128,True,,909f019c4b872a4a31884b8c342587384cd126e76c65c0669c384cd2f7b99cda,c0c4f8f0c8e0c080
dataset/algal_spot/image_0_1517.jpg,0,algal_spot,256,256,5764,True,,3f7e0c5aa1f80293f64fec4fd0693946bc9ba854019fcb6354617b5c616c8094,00c0c0c0c2f83800
dataset/helopeltis/20220101_092551.jpg,4,helopeltis,256,256,4298,True,,4042ff90bc1e1769b11373c5fbfbc3aa7750ff3c1479600b8bff20e2eec10323,fff8f8d8d87c7c37
dataset/gray_blight/20211228_141453.jpg,2,gray_blight,256,256,4593,True,,6b72755b3ef74459c32acfa4979771d53906c00fabaf10cdaf6cb2a3bdb67b3e,00000cf1f0c0e11d
dataset/algal_spot/image_0_888.jpg,0,algal_spot,256,256,5079,True,,a2afe1a5de63376b50040837c01f1ceba0d142b8223b33bad10a91fae1559ccf,800378fc80e04312
dataset/algal_spot/20211227_140346.jpg,0,algal_spot,256,256,4824,True,,f2a8f4f9deea476dec7e9361d3fe6a3cd2350361ccd669d13c42fea892aff9a2,080339f8c8e0ffff
dataset/gray_blight/image_0_3039.jpg,2,gray_blight,256,256,4505,True,,ae9647233e411dd58ea656d8a0154e333a842617bb1b90cd9ea0399970581246,0000001cfcd0e33f
dataset/helopeltis/image_0_312.jpg,4,helopeltis,256,256,5198,True,,7acb570c98c6019c5c5607aba2d6c0e7c985ab8533a5521f8976490c9c923e71,0020f0f078381c07
dataset/algal_spot/image_0_2156.jpg,0,algal_spot,256,256,4849,True,,e7dc76db5a4020c9e999beb03b734922296cb8c484c6d1ed4dd57a80452a3c10,000004c2e1781c01
dataset/algal_spot/20211227_135631.jpg,0,algal_spot,256,256,6351,True,,84553159952636617cb7d1570c905c3879d1775f1ead034b19d689eb2882bcf9,8f17f0f0d0f1238f
dataset/healthy/20220101_104113.jpg,3,healthy,256,256,5692,True,,9aa1d234bf7aa089631eba742227ebc90d99f7fdb0c1814ee4ca057f9d231f47,4032f0f8e8f03101
dataset/helopeltis/image_0_162.jpg,4,helopeltis,256,256,4302,True,,ddafb9a5394ab5546e13cf8e13e8475f7f989318bdab6c91e2c17e4e17d34ffc,0040606070380c00
dataset/healthy/image_0_1727.jpg,3,healthy,256,256,4632,True,,7e0217659700caeac67e80b7baf21e314711ba77f9a9ae3e312b841d242f1844,10646271399cecfe
dataset/red_spot/20211227_160548.jpg,5,red_spot,256,256,4973,True,,e5b90af851722405f58f8df9d2d2ca4a2be5ce78d51f494bf21cd37ba2c62c97,010e71e0ccf0bbfe
dataset/healthy/image_0_2395.jpg,3,healthy,256,256,4989,True,,770a42c9f718f6838728fb446841ed98966ed79d0308d3f7c0ae61f6bad67a60,bfeebc70f1c3c73f
dataset/healthy/image_0_2962.jpg,3,healthy,256,256,4445,True,,d2b3beac2721725542acb5e75d686d2ed863a823a62b84fe4a5322c67488a919,7fff7efee0e13fff
dataset/red_spot/image_0_730.jpg,5,red_spot,256,256,5999,True,,0e5aa56c5f15c0eca10111b43a2d7c2b250d4878379cd5580e782bd3a5a9d1da,0f1fe3d1f970130e
dataset/helopeltis/image_0_535.jpg,4,helopeltis,256,256,5673,True,,95304b2d80bca9916a4e957ccae4a750eb6e2101f37cc73715c823bc052b23da,000471d0f0f07000
dataset/gray_blight/image_0_1728.jpg,2,gray_blight,256,256,6487,True,,1fad4821aec0718d691203cccf0703252eef1f09ff316f132b28fab6b9351b19,809c78e0f0e1c010
dataset/healthy/20220101_090823.jpg,3,healthy,256,256,5052,True,,3cf638e4926a332ab5300dbe3759055b92ec636196bf0b3fc8b9b1333831f06f,ffdf78f0f4f0735f
dataset/red_spot/image_0_881.jpg,5,red_spot,256,256,4796,True,,1b4a83429a392fc7fc555cdbfc581bc80ebd957f0fe49254df0d5150b353c8c5,043878d8e1660000
dataset/helopeltis/image_0_267.jpg,4,helopeltis,256,256,5288,True,,dca6fa31fd13b43937db306a92a1cb551cdbbc785fb6dec7635ca0e36989db6c,0000011c7ce0e020
dataset/helopeltis/image_0_177.jpg,4,helopeltis,256,256,5080,True,,fb5f75d9376559cb3c2e9bd44bd3489d388bed84adef8a85281a701e8383665a,2140c2e1e8f8b8e4
dataset/helopeltis/image_0_1369.jpg,4,helopeltis,256,256,4497,True,,80a6a7f11881a284560bb316e066c185344d9a36071424c077f3c793702feef2,103098f9e0e0f8d0
dataset/red_spot/image_0_2057.jpg,5,red_spot,256,256,4923,True,,ba4d7ed28f08afa7ffe0e7d7c8b4b050408aa0c9f7ed244be95040ff350c1488,0006e1e884e0f0f0
dataset/algal_spot/image_0_4015.jpg,0,algal_spot,256,256,5246,True,,8b7aeaf7676c91c7ebc2845457231bb130f3af712931b3c13523a7a79ef4d3e6,010884c0e9781c03
dataset/gray_blight/image_0_1863.jpg,2,gray_blight,256,256,4763,True,,9601ef236658aa7987c56a258729e9f6bdd631eba43e433d568a45db1c158854,fd3ee3e0ecf8ffff
dataset/helopeltis/20220101_122203.jpg,4,helopeltis,256,256,4850,True,,66df65797ea4974a717846f2d9f803dc0c90025ebb92740c53fcda403fb046ae,feffff7ff8f8f9ff
dataset/algal_spot/20211227_114643.jpg,0,algal_spot,256,256,5003,True,,bc09f303d8f115abb966a4cf733ea749461acded51d9e5808bc98aa06c24d6f5,fefeffe8fceefeff
dataset/helopeltis/image_0_3112.jpg,4,helopeltis,256,256,5258,True,,5f53772c463d0c4aca20c319599ad85f07699e51fb196035d2f3004eb957a06f,8018c2e0f4f02100
dataset/gray_blight/image_0_3437.jpg,2,gray_blight,256,256,4958,True,,d7c2fe7576c0e128aec3f95e7f68c942b51b16590a5cf5e38ba8a109cb8842ac,38cfc3f07c3c5dfe
dataset/gray_blight/image_0_1807.jpg,2,gray_blight,256,256,6711,True,,ad6db6ff92f687e40b6f9b8cd7b2b1430ab97fc200b34be3fbc29f08000d5637,7cfcdce8c0c37fff
dataset/helopeltis/image_0_3818.jpg,4,helopeltis,256,256,3709,True,,d176c1b0bc8f2b88cf9ee611be265f707a7e2d0427971a22eaae034c65920bb8,000000e8f0330f7f
dataset/healthy/image_0_2944.jpg,3,healthy,256,256,4856,True,,dd69250cf25fbadb406ab46b20e3f21637e19624386d1b6074523a3d8eef8744,03430ff8ecf07dff
dataset/algal_spot/image_0_1306.jpg,0,algal_spot,256,256,6551,True,,f1a06582f1530e41a31e026840e02b2ad4218888898256eecc2488f58218f3fe,5cb878f4ccd9e366
dataset/brown_blight/image_0_8027.jpg,1,brown_blight,256,256,5189,True,,a6c0e7279bdb3db185ef6787fa6948db13925b5ecf2787a2ef622f4c50c7bee7,0101c3c1e0380300
dataset/healthy/image_0_2732.jpg,3,healthy,256,256,6237,True,,7670415855c22bb45c6a97dd838de7aaf5d81492c99c52f656884c57ed7d7c11,2070707078703018
dataset/algal_spot/image_0_3556.jpg,0,algal_spot,256,256,5738,True,,ee83f67e00d09eccf28251ee59b18ff35208f0d9be508db1ff64f11ae6f9bded,662ce1e0ccf8bcff
dataset/healthy/image_0_484.jpg,3,healthy,256,256,4603,True,,a0361aae08f90f150e227ece51c43047fc606285bb31dc334707d2016c239e6d,00c8b87060e0c400
dataset/brown_blight/image_0_4226.jpg,1,brown_blight,256,256,7143,True,,9457f0c8ce38830be1295abf70b4c1cab57a2c93d3ee882c4eccd31f6c444541,808080a0f1703801
dataset/red_spot/20211227_162518.jpg,5,red_spot,256,256,4743,True,,dee4d3e53506431cfd66716ff1c55a52082211a632ff6bc20e4502404e448bed,378f73f0c8f177ff
dataset/red_spot/image_0_2819.jpg,5,red_spot,256,256,6589,True,,b0eb7a387569496189e2f053b9d7baad46628d3f8d76f463af32641a5badd745,1d6772f9f8ecf8f8
dataset/gray_blight/image_0_4169.jpg,2,gray_blight,256,256,5328,True,,43ffec62ff7b5be39b2ad164b44431b734ae23a2d3cd4e7cea0ef43f4c89d498,00c0c0e0e0f0380c
dataset/algal_spot/image_0_2832.jpg,0,algal_spot,256,256,4772,True,,65ee0e7de0087183d72c5a7dab611d2467e16c7f4deeecf9e99480da71a6e26b,0030f8d0f839e2e0
dataset/red_spot/image_0_1594.jpg,5,red_spot,256,256,5511,True,,3e0abd340868e029210f54c4ea58babadb03bc561d7edbac11c80830d68c8b9a,fcfff971f9c3efff
dataset/brown_blight/image_0_7167.jpg,1,brown_blight,256,256,4490,True,,0449110a57622a5185d8c7e1004253598cc9059005e7e0714f7f0f3394d52250,0000c0c0e83a0000
dataset/gray_blight/image_0_1176.jpg,2,gray_blight,256,256,5306,True,,7e7890b5dd860b7818c7c2d74e5f5c0995bd7e4c45873e375316ae8fe0270fc5,0000e0d0fcfce060
dataset/helopeltis/20220101_092244.jpg,4,helopeltis,256,256,5436,True,,e8cc81366f282d7303065743bef7cfd29d8ce2ac5deca4e858f9576db17baeef,fffeb7f2c8d8fbff
dataset/gray_blight/image_0_114.jpg,2,gray_blight,256,256,6946,True,,d58a1b944c95eada82a77f489fd227bab466c05404c16577f135aa80dbc403ad,f8dc82e1e4e0f0f8
dataset/gray_blight/image_0_3476.jpg,2,gray_blight,256,256,5568,True,,643e2eb6e703870d92095a61cc4fb8fdd5c0d2c8804dd015dd9193b6dce1d1d5,3f3fe3e0f0f33f7f
dataset/helopeltis/20220101_103727.jpg,4,helopeltis,256,256,5515,True,,be3548cd2cd0c1635fdbcb79aafd73d2a3330ae8786b42cca90637977b5f8be3,fffefcfcf0f1e1fb
dataset/red_spot/20211225_231934.jpg,5,red_spot,256,256,5203,True,,fcb82f636c32e990b8f5591a019c3eb926acc137c7ba5d58e84fbd6c7d452663,010170f0e0210101
dataset/gray_blight/image_0_1869.jpg,2,gray_blight,256,256,5691,True,,4c1f2209d591105ebd7a91096d5e3a1c1fd74b9516941fabd66ed62f890b08bb,fef3fcfcecc0c0c0
dataset/helopeltis/20220101_105339.jpg,4,helopeltis,256,256,4810,True,,dcdc716b3dab118bbca5767be335a31eb690645aefcfce8a2cd9d53c90925525,ffdfc7c3f1f3ffff
dataset/algal_spot/image_0_3508.jpg,0,algal_spot,256,256,6328,True,,bedd16d3682c12b5f5388b0cf1b5501787f307ac31a31362c94686250e9b4d8a,00041c387c68c0c2
dataset/brown_blight/image_0_7784.jpg,1,brown_blight,256,256,5143,True,,4eeff4675cc54e0adad8de41901dec509e50e804ab09e4c38a41b611e8677e24,070f1f78781c0f1f
dataset/algal_spot/image_0_891.jpg,0,algal_spot,256,256,6018,True,,d1fc6259be87871227189e6fbda56227c74c7ce742920d3482227483b4314b9e,020681c8eef8b8e7
dataset/algal_spot/image_0_4012.jpg,0,algal_spot,256,256,5364,True,,d89cb00aaedf26dd7b455680383e5e223a168c5e7bb0292edb5fce1b30b0a8b6,775a78e0c1c3c77e
dataset/gray_blight/image_0_1624.jpg,2,gray_blight,256,256,4497,True,,054e8fcda1387bd08579faa5a726341175bc831440ef930e45c6c9bc337a098f,00021c386860e0c0
dataset/helopeltis/image_0_3019.jpg,4,helopeltis,256,256,4739,True,,fc43ff615a221e2174a4a64b07cad4e25aab90651bac389d2fb5560d62a0887d,000030f0e0c00000
dataset/helopeltis/20220101_100811.jpg,4,helopeltis,256,256,5557,True,,a7521e634829fd37570fcefcafc567ec46b494ab1a4d739fa2777a6048462994,989e70f4d8e0f08c
dataset/healthy/image_0_2674.jpg,3,healthy,256,256,5100,True,,edd959768af1fe63d8bd8d816393c5896eeca1b26eb1153d86b6789655571f67,40000ce0c0dcf0f1
dataset/helopeltis/20220101_102021.jpg,4,helopeltis,256,256,6053,True,,225921cf7b6657cf547feba3da5bf7148d69bce52c29eb9fde419ba36f2a85e0,418c3e76fcc0c107
dataset/gray_blight/image_0_350.jpg,2,gray_blight,256,256,4714,True,,a6020aaab1e9e43ccffcf85952b860f55defc32282adb8b480f7102c02185606,3a4f9d7cf8c17fff
dataset/brown_blight/image_0_9548.jpg,1,brown_blight,256,256,5154,True,,74cccef06acfd0d55895e92aef6cffb5123389c2d1c45fbe9befdb528a4a72c8,3f3f3f7cf8e33f1f
dataset/brown_blight/image_0_7673.jpg,1,brown_blight,256,256,6167,True,,bd02f9f3d299c7e6c9f18ceb54c0a58f310bd5162c9f2ceb4968d5164a0eb95f,040c1838f0e00000
dataset/gray_blight/image_0_1353.jpg,2,gray_blight,256,256,5959,True,,745eb84ec06fed18be6b99c4119cfc9ef452c63ed68ba28be2a5f4f87739e30b,070f33f0e474070e
dataset/red_spot/image_0_2698.jpg,5,red_spot,256,256,4932,True,,7593c766a4748c405744264612778b84666a013b792ddd862458d1aaaade0e3c,7f1f73e0fcf03fff
dataset/helopeltis/image_0_1555.jpg,4,helopeltis,256,256,4655,True,,373ad53d5468f63febc0b9d5797a1989804ec97795cccd3de4a5163bfa8bd0c0,faffbcb879e173b7
dataset/brown_blight/image_0_5114.jpg,1,brown_blight,256,256,5177,True,,ed1a742fe8f6c9e5724e25282550f72125feddb6d73a8722717712b2a37bacfb,0000c0c070380c00
dataset/red_spot/image_0_796.jpg,5,red_spot,256,256,5564,True,,69f812fd3e998bef9ed2f07e911734ddb253f54776e1c3326bc6e52a8f9b738d,3c1cc381c8f03880
dataset/algal_spot/image_0_2821.jpg,0,algal_spot,256,256,6011,True,,f82d444c0c41143b3ce28f7c773de8941e9bc7459860517e73e2cc0a2efab16d,708670e4c0c147a4
dataset/algal_spot/image_0_3614.jpg,0,algal_spot,256,256,5859,True,,c60397ac6e5cbe517ec6cafdcf5b971a09515cadc6d91974780132673c68a388,0b78f4e8e1e20e7c
dataset/algal_spot/image_0_2957.jpg,0,algal_spot,256,256,6072,True,,648a9840509d74d559512fca34999a322bfddaade4c810ccb3b1067dd1c38d5b,cebc78e4c8c1e37f
dataset/helopeltis/20220101_105030.jpg,4,helopeltis,256,256,5417,True,,c0926a19fa95318a3fe38ac18b73a893958427d6d027379bd1fd7cb4ca9647e7,fcfff1f0fcf0f8fe
dataset/algal_spot/image_0_3462.jpg,0,algal_spot,256,256,6358,True,,94de3fc03b6afd4f175c33b6038ac1f0549c191c6d4a66f5acfbcea1daf87fe2,b71978f6c88043ff
dataset/red_spot/image_0_1971.jpg,5,red_spot,256,256,5253,True,,9e5beaaec70a7393bfb4463556995e5e297cd27bc904d160ec8467b204ac65ff,2f9d7cfcf8c1dffe
dataset/brown_blight/image_0_8400.jpg,1,brown_blight,256,256,5110,True,,011317d20f47e2857defe593c3dbe71722eca19538aba729a7f355f624a1431a,0000c0c0e8780c00
dataset/red_spot/image_0_1247.jpg,5,red_spot,256,256,6460,True,,3ac75cf7d7ab64c4b8868027eafdab9e7004d30221e85b1680a918ea04627198,0045c3c1e47c1c07
dataset/helopeltis/image_0_3136.jpg,4,helopeltis,256,256,6330,True,,627e68f0f13da051c612fe6fba587b664d46f0a6f746de754744b806e146f110,be1fe1f08cc8f0b0
dataset/red_spot/image_0_1928.jpg,5,red_spot,256,256,4540,True,,4c94e7eb484c39f7c0f62b838f6ee657e7014664c011d0bdc3c756f3ef70ae53,003878f8c0c00080
dataset/gray_blight/image_0_3826.jpg,2,gray_blight,256,256,5096,True,,3d6c2ea81813f9f2a5a963f87c024a5848a6c0493251b0e1ae551729d72a2504,1de7e37978bcecf3
dataset/gray_blight/image_0_2126.jpg,2,gray_blight,256,256,5520,True,,0a1ed35adb8879c56bb76cd2f73374d6de33670d6efa00d911934668d8b487b0,be3fc3c0f8fcf8ff
dataset/brown_blight/image_0_6126.jpg,1,brown_blight,256,256,7391,True,,0f93914063c5ef1a643903788521cd8dfc0b2683e4d4398d08cd8e157b242d68,ffff78fea8e9e7ff
dataset/gray_blight/image_0_2705.jpg,2,gray_blight,256,256,5361,True,,8557c92e000d123323e382711ea6900bbcb2eb31fb8485cecacca2acafcad8a4,000018f8ece8331f
dataset/healthy/image_0_3382.jpg,3,healthy,256,256,4690,True,,9e87113e34b069c5d7ed045bd76193f495eece0661891cb0d32f1fff9fc7ad0e,000cc0e078381807
dataset/red_spot/image_0_2851.jpg,5,red_spot,256,256,4692,True,,e5ec8979270824164b9c11e944a972136143dcaf2c01d33f4167facc0909dc8c,7a1ce2e1e8b8d8f0
dataset/brown_blight/image_0_9389.jpg,1,brown_blight,256,256,6227,True,,b3e5dc1fbbbca4b6a1761bf18cc83340cf7574561cc60dc7e20e5afc60d549dd,0d1fc3f0fc3e677d
dataset/healthy/image_0_1601.jpg,3,healthy,256,256,5337,True,,a38f1a8dd6b271a4870b5189092bd9b6cdd59ba98323b2cd04b160697bfa3a24,0138c2e1ecfcfcef
dataset/healthy/image_0_2046.jpg,3,healthy,256,256,5130,True,,d95afd4edad03b54327bbf0d8eeab2d2b1c496d5f8559b247fb7b4410939c7b9,0000c0e0f0f078f8
dataset/healthy/20220101_101129.jpg,3,healthy,256,256,5262,True,,91563c133066812d6359a579c07bd00b4e799e283bd669f7b7ad1e04e180b4f9,64dc7ff0e0e0e00c
dataset/helopeltis/20220101_104358.jpg,4,helopeltis,256,256,5058,True,,0aca8414e416fe0cdd7c65a2e79d40775a9476c97f50e7063e92fdfabf1427d9,0f33f1e9f0bcdcfe
dataset/healthy/image_0_1406.jpg,3,healthy,256,256,5058,True,,e91d3201de1c1d12dea78e1abe480419ba796b9d85fce1cdd3dffe58d3d1af66,ffff78faf8d0efff
dataset/helopeltis/image_0_3707.jpg,4,helopeltis,256,256,5035,True,,c92fc39ceae4c8fd522e83bde40ca6e20aed05e308d05915e6f5194666d72449,9064e2f2d2e07090
dataset/helopeltis/image_0_3751.jpg,4,helopeltis,256,256,6284,True,,7e06f3563b0edefa1880e88acb1adc72662dda6a1a4de456c14c0554bd4866ca,8000f0f0d080c000
dataset/algal_spot/image_0_1886.jpg,0,algal_spot,256,256,5319,True,,6a43bb8b3d58f8c761f151b374a50cb271118edfcc4f878e113a5a73c511c733,170f3cfcc8f1fbff
dataset/algal_spot/20211227_113359.jpg,0,algal_spot,256,256,5018,True,,0651f54e2897b6ed7bc0dcf442dc0eae16e9c7014fd3b9e020e8932880b0f741,fcdf78f8ec78bbff
dataset/healthy/20220101_101809.jpg,3,healthy,256,256,5921,True,,16e5d8696498c473ab99ec042f7d3e522bb75c49454c14da6efb4f18b4968f52,6060e0e06060b012
dataset/brown_blight/image_0_5874.jpg,1,brown_blight,256,256,7140,True,,05a3d73a1cf759b7f06c2921aa35f449fb4eee89f7c3509b0e63e304c2c46043,0000e0f0dc7c3cf3
dataset/helopeltis/image_0_1553.jpg,4,helopeltis,256,256,5507,True,,11107f802fab2cdaff3c6a2eef4edfd7ef195e50d0b312cbc86d8ccd9e7e470d,80c2fcf8c1e3671f
dataset/gray_blight/image_0_2263.jpg,2,gray_blight,256,256,5605,True,,9e0102326130210aa2201dc3bbdacd90816a6f7180d30864d66420732d968e1a,0000c4c0e87c3803
dataset/helopeltis/20220101_093613.jpg,4,helopeltis,256,256,5351,True,,ef903a37f615a94aa63d5e9099563eaec4ce9f9610420e9de605dfc9629d90ac,000e70e4c4f0720c
dataset/gray_blight/image_0_514.jpg,2,gray_blight,256,256,5300,True,,9424d0ffd433da2912893e7827e3d023bf31ef8f504a9a9af40813590921ca9c,0030f8dcf839073e
dataset/algal_spot/image_0_2233.jpg,0,algal_spot,256,256,4934,True,,0122e790288dddc67bfd71f3415dacc7518c257f834a15d33c59a15706e8265c,4008c1c0e0f80100
dataset/healthy/image_0_2516.jpg,3,healthy,256,256,4267,True,,28402c05d9d38272e86767f93595b3f9e8e4db7ba0b77792606ffbd94c9d77af,000040c0c0f01000
dataset/helopeltis/image_0_178.jpg,4,helopeltis,256,256,5230,True,,1e86e110bfc44846c453f50c22250e5447c75075acce466abff82f1a3d76768b,70f0707070606060
dataset/red_spot/20211227_160506.jpg,5,red_spot,256,256,5350,True,,083a642e6de1a141001bc53f5c16cf893752a6042bdd5aeff881989681176b99,fcfffcfcecd8f170
dataset/red_spot/image_0_803.jpg,5,red_spot,256,256,4887,True,,b404871fc4fcef4d0d2a1f29140a2518c0a40ea2cf45191205a4b859b13c7c55,000070e0c0c0c000
dataset/gray_blight/image_0_3952.jpg,2,gray_blight,256,256,5060,True,,7140f691e5e93bbdfc6cb7318e7e77305db767dfd6c8ac353e819218feaaff4d,ef679cbc71e3c73f
dataset/healthy/image_0_1934.jpg,3,healthy,256,256,7524,True,,fdb8a8ef217e884dab56a88f550903cad168536253c2d60f08c4456595dd4410,ff67e1f0fcd6f078
dataset/gray_blight/20211228_153450.jpg,2,gray_blight,256,256,5154,True,,50e3b32b4edbf99fc4559df631667f6c47b088ab78ee95582b928d5f8e555926,651ff8e4e4708fdf
dataset/gray_blight/image_0_3037.jpg,2,gray_blight,256,256,6156,True,,2ddb3c865027b6a6ef2942962ab8dd4d82b0c548284069c45979bcf5f7f76f8e,000160d8cc783103
dataset/healthy/image_0_2789.jpg,3,healthy,256,256,4892,True,,f399c4d1fc13f322d7575e558edba0b3a40b84cf795b57e35517685d5d4d68ab,7cd8e1e0fcf8fcfc
dataset/helopeltis/20220101_101833.jpg,4,helopeltis,256,256,5868,True,,7f1d59f083b3ca9897d6fdcfa67f122b3483172ffb2559a3fd7ef4ee96eaf246,246070787879b818
dataset/helopeltis/20220101_092212.jpg,4,helopeltis,256,256,5200,True,,d66b09366f48beb82da28b2fe79dedddae6fea4610791f6c66cb588d96eef831,ffff7efcfce0f3ff
dataset/gray_blight/image_0_161.jpg,2,gray_blight,256,256,4944,True,,0e74e45b4cd93d1999eab6c5edf58e75e7fc92934548454af1f6b779952887ae,facfb971f1f93bff
dataset/red_spot/image_0_1415.jpg,5,red_spot,256,256,5269,True,,592ff8b659bb7d2d481cd8f222f5a2b6c054a8dca8846c4902241f6ed6005fe8,001878fcf0e038f0
dataset/helopeltis/20220101_095742.jpg,4,helopeltis,256,256,3980,True,,26f3705effcfe88cb1973ec5b51dafec1b13e4071e6ae37055bdaf7942f95db5,81c8061839712211
dataset/red_spot/image_0_69.jpg,5,red_spot,256,256,5153,True,,0d105e7778927b186b2f21e63bbeaac7740768c186871fb927b48a3371a66ac3,0300307070310703
dataset/helopeltis/image_0_2920.jpg,4,helopeltis,256,256,4664,True,,3cd9fed98b828da1ebe5d2377356fed0b3f2b391a1144b56012420c92c61d5bd,0000c0c0f0780cbc
dataset/brown_blight/image_0_4918.jpg,1,brown_blight,256,256,5384,True,,58e49d665327804449e8a02fc5b2907ccac0669909e36a0e923b8ec0d4187128,0060f09cf0e00000
dataset/brown_blight/image_0_719.jpg,1,brown_blight,256,256,7187,True,,974152a489508a1693101b36bef3c1a9d5043f4ff7ba3541047e0b4b43df32dd,b3f0f898c9c3dfff
dataset/healthy/image_0_3704.jpg,3,healthy,256,256,3973,True,,5347e04625fddcaf0b75890589bff079feac3f46cfde23dfca565420172624ad,000000e0e0780800
dataset/helopeltis/image_0_4345.jpg,4,helopeltis,256,256,5612,True,,314def5b1a17bf754b7fa67e9d688b4606258285886bea5d06bc752fe3685b5c,0115c2c0f0789803
dataset/brown_blight/image_0_2848.jpg,1,brown_blight,256,256,5023,True,,0c59d1a99840357b8b6a8e6da6c79775cb76faa7e1f95b04ce55abf613fa6313,0707c7e1783ceefe
dataset/brown_blight/image_0_6757.jpg,1,brown_blight,256,256,5157,True,,cd421c779fa3fff78488bfe58f151bf1bf7b4b8db7c71ddda4cea272de1e3592,051c78e0d1c2e418
dataset/helopeltis/20220101_100027.jpg,4,helopeltis,256,256,4528,True,,34396768c9acf01e1ee8afba42cff3518b93cdcd1bfe5638c7928ccbb1db4eba,fefc9b70f8e063bf
dataset/brown_blight/image_0_8589.jpg,1,brown_blight,256,256,4809,True,,605f4531b1e917e87df67d82f7d5a4c3c8c9628d5d9576a9fd28275288ec0d51,4894d3e97c3c8cc0
dataset/helopeltis/20220101_091728.jpg,4,helopeltis,256,256,5225,True,,db77de6e6c13f0f5f503139bf8f6ace6f90bbaead22ffbd672b93b4c52668356,efcf71f8dcf8f1ff
dataset/healthy/image_0_2764.jpg,3,healthy,256,256,5282,True,,4a18017453a7c0617dfab18ae7c089e44f49e3f830646e4f1b2e7036462ae707,8fb1f8fcf4f8f9fe
dataset/helopeltis/20220101_104810.jpg,4,helopeltis,256,256,4519,True,,7902c57e2ee44c7df5780dfb9e398c0ff70cf0c02b76314b99be222f3e6a63c7,fffcfcfcf0f8ffff
dataset/algal_spot/image_0_1439.jpg,0,algal_spot,256,256,4563,True,,6a798503543cd11ade55a555d5860eb179553d66cf56b70331cb7662ae1cbd39,0000e0c0f83c0000
dataset/healthy/image_0_2127.jpg,3,healthy,256,256,4932,True,,c81b0e368bcd358c2c0681a94802aa176bf1d2013336bbaf7be3e4bda36920c8,f4ebb8fcd8f077ff
dataset/algal_spot/20211227_154427.jpg,0,algal_spot,256,256,5398,True,,c8a85ac46abdd0ba83bbd38d66ac929891ae06dbf8d5fabfb77d342a924a6364,9e9978eef4f8f9eb
dataset/helopeltis/20220101_103900.jpg,4,helopeltis,256,256,5024,True,,0bb4541a4e025847c4aa50c774fe61dbdbd85f5cb8ccfc0d97e1aceaf2864c15,391ffeccf8e1e288
dataset/gray_blight/image_0_1642.jpg,2,gray_blight,256,256,5793,True,,93330cc1ab2f7f6b866920fdcbb3368327a900502742b88c67afdce71d1855f2,0026f1c8ccf83100
dataset/gray_blight/20211227_165026.jpg,2,gray_blight,256,256,4669,True,,37861f91fb8eec9137d93f323c2866f1f3c3fd9d52885588a99ba9ac52cc124c,070f71e0c8f01fff
dataset/brown_blight/image_0_7876.jpg,1,brown_blight,256,256,4593,True,,b0dcdd420eb793cd48e15434676dc4cfd615843fd6df76214a9b7287a1199a18,7e7f1f397973070f
dataset/red_spot/image_0_1473.jpg,5,red_spot,256,256,5572,True,,4f58e15b6a4f253d31ce589367caf3a8c5de4fc5f7f7548d3d795e95021911bf,00c0c090f0380000
dataset/red_spot/image_0_1148.jpg,5,red_spot,256,256,5267,True,,747c88add871db0767954422c338a3714029b436df9eba3fc582b893fd1f6f4a,8041c08ec4f01200
dataset/brown_blight/20211226_003153.jpg,1,brown_blight,256,256,5476,True,,480601e1cab205c4a22f26721629d8eb2e3496bc7a3f143f83c8f20cebfea9bf,030131f0cce02303
dataset/algal_spot/20211227_153126.jpg,0,algal_spot,256,256,6321,True,,b5a090cae0d52de9422105d0f1ec27cdbff648d527c827de5bb69a69afa0d023,1069e8d0c0f071ff
dataset/healthy/image_0_1051.jpg,3,healthy,256,256,6431,True,,ec4260601990adbfa3990b187f7399c6d97a771bf63ad45fd457e23b99769e90,4060f0c4c0701880
dataset/algal_spot/image_0_3363.jpg,0,algal_spot,256,256,6280,True,,b246d392edeb3158357e959bb7bab20881e8be2fc0786537ad392b2aad1a9ab9,c2c1d0ec72380000
dataset/brown_blight/image_0_6544.jpg,1,brown_blight,256,256,5584,True,,3d3311598d68822f1de1ae1d73d8c7f032d3d2a1fa4ffc91c024ea630b43553d,000008a1f0320300
dataset/brown_blight/image_0_1656.jpg,1,brown_blight,256,256,5664,True,,aba3ac910c208570265188906f14f73fdd7084e49711245d9567c7a8a7b50ca7,ff6fe3f1f87f7ffe
dataset/helopeltis/image_0_3477.jpg,4,helopeltis,256,256,5938,True,,eea5a15792c7c085857781071dbb3525f20b55fba20c0f42d508f4473ff67368,7bf7c7c2b0e8f0f3
dataset/red_spot/20211225_231422.jpg,5,red_spot,256,256,5276,True,,8fc65ba9dbbc30655ab588e0596101e648686322f23f946281dddd599ce2af53,010021e0c0f00303
dataset/gray_blight/20220101_114856.jpg,2,gray_blight,256,256,5267,True,,ae9f39cc79cab07610a30a26698a0c76aa462d1da23e21ee582e81b870744a1e,ef9f67e0a4e0f1ff
dataset/gray_blight/image_0_2640.jpg,2,gray_blight,256,256,5135,True,,f2317b6dc6c4ee1718bf5d7af5c11887e35df59e4b36b9604068593c37403751,0080c0e2f178f8fa
dataset/algal_spot/image_0_942.jpg,0,algal_spot,256,256,5492,True,,c144952ed7fd402d85e077299e8dd55ad7937fb96a7d8fe6ac2702c47d9d7f9e,000082c0c8643801
dataset/gray_blight/20211228_142027.jpg,2,gray_blight,256,256,4858,True,,5eb95ceb8eca4e0d70cec9fcd283e23dedb78f8a3b92deef4810d2caec802493,00023978e4d0c0cf
dataset/red_spot/20211227_161719.jpg,5,red_spot,256,256,5465,True,,8d708e2047bcca732b9b5c1ba842f7c3c0513c803a852bd28342566de6955c0b,0739f8cce0f1fffb
dataset/helopeltis/20220101_091504.jpg,4,helopeltis,256,256,5637,True,,7edbb208d3e3dc0aef3b676118cf7f2f58bce382d79b013a680553bdb8b17404,fbcf39e8ecc8cb3f
dataset/healthy/image_0_2224.jpg,3,healthy,256,256,5061,True,,efa13f2fc39ea8693215cd37c628488c22329fdcd3d6870549de557fd7ccef22,f034e0f0ec78b83f
dataset/brown_blight/image_0_3204.jpg,1,brown_blight,256,256,6035,True,,48a68ce2e07b397424be9d320c034f4d8a94ee216386c0f70cb1cda43d7eb79d,1f3f3ddcf0711f3f
dataset/red_spot/image_0_841.jpg,5,red_spot,256,256,5285,True,,8db4952ee282e4952bdffa894051d806763e3773532b470aa1027a2ceca2c2a5,0026d8d8ec2c0300
dataset/red_spot/20211228_123834.jpg,5,red_spot,256,256,4292,True,,5f2f0ca27890f862c7cc0672bb5714129ab588a947f1cdba626b60132c203b3d,ff9f71f8f173ffff
dataset/algal_spot/image_0_3135.jpg,0,algal_spot,256,256,5440,True,,d6494eebe72133ae2b100df26147251d308172013f1f1944db37f5cb954b88a4,0000e0e0fcf01b3f
dataset/healthy/image_0_776.jpg,3,healthy,256,256,4854,True,,17b9983895371c8e62a2e6786a8bd50495b25b173eed4405f0c18506310255af,00033878e0c0c000
dataset/healthy/20220101_090703.jpg,3,healthy,256,256,4872,True,,7622f4e2d03fe3c66df87732f9747500621ffbd6c25a86a52a1da38f6d2850e7,ffdf71f0e8f13fff
dataset/red_spot/20211228_123436.jpg,5,red_spot,256,256,4828,True,,665b9f292dbad287ce5b9808b41affc3ebebf2aeb76442783de3b7810e0d8f99,0f1ff0c4f871bfff
dataset/red_spot/20211227_164134.jpg,5,red_spot,256,256,5339,True,,cb921d75353c19e1354355a332b06c55f855c5dc66dc096591ce7baf7b217425,75cf71f8fef87886
dataset/helopeltis/20220101_091850.jpg,4,helopeltis,256,256,3910,True,,94e1410d7596923f8d53ffdf8fbe16fc941701062f580eb929e4ab47650f2f09,fbff9f69f1e3bfff
dataset/helopeltis/20220101_093739.jpg,4,helopeltis,256,256,4890,True,,4122d94294cff8e2653d03d97908e347582c36fff8cc114d20950a6ba81fde51,010278f8f0e0c000
dataset/brown_blight/image_0_7536.jpg,1,brown_blight,256,256,5533,True,,0e159f5e15122e6b82f7a2d54aedc953550cf8ef886fb730675571964d0f08e4,03033cfcc8c90701
dataset/red_spot/20211227_162540.jpg,5,red_spot,256,256,4900,True,,bf7b095acb0e77f8f911640ad9b0402453610716ed34fb16abb08247af9efd64,f8ce31f8fef0f0f9
dataset/algal_spot/image_0_1041.jpg,0,algal_spot,256,256,5957,True,,7315f2b1a84abe06443e27ee9180de102fb8c372239d65571e2da6d97fff3a10,c33cfcf6d8e077bf
dataset/red_spot/20211225_231309.jpg,5,red_spot,256,256,5301,True,,aab5b288c81ce3b690e8fd3c2f03ed9f621d730dee044436a89e7ed6d838d3a3,0107e1f0c0610703
dataset/helopeltis/image_0_1755.jpg,4,helopeltis,256,256,5128,True,,0573ef3afe7d118a1993e29bbdcd6977aaf3c26d7af2c4af8191c8e67512cc4b,00003874e8c08000
dataset/red_spot/20211227_161420.jpg,5,red_spot,256,256,4520,True,,5711e088b548106cef25498b83190493b02a12598d3a2428ecf5cef8a7ca1a1f,e8ce33f0e0e0f2ff
dataset/red_spot/image_0_67.jpg,5,red_spot,256,256,5592,True,,b83d9bac99f9b2e891291f9b46cd3ade78fb53a0ba51a0b8ddc7ef2c7a46375c,00000480c0f81c00
dataset/algal_spot/20211227_153106.jpg,0,algal_spot,256,256,5739,True,,787335f3b375417a5129ebb693aa005503fb25390395ad27f558d11724bf8d45,4831f0c0c8f0711c
dataset/gray_blight/image_0_2939.jpg,2,gray_blight,256,256,5226,True,,710a49b84acbb7c3a446ff5bc38bca8bdfb917165f90c4d23d4321ad0388d7b9,000038f8e0e0c000
dataset/red_spot/image_0_1642.jpg,5,red_spot,256,256,5865,True,,af79c08a698c138591f5437aa1e94afe8bf844b4f3d9f0cd9c33cb7277766ac4,1f0fc3c1e07c1fff
dataset/helopeltis/image_0_3214.jpg,4,helopeltis,256,256,5633,True,,8534faa1558719bfdc88f0ea3be3d1d4210ecaeb64eab9cf47f88580c1fe1efe,008cc2e1ec781800
dataset/healthy/image_0_3438.jpg,3,healthy,256,256,4794,True,,ccabe578c0c930d7a5b3ae297d24da93d1212b5e0e5c05be13d5981e581d6547,000c3870e0c0c080
dataset/healthy/image_0_1943.jpg,3,healthy,256,256,5309,True,,4e15e0a5f9cc6ead06a400762fb22b94f194ab0d3a40e1f01a8329b3ac6d5271,0f0fc6a1e97c1c1f
dataset/gray_blight/20211228_135819.jpg,2,gray_blight,256,256,6218,True,,25ac4c2dd2ca330453bbde4e7ab56ccda16b6ceec95934388a44a7bb678921ec,c000e0e8e4e00800
dataset/gray_blight/20220101_115026.jpg,2,gray_blight,256,256,5783,True,,c37af916461fff77dc2130462b0f99d0470ae3ebd8ce0cceea7dc04d03ee2010,ffdf73e0e4e8f9ff
dataset/healthy/image_0_2032.jpg,3,healthy,256,256,4574,True,,eabc4767debcb7c34ec58d49e2117604bb738cc3561798e86b961f387dc97c4e,001878fcf0f00000
dataset/helopeltis/20220101_113909.jpg,4,helopeltis,256,256,5892,True,,61be5cc3c1848a19788963d32213361b674c49e14d3b205eff02aeb9bfcce1a7,ffeff1f0f8f2ffff
dataset/gray_blight/image_0_1752.jpg,2,gray_blight,256,256,6161,True,,86a8b67be06b204be861f09a9f2feaa247f35782d1af867226243663776611f2,0338fcf4e0e06000
dataset/helopeltis/image_0_2687.jpg,4,helopeltis,256,256,7790,True,,8ab3b6cf646f2b254e6389a8f15849ba9cdb44ed56d9aff422c8b34a2b9a38a0,0000c0e078ecfc1c
dataset/red_spot/image_0_2732.jpg,5,red_spot,256,256,5242,True,,a888747a2fcbc23cb9fffb698a8a1bd725ef2c8a50af584e990695b6886b5e9c,000e7cf8e083070f
dataset/gray_blight/image_0_722.jpg,2,gray_blight,256,256,6052,True,,e70d90f167c4735b2383df4e624d2d3e6db9000951f7b3beb58bb923d2ad374c,00387c78f0c2c400
dataset/algal_spot/image_0_3906.jpg,0,algal_spot,256,256,5772,True,,6acd0325abc4b2e5ab5e6055fbfd210014f8b736998dfd879dd412fe9a3053df,0000c0c0e47efdf9
dataset/gray_blight/image_0_1154.jpg,2,gray_blight,256,256,6236,True,,eea0d39484178a1f173f6cec7cc99b3a6b57c5e8dc06cf730d50704020ac8c45,000038f4c4c8f070
dataset/gray_blight/image_0_2623.jpg,2,gray_blight,256,256,6423,True,,99ea825224b495751b0b84fde55b487681d1fae6ae44bf85b11e1dac4e1f38df,00f8e830b0f8e000
dataset/brown_blight/image_0_4363.jpg,1,brown_blight,256,256,5700,True,,4b1d42c6f684aa2d51a79528b609758b0ab64bda7e465e3cf5125830172f731e,7f3f71f8d8532f3f
dataset/brown_blight/image_0_8819.jpg,1,brown_blight,256,256,5818,True,,3ada30d2c9d7a11f9075ef16a64691c273dc1188311279ebfa0dd4ca66e6feea,0000c070f8f81880
dataset/helopeltis/20220101_103918.jpg,4,helopeltis,256,256,5258,True,,035a168d45ac6defce6390ce4e5269c919dedbfb30bffc45d24818f73fd6c6b9,fa9f74fce0e1f0c0
dataset/brown_blight/image_0_9762.jpg,1,brown_blight,256,256,5029,True,,e2b75d926c9a8ee0a97249be184ccbf2f693ad3f9fb348db56ce5a064cdc01ca,40982662e8f0f0c0
dataset/algal_spot/image_0_1611.jpg,0,algal_spot,256,256,6011,True,,0689f5d961379d4159bd9a923b0be1f49fb81a1b83cc0aac21ec2b96c90c4a11,11067cfcc8e0e038
dataset/gray_blight/image_0_2053.jpg,2,gray_blight,256,256,5839,True,,56c7c5a2e503144a3cc56c789c1e63edc12ee7ded2bd1c1213c29b66439c8681,dfc2c0e070b8def7
dataset/helopeltis/20220101_105124.jpg,4,helopeltis,256,256,5934,True,,85ac12eae93f8f320fdb1d4b08e0344e85d9860207e1cf9c6a0b7d9156cfee04,c163c0d8f8f1ffff
dataset/red_spot/20211227_155707.jpg,5,red_spot,256,256,5275,True,,40475ae332483d8d4c53883ccbd786833f17d92e1478233636707c6b32ab6b67,1c3c78f8d8f0e0c0
dataset/gray_blight/20220101_115657.jpg,2,gray_blight,256,256,5808,True,,ecb0f04c14e5a767c1bed149de951c97775f757f969e147ee36b1da180b2ab1c,ffff3fe3f0fcf878
dataset/red_spot/image_0_1230.jpg,5,red_spot,256,256,5814,True,,39a3437e9fb99bddf07309201183645b563a5591764a79a45626a9ad00d49b66,03031878e0e00300
dataset/red_spot/image_0_2385.jpg,5,red_spot,256,256,5704,True,,9a66bc32ac538e6b0bb36403015251686ee00b2a5d7b07a2cdf0dcfae75c10a9,3f3fe7d1ccf87bff
dataset/algal_spot/20211226_101104.jpg,0,algal_spot,256,256,4510,True,,abff96a7a377376bb221a22022e31be0db65d2224247f9a3fd21c7852fb4e795,b81f71e0dce037df
dataset/algal_spot/image_0_3609.jpg,0,algal_spot,256,256,5445,True,,96df395ad28957127997108db5ad254373bb714ad9ba85ece57f735b374b11f3,000000e1c0fcecc0
dataset/brown_blight/image_0_1286.jpg,1,brown_blight,256,256,4969,True,,7324580b4d2414ca3db652703262d5f09f3f83e5345a0c53e250efd9fba23316,26c338f8f0f8ffff
dataset/gray_blight/image_0_4088.jpg,2,gray_blight,256,256,5805,True,,1a8bab165ab114c9927e2dbb30e2a2ba7631f735d558c359c5076aea3d6a6003,a0873e72e0d0e146
dataset/brown_blight/20211228_153754.jpg,1,brown_blight,256,256,4359,True,,84d366a51e0c5c7fcd899fae332c70bcc55ccd6ca2c19f3f84c06bdd2ce105d7,cd8fe0e0fce0777f
dataset/red_spot/image_0_2568.jpg,5,red_spot,256,256,5209,True,,22cbc73bb0ddc8af82049edc2e67cbe824115293945a52503d65a47603f8f685,000040c1d8f83080
dataset/helopeltis/image_0_56.jpg,4,helopeltis,256,256,4822,True,,79d04d7c324c88166f854046676149b5fe6f625c6ae3778a7b6f9759fe4c6986,20100ce2f1790000
dataset/gray_blight/20211228_141007.jpg,2,gray_blight,256,256,5429,True,,4d585d4931d9ec0d4dd211f6023d664c0422e59e789dd5601b876a5e40f65043,c084f1c0c0f81800
dataset/brown_blight/20211225_235354.jpg,1,brown_blight,256,256,6008,True,,fc6c93533b878b398a820c9749c04bf3439d48d3eacf618ecb6071658a79359a,000020f070700000
dataset/gray_blight/image_0_3770.jpg,2,gray_blight,256,256,5670,True,,bbc9cb6f3125a7d4d4fecef48e4a268c4cbe4b0b53c5edc93498283e542f9976,9e86a1c0e4389c80
dataset/helopeltis/image_0_1388.jpg,4,helopeltis,256,256,5530,True,,3a01e6ed959e703361b41df8c114f0319c648a95f1276d8792ff03d5667ae263,fcfefcfcfc7c7818
dataset/gray_blight/20211228_151935.jpg,2,gray_blight,256,256,4677,True,,6cae8ce43cf5c8431c7a392713d526a13b42d4f4d6b3d11830a1792c68634e28,638f38f8f8789fef
dataset/red_spot/image_0_2799.jpg,5,red_spot,256,256,5754,True,,a19790617322765b1e2c4ab9b312efc7bb8679e4a9d015e178480fc25e19f060,ffff5cbc7468f163
dataset/gray_blight/20211228_135734.jpg,2,gray_blight,256,256,5475,True,,e5f144723ce05ec08e2db1c6e9fa21b9313cf8e386a970e45e7f57851fc16d08,0000f0c0e0e00c08
dataset/brown_blight/image_0_6645.jpg,1,brown_blight,256,256,5410,True,,9d040d458e472d943001c370337d67fd266978bb22cb3458d91a69a59b49c814,1f0768c881c31f0f
dataset/helopeltis/image_0_2299.jpg,4,helopeltis,256,256,4673,True,,416d5340cdc4bbc6067269fb4bf0ef68c43ec665a32f1840c6af3da5c75628e6,2d090fb17169d8e8
dataset/healthy/20220101_103411.jpg,3,healthy,256,256,5258,True,,2f47000dbce6ea8a669973957f21c9df2d4fddad5a67d45eeaf5055cb5537c91,e0c0f0f8d8e0e200
dataset/algal_spot/20211227_153710.jpg,0,algal_spot,256,256,5615,True,,9d82cbb4bff2066550e95162fab376c0c2f4be1f052480fa2f795068c5aeeb77,0007f0f8e0f07ef3
dataset/healthy/image_0_3539.jpg,3,healthy,256,256,6099,True,,3fd5f7e96d1cb29db401f078a803284e8faf29f99e486e9057f84da8462fde1c,c8c0e0d2e071b8d8
dataset/red_spot/image_0_2800.jpg,5,red_spot,256,256,6019,True,,1b43b3cae5816a41c8fa388bcb8949ce2eaa0b7dd3035bb29b49bb5d97c1d11f,00003c66cefcf113
dataset/brown_blight/image_0_6806.jpg,1,brown_blight,256,256,5276,True,,de4856af7c649a836eabd33357fe2b58fa1d620a74757b0b2c59a349b09bf4fa,0000e3e1f87c74f9
dataset/helopeltis/20220101_102559.jpg,4,helopeltis,256,256,4505,True,,84cdd689ef81ea5f9a24f6b514dcf3593c3021d5f789311acb5e8cc20be02cd3,008062e0f0701b0f
dataset/brown_blight/image_0_7429.jpg,1,brown_blight,256,256,6568,True,,2877905b675ebe746be10d23a7cf05c31305db6d9c1e371478b1ff10b853341c,80041c70c8d0c7ce
dataset/red_spot/20211228_123027.jpg,5,red_spot,256,256,5737,True,,326c96f5e66d49a056bae665e9656946dc2f99037c1e0905820f0612cc3a5fe9,274f78e0c8f8f1bf
dataset/healthy/20220101_101741.jpg,3,healthy,256,256,5273,True,,bf2342117f2fa997599aeb59cff6b4c4bde83f321ce7e0854d97a5d06d51eb65,a064e0f0f0e27234
dataset/helopeltis/image_0_3487.jpg,4,helopeltis,256,256,5589,True,,d688d05539f63ab90ed7ade1aa53181e48551721da9c17414b705836652e99f8,0000c0c0e8701000
dataset/red_spot/image_0_1142.jpg,5,red_spot,256,256,5602,True,,a0b2c71f09358d6cb2b62d1e49526a8668fa816223a83893f41f1a800ee73f9a,000270f0e2f80800
dataset/red_spot/image_0_1975.jpg,5,red_spot,256,256,5521,True,,4cc558dd2858b03ff3b0bdad747abf83c1a1013c7a8565ed8ddbc5fdac4c5470,00606078301c0400
dataset/healthy/image_0_784.jpg,3,healthy,256,256,5260,True,,e5d34ce6d70dcbdf6a3d127e1ffdf65d12ee2bfc0e2d2021f2022e519d22db4c,004078f0d0e00401
dataset/helopeltis/20220101_105531.jpg,4,helopeltis,256,256,5491,True,,a47512d683dc13f66afd14e136c0c87b90d2904ed52398d65deef5e60da619f4,fdfefdf8f0f0ffff
dataset/healthy/image_0_889.jpg,3,healthy,256,256,5187,True,,b0727971e861355d6a306e3344937eb33a5cf126b461d7bc9a40575fb2a3b69f,010843a0d8fc1000
dataset/brown_blight/image_0_7927.jpg,1,brown_blight,256,256,5146,True,,1d4a2f8fd9648ae549677e258af64375c5989ba39d5882ec35d46bea4508fa4b,00057ee2c0c80000
dataset/algal_spot/image_0_1298.jpg,0,algal_spot,256,256,4511,True,,fca60da7db44dc6594966a82272c21286bf95646f58f56c9399e76716c93b867,000060c0e0700000
dataset/brown_blight/image_0_8281.jpg,1,brown_blight,256,256,6392,True,,0d755b3b5c0b3d446e8976f0dafde8b89371e04b99c77e811147843bb4a26b65,1f07b190e470070f
dataset/red_spot/20211225_223812.jpg,5,red_spot,256,256,4419,True,,6764c9b7383777f9502a20f29733bb1270cad12d1dc3221a7d6ef5d216ebe120,0301037160210101
dataset/red_spot/image_0_1999.jpg,5,red_spot,256,256,5736,True,,6e48d814126bb1807a3fdca43be12a139ab5b979ba3d2e0a7769e336e125bc75,0080c0f1e87c9cc0
dataset/brown_blight/image_0_5346.jpg,1,brown_blight,256,256,6197,True,,5b757c7e6e59467d790077c898128e2494f3ab61ffca6fc0cbcd3bbda6e943df,00003cf090d0c000
dataset/helopeltis/image_0_653.jpg,4,helopeltis,256,256,4193,True,,75117e5da00105f711fd352ad014cff523229bd023d25ce81b6e21a1d1e74458,fffff7f1f9fefeff
dataset/gray_blight/image_0_2239.jpg,2,gray_blight,256,256,6044,True,,eed2c91765437848b18e20fa3d1487d01e4c5ff9639e31499fbd335d341578f1,fbcebcf8e8c1c2ce
dataset/red_spot/image_0_1288.jpg,5,red_spot,256,256,5174,True,,7687f5443ebac35ace9d9a2326cb22a67ef0779f46cb11cba92527cbf28bb66a,0200c0c0e4f8d8fc
dataset/algal_spot/image_0_3602.jpg,0,algal_spot,256,256,6339,True,,729ab8cd6282364d74d3dbff254620b00f2081d1da6e8b6db89506c56f966cb7,0a67e098e6780100
dataset/brown_blight/image_0_3057.jpg,1,brown_blight,256,256,5084,True,,2d98cfa12233d66238d205ad3aebc7652d305be618310aa21ff13b54c6f9923c,07030678e1e30303
dataset/helopeltis/image_0_2855.jpg,4,helopeltis,256,256,5848,True,,f81539fc7a13161a0cc77b1a16a34d58dc83662fa6985d9a5c3f6380c0408547,00010c58d4e07130
dataset/brown_blight/image_0_9843.jpg,1,brown_blight,256,256,4761,True,,1cef5862144c61291659468d30061c8781a39c5769ec249d86f7228ecc7f7fda,30c4e2f979380c00
dataset/helopeltis/image_0_3216.jpg,4,helopeltis,256,256,5091,True,,e0b8c20baa70a166494544129efc57cf86ee0bb01fcc3bfc9336628e4c3ba750,fef673797938381c
dataset/healthy/image_0_553.jpg,3,healthy,256,256,6113,True,,889fc5f4947ca96bc5d2b787814b823417e4fa14b966cee6a6c9aa229e4d58b7,0000e0e0e8fc3c00
dataset/red_spot/image_0_3185.jpg,5,red_spot,256,256,4969,True,,77253013b1e9d6577c9935b2619ddde770f096a97de073674238173a43806a80,bd8fb8f8ccc8c8ec
dataset/healthy/image_0_792.jpg,3,healthy,256,256,6875,True,,dab282c6f60ccfd4ba996d2f834ffdeb1a9b9aeeb5568fc908ab0b277beab42b,7b0fe3f1d8e47019
dataset/healthy/20220101_113422.jpg,3,healthy,256,256,5508,True,,87a459ec68b4aedb78983592b8805ae17a97ea1a0f6af7c37d96bfcf0f19e3be,fdaf79f4fcf0f1ff
dataset/red_spot/20211228_123118.jpg,5,red_spot,256,256,4827,True,,e12fe0f314e988a158561ee3d0e4cec98ab8c6a3dee77f942849f9a183e56a30,ff9f70f0f8f9fefe
dataset/gray_blight/image_0_2254.jpg,2,gray_blight,256,256,5312,True,,ca04aa65e2a32cc3e17cd401ebe8a95742586e83248071ff1347f9aa637fcc66,fce738f4e1e16f7f
dataset/algal_spot/image_0_2231.jpg,0,algal_spot,256,256,5880,True,,00dbd000a466fa652cd8e18d71ab9ac2b736c3c64725570de7c3d1d2bb4d0b5b,3e81e0fcf0e10c00
dataset/healthy/image_0_628.jpg,3,healthy,256,256,6016,True,,e3381ec8d3b4c0b7952f9d513bb68326ba2a909f8dd7897a6d7d55bd4a2eea11,0997d0fcfef8f8e6
dataset/healthy/image_0_488.jpg,3,healthy,256,256,5312,True,,4fe6277e430f5995884000185aab8a84c2a2570481db7f35eb2f729d2b7f66a7,000062e1c0fc7801
dataset/red_spot/image_0_1730.jpg,5,red_spot,256,256,4179,True,,137fa1523e60fbfe4d518ce5591299ab2ae036b8c3168fcd81cc2837d943a59d,fffffdf9f9f3f7ff
dataset/red_spot/image_0_2330.jpg,5,red_spot,256,256,6170,True,,9ddae772b25ac8fcdce816e692b11b1f195c748088d47b620c4cd6072a40c5dd,3d7cf8f0f8c0e3ff
dataset/red_spot/image_0_778.jpg,5,red_spot,256,256,5228,True,,0c1df139ac767783b5a5b5820a8e63ac387dd2280a749fe2e67ae38d72fa4982,00001cb8b0e1e7fe
dataset/brown_blight/image_0_4385.jpg,1,brown_blight,256,256,6334,True,,a4334ae662467330d0815fe90915f3255b56f759950567416ecf4a5cc7c5b9b4,7f3fc380ccd87f3f
dataset/red_spot/image_0_2960.jpg,5,red_spot,256,256,5248,True,,8230988eb9a0963aef557234e2aa061de9d7ad09da55291223b9e8a07a729a30,0000e0e0e0600000
dataset/gray_blight/20211228_154642.jpg,2,gray_blight,256,256,5090,True,,01b9b5a3e8b42ea34588eb33f290499cd55eb526d06893c99d37cf728b52f299,3d33f0cce073df7f
dataset/gray_blight/20211228_153156.jpg,2,gray_blight,256,256,5769,True,,47100413e41580eb57036d52ddae3e717edd9aabfe36b024f88d051084cabccc,cf73f0e4e0e01fbf
dataset/red_spot/image_0_1462.jpg,5,red_spot,256,256,5734,True,,a2ae49188d0319549dcac191efb54e7b3373bdaef3c5fa03f0d0e023867f0972,06013c7ce1c30480
dataset/algal_spot/image_0_3889.jpg,0,algal_spot,256,256,5406,True,,879fdf3dabcc34d492e417ef2765003c1b1c3bc59701b91f59bd76bbfae69f5c,00c6c1f0ec7c0400
dataset/brown_blight/image_0_4746.jpg,1,brown_blight,256,256,5465,True,,c0acc9ca47c40049efa546437ee546a448d9954dc26d127c1ea9122be29b6618,00003ef0d8990f7f
dataset/algal_spot/20211227_140359.jpg,0,algal_spot,256,256,5727,True,,8715aac740584238da8e2b8ddb20184cc808dd53f9f31741323c007bcbc897bc,060f61e0dce06393
dataset/gray_blight/image_0_247.jpg,2,gray_blight,256,256,6251,True,,cd373711b85e9066184b38f5fcb043c3a5a9713a4f88f90453601ffffb89cb0a,0018f0d6cece0003
dataset/brown_blight/image_0_2497.jpg,1,brown_blight,256,256,5662,True,,c90f8c43201b25be2d1e064af9defd3562ebe073fd3687cab39302226145d7a6,0841f6b6b8f00e1c
dataset/red_spot/image_0_1680.jpg,5,red_spot,256,256,5654,True,,e2aa92779b70602469e991bae0514e3e8d4c86e57363587cb2fbcdfa5477bae2,000070f0c6f0f126
dataset/red_spot/image_0_990.jpg,5,red_spot,256,256,5459,True,,5922574932c2470c1400185f34ead1ff35bdc243a2490961a265f6f947083a3e,000eb1f070380000
dataset/red_spot/image_0_2913.jpg,5,red_spot,256,256,5513,True,,35e651808a1e3613764baf245f4b6275d93fa284ce1fec913e109db7a1ed852f,382ce3c0e474b888
dataset/algal_spot/image_0_4046.jpg,0,algal_spot,256,256,4873,True,,75efdab300430235b2793b70a4ad32dde2d102ca41b600284afc61e2a796f17b,03070779f8f1c3c1
dataset/healthy/image_0_1710.jpg,3,healthy,256,256,5379,True,,e79cb679611f6d5a9a2fdbfc9e52ad962c72e0d786387dc87158768e44aac5e4,f0b0f0f0f8706072
dataset/brown_blight/image_0_6476.jpg,1,brown_blight,256,256,5478,True,,e1a37b92eaed888753db070b640680da5a62838349f515b10729ca878001e733,00001474e0c00000
dataset/healthy/image_0_2753.jpg,3,healthy,256,256,7081,True,,c0153919a2b77a7228cf265b209e33d0cc30e7c74bce722c273114d1c9613f5a,000038f4f0f8e161
dataset/brown_blight/image_0_4337.jpg,1,brown_blight,256,256,4827,True,,2967342b3455b63c8cb7042611c6d21ec2e9b13fd163ab171c259945db447546,00001c70e0c08000
dataset/helopeltis/image_0_749.jpg,4,helopeltis,256,256,5112,True,,598157fca608faaf0b5380d6dd4a9b0de2c30729ad3afafc8da9452eb0625327,0020e0e0e0783818
dataset/red_spot/20211225_224727.jpg,5,red_spot,256,256,4617,True,,dba8ae36308fcb94c096a11c603a29d98238bf3616342fedbb7032014b8867d7,010103e0e0310301
dataset/brown_blight/image_0_7687.jpg,1,brown_blight,256,256,5255,True,,a4eae5c8a816cbf417f7fce06ce8fb755d3e9bf15e98181bd37ea4dddee934f9,0060e0f0f8780000
dataset/helopeltis/20220101_122313.jpg,4,helopeltis,256,256,4536,True,,7443ac553c2e256d4bb1e9c839fdfda039cb174fcf48fa3bfc3a6a1daefd71d6,ffffb7f3e3c7ffff
dataset/gray_blight/image_0_1827.jpg,2,gray_blight,256,256,6169,True,,b68fc4da83ada62c1b07947a2013d28691876fbd461da0b54bff0d9bf07880ca,40c0c0c0e0603018
dataset/gray_blight/image_0_3578.jpg,2,gray_blight,256,256,7561,True,,a0245c96ab8b0348e9bed4b4a006947578efdfe063ed5a7dbea4639502f4a8d7,d7b97cd69cf8c27f
dataset/gray_blight/20211228_140108.jpg,2,gray_blight,256,256,4921,True,,b3ebe80281b3b06960016b1cf486375c3246015ea670bf37848acbd44d337a03,000070f090e0e018
dataset/helopeltis/20220101_102238.jpg,4,helopeltis,256,256,6734,True,,eb4a27615c3e41999be3db3f3059b0c4e9e2b1945512d66fbae14926f56d6782,40c2b8f8f6dcf031
dataset/algal_spot/image_0_568.jpg,0,algal_spot,256,256,4885,True,,be8d699625d7c7bb6c9efcac6c99b549563e187d7ac437fa3aecbfa812dcd4e1,6e1fc3c0f8788dee
dataset/red_spot/image_0_228.jpg,5,red_spot,256,256,5326,True,,3dc8c3ad9803c488d839aee18b0adff164e3a160364057c47414e37501242b6d,ffcff9f8ece0e000
dataset/algal_spot/image_0_960.jpg,0,algal_spot,256,256,5230,True,,e82150e54de0b01326b7560487638ef1343597b01dd2b4c923fb0614350ffb9e,ac873ffce0e39fff
dataset/healthy/image_0_3576.jpg,3,healthy,256,256,5580,True,,95186fc59dc94682306509726b49e3cf4f57492af8d388d89759f597c1007638,0000f0d090c80000
dataset/algal_spot/image_0_3685.jpg,0,algal_spot,256,256,5331,True,,a75d8f1f6a396216b7e8f5f22202749edddcb2676108bb286fdebc85e9f49a4f,820c1c3879f16265
dataset/brown_blight/image_0_498.jpg,1,brown_blight,256,256,4821,True,,f7d92caa597a6a89828336ea4f01c2fef0446dbc637384997525e82c7d3c32cb,00c0e07070381cec
dataset/algal_spot/image_0_4183.jpg,0,algal_spot,256,256,7147,True,,9046196b75197b65c73492222bc24b3bef6f553eed7291f48045208f13d5cdb9,60e0f8ccf03800c0
dataset/helopeltis/20220101_095608.jpg,4,helopeltis,256,256,5460,True,,5d57454932bc76a4bad6975dba81cc7d1401962b936945f49f0131f4b43e4342,b0dc39f8d0e8e9da
dataset/helopeltis/image_0_1477.jpg,4,helopeltis,256,256,6217,True,,00c14155af2f5bb83e3a578a4571054b43880bfa728428682ed7d892fa5548c3,ffe7dcbc78e1c73f
dataset/red_spot/image_0_147.jpg,5,red_spot,256,256,5224,True,,a6208d62e85bd7dc4c1ae5d9f9cd303add47e0501988afbcc705f457e856fa8d,0761e8ecfc781802
dataset/healthy/image_0_2348.jpg,3,healthy,256,256,4917,True,,f3c96b641c1de41fd5639f66589131220ffef1de64ebcf0baf7c0136bc4e95a6,ffeffcf8e0e1c101
dataset/helopeltis/20220101_095652.jpg,4,helopeltis,256,256,3786,True,,004f8b1040145094f2ee4eba26b40c9b8a241e806eb0da7c6b67fcc38d739965,d2d69839f2e2cdd9
dataset/healthy/image_0_720.jpg,3,healthy,256,256,4687,True,,b2bd8575692611f199911ff36cba777f42c8b14a1453af2400cb8f04da441108,feefbc7cf8c1c77f
dataset/brown_blight/image_0_8312.jpg,1,brown_blight,256,256,7579,True,,f7c684e807518704149f69c41c655ad62a4fb6534b22f108dc6760840b999b7d,0f397cecfcf03107
dataset/brown_blight/image_0_2227.jpg,1,brown_blight,256,256,6634,True,,4a1fffbc2ec0537cafd011547195f9ed2534fdf3a60861d6e7b700cd420dfc29,fffefeba70f1e7ff
dataset/algal_spot/image_0_3611.jpg,0,algal_spot,256,256,5131,True,,45ef512fe2d39e79d213ee7db6837fbcb0fd81e695554dd3a2e7789d98b0272c,000020e0f8f07080
dataset/red_spot/image_0_2621.jpg,5,red_spot,256,256,5660,True,,69cda6582d427be359edda0ac90a483a2ef02367f5a3637e91d3e1f1b6192595,808d72e28cccd1e8
dataset/algal_spot/image_0_396.jpg,0,algal_spot,256,256,6545,True,,25d444042a53f5e3ba92120cb4fe7a81c2125bd18be70616411cf7dc2a2721c2,409882e1783c0c00
dataset/brown_blight/image_0_3971.jpg,1,brown_blight,256,256,5578,True,,3bf1e521a9d32500d5e04e15b2142b936683260cd092727e44406c2c9f10bac1,1f1f63e1e8701f3f
dataset/algal_spot/20211227_132404.jpg,0,algal_spot,256,256,5251,True,,d75dbde26cf21d1e6d3e6b46a2fcfaa05fd912b1d6bb048095f67d5a8b416540,000863e0c880c1f0
dataset/brown_blight/image_0_5011.jpg,1,brown_blight,256,256,6904,True,,c46349e6a76838ac2a4cba0fb93c9383cdbbeb88da7b6a104c4978bcd7d55f0a,00033670f8984040
dataset/brown_blight/image_0_5963.jpg,1,brown_blight,256,256,5520,True,,5867900399b1b9c44ff16787b72caf6f84e1efcd1866d90b2f37a85dce058009,b3b1b1747470f2f3
dataset/healthy/image_0_3510.jpg,3,healthy,256,256,4425,True,,1081e9ce43a31f4e10feec5fb6b94e1eaad3753da11dc1fb954fc121b5d4e588,dfe7f2f0f0f80907
dataset/algal_spot/image_0_1874.jpg,0,algal_spot,256,256,8214,True,,7fb309376c4dea3f73d24f17bfb49b40071a9990f2300e38b80fe0d84fbd10f6,07e1c8fcf4e06000
dataset/gray_blight/image_0_1707.jpg,2,gray_blight,256,256,4780,True,,e37f5c177c12dc8a911e7fcf0a314c44939b705286b90f899d3d83ef74a79da4,000080c0e0380c00
dataset/red_spot/image_0_3064.jpg,5,red_spot,256,256,5495,True,,35bddbc73acf272a8cfcf81dbfeff4ff34c7ff415931be99d506512ca1841a7a,73dcbc70e1c3c73c
dataset/helopeltis/image_0_2101.jpg,4,helopeltis,256,256,4805,True,,79c9bbf1b562bfb46af5da327643defe29d27464ec85a44120cc9f119baba416,0000c0c1f07c0301
dataset/healthy/image_0_378.jpg,3,healthy,256,256,4924,True,,b235fb7bd62e0b6669daaa6f3c998bf80f924d77f1ee0aa832a062bae7d4413f,f2b2f0f0f0b03818
dataset/red_spot/image_0_783.jpg,5,red_spot,256,256,6199,True,,5592a0d9f950b105aa59f9454c85f4a1ad217b9124495de5da0211b02385b014,7f87d1f070b8ffff
dataset/helopeltis/image_0_2119.jpg,4,helopeltis,256,256,4353,True,,cb791ba2facd88527866e4bc81f511ac10df556196d6c1939bbf80bdeba868af,130c3879f1e3c738
dataset/algal_spot/20211226_102452.jpg,0,algal_spot,256,256,4442,True,,6707e659a6841b8e92b58bab684b39dcf73f33c3b6e1df11558e69aad353f137,fe8f71f8f8f89fff
dataset/algal_spot/image_0_3221.jpg,0,algal_spot,256,256,5414,True,,a0c4f9ccc5d11ff501a2c92ed8071047d713ee322a153f29949213c817becd98,000038f4e8e0e000
dataset/red_spot/image_0_671.jpg,5,red_spot,256,256,5358,True,,5d690d48dd287ae52f5715e81efc7deedb8b2010660eb241872c54808e7d31a9,00001878ece0e1a4
dataset/healthy/20220101_104622.jpg,3,healthy,256,256,4788,True,,d3feaf6ebc4ada6d667d71a5120f40152a806a6d64066a2022363378624f749b,e199f0e0f0ffffff
dataset/brown_blight/image_0_2284.jpg,1,brown_blight,256,256,6881,True,,a46a6f0a0fdf91b33b4e2ec83d41c7fa67df79e630adea7233d899381a283a6c,7f3f78e4ec70330f
dataset/healthy/image_0_3157.jpg,3,healthy,256,256,5403,True,,5c42cbf592b07997db33dc0e30f607c2b49d0c1964d7bb8f2a725c3894b29aa5,ffcfb876e4d8f13e
dataset/helopeltis/image_0_4201.jpg,4,helopeltis,256,256,5885,True,,2edb93e86d262650fdd866ae35c2c40c2be2ec2c7d864346f9ae629412f83b56,7dbd9ec2f0f8f8f8
dataset/algal_spot/20211226_102049.jpg,0,algal_spot,256,256,4253,True,,1a7188e1174aaa18c036b9de7a711efcc886021a6424d736537ab777b668f102,fccf71f8f078cfff
dataset/algal_spot/image_0_2000.jpg,0,algal_spot,256,256,7299,True,,99287cef119b7ad2fbb4bfc631966d5a8f45512119ca4ae2c2e53cc03ebabd7b,e7bcf0e0f0f073fe
dataset/helopeltis/image_0_2327.jpg,4,helopeltis,256,256,6091,True,,b81005025456aa882301c110c60682cbfd8f48699de840b112245d7ab26fd9c4,3fc7e1d8ecfcfcfc
dataset/algal_spot/image_0_2416.jpg,0,algal_spot,256,256,4769,True,,cdae1d7ff4f0fddffd4d6c02e2a8151c379cc1acead96446f59a99751d60f06c,2e1ee3d1f87899ff
dataset/gray_blight/20220101_115020.jpg,2,gray_blight,256,256,5852,True,,18cc69aa7a94b7d6e0a845eb35720db9d131889689b1eed3f5f97dcfb13ff621,7f5fc7e3f1f8f8ff
dataset/helopeltis/20220101_093501.jpg,4,helopeltis,256,256,4354,True,,dcad3d9e3ee63aeff2e3ba9e1ab0c333d6baf375860733fed388da0933e4b085,ffe7d9b87c783baf
dataset/gray_blight/image_0_1905.jpg,2,gray_blight,256,256,4418,True,,c6c71fab3bdd3d39b7da0800631e102d9beff886f04216f38059961a55101041,1283b878e0e00cc0
dataset/healthy/image_0_2946.jpg,3,healthy,256,256,4845,True,,2419fb8d6b671ddcaa317e1fb945e808366e93e43aac51b078972248b06ca08b,00000878e4e06004
dataset/brown_blight/image_0_8056.jpg,1,brown_blight,256,256,4735,True,,d7cff0c26a11657b403d65411039256775425ac85cf04dc0bbae2944fa87bacb,0080c0e0781c0000
dataset/helopeltis/image_0_2962.jpg,4,helopeltis,256,256,4986,True,,354c56d6eceb0f6ae86dce5978fdfb92327fb829b84fad4e67b713e82a96a91b,3bf3dcfc69f0c000
dataset/healthy/20220101_103605.jpg,3,healthy,256,256,4531,True,,1c8691d7b1b2f0a052dafed082cf1251f36a417f445cc375f4fbd72dcb95e4d4,703c7ef0d8f8f8e0
dataset/helopeltis/20220101_105416.jpg,4,helopeltis,256,256,4995,True,,a2075038949a20c4507f378a4f21c9838e67aedc3f272c5dd289075529c9f618,fffff3f0fcfefeff
dataset/brown_blight/image_0_4961.jpg,1,brown_blight,256,256,5453,True,,0a36dba27932cbe0123b3feff24f16b9eb7789782ed15da8a8a5e24d85b7415a,03030470e4f10303
dataset/red_spot/20211227_162208.jpg,5,red_spot,256,256,5170,True,,49723d5d33cac609ae69f4e066071d9396294f512495c08e10bb9c224fc8131c,fa9e70e8c0f1f3ff
dataset/healthy/20220101_094425.jpg,3,healthy,256,256,5072,True,,4141dc0df817d244b2ce5d3f70ac8af31873cc259948d7ff3f31bc82e7e4f31c,008778f0c8e00700
dataset/healthy/20220101_090010.jpg,3,healthy,256,256,5154,True,,8833cb650fadc5166a7782893e6e8d0d08c659e6a78634c3b507e558d7fa1e79,ef9f70e0cef070df
dataset/helopeltis/image_0_1060.jpg,4,helopeltis,256,256,4208,True,,afae1e81b21aba51960f41665c27ace05d2a1d12b39a8921256da0f35804afab,7fbc6c60f0f8fecf
dataset/red_spot/image_0_1029.jpg,5,red_spot,256,256,5296,True,,f505cb98748e5c4ed1f924c5f0ce29b6a52179ca79c09a2db059b3d80c519848,38c4e2e0e1703c07
dataset/helopeltis/20220101_121719.jpg,4,helopeltis,256,256,5766,True,,a2086e4fa26d9eb5994ff7a80f7f9890b93d1bdd571a32cf424147a081b43498,efefbbf8e8c8e0fe
dataset/helopeltis/image_0_3007.jpg,4,helopeltis,256,256,4994,True,,2c780c1825bbc9f19aaf1483003434eb8a74f2370f6381719e502754d730145c,01041c3870604040
dataset/healthy/image_0_1940.jpg,3,healthy,256,256,5585,True,,3619b09f12d8e9fe32b01cbc4b275105b390f13060c66e45cc11c173814b4226,f3bdf0f8f871632f
dataset/red_spot/image_0_696.jpg,5,red_spot,256,256,5381,True,,f7ded1fa777e94d904b4acc272cb8ea9dd33380c74936d7198f6bc5d64dc83a8,00043c7468e0e0e0
dataset/helopeltis/image_0_1799.jpg,4,helopeltis,256,256,6042,True,,26390e25eeff0243350a534cca702488f8487444546f69a5cba00634434042eb,000671e8cce4e403
dataset/gray_blight/image_0_3715.jpg,2,gray_blight,256,256,5810,True,,fcf51fea3700159d011543c9fd375b3ff01a6e8d27c7ed9516d69d59b4d7b24e,000078fcf8e0c000
dataset/helopeltis/image_0_704.jpg,4,helopeltis,256,256,4867,True,,7fabf69d996c408bf096324a288705202f4035532cfc1282bfc7ef1fdce6626a,0000e0d0f8380800
dataset/gray_blight/image_0_3683.jpg,2,gray_blight,256,256,5009,True,,26638d2bb7701e52f000e9010c07597b7d6159b1ba5db299202edecf5bf0eb98,000060f0c8e02000
dataset/algal_spot/image_0_1018.jpg,0,algal_spot,256,256,6933,True,,d84d551045a5a45016fd435f6e484b4c0a616582ab6677aa80022b4645082916,fe7fc3c1fcdefc78
dataset/gray_blight/20211227_164028.jpg,2,gray_blight,256,256,4729,True,,a0040a50842b2955461badbd40fbbe93ca19682c705adc72b0e5cd218217e990,df879978e0f03ffe
dataset/gray_blight/20220101_114801.jpg,2,gray_blight,256,256,4973,True,,e56e47e710ec0fd6d0c36f86f2e7f17dcf87da54a8a53776ce2ec11389003c2d,ffff75f0fcf8ffff
dataset/algal_spot/image_0_4071.jpg,0,algal_spot,256,256,5580,True,,9780a8d1243da625df5dd2e07150138acc25938257aac79965565965115b6008,678f38f8ccf07fff
dataset/brown_blight/image_0_2777.jpg,1,brown_blight,256,256,6182,True,,267d01399ffadefca72691bfaca0ff1586509f0ca23648b389363c3406887a80,ffdcbef8f8c1ffff
dataset/gray_blight/image_0_4275.jpg,2,gray_blight,256,256,4754,True,,c18165b882d2749e0f39d0af9d307e1fa977b4af4935d09cbd58c3cc038b5718,030161e0e8701ffe
dataset/red_spot/image_0_2353.jpg,5,red_spot,256,256,5384,True,,c012a63df4366594f3e113411a3551e359caf78edb177ebb0babbc1c31cf2b90,2e3878f8d0d0e006
dataset/algal_spot/image_0_3695.jpg,0,algal_spot,256,256,5945,True,,80ecc8485d8f8e5282a5697b468be0648e47eb417f955d8a469daf43f6415582,e06ce1c0fc7c0b48
dataset/gray_blight/image_0_2680.jpg,2,gray_blight,256,256,4841,True,,e787a68f0885d599a001170c0a09203551050947d41a3e7d2d6fea5467c5ce0e,1f3f7e7cf0e3c6fe
dataset/red_spot/20211228_125730.jpg,5,red_spot,256,256,5323,True,,4e0d333ec2b4d7372663319ebba2408d34ba1d9166e0d8972207bb45e247fe2c,ffff3ff0e8f8f8ff
dataset/red_spot/image_0_2091.jpg,5,red_spot,256,256,4155,True,,0f9cbf2caf9f2b834e08df1d238f817d6cfbfb88e94b574907190eef2c7754b1,000030f8e0600000
dataset/red_spot/20211227_160045.jpg,5,red_spot,256,256,5302,True,,78186fad17d34928639d942f27d1e9ace8f25604fd3514006f1037a2cc0f1c41,8006f0e0c8d00000
dataset/helopeltis/20220101_105511.jpg,4,helopeltis,256,256,5564,True,,a6b496022c142c61cc78648b9fd0ccde86c49a8848d9c3c0a45862c825b0257f,fffffcf4fcfcfcfe
dataset/helopeltis/image_0_1240.jpg,4,helopeltis,256,256,5309,True,,bcf906dc88c8aa72e07bca8672e2b9706b15fdb2996356a8cd173afc1b17d2ea,1d4c6060c1e8e0f8
dataset/algal_spot/image_0_1218.jpg,0,algal_spot,256,256,5630,True,,32d5dff5f7da5139404d7affded1db7db12cb25e2c9d12d8ae9987a54ebdf7b4,0084c1d0e47000c0
dataset/healthy/20220101_094513.jpg,3,healthy,256,256,4622,True,,186a28efbf5d65b048c3d6a90b8b572de94132a3d0a0ed6f78ca82796f19308b,04183931717160a4
dataset/helopeltis/20220101_095137.jpg,4,helopeltis,256,256,5017,True,,bdf46ea21af3a9607b1be897d5e054f030cf9af0b0b19f0e9890eea41fb2ba41,001178e8f0f01c78
dataset/brown_blight/image_0_7424.jpg,1,brown_blight,256,256,4536,True,,204f5f960072cf8702e6db6d099011f0cdffe9d6dd2ec1ac232ee4c7c8d37069,00c0e070781c0c00
dataset/gray_blight/image_0_3804.jpg,2,gray_blight,256,256,5731,True,,f49364cec8c4a3f06a67a46a9b1a1e1e91b9261d57c905c92c7c349589564836,000080c0e0f0f8e0
dataset/healthy/image_0_658.jpg,3,healthy,256,256,5442,True,,8d1045b3e0ffeae1d0c2608f03b67077650f30c0d959778d6d149802c675de4f,7e3f86c1e1703807
dataset/helopeltis/image_0_2373.jpg,4,helopeltis,256,256,5963,True,,3b5bfd117c612fef658bca4e8d398c2789763f3b212b5bbdaf88e144d8bcbb6b,fefcfcebc8e0811c
dataset/brown_blight/image_0_155.jpg,1,brown_blight,256,256,6043,True,,f9a21cb323d636f588be97ac5f254e905a9385622391d4067dacc69ba3411068,00023e74e8d8f070
dataset/gray_blight/image_0_1816.jpg,2,gray_blight,256,256,4546,True,,9238fe6d4da23d2be26673cfc87ea6498cf6e77cde682c81e15ea52dcc42256a,ccce78f8c0c8f8f0
dataset/algal_spot/image_0_1703.jpg,0,algal_spot,256,256,5322,True,,f7105f95f6324824824a91d3c0cfe77057652093676cb3c643b8bfba3664b6a7,9370f8c8f8f18ee3
dataset/gray_blight/20211228_153417.jpg,2,gray_blight,256,256,5477,True,,df78c1621c0f35820a27dd88f62fc98b1fdc08678a8054497385a03fda1fc164,0e0bf0f4ecf89dcf
dataset/brown_blight/image_0_2844.jpg,1,brown_blight,256,256,6210,True,,71ea4c54ed60b6f7081b27f275406122dc98af53ec7512d6feadd3b92a95348b,000088c0e0340602
dataset/helopeltis/image_0_164.jpg,4,helopeltis,256,256,4666,True,,00f4697e0189219b9f26263399e820c8308eab466b9af0b6c5bc263eddeccda1,000060f0c0000000
dataset/gray_blight/image_0_3939.jpg,2,gray_blight,256,256,5199,True,,279d1552f3bba64c52bf7306d6d3feccb0490df196a202e4ce37bcf952beacb3,7098c0e1e8743c0e
dataset/red_spot/image_0_994.jpg,5,red_spot,256,256,3803,True,,006d162a4067763cd4dc686de48c3189268bf3e76fd64bfabbddd68437b76c79,0000c06070380000
dataset/helopeltis/20211205_160923.jpg,4,helopeltis,256,256,4998,True,,021a505bf60b9d53a9e4f9bd0388c1763b166f36b626f4d95f332302695ef218,ff9f71e0c8f81fff
dataset/gray_blight/image_0_1150.jpg,2,gray_blight,256,256,5609,True,,cfb27e18dff83c64a56f4db035018d9fc281bff6dac296f5f8f8e59c5025a1df,ffefbefcfef8f166
dataset/helopeltis/20220101_104250.jpg,4,helopeltis,256,256,4829,True,,6b161bd07f164eafde7d2afadcd3624e5b9a899c0a16ce3b0cd96d9c2a01e425,fcfef3f9f4f8dcfe
dataset/helopeltis/image_0_3669.jpg,4,helopeltis,256,256,4079,True,,5d97ecc021591a96b889f3d9820e69fb098aad2ffeb6763f2b557361ec2b7053,00000080c0f17118
dataset/brown_blight/image_0_6150.jpg,1,brown_blight,256,256,5811,True,,84f168d01979fe967a5ffc6b5cbd64191a78d0cd7dbc95cd21d6c59240c9f0aa,02031a3870c18700
dataset/healthy/image_0_2713.jpg,3,healthy,256,256,5169,True,,2436a2e42aac37c65f2cf8b0e7b5037e3b2c5d339303b82a1cc82abcdec6f27b,0000e0f0f6781c00
dataset/healthy/20220101_103934.jpg,3,healthy,256,256,4777,True,,1e06ce6c08235eef4edec95c38529f70a2d87be5b4b84a6930ae13d80164d650,16f1f0d8f0e6c0c0
dataset/helopeltis/image_0_1452.jpg,4,helopeltis,256,256,5763,True,,50438b86b99ef882c95d932a0b349a5c4298a5259c07a6b8d8fd42eb8c8ac927,003078d8d8f02000
dataset/algal_spot/image_0_166.jpg,0,algal_spot,256,256,5508,True,,b02d6c3d440f9dc13319b8caeb6d4423b560d30dbc6b8a6a935f1165edb4dbed,0164e2d9f8f8f0f0
dataset/gray_blight/20211228_141754.jpg,2,gray_blight,256,256,5319,True,,7594aa2e88f0665830790ea00f6d48664dea9956780905833fb3741faa4e49d2,000270e0c0f00300
dataset/algal_spot/20211226_102406.jpg,0,algal_spot,256,256,5247,True,,a03a9f1d900cde045055aa1f76e1bf3aff107f180975c3b44188577905fe426c,fe9ef8f8dffc78ff
dataset/gray_blight/image_0_2313.jpg,2,gray_blight,256,256,5400,True,,5ab040332fc9512e6c8c1696f08f6328bead19a776c2fc60773357b76afea7e4,0303bcf8e8d1ce2c
dataset/helopeltis/image_0_3238.jpg,4,helopeltis,256,256,5387,True,,305ff8409c5cc20271242a22e1988d368c60bd0167e2695a343a06799e66858c,5f748683f0fcfcf9
dataset/algal_spot/image_0_2423.jpg,0,algal_spot,256,256,6211,True,,a09a124d6a9be8a257f02aa698619b2b32a2405718e410eb2c7163c45434df56,20e0e4c0f0e06001
dataset/gray_blight/image_0_2795.jpg,2,gray_blight,256,256,5809,True,,b618fd0be17ccf4b50d121d143eb26010c666a250163f10e3bf23ab40190a9c0,0426e0c0f8fc0000
dataset/healthy/20220101_090215.jpg,3,healthy,256,256,4590,True,,b1a80bd3084cd94781d62ba4a3ce9eac1db7391ae1bd6424fbcef2c5b97a759f,ffef3ff8ceece03f
dataset/healthy/20220101_090728.jpg,3,healthy,256,256,5226,True,,781fec2873c8dc3994cb364062e10a9eb76ca30e09d3828f50cf1d2c20de209c,ffcf33f0fcf870df
dataset/healthy/image_0_31.jpg,3,healthy,256,256,5768,True,,e90454aee77e02df2430ce60b264b07e60b6a7f74f7ce90b5bd8eb10d4344ba2,07073c7cf8c1cf7f
dataset/helopeltis/20220101_095321.jpg,4,helopeltis,256,256,5389,True,,f543018ccb6d9f86d99205b4b923a0ab6f153020de0a0ed1b910ffca52d4ebc3,008671f8f8f162fc
dataset/healthy/image_0_634.jpg,3,healthy,256,256,4203,True,,1bc12bf081417506f6521360cf89e1366dd5f3afa33c3c5a6cebb1380f0c06c6,0f0f37726270b0d0
dataset/algal_spot/image_0_1547.jpg,0,algal_spot,256,256,7742,True,,0b20e79fab59d9aa20324e8e8c411728cda3198aa94fad6cae1b3078ec3ad931,43b8f4c098e0631f
dataset/healthy/image_0_1452.jpg,3,healthy,256,256,5140,True,,c3970c839c750ed2c3b91584e78e604e2777265630038a93828e963c19959fb8,00c0c2d1e8703c01
dataset/helopeltis/image_0_3606.jpg,4,helopeltis,256,256,5024,True,,6902174029a4fd8f7e8fe85c258c41e78d024004aca30f50fbf3f074479eff8c,fe9fe761f1f1f9ff
dataset/helopeltis/image_0_419.jpg,4,helopeltis,256,256,4887,True,,37af6753527343fb4e504ba2c7998e2c50def0e25266579027375fe396bade08,0000c080d0f00000
dataset/algal_spot/image_0_638.jpg,0,algal_spot,256,256,4967,True,,17ff150b463d014861744ea573458ebf0d04aaf9af3d11447858d6e3e886c8e5,074cbc70e1c3e73f
dataset/gray_blight/image_0_226.jpg,2,gray_blight,256,256,6000,True,,2ca4b69e9e38d4e25b38197efadbd6134956c53d7938fbc6a082d9f82b2b33e8,0040c0e0ec683012
dataset/healthy/20220101_090248.jpg,3,healthy,256,256,5225,True,,6aabef83792ea7599d8390e53038fb62385fbcf2043de659824084df87cd5c27,dfdf77e0cce4e0bf
dataset/healthy/20220101_091250.jpg,3,healthy,256,256,4296,True,,0f94a17e5b26d97e763281ef65adbdc607b05c9ec25e7c1bf44bd3f6fdbc7303,fbff3fe0c8e177ff
dataset/healthy/image_0_1201.jpg,3,healthy,256,256,4489,True,,6f568ebc2b1afd21aaff4ca379ca12dda7775344a16deec0bc2d7ad0f6fdd606,13f99c3cf0e0e4f0
dataset/gray_blight/20211228_140602.jpg,2,gray_blight,256,256,5058,True,,080b37425deae6769d9da9e8347591b59eb8aebd2d1a0ea651e943b866286589,0080f0f0fcf00200
dataset/red_spot/image_0_532.jpg,5,red_spot,256,256,5605,True,,33e4fcff0369d7d83d838407e0c2f7f1dc45ca97bb50e33475e92418c60a50f9,30ccc2d1d81c1c01
dataset/helopeltis/20220101_095944.jpg,4,helopeltis,256,256,4909,True,,4f94668ed1ae38f43b694d734b210559cb001fcb9738b301af6695dbf827f4c7,00001170e0c48000
dataset/algal_spot/image_0_275.jpg,0,algal_spot,256,256,4873,True,,4df22e89020fc4a2b8ba1c3734fd885f81dc342c49b84ae933342f6237ad830c,fff733f0d0e13fff
dataset/algal_spot/image_0_346.jpg,0,algal_spot,256,256,7347,True,,b69f28b85270be511de7354cdfec27d18057d9e28780a640eaa1dacb2b69943a,5f67f19cdefcf033
dataset/algal_spot/image_0_3479.jpg,0,algal_spot,256,256,5136,True,,7e007436187ee4bbbbcb2b05bf7fbc8080d3ff7a8ab0497ba178473ab34089a2,1246c1e8fcbceffe
dataset/red_spot/image_0_1476.jpg,5,red_spot,256,256,5316,True,,7c4cd9650f47bcf980101e1b3a76db04a3186bea5743e92dad5a0b73285226ea,1602e1e0e0780060
dataset/gray_blight/image_0_3790.jpg,2,gray_blight,256,256,4953,True,,dd546ab45e5b5d2677da203db70b72e10f3ac63afaf1f9c1198bbf90492ec8e6,fff6e3e0f4fc9ce7
dataset/brown_blight/image_0_3749.jpg,1,brown_blight,256,256,4847,True,,c59ad00b0a44acf6dce9012c329aa62718a3df81d9359ac4e6423bc71121b0bf,000030f8cc180000
dataset/gray_blight/20220101_114621.jpg,2,gray_blight,256,256,5769,True,,81465426aeb7c196fd037af59f83808de500da59aa33c46f99c72adc0f28bb38,bf3fe1f8fcf8f9ff
dataset/red_spot/image_0_384.jpg,5,red_spot,256,256,5591,True,,6777a7886db59cd59f5eeecd770c7c07aaf6b26b50d9fb029a0969312b073755,000084c0f0f03800
dataset/red_spot/image_0_653.jpg,5,red_spot,256,256,5809,True,,cf1064a015ece0c0d24a9a873ab5d8b97628b66e430254bd8fe8294c718541f3,000078c080c00000
dataset/helopeltis/image_0_4267.jpg,4,helopeltis,256,256,5141,True,,266c0fef4c40dbe81b1bfa6c6c0542a4e8686e65bbb2bdd12c36d4cbf0a0dcbf,6f2fe2f1f8f8f8fe
dataset/gray_blight/20211228_153409.jpg,2,gray_blight,256,256,5932,True,,82e0d16f35457194ed9e76841a8458d3b01ce32cd313b7e7a1c338f885f2e5a5,3b37f0dcd8f038bf
dataset/helopeltis/image_0_3014.jpg,4,helopeltis,256,256,5815,True,,f19af4a12161b9b183e4648b53c947f3f7a8eb1a1531cf8d8f02c7a2e0dafcf9,0004c1e0ec783000
dataset/red_spot/image_0_1452.jpg,5,red_spot,256,256,5225,True,,399cabdcf033556de6bfd89507d323a89ccc00f23a7685e9cf1545fd2298a576,429cc2c1ec743c01
dataset/gray_blight/image_0_3091.jpg,2,gray_blight,256,256,4669,True,,4b978795e6674e2cb09d570a68efda11f39a3e9566a4b00184ddc9a45743a044,ffeff9f8e0f8f2e6
dataset/brown_blight/image_0_3180.jpg,1,brown_blight,256,256,5338,True,,1a717cbc1a5566f9c548c4f547d76987d2f5f85e30c9153a8f25ad9b1e7cfe58,1f3f79f8c4e53f3f
dataset/gray_blight/image_0_3211.jpg,2,gray_blight,256,256,4889,True,,2d9303b309a89181bb3482bf83449ddc062a4cf6afe10bf77fd85d52f60ceabd,f49ef0f0e0f19ece
dataset/brown_blight/image_0_9563.jpg,1,brown_blight,256,256,5638,True,,119f2577f2fbd3ac636e790586a6a6b09390099e736cef17c42dc65ef01c14da,0000a2a0c0b80100
dataset/red_spot/image_0_1324.jpg,5,red_spot,256,256,4221,True,,bc23ede48d295c9def1c99588f0a7311be1d73e8ee45aff041f429a1cc1c4cf2,2f1fe2e171b89800
dataset/algal_spot/image_0_2102.jpg,0,algal_spot,256,256,5073,True,,e9e1292d52fa9901b1f4ae3857d3ef7cc181e209d17519a74bdb057f95d3210e,80000068e0c88000
dataset/helopeltis/image_0_306.jpg,4,helopeltis,256,256,4756,True,,adbebc44bd3bc2f05fa2ea17b6a179983759f748db586782c2833f8be4e441ae,000030f0f0703808
dataset/gray_blight/image_0_4224.jpg,2,gray_blight,256,256,5225,True,,9765bcf430b66034fb918a42daad07822b45dc02a20fec413ecb452983d531f5,00003878d8e02000
dataset/healthy/image_0_1651.jpg,3,healthy,256,256,5341,True,,0c62fc5b5f780552328620bee96a65e835e4c6a5a1407b01c27d56209153bd16,00809c3cf0c08000
dataset/helopeltis/image_0_1419.jpg,4,helopeltis,256,256,4386,True,,955bb404cb9acd7dfd34b5da9c0a4b17531282802b7bdd9983d30f6462ee4f70,fffffff171f0ffff
dataset/helopeltis/image_0_1046.jpg,4,helopeltis,256,256,5098,True,,5e15b239d472121742f9ac365cea0b745246529150fe54b136db9cc492d942c7,fff7dcbc70e0e73f
dataset/gray_blight/image_0_3159.jpg,2,gray_blight,256,256,5248,True,,4d72b1416ffa8ac276ce3ae56c58a85fd72bc7d099e34d5d22b6d3577a954d3e,fff6dcbc74e1e24c
dataset/algal_spot/image_0_3697.jpg,0,algal_spot,256,256,5484,True,,50fe56f50f254368177ce5fc8765422750617f88ba53cb500fac2382de4d5adc,0000e0c0e47c0c00
dataset/healthy/20220101_093950.jpg,3,healthy,256,256,4916,True,,0f9c0ca84a9f12f885c8052972bc0a3a878993d5c104e39d766f53564b904a1d,008439f0cce0c381
dataset/red_spot/image_0_728.jpg,5,red_spot,256,256,4706,True,,d12fc822f11e0966a955ecdbbb1e887f93d17f78f6ec37cb372a7c63c9b64968,010c1c387963c780
dataset/healthy/20220101_085815.jpg,3,healthy,256,256,4575,True,,d089d085b2d33c69641fc29309b0dbf50d45821a549c770c7e755b3d43cd2d19,ffffbfe1f0f870bf
dataset/helopeltis/image_0_4.jpg,4,helopeltis,256,256,4462,True,,c1d8e310b31ac4b8cd01670c22b1967ef19629933f0e72fe864c50ac098c6134,00021c78e8f00000
dataset/helopeltis/image_0_682.jpg,4,helopeltis,256,256,7248,True,,5c32ee75f7122f1c05dee24a8d47f63a97af7d5a3d35ccc00b041418b3b615ad,ede0d0b8b8b9e9b1
dataset/algal_spot/image_0_1762.jpg,0,algal_spot,256,256,6216,True,,18d81a3a6c0016b49db7e4dbbd3767af5e8b85ee21a7c93c9b9adc03eca8fb6f,8d7cf8c0b8e1e33c
dataset/healthy/image_0_1871.jpg,3,healthy,256,256,4549,True,,e560ab2438fc816a05c2698e783cdc6946e1ea0142ee250bf94b7e53cad26da8,0000f0c0c0c00000
dataset/helopeltis/20220101_104745.jpg,4,helopeltis,256,256,4521,True,,0603e4446d87fbe3909c32611e42945a5bf5efc48ea0d11d698ff93d3a12cbd3,fffff3f8fcf9ffff
dataset/helopeltis/image_0_2571.jpg,4,helopeltis,256,256,5437,True,,c95c805f82325ff3c71e30f28c757cf1a93386f1e05c7b89919dc8dc900f0d7f,ed62f0e0f0e0701f
dataset/healthy/image_0_3015.jpg,3,healthy,256,256,4391,True,,a13880862183ad634c01b66f43715612964608dc729d1797d71ea21d1e3fa900,00001c7cecf17101
dataset/brown_blight/image_0_933.jpg,1,brown_blight,256,256,4587,True,,6cee61b615aaed351fdb45794460f0931039900c43a14e55ce806d3ccdb59eda,0080c0f0fc1e0000
dataset/gray_blight/image_0_3583.jpg,2,gray_blight,256,256,6418,True,,7408e6e59fc0655f1b037372a4a609c1c7980e1aaa5406a32f91790342627fe6,033878e6dcc8f1c0
dataset/algal_spot/image_0_2051.jpg,0,algal_spot,256,256,5331,True,,45ac2ef03bb7d9cb55e461190168c1c7f0c0161ee525ef24a7def1746d694731,639efce8b1c7defc
dataset/healthy/20220101_120720.jpg,3,healthy,256,256,4847,True,,a51f8571eb124fb783b08487b88434fd05fcff7618dea5db463d77dde83b975a,ff9f3fe1f0f47cff
dataset/brown_blight/image_0_1870.jpg,1,brown_blight,256,256,6179,True,,0bf009252ca6c71d7bdcbf1ae45d15d2d1adeb1fd2d4687ee4319d931bf18f96,03070781c0febcff
dataset/gray_blight/image_0_1297.jpg,2,gray_blight,256,256,6034,True,,30bb0f050f68b694c1a28bee8841512881d66b81daf7ffa971949244eba7b3d9,0123e080c0f00100
dataset/algal_spot/image_0_2589.jpg,0,algal_spot,256,256,5077,True,,e7be01dc13b56eb98cb084d290462a151d508466735498f61e9b519981467445,2f8f38fcf0f1ffff
dataset/gray_blight/image_0_1750.jpg,2,gray_blight,256,256,5243,True,,23c9de253cbe30326d4d3a8f6644224a0d0efd7bb565542629f427dc3b00f398,7fbfc3c8dcf8f3c1
dataset/gray_blight/20211228_154956.jpg,2,gray_blight,256,256,5366,True,,9bcff1637f8171a800e9144507ec0f8f123f7602c90101c866092d48bfd25585,1f63e0fcd8c13fff
dataset/helopeltis/image_0_1533.jpg,4,helopeltis,256,256,6080,True,,da99c5137e68c898d66f1ca8c27e2310b8e19e14c9a14146796a396134e61f2c,f1797970b0b8d9f9
dataset/brown_blight/image_0_1845.jpg,1,brown_blight,256,256,6020,True,,e88340a2d409c48cb7bfe8d16871ee1968fbb6890e88ead280b13ab00bb95ca4,0101c1d0e4780101
dataset/helopeltis/image_0_1781.jpg,4,helopeltis,256,256,5846,True,,afe6036709794e3ae407365da5fcbb15f4e2bd3f6787159f757a8a863387aaa0,ff6fe3d1f8fc7cb8
dataset/red_spot/image_0_314.jpg,5,red_spot,256,256,5647,True,,ac473595b6f637e90b313488f12157f404984ee819de6f1f734a7f3833a9a4cb,8081c36170380602
dataset/gray_blight/image_0_480.jpg,2,gray_blight,256,256,5547,True,,77d53c95437cd196bb34df5ba909a940c01c753c33bd82defca4af229c70720b,c6011c78e0e10680
dataset/gray_blight/image_0_3366.jpg,2,gray_blight,256,256,5115,True,,4aca7f8d3526b529c7525b340e4769f92c66c1cb325535941f068f14529b1406,6b7dc6e0f1f8fcfb
dataset/algal_spot/image_0_2639.jpg,0,algal_spot,256,256,5190,True,,00161d02076bbbf6590c9a7ee54b5b647d47cb84dd8809340a88c60b9b278659,47193870e1e00480
dataset/gray_blight/image_0_3114.jpg,2,gray_blight,256,256,5586,True,,34fd481beccb501aeb5b90bcca59ad794f3628b472b104994b906ec2733854b9,7b8ff8f2faf87fff
dataset/gray_blight/image_0_2225.jpg,2,gray_blight,256,256,5322,True,,983cd2812240704833385ac4104e59fb36c44cf8edfa56730ac7c2c03105cd9e,00c0c4b0f0f03800
dataset/algal_spot/image_0_1959.jpg,0,algal_spot,256,256,5346,True,,a3eee1864317e995db10538ce6ead47090d0fe5e4d67ca6244e7df3d3012d926,000000c0c0e0f002
dataset/red_spot/20211205_154758.jpg,5,red_spot,256,256,5076,True,,8d1df06dea1ebc2dbb1640a7addff5173f1474ad1611f755e7d660b0f8cb4600,ffbf71e0cce9ffff
dataset/red_spot/image_0_350.jpg,5,red_spot,256,256,6450,True,,9e126c3db7aa8ddd2aebbf2ee06e1cd9b1f70accba9c7b984f982870f2049285,010f3f3278c08000
dataset/red_spot/20220101_103418.jpg,5,red_spot,256,256,5678,True,,b6cd10ac001ea68c7f6262c35516180f0fea68a44d72e045ee85b3590ac8cc76,c0b8f8fe98e06200
dataset/algal_spot/image_0_4144.jpg,0,algal_spot,256,256,5717,True,,b777335c0711ee12f2fa644cdfd0c3056abee38a2dc6263c089825b87b2a3ded,4cbc70e4c8c1c63c
dataset/brown_blight/image_0_4110.jpg,1,brown_blight,256,256,4936,True,,0426c6479814d1b7dbacd9623a2a9d3440e0656a5f83a29f68df7557ae8cb074,fbc5deb87061cfbf
dataset/healthy/image_0_1891.jpg,3,healthy,256,256,4554,True,,f47fc329c4b2682293a74b5e48cf74181213679872bc5aa34b0a59f234aaef37,000062e0ccf03184
dataset/helopeltis/image_0_3955.jpg,4,helopeltis,256,256,4822,True,,fe197d675007bd5f71ffe776c274c2def828d69d403ae343abab9afb28b5144d,fceec6c2c171320f
dataset/red_spot/20211227_155535.jpg,5,red_spot,256,256,5598,True,,043a18a1ed4934145c862d2e87de21bb93bb255f205012e3f3d8beb8ea9edee9,9c71f0e8d8e0e6c6
dataset/healthy/20220101_103322.jpg,3,healthy,256,256,4666,True,,c9eb8f52540d88310762ce01efd75e5c8392e447ecb2f1fdda28e36ee65a4c63,f2fef3f0f0f83fff
dataset/algal_spot/image_0_1464.jpg,0,algal_spot,256,256,4878,True,,e54829d995ec7d82f76fdffcf96aced262d1c14adec6e04f7bf669b6082f0bcd,000178f8c1c24010
dataset/brown_blight/image_0_5344.jpg,1,brown_blight,256,256,5018,True,,11d1b3557ada1d6afb34b72a5cf4ebffb7b3b8973e3e152ffb58e6419ce9275c,1ac5c1783c1c0300
dataset/helopeltis/image_0_2991.jpg,4,helopeltis,256,256,4628,True,,f76677cb81263bb61bd5e811daed9589efae5b399512a22a9f3d44759820d9e5,40808730f0e0e0c0
dataset/healthy/20220101_092648.jpg,3,healthy,256,256,5356,True,,d0f98e68039258ebd993e7314577f95a58378227af4f2a3724d8f968b7877f5d,ef63616170bc9cec
dataset/gray_blight/image_0_2380.jpg,2,gray_blight,256,256,5524,True,,e6ee5e895802d220f2ed06d67721e3dccff5b0bf7574937498153a14ec164d47,224cc2d0f0f8fcf7
dataset/brown_blight/image_0_323.jpg,1,brown_blight,256,256,7455,True,,bfdc103b516d83ba399620d1c638e11056da2c0a93ff5bfbdf26d881a39cb803,0086c080c47e1c01
dataset/helopeltis/20211205_155223.jpg,4,helopeltis,256,256,4149,True,,059cfab8c14e565bab3c15be23c8eaa7c8fc347197adce33cd5c212eef4957f9,ffffdff1f9f9ffff
dataset/red_spot/20211227_162032.jpg,5,red_spot,256,256,5051,True,,245206020fb074f31bd3b09cecc9608ff7a109013644bf13311c1d4b3a6bb961,fadf73f0e4f8f8fe
dataset/gray_blight/image_0_3344.jpg,2,gray_blight,256,256,6193,True,,ac6e7f9c3f1a71e0c3002c93a92bc1eed8620f857885498470c7fd84f5a5c19e,0b03fee4f8713212
dataset/brown_blight/image_0_4668.jpg,1,brown_blight,256,256,4947,True,,353268b33c5334471f2ff8f55458252d5f2bad6a7dcdc3457bf1e61834f9a445,003070ecf4f00000
dataset/red_spot/image_0_2632.jpg,5,red_spot,256,256,6276,True,,f4d4199f0bf2daa7c406c3090ff644f3ebebd283349232d57145a9aadf6db258,040678f88ec0e000
dataset/helopeltis/image_0_1490.jpg,4,helopeltis,256,256,6727,True,,32ad01263a08e7aa3163897decfdfa4b4ab81239acbb8d77d1b8af98a1c5911f,0bc682b1c8e07c0f
dataset/gray_blight/image_0_102.jpg,2,gray_blight,256,256,7122,True,,66754ae2e04b211c89f5ec285e23e7453f59c3c8109a6f826647c17c5456e09d,011c3ce2c4e8c0c0
dataset/red_spot/image_0_2600.jpg,5,red_spot,256,256,5804,True,,173ca1ec431b74debf7a727e2343d45a78e6e84b68228b598822ac338592c890,33cfc380e4fcfffe
dataset/healthy/image_0_1318.jpg,3,healthy,256,256,5435,True,,e85e8a4f7593145c84a1191b9327af2091b400f3fb1cf076d2cfb84dad10d373,0060c098f8780000
dataset/helopeltis/20220101_093709.jpg,4,helopeltis,256,256,5421,True,,300b866e77f5295bdc6142670e7486bc83248995aba864d5b3f75999f9468127,809370fccce0f1c4
dataset/red_spot/20211228_123217.jpg,5,red_spot,256,256,4737,True,,c464e41ac30a937b00158488d9fb722af1a02cdacd02c0e65d7889c6cf91f4a6,570f70e0d8f077ff
dataset/brown_blight/image_0_8225.jpg,1,brown_blight,256,256,6588,True,,48a4ed88eb2dd82def0f401cae2e3a5a326167ccef125285c48d2e33f4778741,7ffff6d4e0b17f7f
dataset/brown_blight/image_0_4773.jpg,1,brown_blight,256,256,5792,True,,8d60697471cdd355bfabadd9f275a4234e057a509147ad659481cb3c87a3cd2c,010160e0e83c0c03
dataset/helopeltis/image_0_2707.jpg,4,helopeltis,256,256,5850,True,,1bfb1586c307453104bba6f29af09e9f85946dcedaf054e95506d4078745f2bc,000000c0e0f07803
dataset/red_spot/image_0_1467.jpg,5,red_spot,256,256,5989,True,,2eda9b45828f15422dec6cc8e34ec5f1fa3b43d88dd8107dd56d308e2d749148,7f7ff1f0f87b3f3f
dataset/healthy/20220101_101623.jpg,3,healthy,256,256,6578,True,,7aecc052882b6b464b50b52099fd554f757fb56eceb7171d164e4a76ddd803d2,b4f0e0e8e1e9f0b2
dataset/gray_blight/20220101_114605.jpg,2,gray_blight,256,256,5107,True,,d4d5bfd2bc7722a90b775125199797994697c980a9fc57e65e801586c3c19ff0,ff3fc1d0ec78ffff
dataset/gray_blight/image_0_1877.jpg,2,gray_blight,256,256,5272,True,,46fe620fa5f199436749fc24a8f42ea620dbc2c3ca73a3dd88ad6eb3e9909951,7dffbff0e0f078ff
dataset/gray_blight/20211228_134727.jpg,2,gray_blight,256,256,5162,True,,ddd474c27784b9a35db01cf6441a97c3268d2288aa51c81b31ca8042095286b9,f0ee78f8f4e0e8f8
dataset/helopeltis/20211205_161247.jpg,4,helopeltis,256,256,4403,True,,d45619b0ee7e5438291972ed7a7c3aa0762498c9fcffba8c8f1eab4e1e116051,ffff33f0e071dfdf
dataset/algal_spot/20211227_103828.jpg,0,algal_spot,256,256,4794,True,,2876a11ac572755717af6ee04ecb9cc4ee098d9e3fba8e41eae0deeb791eb3f9,bbcf31f0f8f1bfff
dataset/healthy/image_0_2187.jpg,3,healthy,256,256,5907,True,,6ac05df00e721ac467323c10bd23b1e3bd817c75b3d103c38c5f57b2cca3a69b,0019f8f0c0c0e060
dataset/brown_blight/image_0_3278.jpg,1,brown_blight,256,256,6516,True,,e52b9d6f0d4af97548ac601bc1a29544e3290a6bedba30c9b1936efbd9a3123f,c8c0c1c0e0f07800
dataset/red_spot/20211227_161258.jpg,5,red_spot,256,256,5401,True,,4b80d0571f05747e9db209e6d2dd2ef840d2e82904259119b80827ebea29a0b1,7d9e73f0ded87dff
dataset/brown_blight/image_0_2512.jpg,1,brown_blight,256,256,6620,True,,2594e56f574fac2c69544ff14dc4726234bda7725fe7e280d5f1ce7bd3d82ab1,01067160c0c96104
dataset/healthy/image_0_520.jpg,3,healthy,256,256,4184,True,,fe349ccfd7f6cb31c6788a81efe6be7525c42c0802859bb2d4982d7965465bbc,0040c0e0e0781800
dataset/helopeltis/image_0_4365.jpg,4,helopeltis,256,256,5825,True,,463e5db9d54ba5eeaadd6e7d6071a0512911108cb43b80482d7aea8bf840a760,400cfee480818000
dataset/helopeltis/20220101_092303.jpg,4,helopeltis,256,256,5600,True,,e6a43e7545c1717166201111cb17a21f07e643334fac0557b3adb421efc8dee2,32b0f87060e1c1c3
dataset/healthy/image_0_220.jpg,3,healthy,256,256,5000,True,,f0bf5784b7f124e04000898bebe2642ae06e8980eec72220657930c334c8d747,0000007cf0d0c000
dataset/healthy/image_0_3216.jpg,3,healthy,256,256,4589,True,,a38293140af023acece0660fb0096cc6f4b45bd800f2c451009a708de6752ff1,00000070e0c07098
dataset/algal_spot/image_0_1715.jpg,0,algal_spot,256,256,6060,True,,60245b8d9ace58d305f48b024e6226d5c905e77a4280321eb112f359012d105f,000c387069e3e71d
dataset/gray_blight/image_0_888.jpg,2,gray_blight,256,256,5821,True,,7ba3c132f4489d5a2c4b596344c7a23c6652a9c0834773d844c3a7d8e4b75acd,0080c4d2f978381c
dataset/brown_blight/image_0_2889.jpg,1,brown_blight,256,256,5318,True,,fbae4768884a3f4e0f0ca8160cd5b5ee62261fd282636f7e20c03f6568caecad,fe373efcf1c34fbd
dataset/brown_blight/image_0_1283.jpg,1,brown_blight,256,256,6050,True,,a2f05d273e6139c6ed82f6ea6782de604d9a1f606251b0726f96898154a13468,ffff38f8fcf1e33f
dataset/healthy/image_0_2266.jpg,3,healthy,256,256,4320,True,,e90902188d35dd5791db50a48ceb514e2251be7dcf5fb3cd4cc0b9e22e1bbc0f,000008f8fcf80000
dataset/helopeltis/image_0_1669.jpg,4,helopeltis,256,256,4491,True,,9c1e3671f49d2276a7021bc278b138ccc273d9c9713363ed2c447c681cfcca3d,9dd65939f362ced9
dataset/gray_blight/image_0_1959.jpg,2,gray_blight,256,256,4685,True,,80e661142d1ee05019f48b6b8e0fd7d81d9ed39107b1328328b1a64242fbf928,034dbc70e0c20cc0
dataset/healthy/20220101_090549.jpg,3,healthy,256,256,4907,True,,c4b5ef3ae866c0de614916a48c3fe3329693a88deddf5f38ed4326f5c18c49e1,efff37f0c8f079ff
dataset/gray_blight/image_0_4272.jpg,2,gray_blight,256,256,5511,True,,29b693f766da3314ca76d927a19c7c1c8e8c8e1aa5fb78f081e2694143c6cc4a,000030f8d4e07000
dataset/helopeltis/image_0_1890.jpg,4,helopeltis,256,256,6134,True,,072eb616653b9de4c77f90952daaf72cf2860ddb9495dc32eace689d597bc50d,000c82c1c0e07001
dataset/brown_blight/image_0_3137.jpg,1,brown_blight,256,256,5515,True,,cec786a60bb7a68e85891691a36808c48fce1eeea73f90a725f665af810b45a4,2060e0d0d8d8d908
dataset/helopeltis/image_0_896.jpg,4,helopeltis,256,256,5415,True,,6c4671272188ee22291f158c511d4f6c627ee0e16a5035a81d78775efea19798,000000f0b0e06200
dataset/gray_blight/image_0_1143.jpg,2,gray_blight,256,256,5546,True,,163e1760679b12496833c458f70dccece768f288c1d3326e81eb22be897e1839,0020e080c0f01800
dataset/healthy/image_0_633.jpg,3,healthy,256,256,4574,True,,2c7f1b61e6ad5ce92649b4f93ca61d83df69286d7eb7e452b897fcb6079e8e2d,19657179f8fcbc80
dataset/algal_spot/20211227_154734.jpg,0,algal_spot,256,256,4928,True,,a8372968bd2ba73a2efa86ca9521ad2f7045734090369e9e51ea648252d00e0c,430778f8dcf0f1ff
dataset/healthy/20220101_091944.jpg,3,healthy,256,256,4875,True,,84560610e777a04e5142f3764e318381fad7031f9b0d7dc419864cfbe0d5ff29,ff8f78e4d0f81f7f
dataset/algal_spot/image_0_1593.jpg,0,algal_spot,256,256,6030,True,,945828b8317850cca0d510154c1a30be30d5018bbb4e26f1505bd80806307163,0078f888f0700000
dataset/gray_blight/image_0_3183.jpg,2,gray_blight,256,256,5330,True,,b3ba1e1e278e402dbba578c89fadb98227b9d9e8fa29e6fe715f439423c68184,00003cfcc0800000
dataset/red_spot/image_0_964.jpg,5,red_spot,256,256,5505,True,,669963ab6a18fdc8ad1485d366deb325dbd47efa464dd0608afac5ea88fad542,00003cf4ccf071ff
dataset/gray_blight/image_0_2961.jpg,2,gray_blight,256,256,5055,True,,41509847b59566451634a94e6eaf98d948c8179dcfee102016fe33976b827454,000018f8d0c0c434
dataset/red_spot/image_0_3172.jpg,5,red_spot,256,256,5026,True,,a29c5adf0cc1556ee22721df78f47a23d139986be7806e29776a08317bd6047e,0060e0c0e4781800
dataset/helopeltis/image_0_2833.jpg,4,helopeltis,256,256,4570,True,,b03ca49602085891ffcf85e00e6323aea1da4b73b165f66253eec5fd55638dab,37f3c2e078b8f4f4
dataset/helopeltis/image_0_2127.jpg,4,helopeltis,256,256,5067,True,,47da369528fbe864808388db8ee0d9c1a40b0eac55bc4d9b1c1d8f19fc3fa00c,1010307060703030
dataset/helopeltis/image_0_152.jpg,4,helopeltis,256,256,4969,True,,259bdbdebec0db7a00f0dfb31e43eb3e2be49827a25640bc739d3307a95cd9ff,0000c0e078380000
dataset/gray_blight/image_0_2101.jpg,2,gray_blight,256,256,6295,True,,ed292a72e4723128ab66b3dd8ec0a0e14c9e814f9877a7cfa1c70b621035eda3,fffffc7efcd8e0e7
dataset/red_spot/20211227_165153.jpg,5,red_spot,256,256,4442,True,,4dab3d6e9f78b13fe1af0c4d2334d6cbe1ebce43946f73743ae7d94be5caf760,0f0f71f0c8f03fff
dataset/gray_blight/20211228_134836.jpg,2,gray_blight,256,256,5488,True,,3ff0f05e3cea8a3fc7d9094e2c9d9f6a07f4d6e3ab63359ad5c24df03036431b,f8def0f0c0f0f8f0
dataset/healthy/20220101_094716.jpg,3,healthy,256,256,4996,True,,c65ff1167036e70adf450e804c8953277b6242fdca5952eaf7291e6f3daf910f,686462726370b09a
dataset/healthy/20220101_101033.jpg,3,healthy,256,256,4883,True,,172748741c408f79fddcf555884f12c065d01d7dbaba3670702d23fac10ec341,609878f0f8f08200
dataset/gray_blight/20211228_154449.jpg,2,gray_blight,256,256,4965,True,,0351b4c4810bf97bf56bba52a61b9b20ee4e2c5c455d3e56d5e2b465683dedad,bf8f60f0f0700f67
dataset/healthy/image_0_2004.jpg,3,healthy,256,256,5067,True,,51b1997b17024e2fb19404579f92d4a8634963ce9fad113c85aaf03360160496,040de0f0743e0e00
dataset/red_spot/image_0_2304.jpg,5,red_spot,256,256,4999,True,,5ad105a41391780702163c753943b0c4829d7e4607d1076313630468a32aa337,ff6fe1c0fc78df7f
dataset/gray_blight/image_0_737.jpg,2,gray_blight,256,256,5512,True,,4c4f5bb70104d89caf44f2e37ecf0f83dbf499643a829feb1387f6af4069813f,0000c0d0f8743800
dataset/algal_spot/image_0_1291.jpg,0,algal_spot,256,256,4754,True,,cdad8f888c0508ed0198b72ae2de0eb2aa688c47b6714474c4134a80e10bab33,000c3cf0c0c30f3d
dataset/gray_blight/image_0_3000.jpg,2,gray_blight,256,256,5202,True,,fb28d24200a1e722d8e141ea3dd89ab89ac4d4c87176823df9516e730e6d0bc5,0000e0c8f0780c00
dataset/brown_blight/image_0_8448.jpg,1,brown_blight,256,256,5488,True,,b818c0ed9d68f30006a81c0dfbe0874f4e33b372ae50126135b079ba895b5301,00108403e0fc0e00
dataset/healthy/image_0_2777.jpg,3,healthy,256,256,5841,True,,a44aacb3cf2338213b860f366470bbf0c04e8c8d810f95869b5d3ca0ede721ab,000070fce8706060
dataset/healthy/20220101_104108.jpg,3,healthy,256,256,5958,True,,f9d23975f4c66f410c747cc2eae816dbc630b59bf9a7b7998047e846d1e78ecc,b4b271f9f9f97173
dataset/red_spot/image_0_2043.jpg,5,red_spot,256,256,5498,True,,060f70d886b86333af5bfff20b847f15df29d3a3a4a514e5f355b1b17e869f31,00808090d8f43c00
dataset/helopeltis/image_0_538.jpg,4,helopeltis,256,256,5904,True,,814130109b8448317a6f436c6e000a97245359facce3f7d327259a21186acbaf,f3debc78e0c1c1c3
dataset/healthy/image_0_1939.jpg,3,healthy,256,256,5111,True,,2c043eea7ae4d2f217867ba1a5a7ff07e127d72970bf12ace6165ac9842988c9,e3c370f4f0f1e7e0
dataset/red_spot/image_0_724.jpg,5,red_spot,256,256,5353,True,,c69728c0a7572dd6158d9ff253125a6e8c0a3761e3fefcd912cf8a748fd08b08,00839c7ce48888f8
dataset/brown_blight/image_0_2511.jpg,1,brown_blight,256,256,5071,True,,c326d6d0902c327660eeb4e3339222d3a7099b63e30cd40cd4634494aebe96c1,000738e0c0c08040
dataset/algal_spot/20211227_105320.jpg,0,algal_spot,256,256,5359,True,,62cfc8ca1c931d124544fa0a743333141415dbbcf6093b183159c7b49bcd0623,ff27f1dc9cf17fff
dataset/algal_spot/image_0_3923.jpg,0,algal_spot,256,256,5264,True,,e09e902957b585f543a3c89d49ad82bdc163a34becfa3d717bf6b3acae4042c6,800461e0c0f00200
dataset/algal_spot/20211227_105406.jpg,0,algal_spot,256,256,5288,True,,03d2d04767bc1e5139421c340daa9474de6c75a2bfc108eca812138ac963a9fb,fa0f78fef8f1bfff
dataset/gray_blight/image_0_1442.jpg,2,gray_blight,256,256,5583,True,,0309bc6e8911fec53b4723a28630f91ee4b454587df2dec95e825e306b6956fe,00c0c0e060381c23
dataset/red_spot/20211225_224131.jpg,5,red_spot,256,256,4943,True,,cf58090b729f7e284c8e6b17601bdd02d31c92e2f0eaa436c300cb31ee7fa1d9,010339f8f0300301
dataset/algal_spot/image_0_1549.jpg,0,algal_spot,256,256,4262,True,,466bae83bd0cfde5ee0be158c27e5491606cf6217106be370f174b59b9ca167b,016f8f3cf1e367ff
dataset/algal_spot/image_0_706.jpg,0,algal_spot,256,256,7577,True,,61ab91b11d0152c73afb4b9f242a79734be6e01e6daeeb11c4dcd277d64b59e3,1e1cf0c09eebecfc
dataset/red_spot/image_0_2720.jpg,5,red_spot,256,256,6161,True,,bf939886f9b59a93854f8ab59faa262c0513462c7901405884e911c3aafe074c,1f1f73f0f0e13f1f
dataset/healthy/image_0_2930.jpg,3,healthy,256,256,5293,True,,fb033efcdf7c3af2467df97a7ca1148684903774ae5c0693a93c617544783d46,e3cebc7ce8c080f8
dataset/brown_blight/image_0_6464.jpg,1,brown_blight,256,256,6560,True,,cfbe9ba9149d3e67c82cb1d09579ba78b2fed79e6164dc731e10f35b545639b1,0c1c3078d8c06020
dataset/algal_spot/image_0_3001.jpg,0,algal_spot,256,256,7993,True,,c0d15b175e562c08b4ef16b62d9d79d759babdccb9e013ab7f5c092fffc2951f,0e0d78fad8f8f1ef
dataset/healthy/image_0_2058.jpg,3,healthy,256,256,5435,True,,593df14a770e380409a17d05098a8057c07ae82623f2de335e28f7011070185f,0000e0c0f47e0c00
dataset/gray_blight/image_0_3878.jpg,2,gray_blight,256,256,6665,True,,87ea0318a75cf07097ff3408547dd79fcb5aa802b8c67af5acece08aa173a761,af3b7adedce8e03c
dataset/algal_spot/image_0_3992.jpg,0,algal_spot,256,256,6327,True,,9d06226c0966da2fb227c9937830140b9b64e993579c544d1c52653054bee5f6,00033870e0e07803
dataset/algal_spot/image_0_3228.jpg,0,algal_spot,256,256,6491,True,,fcda2d9257b123a29dd0a7513bcc9d320e385062af8f8affa377bdbf12f0764c,c49978e2ece0631f
dataset/healthy/image_0_129.jpg,3,healthy,256,256,5860,True,,30919b215452d49c6dd6a5fa8da7f86c8d17a2326afa57613ca5c3319427b669,50e4c0f0f8fcf8f9
dataset/helopeltis/image_0_3874.jpg,4,helopeltis,256,256,4855,True,,e90ec6df48a69c3d3ae721689af8e19e671423cdc6e93e3869dfb8d0119044b9,7f8db931696163ff
dataset/red_spot/20211228_123550.jpg,5,red_spot,256,256,5174,True,,cf2d137f9ef62e39e711dd5f076a0562e00d1b9d8eed261530a5ae1a82e0226b,1f73e09cf873ffff
dataset/gray_blight/image_0_1026.jpg,2,gray_blight,256,256,5403,True,,96707e2d612cd4387ccc62081ea7aee9c6cdb4d58d73d2bbd1789c5f94e5b625,98e2e1b8f0f1070b
dataset/red_spot/20211227_160016.jpg,5,red_spot,256,256,4856,True,,3e0d3e9c05f37a05cf7d15e4dcf4cb94a6eb117116a0b8c090f94ee125c452bd,000470f8e8f03200
dataset/healthy/image_0_3399.jpg,3,healthy,256,256,5412,True,,de86972784442b326896decdab654d79f316321e7a3526c56b0ddd70e2a945a3,014c3cf4d8c0876c
dataset/brown_blight/image_0_2468.jpg,1,brown_blight,256,256,4674,True,,8c9fb850d5537a05e3d6a5c11356ec3771515e35bed0e0a94ac2c96c432b525c,000001bcb8c04000
dataset/brown_blight/image_0_3800.jpg,1,brown_blight,256,256,5057,True,,375a941c458eda9ae0a39f086d5e09a7aa5988424f3a46860a02d9f098d79a11,0018c2f1ec2c0000
dataset/gray_blight/image_0_3128.jpg,2,gray_blight,256,256,5126,True,,b029064af47128c475aff55a20301d4a42905e3d2e1e1b8460b27cbf0d640261,2f9fc7e2f0f8f9f8
dataset/helopeltis/image_0_1321.jpg,4,helopeltis,256,256,4556,True,,1a84698b05a20d9e9733f1441004af88f308139f78112be3fb62d965529e823b,000036f4c0e00000
dataset/gray_blight/20220101_114700.jpg,2,gray_blight,256,256,5519,True,,8bc475e267acc508e4aebe0b83b379709377fcac74f1efb95653bd50e2b61f2e,ff6fe1b8f4f0fcff
dataset/healthy/image_0_1929.jpg,3,healthy,256,256,6371,True,,6d06d73cd6a6e26f94dd13a4b232a2e7d1d9c31009bc2a9cd1e4aae866cd5ceb,00187ce0f0d0c0c0
dataset/helopeltis/image_0_4088.jpg,4,helopeltis,256,256,5276,True,,e39267d8e6467d91559275bdc814430b2d651beb2a1dc71a25b8d3c855161d02,f9febd7cfcd0f01c
dataset/red_spot/20211228_125339.jpg,5,red_spot,256,256,5099,True,,46a821b99381402a39ea079978b6d04c0ace84af167e0da83d6a305bb24896a1,bf1f78f8f0f0fbff
dataset/red_spot/image_0_2333.jpg,5,red_spot,256,256,4789,True,,872bc665537352d7a6a47360ff37b736d1e701358ba9fdb030f8f0fb8bfac721,000061e0c0e0e0fc
dataset/brown_blight/image_0_7430.jpg,1,brown_blight,256,256,5720,True,,d5e3d37d651c3e7c7f3c678033338f19259435f507ff4a497ed0f6df824447ef,1f033c78f1c34f0f
dataset/algal_spot/20211227_152900.jpg,0,algal_spot,256,256,5262,True,,e3a8e38f48362870a44d5766364cc2195346efbedb09f024a798fc41e5a1dc86,0e71e084e0f10c18
dataset/algal_spot/image_0_4298.jpg,0,algal_spot,256,256,7621,True,,78f6bb759efff06e320b7f9eb24a9e7f6960cfda06dd7b35aa7021583d89f2c3,3974e0c4c8d0e060
dataset/gray_blight/image_0_931.jpg,2,gray_blight,256,256,4763,True,,2115de6abf8364cc29c305ff7bc274e0e284e5bc8ee5593f404b450771197759,000070e0e0f08800
dataset/algal_spot/image_0_809.jpg,0,algal_spot,256,256,6588,True,,8a9016dd4de0da6ce1f7685e7eb76a47fff4bac649f104339f1ccd82eef2666a,0ce3d0dcec78b8e6
dataset/algal_spot/image_0_866.jpg,0,algal_spot,256,256,7767,True,,4be170ef9e15497d209851dc5ea77b5e9f1295d7cce72054b0cc7f43a257e2ad,71f0e0c2e03c1c00
dataset/red_spot/20211227_162304.jpg,5,red_spot,256,256,5454,True,,e974cbc83548466bac5aec2de3e2040fee2a34ee202968122c560cc3806618ad,f0c638f8f0e0e3ef
dataset/gray_blight/image_0_3698.jpg,2,gray_blight,256,256,5735,True,,b639dbdbc651802d7407b90f7943213b4757192884cdca59bdeedbe446c7636c,011c3c7468f8e0e0
dataset/helopeltis/20220101_103631.jpg,4,helopeltis,256,256,5667,True,,6e78aaad88214068b0794523c9948c719dcce7f737378b21f278852a9b3d37e8,fffffc7cf8e1c7ff
dataset/gray_blight/20211225_235451.jpg,2,gray_blight,256,256,5782,True,,114a50debe251aa63606f3cfafee1abb7e71f577bd22e249f7ca62b81680e0e8,010071f0d0710001
dataset/helopeltis/image_0_1413.jpg,4,helopeltis,256,256,5486,True,,7addb6afc088fb9fc8000490883fc56b534dd6054b25cfc1a2885891073701af,f8f5fcfcf4f8ffff
dataset/gray_blight/image_0_4119.jpg,2,gray_blight,256,256,5888,True,,be8206f3dff4d97307775f6bbd9e8b9fd22b7ff9f858c6b5139e1ec003fc906d,0613f0e88c80d080
dataset/gray_blight/20211228_135239.jpg,2,gray_blight,256,256,6312,True,,cbdd8c97c5187a8ea4d6971842d94f2653f1cd8ab38500dde939ec54bc447ed9,00f0f0e0d0f07000
dataset/red_spot/20211225_223433.jpg,5,red_spot,256,256,4398,True,,29b7e2cc5f13df6807c49765bc3f459820b07bdb3fb82fb05b0c0541cc4803df,010121e070230101
dataset/red_spot/image_0_2195.jpg,5,red_spot,256,256,6366,True,,939f4eca08133bf9e634b16b75d64d39dff8a17ad158a10b9e5b8dde6bd97685,3f3fc188fef839ff
dataset/healthy/image_0_3352.jpg,3,healthy,256,256,6691,True,,2524e44e6c7c781b0e8b540fa6dc643c47461c6cbb91d100aa3f928060987fb0,00c2c180c4e47c18
dataset/algal_spot/image_0_2962.jpg,0,algal_spot,256,256,8074,True,,012e423b5c7113f4fcdc820752be262f80337dc454afddd1a26baf01bca1fb0a,35dcb872e4c0c238
dataset/red_spot/image_0_2993.jpg,5,red_spot,256,256,4311,True,,14d5ceb04408e77c0e922ea096341431fc87ba0d1483da5b1bc17eecd084b6ef,000000c0e0780000
dataset/healthy/image_0_3166.jpg,3,healthy,256,256,5199,True,,a2b993e2070fae92fa7d8ae0428017ecd8eb398e41af04eeafeeadb66c040706,0cb97961f0e2c0c0
dataset/healthy/image_0_1468.jpg,3,healthy,256,256,5291,True,,3b18299ab7e99c62129b57b1c65e7da7cce05d8fd86b033dbfafe0cf80b218b6,00013e76ecd0e160
dataset/healthy/image_0_351.jpg,3,healthy,256,256,5487,True,,29233ba2a45dd56eb90893e735055e876655dfbe813c417896ba6d9cdb7c9620,0044e2d1e8f8f1c0
dataset/brown_blight/image_0_9083.jpg,1,brown_blight,256,256,5833,True,,0834ba6184942716106fccfc43dd23bcb7ebaa3b7d17d97095983fa8611ee373,fedc3c71e3c7cf7f
dataset/brown_blight/image_0_2676.jpg,1,brown_blight,256,256,6708,True,,eb2516c384fcf06859d2b6f6f125134a96d5f89f79852d9408136f5b1489eb1b,ff7f3d73e6e0870f
dataset/brown_blight/20211226_003111.jpg,1,brown_blight,256,256,7122,True,,e5fe7f608c7f352a68ec813526ba92ce75d990281b7403a3ad4e0e4f8aa3b104,0107c0c892e00100
dataset/red_spot/20211225_223652.jpg,5,red_spot,256,256,4917,True,,774dbc515252b373ffb8e35ca72ddd5d359eec4b3ef7a1ecb1301495767260cd,03010168f0180301
dataset/red_spot/image_0_2984.jpg,5,red_spot,256,256,5641,True,,f2fe7e84a769c9bed90830513a431602d6bd1539842dfe6d7790e8b9e4fbc1c5,000080b0ccf67c00
dataset/healthy/image_0_909.jpg,3,healthy,256,256,4662,True,,e9d8503e88bda8348ab4339bfb19194895b2dd8c04c7cd803f7a0c71e9f5da60,0000e0f0783c1c00
dataset/healthy/20220101_103312.jpg,3,healthy,256,256,4485,True,,b2f9b9c39c7f6cb5af3968aac82cc1710e71b421ba1a2b0c698336fbafcc7491,38ace0f0fcfce5f0
dataset/red_spot/image_0_517.jpg,5,red_spot,256,256,5439,True,,da03266ee0264d427e3b429da866dd2b82bb877005e456e1e130a28e7566642c,8462e0c0e0f0c0f0
dataset/red_spot/image_0_2178.jpg,5,red_spot,256,256,5052,True,,025d5ec706fe3b9dac14a9883579032c675108b699e222236d8360a2d76d9e70,010370f0ccf8ffff
dataset/helopeltis/image_0_3535.jpg,4,helopeltis,256,256,4407,True,,0496a874e85402b5934d3f90a04896d19093070ad9eb845612beaebaef36940f,fffff3f3f9f9fd7f
dataset/helopeltis/20220101_104206.jpg,4,helopeltis,256,256,5270,True,,de4d23b3977753f496262cd96fdc6a306047a3a36b11a8ece353310777f45515,1838b0f0f0f07012
dataset/gray_blight/image_0_387.jpg,2,gray_blight,256,256,5192,True,,531769350aa9fee3c5bfab3b775273b9525586ce099866bd2a59b2adf04fd3af,dfcec0f8fe7c1c21
dataset/brown_blight/image_0_968.jpg,1,brown_blight,256,256,5183,True,,27e0a8221e9c32c9821b267d9dc3a1b6d79c7fed9f46bff650630f9b79749b4b,ff3fdfc3e0783ffe
dataset/healthy/image_0_0.jpg,3,healthy,256,256,6588,True,,18c707fa3d37de366ce32543bd354c2fc96144185735ca844a9ba4db4982eff0,1c3cf0c0c891834f
dataset/algal_spot/20211227_114149.jpg,0,algal_spot,256,256,5200,True,,1daa8497a07a3c9bcefac9806c2d091c31f4288391b262df624aecaa88f284db,e9e4f2f2f2f2e0e0
dataset/algal_spot/20211227_133333.jpg,0,algal_spot,256,256,8228,True,,26754400a131c485ee650df1066959f9944e383627def4387c779148ec94d51d,0070e2c8f8f08fdf
dataset/gray_blight/image_0_2098.jpg,2,gray_blight,256,256,5193,True,,bd9f9da177a4fba73ea3121ea0b6274c2e61b6a03ffb5b7d814a2b989450710d,00013cfcf0810420
dataset/gray_blight/image_0_896.jpg,2,gray_blight,256,256,5391,True,,702ead07ea94dbe103a79fa15d28d6bd757021ec793d01f73c4e84fd4eb174e8,0e0f23e0e4f071ff
dataset/brown_blight/image_0_5363.jpg,1,brown_blight,256,256,6585,True,,4c4448b7f740242bbdf057ac8a32c6741eccc505fe4c67f7db0256f2a4456476,ff7f5c38f1c3871e
dataset/red_spot/image_0_577.jpg,5,red_spot,256,256,5276,True,,0dda5c3e38becb6816588966841c062d3203f61ab281641bc3f5fe438b6f7f0f,00023064c0c1c0c0
dataset/gray_blight/image_0_1019.jpg,2,gray_blight,256,256,5665,True,,b5bf1fc0be42e3554132f2da6124b372e6f810a414bd9f3a4a466c033a2711b1,0f061c7cecf0b43c
dataset/helopeltis/image_0_3721.jpg,4,helopeltis,256,256,5397,True,,953c4c9e1d25f8060addcb9ea36d2e07bf0d6b01b0916cae3cf34157cefdcc29,3e1f33f0f8cc0600
dataset/brown_blight/image_0_7937.jpg,1,brown_blight,256,256,5947,True,,4399b68727492c6521fa886a024cd9778257ed659d0b5d668b1bcb82ddbfdf72,ff7fe1f0f8397f7f
dataset/gray_blight/image_0_1059.jpg,2,gray_blight,256,256,5250,True,,f1793773ccf71361cabd64e88fe0696b166a35a0ea9644934b9686562a199386,43a3dcfc6cf1e20e
dataset/gray_blight/image_0_2619.jpg,2,gray_blight,256,256,5104,True,,66050dec2bdb54f279755a42345687f4b939b77dff2ccdae8cce12da589329c3,414e3cf0c0c1c638
dataset/red_spot/20211227_160607.jpg,5,red_spot,256,256,4874,True,,44b395dda138bd95d8ae2595253fd6e9f0394e5b8c650a47c4c10aaf88794419,8f1bf8e8e0e0fcc0
dataset/red_spot/image_0_616.jpg,5,red_spot,256,256,4938,True,,e762a3b083862a5815250b856bcbc530401632231e68099f38eecea42410d3e9,00063cf0f0e20480
dataset/helopeltis/20220101_104053.jpg,4,helopeltis,256,256,6107,True,,802937e6c2d00d5baa7f79f24232d88e134e45c073d801dc60ad6e15280ad600,0059a4a4f0f00300
dataset/brown_blight/image_0_3812.jpg,1,brown_blight,256,256,4874,True,,9e31590210d3b65dffa88c03e2655fa1d478237bf11a9cfbf55a10d038e35353,362934f4e079defe
dataset/algal_spot/image_0_3278.jpg,0,algal_spot,256,256,6718,True,,d778b57ae6de11f37a1e6d822b7cfbd5fbdca1e97c3dcf4d2568bded69d441dd,ef8f70e8d8e1e7df
dataset/brown_blight/20211226_000224.jpg,1,brown_blight,256,256,5340,True,,4de1b20ef054fbfaae7774a158bde7ab2e1bed39ce59e4451e1f1c7766109359,000160c0e8210000
dataset/gray_blight/image_0_1270.jpg,2,gray_blight,256,256,4868,True,,3cd19a02d583b7aac721b7a7f5de0500bcc87ae54b007d369f5366c7f1c36a57,0088c2c1f03c0e01
dataset/gray_blight/image_0_2605.jpg,2,gray_blight,256,256,6217,True,,da24de2bf06bddd69aefda17433c7a95afc206a73e3135a82fc9e56fe7a435ee,00c0c0c0e07c0c3e
dataset/healthy/20220101_093958.jpg,3,healthy,256,256,5245,True,,1b21be53d4a0a3f9518fbecda6210b25ccfd64f7749c6038158ffa50c0d91b8c,808031f0dcb0e3c8
dataset/gray_blight/image_0_3855.jpg,2,gray_blight,256,256,5430,True,,fa0d68b038cdb4f2db5f19f87046e0cd872494418a42e414836fedad8e112f4c,ffc7bc7ee4c04310
dataset/gray_blight/image_0_2441.jpg,2,gray_blight,256,256,6110,True,,2d3b0768cf372a451068497f6883c7d9254c091d415c4aff1ec59628f3cc89ec,00c0c0c060701800
dataset/helopeltis/20220101_095922.jpg,4,helopeltis,256,256,4894,True,,3e3f1af54841a1558612743adc4068039727ac709873f0b878c6fb65dbe7579d,609ec4e2f0f1f9cc
dataset/brown_blight/image_0_3258.jpg,1,brown_blight,256,256,4529,True,,433aa13edd18d915df7145caed66fac97cf436c4908c74f7deb8e69b78f47748,00020c3830606008
dataset/red_spot/20211225_225644.jpg,5,red_spot,256,256,4829,True,,f66c1f67d8a316001e907cf25a66be312af8c7a13fd5319117c571d0925c0f97,03010330f0f00303
dataset/healthy/20220101_090128.jpg,3,healthy,256,256,4728,True,,80bd52f60c5169dc121b8c13a270bd48cf75c4ee0abb8d76b612121ae1d27a5a,bf9f73f0e8f03fff
dataset/red_spot/image_0_2592.jpg,5,red_spot,256,256,5490,True,,802b23f0e5a1239e58fa5b3ecf4b2ddb15359170d9120107cd76745ff1bec36f,0cc2c1607c1e0001
dataset/algal_spot/image_0_1187.jpg,0,algal_spot,256,256,5025,True,,7c9d3c097c7c26181afdb581d3f1e055ca9be6d771f0b6ea1b56310c172ce2fb,436060727070b8d8
dataset/healthy/image_0_3560.jpg,3,healthy,256,256,5170,True,,0c09c3733a9f5d22024d034c4c64238449f31a35111a3e5cdf72b7a4d0b2c941,646072706139385c
dataset/brown_blight/image_0_1423.jpg,1,brown_blight,256,256,5710,True,,45dae78b1717df058c33aabba185da5c611020e3c02df28cb7a49eb2b42f256f,7fbf8fc3d1f8bcff
dataset/healthy/image_0_565.jpg,3,healthy,256,256,5841,True,,eb481dae2b632170d601fdbf808999ec73a210e8910b9f1faa1b9d10a5e3200c,3000f0e0e8713919
dataset/helopeltis/20220101_093843.jpg,4,helopeltis,256,256,4620,True,,54d51679d47f9e6fb11f6ba6a04c9cd5657bf069ef67ed27e8af85f08cb668d5,00801978e8d870f0
dataset/algal_spot/image_0_3560.jpg,0,algal_spot,256,256,4881,True,,d2470b1c645a813e546992cf55a15340370d7c9cdf3751bf87cd720e8fe2f0d3,00c0c0e0703c0c00
dataset/healthy/20220101_093621.jpg,3,healthy,256,256,4706,True,,2ee6689cd1d3226c3982fb1383b35f21997e1c878c7218f99d1634670811e747,0006f1f0c0f8398c
dataset/algal_spot/image_0_2011.jpg,0,algal_spot,256,256,4921,True,,1e2d1547aef53dd80b30382b283ee655c6a057f9153de571217aacd5e475407a,7f0d3c7cf8c1e73f
dataset/healthy/image_0_2149.jpg,3,healthy,256,256,5783,True,,4b89abacd4013e526c905554e2b2dcf5a2f3571df0ea29e0ba58061c3e89f076,307968e8e8f0f060
dataset/gray_blight/image_0_126.jpg,2,gray_blight,256,256,5401,True,,e17f6831fba4b1ab7956580a82130d8056e8065a5d85d09ca7324c76297c6ee5,000030e084e06000
dataset/algal_spot/image_0_3532.jpg,0,algal_spot,256,256,5913,True,,5e33b80698e41c573c01a27e5b3bba6a7f5221010d5be7ebf4c44358ece3d974,0e3c70e0e0e13fff
dataset/algal_spot/image_0_276.jpg,0,algal_spot,256,256,5733,True,,3608f06eaebca2713cd04c6cd046e9b5895319ea8790488dcb5f568cde796087,00c0e0d8e27c9ce0
dataset/red_spot/20211228_124137.jpg,5,red_spot,256,256,4733,True,,d9d8fae3b30baad8a6f2e2bca629e1a449599bdc6263f95ce3b5fabfe00ad154,3f3f71f0fcf8fbff
dataset/red_spot/20211228_123323.jpg,5,red_spot,256,256,4508,True,,cd18896b1d9467bdbc3a817d8f273c76c3f1e42e69fb4ff6c74258490ec2af27,7f0f71e0e0f1ffff
dataset/healthy/image_0_2634.jpg,3,healthy,256,256,5332,True,,0e4921c80c56c7d2d4d66ec4e5253744c29720ea3baaff3c4ea84259b6f415ba,7098e1c0c4f01106
dataset/healthy/20220101_100806.jpg,3,healthy,256,256,4833,True,,41a40f021e7697ecfc4e7eb0b3c455803094ffeec695bfa96e556a9edb20dae4,308e70f0d0f0e0c0
dataset/red_spot/20211227_162426.jpg,5,red_spot,256,256,5482,True,,bd11785fbcea402824b0f9bbc3834a3c8a7c812ccf71bbc6d418755d6bc0437f,fc3ff0e0e8e1bffd
dataset/brown_blight/image_0_9279.jpg,1,brown_blight,256,256,6281,True,,1fb1628adaa4027d862a0644465bf040fa6084a61611270bcfc1881041b28510,0000f9f2b0f04000
dataset/brown_blight/image_0_9286.jpg,1,brown_blight,256,256,6468,True,,bd00b97a9df0b96dc30b24a7512487b1f5ab9fcc0948197e13ca325ef51b8a8a,0002e0d8c0810000
dataset/healthy/20220101_090836.jpg,3,healthy,256,256,4489,True,,e15047635e764f412add4c125b0e4d52cc57fca63231b679664fb5619a4fb8c3,ffdf79f0ccf033bf
dataset/helopeltis/image_0_2145.jpg,4,helopeltis,256,256,4432,True,,dfe1c9316665212535fff631a2f4a90ce252127e4d37d0d100164d399a2cffef,564e3270e9f0f3c3
dataset/algal_spot/20211227_133727.jpg,0,algal_spot,256,256,6378,True,,5b75d1a0414b1cb7bf6536e70a9e566db9063dc362a1a91d4d6e8109ec72292c,0317e8e8c0f0f10f
dataset/gray_blight/20220101_122229.jpg,2,gray_blight,256,256,6345,True,,894696ae5ef6cd28ed6cb50de14ccb8908cb64fadff24166fe8b4bd45c430c75,ffa7e1f8ece4e0fc
dataset/helopeltis/20220101_121243.jpg,4,helopeltis,256,256,4530,True,,935901e135c753188578232c11e8b948e06d5d2558964add9ef323dadf1188c6,fffbcc79f1e3efff
dataset/healthy/image_0_1596.jpg,3,healthy,256,256,5015,True,,1109b42074fad549ae198df8fdc7eb1534e2e3b9979e6f83a3bb23689366deec,00013cf0d0f10400
dataset/red_spot/20211227_161229.jpg,5,red_spot,256,256,5418,True,,7e2d7398481155475c50969d0cccbbbcf53ca69fa5974219c032ff9613249e22,1f71f88efcf033ef
dataset/helopeltis/image_0_2365.jpg,4,helopeltis,256,256,5342,True,,88146a9c84221944edd4d043cf5e64196ddd0b8a518164347cb7bc3c2dfb26a3,ffe79e7ce8c1c73f
dataset/gray_blight/20220101_121948.jpg,2,gray_blight,256,256,5359,True,,9df7c9253db1dfc8cc26040397544771ba2ea00eb6e22f4624df6689e8dc7e2c,febfe3c0fce0e1ff
dataset/helopeltis/20220101_102451.jpg,4,helopeltis,256,256,4916,True,,f9861022a4ec3c598d3bb98d71e012559273c6cf2407cd8c32f78d922b1c65db,048638f8c8f0331f
dataset/brown_blight/image_0_2521.jpg,1,brown_blight,256,256,5838,True,,3e4bca6676f2ad1d084a54df8fe7bd7cbd02b70da5c111bd17ddd75c9902ff3e,ffec7878e1c3cfbf
dataset/algal_spot/image_0_1455.jpg,0,algal_spot,256,256,6292,True,,8a1bbcf3b5710282f29d3ebc4514c24aeb472d7312cb97b187d5a08544c896fe,003cfcfc98c17fff
dataset/gray_blight/image_0_771.jpg,2,gray_blight,256,256,5360,True,,7e6a7a626e1a3f85278c0ca41baac77fffd7fa5c9f7d595721fbe9aa5771feda,0831f0c0f8703000
dataset/gray_blight/image_0_1202.jpg,2,gray_blight,256,256,5288,True,,ea127e92abbda291ffa9985871200a745beb3f4c1b9e4d4d825db0d7636722b9,33c8e4f3f970b81c
dataset/helopeltis/20220101_104130.jpg,4,helopeltis,256,256,4954,True,,3250154ef86bd3cdb1d2c519eb0b9989560eda86c9df4172cbaab4b3526322fb,d080e0f8f0f08600
dataset/gray_blight/image_0_1963.jpg,2,gray_blight,256,256,5496,True,,4009c3c1d5ff831bd078de5e8873e65922b738cf9742eea073b5cbb90b7cbfaa,1d8f70e0e272b7fe
dataset/gray_blight/image_0_2177.jpg,2,gray_blight,256,256,5482,True,,f953900d5d040ffb779523b64b10195898f62237a6294112bc76afa1cfdff644,00c0e1f0f0380800
dataset/brown_blight/image_0_1664.jpg,1,brown_blight,256,256,5498,True,,0e60e2a2e42d811f9fe46197f3b81bcec5acc1cb101b2c1589e38e458bc9b68f,00021878e8e0e400
dataset/gray_blight/image_0_2785.jpg,2,gray_blight,256,256,6444,True,,58e4858e3841c4922f55ada00b14b306d4fbdcec674eb316b47208c984891989,3b36f1e0c4e8f1f2
dataset/healthy/image_0_3684.jpg,3,healthy,256,256,5300,True,,2efc0d99e6ff463c1a24d1179e32cd529b5d2ecf794c8f501b44e6af699dda06,7e3ec7e1d8fcfced
dataset/brown_blight/image_0_773.jpg,1,brown_blight,256,256,5829,True,,3395976569cf447bf1ee41c1e19ac4384a61684f5bc7d7ae3710cedfb10d7284,0000e0c0e0e00080
dataset/algal_spot/image_0_103.jpg,0,algal_spot,256,256,5924,True,,87ae4ee5dc1dcae1c61519d144e2f23d8f48685ec9cdd096c597ec420dc1e8ac,c4c0d0e0781c0100
dataset/healthy/20220101_093319.jpg,3,healthy,256,256,5638,True,,193b7d1b998693bf3b5761676e5be63cf8449b44fd679d6bb7d8b63cbf4fe212,c173f0f0c4f03b7f
dataset/red_spot/image_0_2740.jpg,5,red_spot,256,256,5358,True,,a204c695a2236890058d702ff2e0428d170a7611f134a1eb9cd35a425e0551c8,7f1f7cfaf0e0e2b8
dataset/red_spot/image_0_955.jpg,5,red_spot,256,256,5194,True,,971ea7c4c8687b4ceb6ec7c7826e3716f0d8b2221098e3c45958a677449b494a,000062e1c8f03000
dataset/healthy/image_0_1202.jpg,3,healthy,256,256,4961,True,,e3c8d54e5c47f0a095f3471f8285ef16138c00b1832b23f507d9f6eb09277fc3,064cc0c0f8fcdffe
dataset/brown_blight/image_0_6510.jpg,1,brown_blight,256,256,5597,True,,46eb758cd040bafdf182f5dd481a184854740cf85543b4ee43375442a913c1d9,ffff7ffce0e33f7f
dataset/brown_blight/20211227_163153.jpg,1,brown_blight,256,256,5722,True,,3a388811722fe83e7888b81468afe7a5faa7d3bf7740dc6f413a22c4f5c9e612,360d7ae2c4d8f0f0
dataset/algal_spot/image_0_3883.jpg,0,algal_spot,256,256,6864,True,,10fff98875be5205b888a67d12bdbdf3828742c78ea35eb1669f27ef9a301d1b,b038c0e0fc703000
dataset/red_spot/image_0_2134.jpg,5,red_spot,256,256,4988,True,,e13e84710380d4936b761c093b80887fe8fc0b180acb5e90b6b601fbd4e4033e,030b387071620100
dataset/algal_spot/20211227_154506.jpg,0,algal_spot,256,256,4865,True,,3746f9283010593db7171d23eb80f8eafc7d8cec1cb08fd726b6ea5d7139d220,bcfef8f8e4f0c0e0
dataset/brown_blight/20211205_153733.jpg,1,brown_blight,256,192,3362,True,,d97f7b2a746dc7d587d076baf1f3df0728ccef1fba830df851ca684ee0ceade6,fffffff37961ffff
dataset/gray_blight/image_0_3811.jpg,2,gray_blight,256,256,6031,True,,8fb4ee2830e5495eab795b8a37a5e76065c6a62eaf340bcf553bd1618c7a9cb4,39e3e0fcfefcfcff
dataset/brown_blight/image_0_4571.jpg,1,brown_blight,256,256,6550,True,,6d180d4992f1406c9e8eeeacc42f0a8a4cee3e1c203b4704fed580d61b60406a,0f07e1f8f87efcff
dataset/brown_blight/image_0_7373.jpg,1,brown_blight,256,256,5682,True,,df5063a163c57cfe15fcc1c4caf35d281da1ac07f9e082204a6c09f9b9980d2f,8f3f87c3e07c9efe
dataset/helopeltis/20220101_105114.jpg,4,helopeltis,256,256,4655,True,,2c8a8eb250736afd862d7e65b5d2c2032e3f1c54f39817661b05bcfcfd6be2ba,c0c0d8f8e0f0ffff
dataset/gray_blight/20220101_113436.jpg,2,gray_blight,256,256,5600,True,,e66fcb68d4886e4127c73d8b843a3586e6fa096bfaca19bf45ff042fe1e30476,ff9b79fcfcf8f1ff
dataset/healthy/image_0_1422.jpg,3,healthy,256,256,4588,True,,be357b340392a53b8648de035a178f1a758b3fdbc170abba3e94d68e7bf5adfe,0000183860606000
dataset/algal_spot/image_0_913.jpg,0,algal_spot,256,256,4923,True,,60b7216938fab4cb8c761a603da42bfb143d643075f7e44447aeb9f542d6ad2c,79bd37e0fcf8bbff
dataset/brown_blight/image_0_404.jpg,1,brown_blight,256,256,5234,True,,17327f9f62f3156a304c035d0f3788bdb590ebff6caade8643e9b2959ae866fc,1f0f67e371390e2e
dataset/healthy/image_0_1057.jpg,3,healthy,256,256,4364,True,,5b02373e652fdf24c8a273922722f417a848bf6ea7acbdda8c898b0d5e101edc,f3dcfcf8d1c37f7f
dataset/helopeltis/image_0_955.jpg,4,helopeltis,256,256,5454,True,,9d6f9159ce8c1c403a3715cd1bb5fa9834891584ccbbe4c7048710952da83fa3,00c0c2c1e074f8d8
dataset/helopeltis/image_0_146.jpg,4,helopeltis,256,256,4373,True,,5909b1da8f49c100a06625940bc361d441dcbe32717eb4b57734ac4189a6df62,fffff7f1f8ffffff
dataset/gray_blight/image_0_1679.jpg,2,gray_blight,256,256,5736,True,,a0bfcafba02dfbbf7ca60d732608289e0867b58dfae8f8969db76530d31ff4e9,df3bf8ece47899cf
dataset/algal_spot/image_0_3401.jpg,0,algal_spot,256,256,4046,True,,0802d6178fbcc5818aa0e17fce2f9c32c494b23f7cfd900a37dd37a0a1633015,6038e6e0f03c0c00
dataset/gray_blight/20220101_113651.jpg,2,gray_blight,256,256,6045,True,,9b80ecc58a84286c0580d695f37bac1f30679e62927b24dbfbd29f0aa6438f89,c7b8f8defc78ffff
dataset/algal_spot/20211227_113957.jpg,0,algal_spot,256,256,6765,True,,f4f134b16e24d7d90f4fcdef50bb6dba6fad509601baee686f292bd0102ae7d1,820e70f8fef878b7
dataset/algal_spot/image_0_2940.jpg,0,algal_spot,256,256,6670,True,,0f7b887fb8e2289db8b689d3872e5da9689b1a955a2c3678c76b67797f1bf28e,cecdbc70e0c1e3ff
dataset/brown_blight/image_0_6985.jpg,1,brown_blight,256,256,6167,True,,d7be3b1af2d581621bfaafd42c9c165bf31bcb558a6746f4b58f8fbceefbb0e4,ff7f3fd1e0fafdfe
dataset/helopeltis/image_0_2681.jpg,4,helopeltis,256,256,6354,True,,898f7d3c577e218c9a867dbc6c4f5977b13cebb925fa0599d4e924affde8bb07,000062e0c4ecf880
dataset/helopeltis/image_0_1098.jpg,4,helopeltis,256,256,6190,True,,bfc6852caec3eea38fa4a9d4912aa12f8817c0edbb47e818b27137b604524737,001978e4c8e86102
dataset/healthy/20220101_102849.jpg,3,healthy,256,256,4459,True,,adcf46aa50888e70b69d47ed77f8da026e83f675fc3b7e58753a9c4803c3edf4,e0e0b8f0c0e00200
dataset/algal_spot/image_0_3753.jpg,0,algal_spot,256,256,5974,True,,a1a6701d854d8d9ca3f520168d4a5199b273f67df5920073fc97398e8b9395ef,161c3979e3c7cfff
dataset/algal_spot/image_0_4305.jpg,0,algal_spot,256,256,6759,True,,0e64d27b3a770910a0e6852dc0aa1701d48ff26d4e140951d8ed1a917ba5ef1c,0063e0a0f4700f0f
dataset/algal_spot/image_0_1928.jpg,0,algal_spot,256,256,5509,True,,900cfdbc011eaa3959b8f09aa40b769737019a0ef9c63db54b334c4e923552f1,11013ef0e0c1c0b0
dataset/healthy/image_0_1266.jpg,3,healthy,256,256,4512,True,,65f6f13a8294e57682e7fcdefcbaa9491213ba499af5656dad68326ef83195cb,00c0c0e0683c1c00
dataset/gray_blight/image_0_1620.jpg,2,gray_blight,256,256,6002,True,,d0b90f5b68d73c0b8558adcf64158ba149809b9a5a6d3743fc8d8f7c9b6b62ed,7fdf3cfcd8d1d33f
dataset/algal_spot/image_0_2178.jpg,0,algal_spot,256,256,5707,True,,c9348f89d58899a9f0f16ebd79a392b11df6548ab9843b5b782f8ffcd7f6d7b1,ac16f1f8f8e8b7ff
dataset/red_spot/20211205_154944.jpg,5,red_spot,256,256,4137,True,,a113051052425cc9198250f95fb0dddaf06b2761e1d1ece90c93fed5f5dfd4a6,ff7fff7970f9ffff
dataset/healthy/image_0_2842.jpg,3,healthy,256,256,4089,True,,909e3daad68da22d63b290ce01ba3793dca149f07817f656f200cf7bfdac0813,0040607070180800
dataset/brown_blight/image_0_4417.jpg,1,brown_blight,256,256,6811,True,,0e592070f55f693a26df7cfb7240b8d0ed99f80747262d4fbe98b9d5058cca8b,070338fcc8c1e71f
dataset/helopeltis/image_0_4286.jpg,4,helopeltis,256,256,4597,True,,d83974c2911e1dc7a2c2718ceb226c080b8969f2eb1d7a815012ff1b9f58ca18,f46f33f0cce0e75f
dataset/algal_spot/image_0_792.jpg,0,algal_spot,256,256,8221,True,,e7072f8cb5512c413bb741ceaa13882c3659e643fe3932dfb4ef6d65386937ea,371dfce6f0f1e79f
dataset/healthy/image_0_1971.jpg,3,healthy,256,256,5551,True,,dd2f61f4b646de94a982105a4fd96f3e3084489116d29ebd1799c7159d212432,010cc3d0f8781c03
dataset/red_spot/image_0_1860.jpg,5,red_spot,256,256,5879,True,,6183304b93fc636aed73f0b5ad7ebd1297e0688ff42f44b7713126276b9008d4,6a3ce281ccecf8f9
dataset/healthy/image_0_2695.jpg,3,healthy,256,256,5514,True,,3f1dd7a28d606d78991bc5837ba7da25ab446e7d0330310e1d651e0ed3a46296,f8e6c1c0c0f03707
dataset/red_spot/image_0_1931.jpg,5,red_spot,256,256,4819,True,,3dadb19dbdd1bce17059ee9d8c2f794c6c83fcc94301368314707fc7fb95abcc,060b3874e8c1c200
dataset/red_spot/image_0_2630.jpg,5,red_spot,256,256,5322,True,,970d1a0b9b53b697f7f9e4621e37689eba1fb15955d46332c80fec46a2daf761,000084c2c0613800
dataset/helopeltis/image_0_3594.jpg,4,helopeltis,256,256,6348,True,,c5d764028435789d1761d029ef89208113b896414701b0702214367b2422e96b,0000c0c1e0701c04
dataset/red_spot/image_0_558.jpg,5,red_spot,256,256,5430,True,,3d54696d324f16641bc9fdec22809ef2b27e11c7154d8b3be6c56babb945e64b,000c82e0d8fc3801
dataset/algal_spot/image_0_3422.jpg,0,algal_spot,256,256,5756,True,,3084ce030a87735d9f77d4924b059a3fb897c6425a05aa08e02c966fa6653d0d,00041c3060e0c198
dataset/brown_blight/image_0_6366.jpg,1,brown_blight,256,256,5606,True,,db8826760302be6b3b0da4bbd99896ccc10a45b512371cf0210665123e8b3101,070371f0d8790f3f
dataset/healthy/20220101_093636.jpg,3,healthy,256,256,6387,True,,f8464f7b3c851955db225bc2a39fcde6f1ef608608125ea66cdeb79aaa3deff2,0003e0d0a4f0f1c8
dataset/helopeltis/image_0_3876.jpg,4,helopeltis,256,256,8111,True,,6bf97edf1a3f1d332df833193d83628d3e3b088e3ad621157fc85d11d1413988,e0d0e4ecc0e06000
dataset/helopeltis/image_0_701.jpg,4,helopeltis,256,256,4990,True,,28a330433112a9d245638c5b2d8ae76deaed1073dff1579e57d774251c802cd7,0010f0f078380000
dataset/gray_blight/image_0_4130.jpg,2,gray_blight,256,256,6097,True,,dd8261ce41fb6abe5034b8f7c8f4e3ac9aff86c57651e83792da25192551b052,0003f0d4c8808000
dataset/brown_blight/image_0_104.jpg,1,brown_blight,256,256,5455,True,,3ae54f467ff1c63c5b1dafeffbbad8e68e73612596d68373a57ed4843609786e,463170e8d0e060a0
dataset/brown_blight/20211228_131310.jpg,1,brown_blight,256,256,4719,True,,8faff8fd8b06c81d907ab2a2383e464dc427f82a25af5638a4c16d40536598a9,fffffcfcf8f0f8f0
dataset/algal_spot/image_0_2367.jpg,0,algal_spot,256,256,4983,True,,b3e12c3b337fac944d7e000cc49e91395052bba2a0cb1b564979eb6337e166b0,00e0f0fc78000000
dataset/algal_spot/20211227_132727.jpg,0,algal_spot,256,256,4863,True,,db7ec9cde10d91e89395158a269d10a186fb0cb05ab424b36e15847a088be2c2,4f3fe0d8f073fcfc
dataset/healthy/20220101_095230.jpg,3,healthy,256,256,5100,True,,924f6f50da1b2ade892491f7acf9325b64f5d834b72f6349e984be1fcea8df2a,000ce1c0f4789cfc
dataset/brown_blight/image_0_4021.jpg,1,brown_blight,256,256,5169,True,,f8253924daa35fce0c23e3ca362b60bf73d55a3c74793b4e8294809a4798fbd2,0060e0d0f8780000
dataset/brown_blight/image_0_2722.jpg,1,brown_blight,256,256,6176,True,,b9240f1cabcc6eae4e5cf91361f527fda830f6ba2afb981092310fa2056b12f1,000030f090981800
dataset/healthy/image_0_3454.jpg,3,healthy,256,256,5000,True,,82c2181e7884eaa87ddfddad5e0c351ccb6726c6371e0055c643c29d18b7752e,0000f0d0ccf03100
dataset/healthy/image_0_1605.jpg,3,healthy,256,256,5123,True,,f27b6960c9f2086e38a9a82e4c3017297b579f3c09a6dfff8793c2ceb50dd3c7,000080c0e0783c00
dataset/red_spot/image_0_2316.jpg,5,red_spot,256,256,4731,True,,4182135cabd3f4ecd525e08eb64b9b0f28150f793e629d9d287485c60b8f1a8b,bf3fcfe371387fff
dataset/healthy/image_0_1363.jpg,3,healthy,256,256,6118,True,,4cf6f0047224980a4cb6b736553503058b3ebdb00f7656c878b705ff5992e616,000078c0c0f43c08
dataset/red_spot/image_0_54.jpg,5,red_spot,256,256,5351,True,,a2e9f156e9eff5d1b3b02a900dbfd1e9a0d8d6da8add9027372fe14ca0485d62,1c06e0c0c2f070c0
dataset/algal_spot/image_0_5.jpg,0,algal_spot,256,256,4887,True,,b144f5f0c0e3c3a334be3ea3543e2b1a91ab816a98938d025c4959bcfd31989b,a79cbc7471637fff
dataset/healthy/20220101_094704.jpg,3,healthy,256,256,5534,True,,9984aaa01dadcb842483dfa0e51030645bdafb6796fc4f7ac278002492c04af0,8826e1f8dce0669c
dataset/healthy/image_0_1320.jpg,3,healthy,256,256,4988,True,,ab0d68d98f9bbbd8be89f22f1443dfa653727b89e7715c138e8f39c0ba6556f8,00003860c0c0e000
dataset/gray_blight/20211227_164036.jpg,2,gray_blight,256,256,5151,True,,e9bf4fd5023fdfeb3a3ceb8478d593a3577690943a367e1bd833080a668954a9,ec9ff0f4f8e0ffff
dataset/brown_blight/image_0_7955.jpg,1,brown_blight,256,256,5818,True,,313d2eba7aed6f4b923511e24691c50f5b2d12b1b340d37431d812349436e0e4,000278eccc988080
dataset/algal_spot/image_0_271.jpg,0,algal_spot,256,256,7911,True,,e28115e546c56f17db66c73bcb953863fe82627e41820cf4ceb6bf478e405cb8,d878f2c4f8c1cffe
dataset/healthy/image_0_2347.jpg,3,healthy,256,256,5914,True,,0cbc03e2e07b26ddf6ae10f029738a066274a0e381e88f31490e07aee6f8fade,7c1ef1f0d8f078c0
dataset/algal_spot/20211227_151543.jpg,0,algal_spot,256,256,4915,True,,a510685536c9481e9ab401df4800db696210aa0e6d14b04abc59e8973f3b6cb1,e19ff1f098e077ff
dataset/algal_spot/20211227_130533.jpg,0,algal_spot,256,256,6199,True,,0a831b427e763b5e7fdc21a07c075d95b8b1e3f9d52ebbb835c404e0225b0725,7ebc78f88ef4fcf8
dataset/algal_spot/image_0_722.jpg,0,algal_spot,256,256,5411,True,,5ee642fab0e5a6815d2d9f379f26781cbf19ff172549d7202616e7dd2ae79db8,000038786ce8f0f0
dataset/red_spot/20220101_093044.jpg,5,red_spot,256,256,5098,True,,aec4d0a225384346b1587c608c8b61af6a793e890ff81c543a42f6a94ccaa100,feffb87cf0f073fe
dataset/gray_blight/image_0_840.jpg,2,gray_blight,256,256,4721,True,,752e57b5339cb86a5722afa8bb024a6ed5405c35b0d4ddc6de44d0e47a4ca96e,01100f3c78f0c0c4
dataset/red_spot/image_0_1554.jpg,5,red_spot,256,256,4759,True,,a627d5f4f545806abe7315dcd5f15a2df10951d13a17c1686a0461414cb00f84,0001387ce8f17efc
dataset/algal_spot/image_0_120.jpg,0,algal_spot,256,256,5334,True,,318b47aebf1ca5500e51bdb83c459e1a43923c8f0afba3e3d4f607db97930d3d,039c78e8c1c24cc8
dataset/algal_spot/image_0_1141.jpg,0,algal_spot,256,256,7442,True,,8adb0ba6b9470459e4bacd9ee9dfeffe46eceb98c8493b77aacdc58d0d7d1338,208ec2f1f87c3e0e
dataset/gray_blight/image_0_1705.jpg,2,gray_blight,256,256,5572,True,,e7ee8b7a0c46ce3d8344860eb95f43b399b6affcf1fb6e37d402ab6fc328615d,7ffefcfcf0c0c000
dataset/gray_blight/20211228_134703.jpg,2,gray_blight,256,256,6071,True,,102bbb201853395aa808dac40c6cc850b7c56d4b967f4d3e9023407d72aed056,936ce4e0e4f8f0fc
dataset/healthy/20220101_113728.jpg,3,healthy,256,256,5898,True,,c5adb4bb3b1c770a29b30c8123a180385f640c214d310d39ce61700ed9c528a5,ff3fe3f0f4fcfcff
dataset/gray_blight/20211228_141523.jpg,2,gray_blight,256,256,4281,True,,b6cfac76a4f24b1c443a972005edd05cf79a4253ab85790a78cc6cc803c90a34,008082f0e0f0321e
dataset/gray_blight/image_0_3247.jpg,2,gray_blight,256,256,5904,True,,2ded747a31d9c5c216508b5f9631f6d1e02a5d7f4ca2ca17a0a6d0732896ad34,0006e0d4f8f80000
dataset/gray_blight/20220101_114942.jpg,2,gray_blight,256,256,5799,True,,893fa80aeeb24f688b91f43e43833476dda1427d931046836c246dece13383dd,bf37f8eceef4f8ff
dataset/healthy/20220101_085931.jpg,3,healthy,256,256,4046,True,,56565077f6d9d1c64c88ea75f92d38822e19152f4ed47fa8f4d95b3b7a3365bf,ffff75e0d8f1bfff
dataset/algal_spot/image_0_1234.jpg,0,algal_spot,256,256,5658,True,,e08b4f43910c4f17f66f844329bccd8b56ec949a55b90cff6d5fbde45b99073f,f4dce1d0fcf070fe
dataset/algal_spot/20211227_132246.jpg,0,algal_spot,256,256,7555,True,,250ce0af2cb9c0e9c78a0db1cfec978563fa2b9bca18ecb8a5d45c961f678afa,00e1f0b0f0f03208
dataset/red_spot/image_0_2495.jpg,5,red_spot,256,256,3795,True,,7b42475814f38588042fd413eca51f3f59a27412d342e7231c3a430f29c55d3b,00001c7860600000
dataset/gray_blight/20211228_135428.jpg,2,gray_blight,256,256,4502,True,,f37bd0fa519ad833a53d67d7f1a222ac1d6243e581d569bec5192ace7c7df9d5,000061f0c8f0331c
dataset/red_spot/image_0_337.jpg,5,red_spot,256,256,5746,True,,b41d8d850b6ca045b288868e37121e7252b77524b009fafd4fa9f2475dbbab67,e65c3c7cf8c0e000
dataset/gray_blight/image_0_1033.jpg,2,gray_blight,256,256,5773,True,,db9706acdc2801f37df6e6febf10ab04a6439d4953d8ac0f83a524a511b884da,ffef7cf8f8d0de7f
dataset/algal_spot/20211227_114209.jpg,0,algal_spot,256,256,4782,True,,c43fbc315d681c8aff4c0d84d6d28a56ff2b60cd1ccb0b45e9e1cf8a97eee2d3,fd9b78fce8e9dfff
dataset/brown_blight/image_0_8948.jpg,1,brown_blight,256,256,5522,True,,b3488d855a8f8d827621d08cb552d76bc98de2ca43f65b6df35ab77aab3e43b4,fddcbcb8f9e3cf3f
dataset/gray_blight/image_0_3892.jpg,2,gray_blight,256,256,5957,True,,ed4c75344fea0a79627e7626291a3c65f4db9729d260ea0ccf0cd94fd3f16241,070f27f0f4f0e327
dataset/brown_blight/image_0_1995.jpg,1,brown_blight,256,256,4645,True,,7c2f5602150cbdff9535a1d04b43696278e531ab52c7240ce9292c02bca9b669,f6cc9870e1c79fff
dataset/gray_blight/20211228_135006.jpg,2,gray_blight,256,256,5361,True,,4a3aaf3d9107fdc1dbc0d481ce033a02edbab9f953c82440c1c0179c6133d83d,feddf8f8c0e0e4c0
dataset/brown_blight/image_0_8230.jpg,1,brown_blight,256,256,5439,True,,e490b923a1a1ff14ca01b5bf1740f5f575447bc0ca72264ce8ed94a7dedd69a7,00061c78e0c28000
dataset/red_spot/20211227_155509.jpg,5,red_spot,256,256,5383,True,,d7dc4ed176145e853cdce6fc50eb3a568236832bac347bc8089a5391f50cf375,1c9ef0fcdce06000
dataset/brown_blight/image_0_1543.jpg,1,brown_blight,256,256,6024,True,,fcaf1542b4d04d8637bc3b63ca5b03cd180b1c192d3afb503ba7db7945c148aa,0088c2e1603c0c00
dataset/helopeltis/image_0_139.jpg,4,helopeltis,256,256,5063,True,,67a4b419497458ba3be13faea47bedc35268862049b4a8d4b3a5b92d00b3ffdb,ffcfc3f178fcfcee
dataset/red_spot/20211227_160754.jpg,5,red_spot,256,256,4782,True,,a1fd52d4cab9e622ba170d57fa4a5cd701204f091ae8e48057ff47e5a554f2bc,0006f0f0e0789af0
dataset/algal_spot/image_0_2828.jpg,0,algal_spot,256,256,5581,True,,1438df51eab9290b01d017f76e6a85b5d629e2f91f5e995cb6ff4c3d3af7a609,18c6c1f864381c01
dataset/healthy/image_0_1512.jpg,3,healthy,256,256,5447,True,,24e51d3322b7bdcb2aaab1d566bb66fc8fda7ccbf87a826dfd771b0801526c8f,49d9b93171726264
dataset/helopeltis/image_0_673.jpg,4,helopeltis,256,256,5467,True,,3dae360a08a6737da901ab0000cb07ddf65f7160d6811d43f7fcfccc70943661,0000f0f0f0f83410
dataset/algal_spot/20211227_133841.jpg,0,algal_spot,256,256,7548,True,,90a50ff41ff5dea40cb7735d0f5f22b8eeeb527682a9c8fc8f296ce3f5fd50c0,8670f0c0e0e11f7f
dataset/brown_blight/20211227_164149.jpg,1,brown_blight,256,256,5001,True,,5c6e27b875c2ac724042072fbbfb972570bd52016cf211d33456e7634a63f1dd,ece94ebcd0f0f3fe
dataset/helopeltis/image_0_3030.jpg,4,helopeltis,256,256,4015,True,,dda8d89704579215fa4e8024a5a92eabf1ed941b431eab3e40b156e307fe1cb6,000000083878e062
dataset/red_spot/image_0_1681.jpg,5,red_spot,256,256,5831,True,,f547439509d213fc8e208ab28f1a9e0ac77298f836cd56547bb1d05a534144ad,6f7fc781f0ecfcfc
dataset/healthy/image_0_3462.jpg,3,healthy,256,256,5190,True,,65a1613a518c1dda3878a6ab5af3f679dd6a9d263428917d2d17c34c1e6e6ac9,634cb8f06061626e
dataset/brown_blight/20211225_232857.jpg,1,brown_blight,256,256,4821,True,,076337a0a59a6edf4a3954561156e13b0bef82819a1f7047ca898359b8a4629c,030121e0c4600303
dataset/brown_blight/image_0_3763.jpg,1,brown_blight,256,256,4597,True,,30fa78ce03436befed172b7db9f09edf0277f54c3c2d3fdbdd17b2ac5a0dc91a,00021cf8f0c0c000
dataset/healthy/20220101_101751.jpg,3,healthy,256,256,5623,True,,3c72e01f3e7b054fc23444f682090d2e81b40b12ff9a0dae1f359fe5ce0b41fe,60e0f0f0e0607032
dataset/gray_blight/image_0_3271.jpg,2,gray_blight,256,256,7438,True,,25dde11f3023c3de414da2494aecd0ff05b58192872f5084a8ce4949f4c12533,c2c7f3d1c0e070b8
dataset/red_spot/20211227_162056.jpg,5,red_spot,256,256,5625,True,,26b1fec529b5c14651e767b464743138edb10ab31010210db3e9dd66cfb3cfdb,f49f78e6ccf073ff
dataset/algal_spot/image_0_339.jpg,0,algal_spot,256,256,5851,True,,1df36d2a7b5bd31fcda95275e87dc9a2f0a56fdfa626e23d28a6c27e44443f77,001c7ce4d0c3cf3e
dataset/healthy/20220101_100005.jpg,3,healthy,256,256,5168,True,,12b75839d6c2c2595d9facb9f07f0aaba162dc8ccede9a4874978807304804ac,dcb1cebef0e0e0e0
dataset/brown_blight/image_0_8769.jpg,1,brown_blight,256,256,7084,True,,7bed80e1e08bfb3f09b6d969ec44878f1ff3795b69af00017648543d215fa374,1078c4ccc4e868e0
dataset/red_spot/image_0_2444.jpg,5,red_spot,256,256,5014,True,,5634e9e468a73ea859ed4b143792a7429d33ba8a78416bb375b6b6ccd1046632,000000c1e0fc3c7f
dataset/brown_blight/image_0_5501.jpg,1,brown_blight,256,256,4999,True,,71c890a04d8e1086cfc21b77e9824a024bd1fd858c61c0b0de0b7050abea4cbf,010010f4f0e00000
dataset/helopeltis/image_0_400.jpg,4,helopeltis,256,256,3984,True,,a4321bcb3eab2833ff0a50f72bca5723d11b384b18cacf968cc1f7785a2eef68,0000c0c0e0783800
dataset/algal_spot/image_0_2874.jpg,0,algal_spot,256,256,6418,True,,871bc324e33f1dbd233c76d4fff431b416e51d96152306a667804c0aa705072b,38c2c0b0cef83cc0
dataset/brown_blight/20211225_233427.jpg,1,brown_blight,256,256,4928,True,,28cf59492f8bc9a704bfffee75acd70be360e46f89785e5cd32437617c4fb715,01010361c0f81903
dataset/healthy/image_0_1253.jpg,3,healthy,256,256,6257,True,,17141cc97a830d38171d0bc574dff4dc5cb86dc58622a778217e3dfe2d7e8027,0080c0d0f8741c06
dataset/brown_blight/image_0_7280.jpg,1,brown_blight,256,256,5012,True,,7f8acea22d08d1c32e17f37f335802a4d026ff6cc94ae7daab3c2b98f9e3a1ed,fefff8f860e2ffff
dataset/healthy/image_0_1473.jpg,3,healthy,256,256,5363,True,,cad9bc9503f259cfbaced35daa6370f1ebcacf7c8f34c35c15e2d0e15898c36b,000c3c7cf8e0e000
dataset/healthy/20220101_091202.jpg,3,healthy,256,256,4770,True,,5895f907c7cfac938c46e5165cf935817673f4432ec181e404ced5490c466891,ff9ff1d8f0f1bfff
dataset/brown_blight/image_0_3751.jpg,1,brown_blight,256,256,5774,True,,b795969a5e99a553ce1e103b3066ff5b7e4eae6717d62f141f92fbaa36d0b3f3,ff6fb8dcfefaf8fc
dataset/helopeltis/image_0_3583.jpg,4,helopeltis,256,256,5614,True,,7c7d5cc4e6f03087ae90e6c83df43503869c9aa42d42c161911cf2d5ff1984e6,00061c1878f9e3c6
dataset/gray_blight/20211228_120907.jpg,2,gray_blight,256,256,4762,True,,bd849d5b07144dfa29947451167e63cd881c8a3dcea77e8cd738b80a784e0a08,ffff3bf8ecf8f8f0
dataset/red_spot/image_0_3057.jpg,5,red_spot,256,256,5538,True,,b1011e0760550fb8ae8ce2896fcbf11ce2077c0079bddf49bb12adafdbbeb083,f060e1c0e4e0e000
dataset/healthy/image_0_3642.jpg,3,healthy,256,256,4183,True,,3fdfb47853a02c6828fb91b1d4c01822fcc68d714f9fc583c4022613ec6e969e,00000e3c70e0c200
dataset/gray_blight/image_0_180.jpg,2,gray_blight,256,256,5601,True,,0e407656a9810f1266ee8a705031105644279b2f7c5fb548ddd2c86065a682ad,000e3ef4e0e0c0f0
dataset/brown_blight/image_0_7399.jpg,1,brown_blight,256,256,5413,True,,25a4ec3aba73b05f4f018ac3d3652b069c0775aee24e599284438521a513e5e0,7f7f7978f09f7f3f
dataset/helopeltis/image_0_2497.jpg,4,helopeltis,256,256,5088,True,,ec3dcba2352e5bd60ccbc2792bc09411b12078d6a07e598c99b7c28eebb98d0d,00c0e0f0687c1c80
dataset/gray_blight/20211228_133446.jpg,2,gray_blight,256,256,4371,True,,52e480fc9d3b3e54c5578c671d6f755596fd33f5e0fcb27390d657c852db1c69,ccce78f8c0c8f8f0
dataset/algal_spot/image_0_1582.jpg,0,algal_spot,256,256,4819,True,,5210c5da9703c9c4bc22d778a948c54152cbe51e1ccddd50d1ac15be987edbe1,000471f8e0f0c0e0
dataset/red_spot/image_0_3094.jpg,5,red_spot,256,256,5083,True,,cba13c500fa04e4b68393a42bf52f36f980dbc629abf3aff021270c5b6c2dbde,00003874c4c8e0e0
dataset/helopeltis/image_0_925.jpg,4,helopeltis,256,256,5784,True,,ae4fd3c633c0c41fdb03d6a39ba419ae1b6fbcaf55f352d9654bc9e981a9c0fc,000039f9e9e1e060
dataset/helopeltis/image_0_1711.jpg,4,helopeltis,256,256,5284,True,,0e2f513dd8e49598f6474976e78af9d7ca913a4b33a5c5175290d6258c0a20cf,1064e2e0e0bcdce7
dataset/helopeltis/20220101_104616.jpg,4,helopeltis,256,256,4447,True,,bf6adef06af9b6fd5292701207b262beb5d9b9ed12b49602ef4a6b23d2f1eb3a,fffff8f0fcf8ffff
dataset/algal_spot/image_0_3377.jpg,0,algal_spot,256,256,6137,True,,ff5f50649867dc2963fd98eb2ab9c2edb7a59a3759e2629e9ef1c7a370153566,0188c3e0f43c0c00
dataset/gray_blight/image_0_3257.jpg,2,gray_blight,256,256,7372,True,,f653a0aa3e38b7e1f14740f74301a155157b3e5997cd927abb4a859f80800732,0023e0c080e0e0c0
dataset/gray_blight/20211228_125742.jpg,2,gray_blight,256,256,5535,True,,5fe59b521943d437bada2898b5b3cfa0ed6cb6077fb2b5fee0915798455016c3,af2fc1d0c4f03fff
dataset/helopeltis/image_0_870.jpg,4,helopeltis,256,256,5459,True,,a7f505ddb2d047057ac32437e7d9891f72b3be652ecc6f965bfb8da9137be262,1030707c30707030
dataset/algal_spot/image_0_1146.jpg,0,algal_spot,256,256,5995,True,,22f51e7be36e8e50251afa0aacaff72803acdd1a02f04b8da568e0f462579238,af3e7ce4a8e1f3ff
dataset/gray_blight/20220101_113200.jpg,2,gray_blight,256,256,6161,True,,b43748eab20ffde003e18d180f6c121253922f3f3f46f02e6dfd5272931967b3,093c72c4dcf0e280
dataset/healthy/image_0_1107.jpg,3,healthy,256,256,5408,True,,53e73a93e7f9deda8c91bc2fc4befb16fd98a7b129a8c08d92edbc4259f34fae,48c93cf8c8e0e20c
dataset/gray_blight/image_0_537.jpg,2,gray_blight,256,256,4924,True,,9e536a0dc7ef20fceed56da1e83083e64f7418c53f8a69c9b3c5b3dbb49996ea,711ce0e0fc7cdc7e
dataset/helopeltis/image_0_179.jpg,4,helopeltis,256,256,5195,True,,455e6f1b92b6a6150723c056d776f17f3a5a7fbe60ca01c9b632214ab5691db5,000042c0e078b99f
dataset/red_spot/image_0_936.jpg,5,red_spot,256,256,5023,True,,86ea321984d8f829e1c1f4ecaba93fac1c7c098fbbf4f6a3d9b2f739b825042c,0703197878110303
dataset/healthy/20220101_093325.jpg,3,healthy,256,256,5060,True,,da78e7fbeefa8458f8da43d106361aec3ba533b7c50344f8c239a2550a155b98,fbefb3f0fcf0f3ff
dataset/healthy/20220101_101505.jpg,3,healthy,256,256,4739,True,,8f52ab51edd3fd7a5dff6cc028bf955d3bef4560586172d9bf85aaf16b5f2511,80d87ce4c0e10400
dataset/helopeltis/image_0_1725.jpg,4,helopeltis,256,256,4425,True,,f2c06c4ce5dc6f3d9691ea4d8814a4b4cb544383b879aaf7165e6429c65e6efe,0000011efcf07004
dataset/brown_blight/image_0_7415.jpg,1,brown_blight,256,256,4724,True,,63a4d2274c333c6742f43db4fe7ca7de5dca89bc623c3b06ec2ff9967908d25a,0808e3e17c3c0300
dataset/healthy/image_0_2584.jpg,3,healthy,256,256,4422,True,,8f410ea018932560380bed86dcd08d4a5d7c4237ca9a4f7079d0cc6eac4e2d9e,ffeffcfcf0e18707
dataset/algal_spot/image_0_2385.jpg,0,algal_spot,256,256,5492,True,,2e15c575d946ea5b156ec55f768d1c10e79e58276b9a2087cd7a55afbf850dda,66e1f8ec70fcc0c0
dataset/red_spot/20211227_160630.jpg,5,red_spot,256,256,4913,True,,d0c208b6cf1c9e071afea25db8ff3315bedbed93fc50ea1a29856f22e99b57ea,0013f8ccd8d8e6e0
dataset/brown_blight/image_0_6243.jpg,1,brown_blight,256,256,5117,True,,a97bb96bd54285d75d3fac5a042d570cb2d08ffdfb8c65d6422908e9bcfd2d5e,000c3c7cf8e0e000
dataset/gray_blight/image_0_1175.jpg,2,gray_blight,256,256,6101,True,,bd61b47af76355c9a7c5c72a44a4eed0f7b4ba2b86d09e98ba862e589991bd96,7f4ec3f1c87cfcfc
dataset/red_spot/image_0_2874.jpg,5,red_spot,256,256,6433,True,,0c71b36fff0e688ca20e0a15574a90b48fab40a540ba8c28d8b34bd266cdffe9,7f8fc3f1603c7eff
dataset/helopeltis/20220101_104224.jpg,4,helopeltis,256,256,4077,True,,ef663245b90ae6c565c3662e10e741930d1885c1856352711d000067ed6366a5,7767f8d8f8f8f8fb
dataset/red_spot/20211225_225053.jpg,5,red_spot,256,256,5540,True,,d604ca769843069c1619405413709377e241433170d6ce514cddf92b998f19b8,010121e0cce00101
dataset/healthy/20220101_091013.jpg,3,healthy,256,256,4949,True,,6c8a997882da63baeaa400018c326bf794b6e3df92e044831ca5d4733d93d2e7,fcbf61e0e0f03f7f
dataset/red_spot/image_0_1542.jpg,5,red_spot,256,256,5608,True,,99af293bba43ee8d52b2aa4adf15ecd65f8066b92158d03e825bbd9218a8e87c,1fcfe371783c3ffe
dataset/gray_blight/20211228_140435.jpg,2,gray_blight,256,256,5259,True,,d3ab5b36ddc56187821b48a2f79a09b0d235b7e1856806bfb6ef0bde2635d17b,0004e9e0c0e0701f
dataset/red_spot/image_0_294.jpg,5,red_spot,256,256,4488,True,,fa71fd0bb20ea3ee913f429c4a2a71f91e8bc90a118eae723dbcb02132434373,000070f0e0200000
dataset/healthy/image_0_451.jpg,3,healthy,256,256,5488,True,,e84f0e65bd89c677ebbc7cd53125cf3ec2a031cabec4f1f2b37a5f605c28c02d,0000e0d0c0f03000
dataset/gray_blight/image_0_3194.jpg,2,gray_blight,256,256,5417,True,,0209e86443eea88a95ad2d79147448bad6a5c3755e323c1527ec2afbc4829732,1f3f1be0ace02300
dataset/red_spot/20211227_162437.jpg,5,red_spot,256,256,4997,True,,975c234448860d86633fd8c1f72a2d8e0b178aa97eaf8e8d4d2126cbb5bcad82,f639f8ccfc70b7fe
dataset/gray_blight/image_0_3548.jpg,2,gray_blight,256,256,5325,True,,66b9e7db03363cd0fe852ec05246f6a1bd77932be98b98846da5abe3eebab976,6d93d0e4781847d7
dataset/algal_spot/image_0_778.jpg,0,algal_spot,256,256,5189,True,,5d6064c2ff702447519b186fce0a81c54991f5e3004342103f07af0aecb08871,0000e0f0f47c8ce0
dataset/gray_blight/image_0_139.jpg,2,gray_blight,256,256,5502,True,,9eedceafec61e53ae981e74634f5a9730761d26b74d78df0fbd479a1c32309fb,0080c0e0f0b8c080
dataset/red_spot/image_0_2647.jpg,5,red_spot,256,256,4829,True,,f4370f3bfb0bee923effffa9a50f9f88736d5e13ae95dc8d437125dbfc041c8a,0044c26179381c02
dataset/red_spot/image_0_2470.jpg,5,red_spot,256,256,5067,True,,291ee29e46b499233ca83dc6a7e4b7f20b385ba3ecdf3b81246a262a745fb3b1,000030e8e0f0108c
dataset/helopeltis/20220101_102926.jpg,4,helopeltis,256,256,4984,True,,73519ff6ccc7067ec56b3d6255e6318a696716f97f68d81bb19edffc8b245979,49c63978e0e42100
dataset/algal_spot/image_0_3279.jpg,0,algal_spot,256,256,5220,True,,4f51bfb7e59157764d2286dfb3b01ead6be745944d1d46e1bc64b47fb4b51bea,0181b87ce8e0e070
dataset/red_spot/image_0_2168.jpg,5,red_spot,256,256,5282,True,,b35fe1d7c74f9d96dc7848898b3920a55c3f0a57ffd790acb0c9ce87726fc872,4e39f0e4f0e13fbe
dataset/red_spot/20211227_155428.jpg,5,red_spot,256,256,5334,True,,f94ed010900740bec0f4d957ca29b5706fe453bb375824e2eaedf7f2731f3590,7c31f8dcf0f08680
dataset/helopeltis/image_0_3274.jpg,4,helopeltis,256,256,5526,True,,75df4c1b2990aa8153abc0ee0734aa8407067a170d468984f0519f2b22e46c29,e4d9d8ccdcfcefff
dataset/algal_spot/image_0_2142.jpg,0,algal_spot,256,256,6071,True,,907df9422f2692a91d8f4220da0c939e98a2d19d685ffb6235962fa84a0a5773,0000c080f0781800
dataset/brown_blight/image_0_574.jpg,1,brown_blight,256,256,5956,True,,ff584bfd58c3541d6105d33fdcff43140d6773e73d5aa9221afc7795557f6d50,00e0c0e0703c1cc0
dataset/gray_blight/image_0_2198.jpg,2,gray_blight,256,256,5186,True,,5c1f2fc282134faede777d99c7804a695d6cacaed1e95d006fea56c2f2a9e8c1,1bc7c3f17c3c5e3d
dataset/gray_blight/20211228_134637.jpg,2,gray_blight,256,256,5571,True,,7eda313d6f7e997af8094429441ecfb22d0b78bc37f6f0202cb7e8e8a4a03b66,ff38f8d0f8e0feff
dataset/gray_blight/20211228_142125.jpg,2,gray_blight,256,256,5720,True,,9934d00317450d61400be47af3f559d4fa353f22396edc3247fc777357748c16,000038fad0e0700f
dataset/algal_spot/image_0_2705.jpg,0,algal_spot,256,256,5898,True,,a962cb94deb2fac9303e21e1b0bff73d4831a54ee2c42d1aea04095e00bdff64,00c0f1f0c4c0c060
dataset/gray_blight/20211228_152716.jpg,2,gray_blight,256,256,5209,True,,f5794686cdc9ed8df0319aa3da144f0ce6eb37f86ebc454dde303ac1a96da914,bf1fe1ecf8f0378f
dataset/healthy/20220101_090520.jpg,3,healthy,256,256,4502,True,,77c9d759e3fb7e0cf6f600c44fd9126809de58a7aeb31b0398ebbfdd599a91e7,ffdf67e0ccf03b7f
dataset/red_spot/image_0_2229.jpg,5,red_spot,256,256,5362,True,,9e40f10cc45586eb4ba3594a1c5f706967f65df5a077a0e1c02df697316ad980,000063e4e4f2f230
dataset/brown_blight/image_0_2930.jpg,1,brown_blight,256,256,4895,True,,fbfb1af3a1cfad088bdc8b32693c6f5071e853f5f9806f9ebeb85f0be83119d7,3e3f3f38f8e3379f
dataset/red_spot/20211227_161617.jpg,5,red_spot,256,256,5124,True,,6f5a489fd2daf4374a355fab44c2e4a2372429c736f7c8d860f78386ba298353,b59f73e0f4f8ffff
dataset/healthy/image_0_2396.jpg,3,healthy,256,256,4262,True,,6af30bd1aad0c7bfd9f6c21c481ca0926eb1ab7732d85fb82089bdb49c099e65,000030f8f8e1661f
dataset/brown_blight/image_0_5965.jpg,1,brown_blight,256,256,5062,True,,5cced71bc11afe47d501a99d3301cf4baf13465a6b1cf862247096c834290ffe,8000e0c068780c00
dataset/algal_spot/20211227_151410.jpg,0,algal_spot,256,256,6588,True,,852533601e50585543b59feeac8ba2c95cec31b32aedf58816c870598149d96e,07f8f8befcf871ff
dataset/algal_spot/20211226_103655.jpg,0,algal_spot,256,256,5313,True,,f01c821adc09c9a350f77e30cf5262cb8787a3a2f291863d77531817abfb7257,fc1fe1d89ce067bf
dataset/brown_blight/20211228_155035.jpg,1,brown_blight,256,256,6804,True,,93fb1b53f6fb1350ed97ee0ac28c5b6795a714e5b841e94775b5190b77e5e174,37f1d8dce8f9ffff
dataset/red_spot/20211227_155645.jpg,5,red_spot,256,256,4934,True,,d14bab2bcb7095362c58ca2a6261c1d67fbbc0a6be07bbabb75ab3834038531a,0103f8e8c8f0f0c8
dataset/red_spot/20211225_234230.jpg,5,red_spot,256,256,5275,True,,9f856548ceaffa63f8d044a7a7124aa04e1b29315bc84e9b70c927dd2db5cf6b,030331f8f0300303
dataset/brown_blight/image_0_8976.jpg,1,brown_blight,256,256,4975,True,,6b26fbffd19ceefe6656323c75506e6b26ad7170a7c4cff74f3dac5a08d34509,7adc67e6f8f9ffff
dataset/algal_spot/20211226_102544.jpg,0,algal_spot,256,256,6815,True,,e4afde27993b3802bb5e2edf2ff8c254f6813dc422adaa198039d071754932d0,0631f8febef8710f
dataset/brown_blight/20211225_233753.jpg,1,brown_blight,256,256,5110,True,,37f6cdae043dc5dfb9b795975e4cfa9607b5afd6ffd774ad4c5369befd67b767,010161c0c0700301
dataset/helopeltis/20220101_095708.jpg,4,helopeltis,256,256,3784,True,,3b8133dc773ef7526e81b55250fe22681a4cf26d1df9d33a17dc6449580b9fba,00d0cc387062c486
dataset/gray_blight/20211228_115637.jpg,2,gray_blight,256,256,5856,True,,e56c0817589d1d4510869fe3df3fcde8632adbbecb0c53300f022296b12e1413,7f3fb9f4e8f0736e
dataset/helopeltis/image_0_3539.jpg,4,helopeltis,256,256,5218,True,,a2cf416657194534a114e0c0978de1580cbeea27aa180122b6e324026b48dde8,00c0c0d0f07c0000
dataset/algal_spot/20211227_140533.jpg,0,algal_spot,256,256,7672,True,,2e8455dc4883f3eac60f72df4440f9b2b62b66f43adb47311d90e642431a2325,bb9ff1fca0f0e1ff
dataset/helopeltis/image_0_3704.jpg,4,helopeltis,256,256,5030,True,,5de59931db3d78805bec7b22f7d8a45f038427a541de4880759eedfd0a0acf2b,003070e8d0c0c000
dataset/algal_spot/image_0_744.jpg,0,algal_spot,256,256,4564,True,,cf694ed0178ce8ee954a75e4845a4977d4accb49a4e5c9a2fbf72af899071209,00001c78f0f03000
dataset/healthy/20220101_120532.jpg,3,healthy,256,256,6007,True,,8bfe1d6e4ef336b4387e69fc407e4dd440ea0099341ea12ab5d86c78e25e7025,6f3cfce69cf871ff
dataset/algal_spot/image_0_3040.jpg,0,algal_spot,256,256,4650,True,,61d645873067ab4391411a4bb1bfe63278bcf31c8ddf9d2a147be6289186148e,000044c0c1e0e0c0
dataset/red_spot/20211225_223937.jpg,5,red_spot,256,256,5008,True,,9ed09b3ebe421f2150fa18ba103f718f83617bb866899a5b2c5287e9df38c968,030121f0cc710303
dataset/healthy/20220101_102418.jpg,3,healthy,256,256,5670,True,,20d704489c21fff499cd194b4de71c5b3bd77fcd230aee831480d7ccd6c389d2,8082f0e8c4f02200
dataset/gray_blight/20220101_113228.jpg,2,gray_blight,256,256,5867,True,,25e6d7928eafc33f8a64a75b3ff262f00d239ee7fc48460f526763345c62535b,dfff79e8ccd8f0bf
dataset/algal_spot/image_0_4049.jpg,0,algal_spot,256,256,5604,True,,49ffe73173fe0019520f71e9274dfc2be7e3320d6a702c7ef3df8df75f92d6fe,0e0e66e1f87c3c7f
dataset/gray_blight/image_0_458.jpg,2,gray_blight,256,256,5717,True,,e7412192b40cbefe2acc0c14a097d6d78b954ceb5de2b0097da5f10673077173,0002e0f0d8780000
dataset/gray_blight/image_0_3383.jpg,2,gray_blight,256,256,5154,True,,627defeab605655d8d1a6a17adb2650232c78862891c75fab2314831e256dc74,4f3870f0c1477f7f
dataset/gray_blight/image_0_1211.jpg,2,gray_blight,256,256,4611,True,,cd6844e6895f635724471750513831b46045a2ad193c0b8a7b439e028352bc5e,001c3c74f8f0e303
dataset/healthy/image_0_875.jpg,3,healthy,256,256,5328,True,,aed80a2cad27fee166c48ddbf7a793ee668c507e51f60dcb40462a36127055c4,691dc7c3f171f8dc
dataset/helopeltis/20211205_160758.jpg,4,helopeltis,256,256,8160,True,,0283c2748965b6923f8e7dd4467135a04a97cfcb1abf9e9dd5dd6cef5fe43a53,0f3368eceee4780f
dataset/helopeltis/image_0_1564.jpg,4,helopeltis,256,256,4353,True,,3fcef09696a53d76ad6c6278abc79b8afbc1c6029ac540c5e9a2ec674d4a0e7d,0000c0e0f0380c00
dataset/gray_blight/image_0_173.jpg,2,gray_blight,256,256,5142,True,,4a3ff352f9b257dc18658a458e53ae1bb458fa87b860f8e4db0c49c50f1a5f88,000060e0e8e06020
dataset/brown_blight/image_0_2546.jpg,1,brown_blight,256,256,6021,True,,b136b0c3ef32e2f76893beb947541ab21c8c48978efe2e37fca0977563b8f1b5,fffb7878e1c3c74f
dataset/healthy/20220101_101844.jpg,3,healthy,256,256,5222,True,,30f7e3e16f5a0b36d6e38043a81bb880c4f7b871d72ae04e6819073d8f20f19b,40c078f8ecf00200
dataset/red_spot/20211225_223359.jpg,5,red_spot,256,256,4450,True,,1f68e90675c812fd59c9044ae73e3c0d45b707f9c055abda86bc13b59615fa54,030319787c190703
dataset/healthy/20220101_120622.jpg,3,healthy,256,256,5865,True,,de9df5e2958f96285f95e8d7cc059fcc0738c37ab82c45fa0905a80a29414933,d92ff8f8defc78ff
dataset/red_spot/20211227_161323.jpg,5,red_spot,256,256,5945,True,,e427e4e97967b0745393f430753ff715ca94e6c118fd66c90222a6771636c491,020778fc9ef8f807
dataset/red_spot/20211227_162201.jpg,5,red_spot,256,256,5453,True,,81c1a8ab759ed28d05717b1bbeb898967b094feb1446c62f98feb6d4ebd3902c,708671e4cef070df
dataset/helopeltis/image_0_443.jpg,4,helopeltis,256,256,4321,True,,307af45d01538eb72ae37fa53a69b6a8d508d68d4579d84794d25ac32939ede3,01041978f0f118e2
dataset/helopeltis/image_0_3943.jpg,4,helopeltis,256,256,5302,True,,c8264980df3a9f3bad1a827aae11e6092bb5b39d8967bf2c53aec56127908b66,000c3870e0c0c0c0
dataset/brown_blight/image_0_3378.jpg,1,brown_blight,256,256,6116,True,,edaf2bcd9e3fd2158bace0c4705861471ba6fb035a273baed421227e86d51745,030163e0d8780301
dataset/helopeltis/image_0_2254.jpg,4,helopeltis,256,256,4178,True,,ee52c32be14d926f80afbd7ad17288e9b3945750322a51b87abdc34ee2d5d269,0020303138381c04
dataset/gray_blight/image_0_3506.jpg,2,gray_blight,256,256,5940,True,,5f46381d9a851efe188774fe568d0b75466b53493f68df4c06adfa341e50f1c2,fff8f878f1f1e3cf
dataset/algal_spot/image_0_3903.jpg,0,algal_spot,256,256,6359,True,,ff7858210e2229f712172e59494072748b5f7bebcb623b1b19bf685b35ce442e,eedcb874ecd0e3cf
dataset/algal_spot/image_0_141.jpg,0,algal_spot,256,256,5141,True,,4b06af38d4da557a4aea439ac7894fcd8fe9cc92d837e3f3ad9b22104a29c90b,0000e3c0f4f80100
dataset/algal_spot/image_0_329.jpg,0,algal_spot,256,256,5763,True,,973593b0b36acae9e672261ee551c19f8af758daed2f377bad6063144636d816,3866e1f8fc7cbcf8
dataset/helopeltis/image_0_1474.jpg,4,helopeltis,256,256,3370,True,,9f010fcb745702408c44e2a36694058dadc9591244fcb369920a768a6a900322,0000606030380800
dataset/red_spot/20220101_102341.jpg,5,red_spot,256,256,5300,True,,73fa160658d905893666a76714bf1f6c0f4684f583c43f90a7a97bde97c728d0,e084f0f8e8c04104
dataset/red_spot/20211227_162404.jpg,5,red_spot,256,256,4971,True,,3bef4a576d4f783f48cb79ab625dfb5c5d562f2eddcb9498c60c29d2034e3735,f678f8f0d83bffff
dataset/algal_spot/20211227_113800.jpg,0,algal_spot,256,256,6483,True,,957f7d47096fe698ab6413f4457e9dcab726c914d4a8600370038cac97ffcdf8,db73f0ccdcf037ff
dataset/helopeltis/image_0_4116.jpg,4,helopeltis,256,256,6224,True,,e02401b2e36222f3d4f380460c84cb61f2b17672e8e377dab290504572326875,000070e0e0e0b000
dataset/red_spot/20211227_155746.jpg,5,red_spot,256,256,4840,True,,05ebc98ce1e8c4c4a1a0d4ef9eed12569c36be0dfd98ee154ec8b4e653fc373e,f0e8f0f8c8c0c080
dataset/helopeltis/image_0_2163.jpg,4,helopeltis,256,256,5319,True,,085b24e18c8573122d303d516f68f76f32170c61ba79689404f4c2c91f6c3f61,000070f080f07000
dataset/algal_spot/image_0_307.jpg,0,algal_spot,256,256,5959,True,,49a56fc24b33fc422f0af4738888c8fc484ad9eed042f9f34ca28e9d7f8f61da,1b78f8f0f0780b00
dataset/gray_blight/image_0_2801.jpg,2,gray_blight,256,256,5581,True,,de1006d4a273179afaeb46f2f981a4f0cc7a0635569e5574f76bca977ecad0ac,3f4fe3f1f8f8fcfe
dataset/helopeltis/image_0_2756.jpg,4,helopeltis,256,256,6425,True,,7e4efc6a8b94da112a78fe4cf4cee7d84fc77bd7925400600c91a8602e2f1213,0080c0f1f078fcfc
dataset/red_spot/image_0_1266.jpg,5,red_spot,256,256,5929,True,,5561412a55a870784b3ff4c6f41bcfddd627a64fe6effe76b9cb4dfe84f0e71a,003878e0c8e066ff
dataset/healthy/image_0_3716.jpg,3,healthy,256,256,5276,True,,26a0f4a341f12ba1a5a38a4706cfccae285ae458177cfecd823fd97565084037,d2b1b1b1b131b1db
dataset/helopeltis/image_0_1727.jpg,4,helopeltis,256,256,5193,True,,f3776e3402ab15c215877ec576455f60f25ef0c8d52058375dfbb7450316b742,dfcfc7e3f3f3ffff
dataset/gray_blight/image_0_2112.jpg,2,gray_blight,256,256,4920,True,,d130364e7fa794e1bf69d9382283061cf22f7122db3a34ce410325e3068cd7ae,00606070703c0c00
dataset/gray_blight/20220101_120747.jpg,2,gray_blight,256,256,5136,True,,5ad09f7a467eecfd20290bf100fd2ea70eadbcf58841547cb2409183e44b848e,fede73f0d4e0f0ff
dataset/algal_spot/20211227_125751.jpg,0,algal_spot,256,256,4464,True,,947fd5ceb72e35f0a9fb73c5f9a87a298b01bee940791092105462587b03c946,938e31f0e4789f41
dataset/gray_blight/image_0_1977.jpg,2,gray_blight,256,256,5767,True,,cee7fd5a578fcd30fee1b6382df13626dc8c8adcca1ad09edc258f76ac74dfe0,f1c1f8e898c08c40
dataset/healthy/20220101_104144.jpg,3,healthy,256,256,5694,True,,f1d450d8f703e5e39c32346005b9d211ffd470193cc1dbdb455a183e36dfac2f,00809cf8e4c0e106
dataset/brown_blight/image_0_374.jpg,1,brown_blight,256,256,4581,True,,92493661c325c47017b3235e8f280f7a3a259d16ad7a87cbcd007e277c49fc8d,100048c0e0781800
dataset/algal_spot/image_0_173.jpg,0,algal_spot,256,256,6028,True,,b392610c0c5446951d40e1ca9694298f8239d3885437f496f582277782a5ec39,71f0fce0f8130800
dataset/healthy/image_0_2017.jpg,3,healthy,256,256,5533,True,,a12866909e0b6fe7c08e617ffb55f4c2b20a013b5e7c87c4e41c87c054482a75,39ebb8fce8c0e024
dataset/red_spot/20211227_162727.jpg,5,red_spot,256,256,4996,True,,1cebb90ee6b7714aac783654c67482e7eb35a41f9cef342697304affc6b6bf5c,ffdff9fcdcfcfcf6
dataset/red_spot/20211225_231744.jpg,5,red_spot,256,256,5932,True,,4f4e2d323212326cf3cd46cbd0079b39bd2a2bcfc970d75fb22dd3de2e17192c,0303e1c0c6e00303
dataset/gray_blight/image_0_1166.jpg,2,gray_blight,256,256,7004,True,,1e4bd8eca3797b2b995fc803380262847eebe36c72cb0c3c6f4bec33015ead57,00c090d8b4f478f3
dataset/gray_blight/image_0_2003.jpg,2,gray_blight,256,256,7040,True,,fa809cce44faf5a1f27b77f5c7e51c75c6d57923368075bf2c4edd4206f6a866,eb3e7c7ce8f0c0c0
dataset/helopeltis/20211205_161114.jpg,4,helopeltis,256,256,4439,True,,565ce4ddaa71771d725dd17297e185d4032d8f409546099942bfe7b5b09f474f,df9f9ff0f8f1b7f7
dataset/healthy/image_0_3426.jpg,3,healthy,256,256,5652,True,,46ea9afa8a29dd60781cb89578765af8d6ee1a58b2b5ef35cae7f7d3ed544719,013c78ecd8e0c000
dataset/helopeltis/20220101_121247.jpg,4,helopeltis,256,256,4875,True,,6cdd55517b6fc01275bbb161dd89141ce0e55233b65a64ac7c166c3f0d2f950b,ff77f0f8d0e7ffef
dataset/algal_spot/image_0_76.jpg,0,algal_spot,256,256,4906,True,,7918f62ed7dd8969bec09c784b81b34192832a3610a14fdbaf98801bcc44f16e,c00ff0e0f0f0ffff
dataset/red_spot/20211225_231405.jpg,5,red_spot,256,256,5312,True,,a95482dc1ef8238594748daaa29820a56594d7893121a599b8ed945d8be422cd,010171e0c0f00303
dataset/healthy/20220101_092716.jpg,3,healthy,256,256,4643,True,,833d5736c59952f0403a0a3297d91c6c5f789c270196f4205a333b85e61d9079,df9771f0b4b8d967
dataset/helopeltis/20220101_095429.jpg,4,helopeltis,256,256,5758,True,,75b5e997b5ffc14118bf6a85f8ebe61dc28fb9cb9198abd85b096b5c7b4837f9,000678f4f0f1e4e8
dataset/healthy/image_0_1908.jpg,3,healthy,256,256,5138,True,,74ca9fa481be8fb9b651ce090b98bbe5dac7fa8931f3d6db4feb7ec48aee2a68,ffdff3f0fcf0f1ff
dataset/healthy/20220101_092724.jpg,3,healthy,256,256,5376,True,,3a9130fa0fcaa1f6f74f330cd9d2fa78b8b9fd6b3f1c7637be5e956d576eea06,b88c73e0c0f071cf
dataset/algal_spot/20211227_151334.jpg,0,algal_spot,256,256,5002,True,,16b85147e8dff7b999192855e99021d971fde9a224e2d0c1c7ddd5936613c1d7,ef8f71f0c6f8f9ff
dataset/helopeltis/image_0_1980.jpg,4,helopeltis,256,256,5246,True,,37f5cd1b60291e69bacb96e97e6e62f255c3252c35e64a1338a799ec39b8e965,100138f4c8e364f8
dataset/brown_blight/image_0_8552.jpg,1,brown_blight,256,256,5202,True,,5850dc31d5ad26200f359d1a7978a52f4b176a5175a182208df8753e44a09c39,ffff67e0e07c9ff7
dataset/algal_spot/20211227_132321.jpg,0,algal_spot,256,256,5126,True,,72541daf97a9459b294b63f2b626876de9184cdce36fe611421c8c12f1d37b46,080e71e0e4f0f1e0
dataset/gray_blight/image_0_3536.jpg,2,gray_blight,256,256,4889,True,,9b6c6ba3221e4949ed86f74577612410edccadc3516215e61c786ebca3efc318,00001878e4e06000
dataset/helopeltis/image_0_3724.jpg,4,helopeltis,256,256,6404,True,,b6e22b690b7d13260130bdc9561ec38cf03d9b3ebc25faef95614d88a2e03b51,f3fbf8f0f0d8d8c7
dataset/red_spot/20211228_114715.jpg,5,red_spot,256,256,4908,True,,d82a4459c0b12ad05eb736c4cbf367d3dc64b41db4ea65ad2bf32bb823f09547,ecd2f0f9f8f0f0fe
dataset/red_spot/image_0_1836.jpg,5,red_spot,256,256,4556,True,,71fbcba6474a22b4ef933558bd5a25395b088d5b2caccf911e0e937a21159965,3f3ff3e9793f7f7f
dataset/gray_blight/image_0_2773.jpg,2,gray_blight,256,256,5094,True,,e14087485e737eb39fa913e6836f344f51df7176dc1b2296a8c2394f3a6121ea,000022f0c0f0700c
dataset/helopeltis/image_0_2311.jpg,4,helopeltis,256,256,5052,True,,1618bce21f061b114307c705e57161d204dc8f0b1257b742a4ffa891c73e90de,00051c3cf0e10600
dataset/algal_spot/image_0_1924.jpg,0,algal_spot,256,256,6316,True,,027970caadf2bd980576161cfa2c37152cf378154ff95566696ad6bb2b5e11ac,0527f1c0e478898c
dataset/algal_spot/image_0_514.jpg,0,algal_spot,256,256,8233,True,,51a60e3da5be010306aeb9998f7eb8cd72eec55040ca01228bdd51eab07938a8,0e1c3cf4c488d9e3
dataset/helopeltis/image_0_1848.jpg,4,helopeltis,256,256,3750,True,,d4c089449513879dd04af5db64caeef7922e04522cfd3cb1a3fa58ce45663249,00002030301008c0
dataset/brown_blight/image_0_2677.jpg,1,brown_blight,256,256,5076,True,,ec5d9a6b230577ac20f83dd03d29527d6e1d9b324944c9586727ead059444bda,f8a118d8f070fcfe
dataset/red_spot/20211227_160421.jpg,5,red_spot,256,256,4981,True,,50ff62286f9266b74cb37096d63cedf076e99c1e435c2155783a0b93c50d4d1e,039e6ce4d4f0b200
dataset/healthy/image_0_1227.jpg,3,healthy,256,256,3894,True,,358eea2dfbd83343e79f276ac1601babaeaa415e6f38f5d01c90cf228244b54a,000000f0f8781803
dataset/red_spot/image_0_2686.jpg,5,red_spot,256,256,5510,True,,bc8c2b5e8b498b79924e258b1285ed86f249995b41edf0e29745ede13199e99a,7f3fc7e1f0f8f8f8
dataset/algal_spot/image_0_1505.jpg,0,algal_spot,256,256,5019,True,,1b05cdfe443e7636d8033c0091e2feb0d57fc159385978c0119787700f2b8a41,208661e0e0f0c3a0
dataset/algal_spot/20211227_114623.jpg,0,algal_spot,256,256,5227,True,,33196bae84701eabe0fd4f2029d057a38e59164be847b6681d7494503c75d8eb,f3f770fcfcf879ff
dataset/red_spot/image_0_864.jpg,5,red_spot,256,256,6042,True,,a4ee46beebb7c8ace0489dd66dcfe6af79c79051230082bc231d44922f4103b5,1f1fe3d1f0703b0e
dataset/algal_spot/image_0_1822.jpg,0,algal_spot,256,256,4988,True,,1f16dc93396fa8beaea0cf9e7016866d8fe67f30a1e3ec3546253c88d1287b0c,bb9f78fcfcf8ffff
dataset/helopeltis/image_0_4091.jpg,4,helopeltis,256,256,5092,True,,da609b844960e618f424a5e7985984f75898e6575cc458606456b2902fbec672,febf77e1d1e36f6f
dataset/red_spot/image_0_107.jpg,5,red_spot,256,256,6845,True,,ae3e50459a6618a7c5f09a7fce3f4028218bcff28f269d0ba01d95311473acd6,011c7c7ce0c080e0
dataset/red_spot/image_0_2974.jpg,5,red_spot,256,256,5375,True,,af8c1ea2c0350e1387507674e605d42a8a3bbf319f25a9f296c4693155b15ce7,fefcb8746c70e000
dataset/gray_blight/image_0_1244.jpg,2,gray_blight,256,256,5645,True,,31e69b8b88cec96c22d651373b6aa682ec63a85dd581568aa53fa50d949a368d,2f1ff0ecf4f8ffff
dataset/helopeltis/image_0_2666.jpg,4,helopeltis,256,256,4469,True,,3e191cbb0dd4c3206c0d4cc559e85e99e38f9c43d56622c32c37b19b2e984226,0098e4e0c0c0c000
dataset/red_spot/20211227_155546.jpg,5,red_spot,256,256,4941,True,,a04a36fd944817ebcf5009a6ea28cb1d0c34b3fffb295ec980f34fd4e678a3c5,410778fcbcf0f2e0
dataset/algal_spot/20211227_110136.jpg,0,algal_spot,256,256,4782,True,,86484b2218a6efae8a36992e1799e3cbd4f9ee5316c1af855022de7073cde29c,ffff73f0f8f0ffff
dataset/gray_blight/20211228_141923.jpg,2,gray_blight,256,256,5101,True,,d3250472453c535d5dd32f0458234e7128b0e30dc69a1ec237e1263a4d6b87fa,000018f8e8e0732c
dataset/gray_blight/image_0_1703.jpg,2,gray_blight,256,256,6671,True,,c7a41282ad50e2d1591e2a0a17114e3d06ee7daf2198b556708c4b054e1528f1,0840c088ccf63e08
dataset/red_spot/image_0_2152.jpg,5,red_spot,256,256,5625,True,,4057171a0033169d7bb7c4449e3793678628ce4b0d1709b73a12a9f968d27947,fcff3c70e9e3e79f
dataset/helopeltis/image_0_1384.jpg,4,helopeltis,256,256,5238,True,,9e1a11cd85b0a327d0e669e17905ef8d372fc5686545f98223ad01ba90780cd8,6060707070707030
dataset/algal_spot/20211227_153615.jpg,0,algal_spot,256,256,5368,True,,49d89e4a76c807e926896d71489270f814d53d1b38e143f68946cc84a56d30a6,1e3bf0fcf0f1feff
dataset/algal_spot/image_0_4131.jpg,0,algal_spot,256,256,5917,True,,5ac732077caa4ba945679532c4a474ccf38bf4ed2afa5b2c0ed3cabaa2d816c8,000038f0c080c000
dataset/red_spot/image_0_3176.jpg,5,red_spot,256,256,4928,True,,3c8d5903c8ffe378618b6fe057cd4bedaa2943779dcb6d0ea7721130f0590729,00c0c0d8ec380000
dataset/red_spot/20211225_230301.jpg,5,red_spot,256,256,6049,True,,cd4172003382f5e2f36cf3369c2a5582d4cca8f7fbe2d884d22e2d5562a54e30,010e3c70e8d18381
dataset/algal_spot/image_0_769.jpg,0,algal_spot,256,256,6314,True,,068e953d1b7cc4401f370eca14907a7cc8418c58c2a1cc69d812e5eaa3d20059,071e71f0e8f00e00
dataset/healthy/20220101_095339.jpg,3,healthy,256,256,4946,True,,a7faa55f4abacff2414e84351d1e9bcef5d2f776e29b629ab847aa12dd1b4b95,0006f0e0fcf03bf8
dataset/algal_spot/image_0_2413.jpg,0,algal_spot,256,256,5468,True,,018edf9937b1067139838227619b150867e0bd6b77245f41d280b5d7847d897f,73dcbc74f8e1c37b
dataset/gray_blight/20211228_140844.jpg,2,gray_blight,256,256,5105,True,,2732af00495fe24cdab8e355d8880b1022ece87681d73d432bfb573f7da1d5a3,000070e8d4e0c218
dataset/gray_blight/image_0_1364.jpg,2,gray_blight,256,256,7850,True,,ab0bd95021ecd9c7501f2c0435c3cd9f5f3cdabc04e58073509203b9ad500c5d,0000f0d89ed8f0c0
dataset/red_spot/20211225_230056.jpg,5,red_spot,256,255,4699,True,,a9f6576652b3d0f3a4958f50cbf925bf34294563db14887e5db63e22945cf9ff,6f67e3c3c3c36767
dataset/brown_blight/image_0_7763.jpg,1,brown_blight,256,256,5383,True,,c376d281b01f35e3c72c779ec49902f03720c649b0c2970e0a4f51e702c23d42,00808080d0f83000
dataset/gray_blight/20211226_001446.jpg,2,gray_blight,256,256,6398,True,,e1ed6515c48f84e4872b635f892d7d78b08553a6340c7ec9aca4e752e021aa0f,0102f19c98f02301
dataset/red_spot/20211225_232142.jpg,5,red_spot,256,256,5805,True,,fb16a4fc5e2865fa9e757dd55d5501dbc532612111cbd029e0c2ff8ed3172a1f,010761e0e8610303
dataset/algal_spot/image_0_1557.jpg,0,algal_spot,256,256,5894,True,,c1a8189c5cfd60082d73a56f3a9ef941e8ef27d21ad8c2f4dbdf602384edc396,0000e0d89cf06000
dataset/algal_spot/20211227_105734.jpg,0,algal_spot,256,256,5866,True,,21e01a3798540b681acffd4de5f4905e4991fcd8848bcc5e7a421cab2609af04,db9ff1e8f0e17fff
dataset/brown_blight/image_0_2302.jpg,1,brown_blight,256,256,6935,True,,195eaaea977b8c6c9e6af5368fe947a3acd7fcd5f932f2229bd773cd892ea8e9,01c1d16870301cac
dataset/brown_blight/image_0_2632.jpg,1,brown_blight,256,256,4400,True,,d8985968a751d46868a71b60e2b932f26b316fa2e6a325afa9b9ce4e888df07d,0000c0f0e8780800
dataset/gray_blight/20220101_114447.jpg,2,gray_blight,256,256,5763,True,,bd37f59eb7b658c5f7aaf5b7c43b13b0b9e19fd5045a5e05c0496a4093d7d189,1fe3e8fcf879ffff
dataset/red_spot/20211225_225029.jpg,5,red_spot,256,256,4584,True,,66841b6eeb9ba56769a84b3fda0424ab32b9aa5851db5922b42ba542b726ecd8,0100037068310301
dataset/red_spot/20211228_124226.jpg,5,red_spot,256,256,4634,True,,719a6737d96b84d0764a31ecc4596400e707602ca465427b601ef13eb0a8f11f,fd9ff1f0ccf0f7ff
dataset/gray_blight/image_0_1552.jpg,2,gray_blight,256,256,5050,True,,43dc4bf6f07bdb29386e6cd6b40baf246f5d4762e59bd8ad38f51d2e895d811e,214e3c74f0c38f3f
dataset/algal_spot/20211226_102108.jpg,0,algal_spot,256,256,4591,True,,1ef60268f5afb84a782d2416fcbb56c140eeb78f16f5a81507455b37c03b4762,d08e70e8fc70c7ff
dataset/helopeltis/image_0_4117.jpg,4,helopeltis,256,256,5747,True,,e5b7d386aad5d4ba2f8bcc054f519796472d084e4c13cd30f31a7453611bac42,048978f4d881c7f4
dataset/healthy/20220101_093823.jpg,3,healthy,256,256,4973,True,,ab03c291d2c6a7d5a6c1440d03aa8ee3c3fcf5ca5b7087a1a8b3928fb1f95fd5,0818317160626260
dataset/helopeltis/20220101_094351.jpg,4,helopeltis,256,256,5529,True,,4f24429c7c915c118951c62491b7f2c7634564e8247819de7538259646571b04,00401c7cecf0f115
dataset/helopeltis/image_0_2239.jpg,4,helopeltis,256,256,5300,True,,2af102af57ca400a4866d20b658c87806424443c3979f70cece19ee0cb69d2a7,fdf3f8f0f8fc7f7f
dataset/healthy/image_0_1652.jpg,3,healthy,256,256,5344,True,,7a3252c5861090d35a3e57d6143297272475439c9a2fb6b2b9b751fbaad11d27,7f9f71f8fc78f8ff
dataset/red_spot/20211228_125351.jpg,5,red_spot,256,256,4881,True,,3b584306ec423ccae0ac6e1e96b1807e6d05bc0eecb2abcce72652a4e4563671,7f1f73e0fcf87fff
dataset/algal_spot/image_0_1404.jpg,0,algal_spot,256,256,5519,True,,65b3f49a62d16e1cda0487e9bf4627a1bf865a61ba917a0f7cff1b3542d707eb,1000c0c070300000
dataset/helopeltis/20220101_092005.jpg,4,helopeltis,256,256,5242,True,,cd2685a5862a70d70f7264c5e2173980075f40a1aeeec5eb1d1955bff14dbc92,ff9f64dcd8f8bfff
dataset/healthy/image_0_1116.jpg,3,healthy,256,256,4758,True,,1d5512339b3470143b9c9f15bf8a6d2d8f30bc5064310cc465001e878e14f1ec,0000e0d0f4780000
dataset/brown_blight/image_0_468.jpg,1,brown_blight,256,256,6082,True,,673303e253f60cbd473d6c98e123a6fe55c27107b5f206da094f2dff61031511,000030f0c0601000
dataset/brown_blight/20211226_000858.jpg,1,brown_blight,256,256,5413,True,,bbe3cddfa15a30e077b4f8014e0e674a8c2ec455cd2099b0ae705952502fdb90,000021e0c0f03101
dataset/helopeltis/image_0_3609.jpg,4,helopeltis,256,256,5246,True,,26c4b03cdcdbbdaa6a7513428edfb95ff70f964a2246b7dc9d87d887c5b09fd3,f33cfcf8d187dfff
dataset/healthy/20220101_102406.jpg,3,healthy,256,256,5417,True,,ff83332c0806b7042fff570d0d8a89c7894691c57e210a58e1c1a711fab31110,40c0f0f0ccf01200
dataset/healthy/image_0_167.jpg,3,healthy,256,256,4547,True,,05811391f62123b390ac3f0eebcd1224cbe5ba39db63effbf93817fce5b00cfb,0000e0c0c0783800
dataset/brown_blight/image_0_8410.jpg,1,brown_blight,256,256,5235,True,,f6ee1b2a27246607f787e73b2bd19046bf0129b386ca1a9f929cede4db01ee18,0000f4fcd0e01cdc
dataset/red_spot/image_0_133.jpg,5,red_spot,256,256,5061,True,,26b8429f927d20ce53b754ffa70d8bac1bfc9d9ed0025ff2c6a18fe361774c95,0001216170300000
dataset/gray_blight/image_0_1837.jpg,2,gray_blight,256,256,6365,True,,a4011c3c63809aa36fa69bf12d2e8065ecfce7d60a5a6a1608b64463856e444a,001a72e6d8e0c000
dataset/helopeltis/image_0_3540.jpg,4,helopeltis,256,256,4789,True,,994a8612efd65edb9d82481e731d687960d668fd79ba434880d41d822b0c4deb,07f1f0d4f8b3ce5f
dataset/healthy/image_0_3310.jpg,3,healthy,256,256,4547,True,,e0262f9fe7b39376961e4741011a18315bcda6ca2c221ef0a3b4d1771d26facf,ff3ff1f8ec789bfe
dataset/red_spot/image_0_3117.jpg,5,red_spot,256,256,6391,True,,e8f231dd832359adbe49cda17d4441ed575201a5837313963da92ee553ab0198,f7fcfcf0ecc8c0c0
dataset/algal_spot/image_0_54.jpg,0,algal_spot,256,256,7704,True,,4a3be0e5a51824d213462abadd7ebc6432599c5abb4665b0154117958ea62836,c0c0c080c6f23804
dataset/algal_spot/image_0_1931.jpg,0,algal_spot,256,256,7135,True,,4ddb136f0a5e276913de3d488ceae56e9b6ca0ca48e137a71d56d27fefe970e9,000778e082c0e002
dataset/helopeltis/image_0_4043.jpg,4,helopeltis,256,256,5459,True,,6e7f6cc83943edca667aad9d87fade6ae4b5d76f816ed60d8e34eda455c3db41,003070ece4980000
dataset/gray_blight/20211227_164343.jpg,2,gray_blight,256,256,4647,True,,8b404b4883eb1960620d3f3b375eaefa0420952e37b92602274c147055e5c252,74f69968e0e8f8fe
dataset/helopeltis/image_0_1699.jpg,4,helopeltis,256,256,5791,True,,04725f843ff1b86de88e4f7f119ba4222b4d12d4b3021df4f9cfebea8cc8bc3f,0008e2c180d0fc1c
dataset/healthy/20220101_103933.jpg,3,healthy,256,256,4599,True,,cdf2e76b71d2a265d4a21295a0bd64b7b631ebbb929048c439ac69912f78c7ec,600e71f0f8f0c6c0
dataset/brown_blight/image_0_2473.jpg,1,brown_blight,256,256,6004,True,,c3ec9484d55291753ebaf403885cba874f7878f5641efaf26d8e052cdc8739cf,573ec8c0befefcff
dataset/algal_spot/20211227_152548.jpg,0,algal_spot,256,256,5943,True,,76824b9d51b1646f4d1135b46fbbc973940221cdcb9df014365e29471af6a816,1fe1e0b0f0e11ff7
dataset/gray_blight/image_0_1363.jpg,2,gray_blight,256,256,5898,True,,f0b91bb6a47157a41d1629a33dcdbf0f93b9c5ee6680d4dea3bc9163c4581a84,1c23e0c4e67c0fdf
dataset/healthy/20220101_120520.jpg,3,healthy,256,256,5179,True,,5f324d044183e450d02b7aef26bb6317fecf37fa47597da17900f2dde2f466c2,ffff73f0bce6ffff
dataset/algal_spot/20211227_133445.jpg,0,algal_spot,256,256,5029,True,,d5f30ea0255b7c4268b7835611ad83e3e2f8fc73ffa6086f5146d0a7616e2b98,ffffbff8fcf0f9ff
dataset/brown_blight/image_0_3200.jpg,1,brown_blight,256,256,4953,True,,fd79e950f3444a5da710603789624d693e1a6fea388cdfd45396ac406935e21c,000072ec80808000
dataset/brown_blight/image_0_8264.jpg,1,brown_blight,256,256,4801,True,,0d9c4fc232138beaef59217039e89306b2145751fd6653354930a8dfad822e3b,000040c0f8060100
dataset/healthy/image_0_1024.jpg,3,healthy,256,256,4804,True,,0974261e1f6ca1da5122e8a2f53db9fb8610db12b361853bec95c6c1117d512e,f3f3f9f1f1f9d979
dataset/helopeltis/image_0_1172.jpg,4,helopeltis,256,256,4942,True,,b77592a3d16f4098be6f3677a88778cb037f3c0591712c726e0daddb093d8d44,00000cf8e0f0d080
dataset/helopeltis/image_0_2414.jpg,4,helopeltis,256,256,3998,True,,07b2f01a96970bcc9dff15f4e3bd040566a0b9c9af07acbb06bc805d936650d8,000080f0783c0080
dataset/brown_blight/image_0_7249.jpg,1,brown_blight,256,256,5809,True,,8bba14e3beada739ca23bc1facfec74206d4322d85e63ca8aa91a31f858a8b67,1f3f93d1fc700f1f
dataset/algal_spot/image_0_884.jpg,0,algal_spot,256,256,5828,True,,32c69147eaf5420b84821841b2ba4f483f6ea6de67d4b867ccc8e115d4b98a99,38033cfcd0f10682
dataset/healthy/image_0_1414.jpg,3,healthy,256,256,5479,True,,b61a2c6696f0c25cc7613cf2cb244b78f912a38c824ff85e210abac626157ea3,30c0c1c0e07c9c21
dataset/helopeltis/image_0_4142.jpg,4,helopeltis,256,256,4834,True,,6768b9ccc921a0e537f8959d33e8e0b17c60a2256000a74536144fee2adaa252,342464e0f0301000
dataset/algal_spot/image_0_413.jpg,0,algal_spot,256,256,6530,True,,c9b566286f626e7f6f75d65c0fc1986812e5eee49e7edaef20beda879459aa04,010f3f7bfef8e10f
dataset/algal_spot/image_0_3265.jpg,0,algal_spot,256,256,5088,True,,ab4e1bc2aef5eb4fa38118843865248e437c407e08a7ad37fb64782f00cd36d4,000038f0c0f00200
dataset/gray_blight/image_0_2931.jpg,2,gray_blight,256,256,5840,True,,819bf0c1bda79b7474290e569b20525f3ce90164c931324d7d01caf5a9126006,5c23a1c4f63c0ef6
dataset/healthy/image_0_3586.jpg,3,healthy,256,256,5261,True,,3be78f59ca5335c3313e4255f870e70c1d4233c7f044bb63d058a5720c64ea84,00023e78e0c08000
dataset/healthy/20220101_122020.jpg,3,healthy,256,256,4996,True,,728d4100b1a8042f167b9514bda8cc91d5cd30f1b241781e60789218ebe7ff95,ffff73f0fcfcf8ff
dataset/algal_spot/20211227_103945.jpg,0,algal_spot,256,256,4280,True,,e55eb80aff0fc8cfc6f9d95a6460f02d763d00d896444e5acd6f8b2b6f24329a,bc873878fcbcffff
dataset/brown_blight/20211228_125526.jpg,1,brown_blight,256,256,5362,True,,877cee6566105f4952e240b510b29703b5b032aad012f5a4e62e925fa2a7360f,ffcf7cfefaf8ffff
dataset/gray_blight/image_0_2584.jpg,2,gray_blight,256,256,4989,True,,11c86b1d4f894be6b4468ed9c8d3b708ae14691d6c3afe01730b921df8113680,0080c0e0783c0700
dataset/red_spot/image_0_2309.jpg,5,red_spot,256,256,4850,True,,83eefafac09f4dcadc4b2c55b973a8772ca36c9291ef973bf6749fffb7b46638,3f3f3b78e1f33fbf
dataset/gray_blight/20211226_102820.jpg,2,gray_blight,256,256,4539,True,,11c577a8b260fd16c81008786fb131d71ecfb58f7a8941fd041474be38f7cdf5,e48671f8f4f037ff
dataset/red_spot/20211227_163240.jpg,5,red_spot,256,256,5913,True,,37c79cf950f738dea93cc28035678673b10b5500a4a00f410af48e023a87db9e,4c39f8fcd8f0f3ff
dataset/brown_blight/image_0_22.jpg,1,brown_blight,256,256,6465,True,,def790facd33ea6d098d818aab85b9a16a0276178e38ef3e973a8f6cfcf522a0,ff6fbc70e8e1671f
dataset/red_spot/image_0_1080.jpg,5,red_spot,256,256,5998,True,,8f4fe462c5d85c19c60aa2dbc8e248afcb66df5d88f300e5dd2619f909624843,80e0f0e0e0703800
dataset/gray_blight/image_0_811.jpg,2,gray_blight,256,256,5126,True,,390004427fd95ea58c4a7de6a4c829a27946812c091b1ac310e40f31d59405bd,000071f0ccf4f8f8
dataset/red_spot/image_0_308.jpg,5,red_spot,256,256,5051,True,,f307b71f1ce1f391e58345c0531977ebcbd5fa2b198369591e64432f9e81cf59,001c7cecd0c00000
dataset/brown_blight/image_0_4875.jpg,1,brown_blight,256,256,5437,True,,3320e9ac8f481b645f7bc3014abf4b12ad06b70015df89ef4300c609c4ff2fda,000060e0c0703000
dataset/gray_blight/20220101_114117.jpg,2,gray_blight,256,256,5368,True,,0bf6110afb30cf7c8da6734c8aece36993766069cd2ed60cc134a824d94536bc,d01ef0f8d8f0bffe
dataset/red_spot/image_0_2226.jpg,5,red_spot,256,256,5842,True,,e39f9c17f4048b8209806cec06d675a9d8e18f998aed6f6e81d708be31f722bb,04c1c0cc723b0000
dataset/red_spot/image_0_465.jpg,5,red_spot,256,256,4788,True,,1ae7a1fb84b7a57bea4a6b71cdf30391296fe26a7697d8829ed64770cc897cf2,fceef9f8d8f0fcff
dataset/algal_spot/image_0_581.jpg,0,algal_spot,256,256,5622,True,,b860193c4481df2efe0b52fb2e6a7c3441afec4da3a3eb8af38762fc40cd272b,004338fcc0c0c200
dataset/brown_blight/image_0_2742.jpg,1,brown_blight,256,256,4712,True,,258223a7f9306a3aa6958da0bbf7d5951b1741b9a83f684ecbbd2ac02ff74c5e,9fbf3ff1f83d3f3e
dataset/healthy/image_0_362.jpg,3,healthy,256,256,5187,True,,b8fb075c34bb0c78287dc0b9b5f5bd46aff3833dca4b36ca526915ccfa3acf16,0000c0e1f07c1e3f
dataset/algal_spot/image_0_3684.jpg,0,algal_spot,256,256,5776,True,,2bfac535aad59a95bdaa42779f4d089bd28915bebca04555aff98d39ec8236b6,fdffbf60fcfcf8f8
dataset/brown_blight/image_0_7073.jpg,1,brown_blight,256,256,5251,True,,6ea957d536b36f839354d0b9e8706f98ddc42842f31ab576b70257c3126fb176,000021f0b0e0c100
dataset/algal_spot/image_0_2202.jpg,0,algal_spot,256,256,4834,True,,ff39e2f1a1279f98a690d96a629efb31ec70f8629748350346b943b08d0eb15f,080639f8f0e18000
dataset/healthy/20220101_120401.jpg,3,healthy,256,256,5535,True,,2132aae8a6bbf72be40848bfa88ef242b21ac922b487f090a3cfda1a360b27b1,ff3fe1d8f0f078fd
dataset/gray_blight/20220101_114908.jpg,2,gray_blight,256,256,6253,True,,649bd6f49ad7156772d8ccc84f1b3a2f2af132d0ae19439e46851dc16246d6c9,ef9f78e2c6e0f0fd
dataset/red_spot/20211227_155737.jpg,5,red_spot,256,256,4947,True,,66e5add77b2d5b609ac560e853d217bab344bc24098686f15d82ba03c5b2ea73,7cfef8f8f8e08000
dataset/healthy/20220101_095240.jpg,3,healthy,256,256,5266,True,,f28f899aa28bc4b0604bc286c0598f614ef32868a9b61623e7ff62fbbe296d3e,000070e0d0f0e0c0
dataset/gray_blight/20211227_151434.jpg,2,gray_blight,256,256,5236,True,,dce8ee5867fc89f257e4ad4874aa581048106a94487600de4cb75143d8e11acc,ffdf73e0c4e0f3ff
dataset/healthy/20220101_102517.jpg,3,healthy,256,256,4877,True,,a3024ec1228d5b7df0e962fcab15368508128d79f46083e45bf5ac86e23b6628,4080b8f0d0e0700c
dataset/gray_blight/20211228_133013.jpg,2,gray_blight,256,256,4967,True,,9f048b3f4ec2713bc4a09dca305281038edb4fc7f9a416810e1e91bbad38d9e8,ff9f78fcf8e0e6f8
dataset/helopeltis/image_0_510.jpg,4,helopeltis,256,256,4610,True,,7c5c98407080375d8227388628bc0f364fe27bc5e142cd6c5ace82901d03b0cc,000020e0f07c0c00
dataset/helopeltis/20220101_102105.jpg,4,helopeltis,256,256,5174,True,,a8fdea7900610fc3d2bc474a47f707488ca52041b641482c6475656328c713e7,c0c098f8f0ec7011
dataset/gray_blight/image_0_2559.jpg,2,gray_blight,256,256,7281,True,,106f369a766e9b26b0fd21a846c9c0d9eec45d5ce0022d530ed9e8a5b4f6e84c,c59e7eeedcf0e11c
dataset/red_spot/image_0_520.jpg,5,red_spot,256,256,6251,True,,cc6a9d8187a02c0f66214944e717206d816d53ab3178d977a79bcf01582710b4,fffffefed6c0e307
dataset/red_spot/image_0_2689.jpg,5,red_spot,256,256,5186,True,,8a5892ce3a4f4597bd290a8d95559e3c1d0a04f9be24dbf233ee99b23089d73a,0331f0cefc380202
dataset/healthy/image_0_2197.jpg,3,healthy,256,256,4880,True,,f4efa29b846cbca9ba540267b6ed49dcdcd96250daa16d9075fb41a9c7b8e36c,fffe7978ecc0e0f8
dataset/gray_blight/image_0_1131.jpg,2,gray_blight,256,256,5257,True,,62db98f4b1b4cecc0050844c285b3e2215079aebbd443e75c2424ea58e5b9356,00101c7cecc81934
dataset/red_spot/20211228_114659.jpg,5,red_spot,256,256,5004,True,,27f1fb55b821905cc202ddf7f121b81a0fb111d8ffcfae9d72ec1d49f6bc3a4f,fd72f0f4fcf8ffff
dataset/gray_blight/image_0_3264.jpg,2,gray_blight,256,256,5193,True,,e8448a6be4a49b1012e5cd9483dfae86c1fd8e1523dd88543da76b3e914cb350,00bc78fcf0e1c77f
dataset/helopeltis/20220101_093605.jpg,4,helopeltis,256,256,5110,True,,8485a5fb039fb44a4835a2c2bc83f7dcc172221215e43751b5552054912b3fe5,069978e4cce16040
dataset/algal_spot/image_0_3463.jpg,0,algal_spot,256,256,7395,True,,2c8a012a912295962abdf9ad064bb0a08c502c0604be7f05d01afc7d5140adf6,e3bf7ee6c8a1c3df
dataset/gray_blight/20220101_113444.jpg,2,gray_blight,256,256,5772,True,,84fdc394b3ec8f6f91cac70ea375c78e81ad5b3df776328c0fcd8ae7c0824103,6ebf61f4ccf8f1ff
dataset/brown_blight/image_0_5468.jpg,1,brown_blight,256,256,5255,True,,1c69fc5f4461ff140dd99185c3972c1108930578e91069bca1543d821c151020,01003170e0800000
dataset/algal_spot/image_0_62.jpg,0,algal_spot,256,256,5590,True,,61279038a0fe9ecbc6c3278dabe57999c7ee23aafbcc1f2375b9a57de46b71c6,0018f8eca0e10e00
dataset/healthy/image_0_3694.jpg,3,healthy,256,256,4306,True,,8c35666e5ad01f07eee07613d84a0185098e3b9006ff55761e30b40f67f0e4e4,00001878e0e06000
dataset/red_spot/image_0_366.jpg,5,red_spot,256,256,5719,True,,17c619d00cfc511ef352e1e22feebcd688305e450543b7ae0e93948931dbeb70,f2d9b870e8c1e3ff
dataset/healthy/image_0_928.jpg,3,healthy,256,256,5006,True,,07c0c48cd5b1d641730dae3fdf6c6783a68aceb2aa094a5a6149029595cf4dd9,0080bc78f8c1c204
dataset/helopeltis/image_0_2835.jpg,4,helopeltis,256,256,5127,True,,8f541bc74ca5d6fc628c045698a79dfa01e3f44ee33b26fc7370a4dbdd1a9289,008098f884e0333f
dataset/healthy/image_0_2769.jpg,3,healthy,256,256,5705,True,,690a3d9c907b14cb6cb56df2c87f4a2bac6a146339823ef593cab3ce3788fc95,3070606060707072
dataset/red_spot/image_0_114.jpg,5,red_spot,256,256,4970,True,,7a44d7572ccff26d24354ea81de4712532b4ef0901d3b68efdf82e036ca5f971,0110e0e4f4301904
dataset/red_spot/image_0_2424.jpg,5,red_spot,256,256,5584,True,,37707e731e4ea17280657ed6efc9681b55b3ca1644626b51b3805134b616d082,fefec3c0ecfcffff
dataset/helopeltis/20211205_161031.jpg,4,helopeltis,256,256,5153,True,,1611e2e73e70f01e126271a80bff3142182933a2fb3b21fca560a3ad40c3a3d8,7f7f3bf8e8f99bf7
dataset/red_spot/image_0_1823.jpg,5,red_spot,256,256,6187,True,,f0307f098e502fe00c8b9505f999c92653fd33a2ec796201d3e8491c8b3fc5d1,030078f8e8f00101
dataset/brown_blight/image_0_3295.jpg,1,brown_blight,256,256,5735,True,,44c185202086d9cc0a9cfa63b753dbf5b8daa25c717b817dcec4644e4b5ca9d0,0080c0c0d1713800
dataset/gray_blight/image_0_405.jpg,2,gray_blight,256,256,6533,True,,64fe7956ee202c8b29edce26ae690dd349ae25f32632745ddad166ad068aee9d,808c78f8c4d0c004
dataset/algal_spot/image_0_2346.jpg,0,algal_spot,256,256,7845,True,,fc3365847fc5ed8fe902cb3d16582f8ebe825cbc0df6e51ac312020d33d7e95d,1086c1d8ec701c01
dataset/healthy/image_0_1270.jpg,3,healthy,256,256,5511,True,,c1ae5efe5b69306f3de32a548a61c090016eefe2d58b2f5bda01a833d22bfc99,f8f9f0ccc0c7fffe
dataset/gray_blight/image_0_1541.jpg,2,gray_blight,256,256,4742,True,,ab938c7543d8994c66b68d6b1ae264a0e9a37dba6ddfbf80a1d28f59065a3d56,0000c0e0f0700000
dataset/healthy/image_0_2147.jpg,3,healthy,256,256,5025,True,,9cd99a93cca4199f20f6b431139c32f048cbab570282c4006e658bbe7cdbe71a,00000078e0c04000
dataset/gray_blight/20220101_113016.jpg,2,gray_blight,256,256,6483,True,,a8993d0dd08af5c2fa78cc995dc4d22d4624dd68f34d1f691c2b540d6b75398b,eefcf0e0c8c0c080
dataset/brown_blight/20211205_160617.jpg,1,brown_blight,256,256,5361,True,,e56b7a7252bfa6c254d5160a505193da9622c6eac128a0f972ea4cba789c0a0f,ffeff3f0e0f09bff
dataset/healthy/20220101_102041.jpg,3,healthy,256,256,5146,True,,27fa11b85c7052097377e206d2d3824309f1682d417da59124927ac9c10b2a68,008070f0d8e0e000
dataset/healthy/20220101_094617.jpg,3,healthy,256,256,4913,True,,614052eedce0ceb8ad52a68d065f65c1eb5c0e3b2fb0d2a9a126a25214b3884f,201ee1e0d0e13cb8
dataset/red_spot/image_0_536.jpg,5,red_spot,256,256,5533,True,,9d109737328e8c7173e7579cc408f6b16e6b849ddc8c7f23e32dd3b8ab81323e,008482c0c4f83c00
dataset/gray_blight/20211228_154632.jpg,2,gray_blight,256,256,4783,True,,86bb117c3260d0badd7a5a8c73c5f8573fdd45033f1d0f1d006596fc54ca0b5e,6779f8f8f89fffff
dataset/algal_spot/20211227_102005.jpg,0,algal_spot,256,256,5345,True,,bf2961032bfa93af186c318eae7a01e81bce08c5970194d99dac9355195ea910,3472726161717070
dataset/helopeltis/image_0_2427.jpg,4,helopeltis,256,256,4879,True,,41335f82f4099f1294c13d70586c62e361d7a8ee3bcd03f65d11e1d876600b13,21419a78e0c13f7f
dataset/brown_blight/image_0_3240.jpg,1,brown_blight,256,256,6014,True,,65947ac02cc3e9aaf14bc255565f3ae0e96e83682fd56c8ce1ab5f98b0e27766,ffcfbcbefaf8feff
dataset/helopeltis/image_0_143.jpg,4,helopeltis,256,256,4556,True,,9ef86b11d3a85138b6fdf6ca90c31852ce75c281a51512dc3fb138ddc3f3da45,bc77987860e1eef2
dataset/red_spot/image_0_1076.jpg,5,red_spot,256,256,5467,True,,a39267f5ed561ad251045c0638f4620fb5c0a19a3e8e7ee5c79774ca1a07b135,100882e0f07c0000
dataset/red_spot/20211227_160115.jpg,5,red_spot,256,256,5324,True,,2e7c0f020ad80ba6b91b40b71f5c2b8e4631a4ecfcd058883482fff3907efd3f,06e1c8c4c0e03208
dataset/algal_spot/image_0_745.jpg,0,algal_spot,256,256,5879,True,,e6d2952aa3e9dcbb28ff4d089840bbf5446df4893e0562cd917ffb6dc32beb1b,0004e1c0c0e06000
dataset/helopeltis/20220101_095958.jpg,4,helopeltis,256,256,5413,True,,edfd2277244b8aa7838584d30bb98feaf60cdd02b8609d2b65c45d869001451a,783ef3e0ecf6f0b8
dataset/brown_blight/image_0_5354.jpg,1,brown_blight,256,256,5334,True,,d46f58e58e1e9db0a92bfcfb7598e232b68546d8fc4e4bc8b56a4f0bbb5d4359,381ee1f0fa38ccb6
dataset/brown_blight/image_0_3915.jpg,1,brown_blight,256,256,6665,True,,327d76b5b3670c2267c2d44362065344b2ff9b77c8e6ed5135b79bd070129312,001c78f0d0c0c000
dataset/brown_blight/image_0_5896.jpg,1,brown_blight,256,256,4796,True,,bff5d200f3e7a7a6ac264f330b273ea7ed3d7b955db99e1e92c64114683583f0,ff7fbff1f8f8ffff
dataset/red_spot/image_0_3153.jpg,5,red_spot,256,256,5292,True,,e92d52b98ede54f379c98476021b52359e1120d62fbb5c432c8c786078b72fae,000034f4e9e1e6fc
dataset/gray_blight/20220101_121708.jpg,2,gray_blight,256,256,5426,True,,3cc9b5a45c7467e18815a2ea0120647e26e1169ee61d343216e548a7097c35e3,ffffefb8faecf0ff
dataset/algal_spot/image_0_1180.jpg,0,algal_spot,256,256,9161,True,,5172fe0ff0a8c9e64efe7bf7cd21e76c175ed0fef174103f097bc8eefbb152d2,0618f0c20380c0f0
dataset/helopeltis/20220101_105334.jpg,4,helopeltis,256,256,4010,True,,34e583799dbb2fddb20dc61fa3c2455ac1dd7e314d80622bf17f9b85cf62e36f,ffcfb9f0619fffff
dataset/helopeltis/20220101_095837.jpg,4,helopeltis,256,256,4170,True,,9a7e5a4b26e417884d6561e1be17c1d026e3d25354a8c44ca684b10216fc21b5,5cae8ebcf9e0e2b6
dataset/healthy/20220101_120231.jpg,3,healthy,256,256,5321,True,,a2611b514a5971c697ea01186799249d9f9319353ae5e183eeb7423b51cdacd5,fe3ee1e8dcf071ff
dataset/healthy/image_0_2868.jpg,3,healthy,256,256,4487,True,,75b21db5bb8d547c6693d19d5e4f78d9cb2d0496ec2d523c03fb582378e02af0,3331313139393133
dataset/algal_spot/image_0_3356.jpg,0,algal_spot,256,256,6207,True,,c5b558d19f49356ebd2e8678745f73af96435675383f69e729ee13fbe7ce4509,007cf8d4fc7e0000
dataset/helopeltis/image_0_2097.jpg,4,helopeltis,256,256,5789,True,,b326681ca0d7148912dc27ad7e201324ffed06a6590a52d519ce4242375fe37d,18e4e2f9647c3c18
dataset/algal_spot/20211227_104216.jpg,0,algal_spot,256,256,6017,True,,bcca67e848f8cd70042baed0e59457c1935efc6cbc6b4d5c7b516bb81566810d,763ee1f0bce0e7ff
dataset/algal_spot/image_0_1124.jpg,0,algal_spot,256,256,6985,True,,4ab707de2be030a4a84d95d9595f288494e8f83cd1c19f32cdf3f833befd9a23,33c6c3f1e0781c00
dataset/gray_blight/image_0_488.jpg,2,gray_blight,256,256,5586,True,,4f178a3e954cd5395f863d512d2b751059adbcf31d4c5cd8d4c4aeba47ea08be,d77c87c3e1781c07
dataset/algal_spot/image_0_2275.jpg,0,algal_spot,256,256,4988,True,,70af67cbb8a2f378691f244c5f00d3cc6ef7e9a17275d615833d2341be64f044,0000e0e0fc380030
dataset/algal_spot/20211227_140335.jpg,0,algal_spot,256,256,6748,True,,5bbe68f7a163e255a96061bf559a381922f880d5ad106c6372ec436f472604d9,070778f8c0f81be7
dataset/helopeltis/image_0_4163.jpg,4,helopeltis,256,256,5398,True,,fd874c3a5731130b94f633adf8187ae1845208e8eec5b197bcc0fe6fa4bd0cf6,000461f0d8f00000
dataset/helopeltis/20220101_093652.jpg,4,helopeltis,256,256,5100,True,,521160668bc84f72a74107cee8b5c3c6ceeb8fe829010c3dfec779c32e44821d,580b78fcc8e1e0c0
dataset/gray_blight/image_0_2298.jpg,2,gray_blight,256,256,7403,True,,9a182af8de6915a352fe9c0c214bf43def9caa4c207ed1dbf96f12b6efd80bc2,0e1c346cf8c8d0c2
dataset/helopeltis/image_0_3521.jpg,4,helopeltis,256,256,5653,True,,53a04786c7f8a4bc71e9124e0cb37c7b57b29a82a77acf8f37cea20168f87f1e,7bdffcf6c8e1e30f
dataset/red_spot/image_0_576.jpg,5,red_spot,256,256,6126,True,,fe5b3163cdd5ac12d152afd16545c48f5d66e142eea99d6ba91b241f0aaf052d,003cfcc28ce06300
dataset/red_spot/20211227_160158.jpg,5,red_spot,256,256,5538,True,,86a3b01b0c2f7419f8f7ed0d805c7ad3fe292b7bbf7dc90ac228acd7cb350003,8e71e0e4f0710714
dataset/brown_blight/20211226_001016.jpg,1,brown_blight,256,256,5751,True,,59bc80466f1b89749b77d14bdd6d157862b0836a3edff70babcb027d4bec22e4,0003f0e060610000
dataset/brown_blight/image_0_5154.jpg,1,brown_blight,256,256,5296,True,,f884c65d6e2c630c1a4edfe964cbaf88f2397c824445448816e2a6058e4b1bd1,0000f0c0e0e60000
dataset/gray_blight/20211227_164018.jpg,2,gray_blight,256,256,5938,True,,de6c01e82a917603e2f183f1772b43f41c2348417cc5d8d9fffd2c0f12276f93,073970eeceecfbff
dataset/healthy/image_0_2346.jpg,3,healthy,256,256,5249,True,,2b68ab027aad4fb7c6372c4a2f313699d4a18bf25b08749649b99c1af277523c,6f3f1ff0f4f0f1ff
dataset/brown_blight/image_0_1054.jpg,1,brown_blight,256,256,4943,True,,1b2066e87f20b47b66c5aff693aeede06234f696f9ad952307b66a6c1fb28039,30c936f6e0f0bfff
dataset/red_spot/20211227_162556.jpg,5,red_spot,256,256,4942,True,,530e69a5c7e7deace915337962bcb3459fe78c6bc07ccaab1b50476994ae9d00,f48f71f0b8e0e3ff
dataset/red_spot/image_0_709.jpg,5,red_spot,256,256,4643,True,,45a1f26b88b330c6d73b7d467da9e5d8ed0d1e114b9b72255f0df8b7b5959c32,ef8f38fcc0e37f7f
dataset/gray_blight/image_0_3243.jpg,2,gray_blight,256,256,4459,True,,767a873e699c8f0be8a08afd6e15199ec297671b6d6d44ffdabc7801f717b860,73fdbc70e0c06060
dataset/algal_spot/image_0_550.jpg,0,algal_spot,256,256,5908,True,,3eb1a56d07ccabafeb637b4e525720b68a7727951211c9e28f32c340d50153f4,04c2f0643e1c0100
dataset/helopeltis/20220101_104654.jpg,4,helopeltis,256,256,5446,True,,47b38fe7580e50152b75c3712cd3e4600c392f6f1d36a9cc59bbfce4bcdd2cf0,81e5e0f0f8f8f8ff
dataset/helopeltis/20220101_102250.jpg,4,helopeltis,256,256,5374,True,,ee09de3c3ce9cf549971d25d6f31437f50ab0bccac510e5c086525b6a039b450,81e6fcfcc0c1e71b
dataset/brown_blight/image_0_3866.jpg,1,brown_blight,256,192,3730,True,,52b883b88ed0eb1ede82be90ed64ec606d0c1cef85a2fcf355234849bc6d52e7,0707071c31330703
dataset/algal_spot/image_0_4271.jpg,0,algal_spot,256,256,7315,True,,ac492843bb995bdbc9bf030b4520aed7ea0febab345e7161b1ffa614ee7b42eb,0c3c7cfaecd8e064
dataset/gray_blight/20211228_154521.jpg,2,gray_blight,256,256,4279,True,,029fb4983be1ffe1c1df424ae6172bbd3b9220fc4dafb5d06e21b7757de7b958,fbebbcfce0634f5f
dataset/algal_spot/image_0_496.jpg,0,algal_spot,256,256,6748,True,,36cdfc8c00012c1433570d6c1c70ebc32fced0edb381691836845a39bdd70920,001c79eebcb08386
dataset/helopeltis/image_0_3904.jpg,4,helopeltis,256,256,5745,True,,c6764814bda271dd76adc2f53eed64b702e2f6f86f581d70a698300a6a8f3ecc,00000021e0e0e120
dataset/gray_blight/20211228_125148.jpg,2,gray_blight,256,256,5773,True,,d576d6f961fe8728356c9acc6632da4524ce7f0f79c1dde58696f6729bbd64f5,ff3ff9dcf8f8fbff
dataset/algal_spot/image_0_1450.jpg,0,algal_spot,256,256,5652,True,,a2368795289ab8523d8bac41a69db871a80bed174da32524c6d8a0e5a409a68a,c50ee1f8f478a1f0
dataset/algal_spot/20211227_152438.jpg,0,algal_spot,256,256,5501,True,,61450709cf11254b34dfc6f4965c658c5b147f598869c647b3f181b64ecf3142,61057ce6c4c0011f
dataset/algal_spot/image_0_4138.jpg,0,algal_spot,256,256,5623,True,,4459519917358325c7c4b7dd4d725fa248481c451a78f386d2c32fcb6888423c,18e2f1e8ec703804
dataset/red_spot/image_0_635.jpg,5,red_spot,256,256,5033,True,,88c7ab8fc9b66c81d179bc9c6db6ceb47cae64308716f0784509a08fef2046b9,030d78f8f1e3e7f7
dataset/algal_spot/image_0_3185.jpg,0,algal_spot,256,256,5171,True,,fe7104813b1491aa5613f43aa1617fd397c8aaed302bc93e1e868f94ac0525ec,00027271783cfdfe
dataset/gray_blight/image_0_789.jpg,2,gray_blight,256,256,6819,True,,82035c0901993438c11b0545240b4b8a8b86db1fe52a1b00611462f459fe2652,0173f0fcfcfcf0fb
dataset/algal_spot/image_0_3455.jpg,0,algal_spot,256,256,6428,True,,efb006c5382c9e4e3fa77b21e965384f68737918fed5fe6b09bfbd30d5552be9,00c0e0f0787c1c07
dataset/healthy/image_0_2616.jpg,3,healthy,256,256,4848,True,,eb54a4a06e9fe9511cace506ac4043c3a6ca47bcfdcb0496d4908208096c8592,0008c3c0e4781802
dataset/brown_blight/image_0_1681.jpg,1,brown_blight,256,256,4721,True,,34c87681618222a14460d8f811d737f28ead7dc8773ee6378fbbf48b948de85d,0080c0e07c1c04c0
dataset/helopeltis/image_0_4275.jpg,4,helopeltis,256,256,4352,True,,95f9f7e4ef2b9b791efaca300f059e772372ac4ec9d8cb9467eeba49f90eb910,0060606070381800
dataset/red_spot/image_0_391.jpg,5,red_spot,256,256,5348,True,,c7afa02829d2f257f0fff06cb8c202a5e95475c642f5ac0fbc04d9f2ed90638b,000078fecce1630f
dataset/gray_blight/image_0_2704.jpg,2,gray_blight,256,256,5744,True,,1b488dcf7745abbc38c9b8285d49b25686c71f186f15b8552e004f830a261fe0,18c2e1d8fc3e0601
dataset/gray_blight/image_0_1410.jpg,2,gray_blight,256,256,5885,True,,d24a4b61159b07a99524b4b35ec6d03a6524c92a1dd06b6ddf7759ed3ad01f76,fefe7c7071c38f7f
dataset/helopeltis/20220101_104552.jpg,4,helopeltis,256,256,5375,True,,3bd36df11e5566e19f74aa64c22347b810350b079bf9e27183f8de6bd874575d,0303e0e0f0f8f977
dataset/helopeltis/image_0_3124.jpg,4,helopeltis,256,256,5507,True,,478725a6d7f458fc2a2293352b6c862ecdc9d5b753c95f69c724200df8ceceac,f8f4f8f8e4f0ffff
dataset/healthy/20220101_091054.jpg,3,healthy,256,256,4613,True,,d0278da45e9740f590cb16787b296fea4e0644638d9f4308782bfa783b8fa84b,ff9e78fcf8f1177f
dataset/algal_spot/20211227_132658.jpg,0,algal_spot,256,256,7219,True,,a698500adbe51e58b77233de9830ca169a5620f55b7d9f5deba5bc6e47f56738,311ff8e4f0e12f8f
dataset/healthy/image_0_3180.jpg,3,healthy,256,256,6187,True,,2b045f63de96a717d5f0b565b7a2df4563e385d249eeba61d44de63ab7e85446,001878fefef87100
dataset/brown_blight/20211225_234211.jpg,1,brown_blight,256,256,5601,True,,ab9f10559c76d1e22a35d79f0991310d107716f5a7997ed18198d935c055d415,030343c0f0700303
dataset/healthy/image_0_2536.jpg,3,healthy,256,256,5044,True,,9bf874bce7bdab2cd3b5ef0a1528271e2a69963fbc2aeb715a089a1aaaa5622a,faf9f9f878181909
dataset/gray_blight/image_0_3787.jpg,2,gray_blight,256,256,5184,True,,024a70067a1f136859d6a07bdfdb968837002993773acf2990269b9f7113bb4b,0020e0fcdef870b8
dataset/helopeltis/image_0_3307.jpg,4,helopeltis,256,256,5039,True,,7968079aeccba4b85edff5c455fdd65ca724422650950ec15ffb333b6451131c,0022f0dcecf80101
dataset/gray_blight/image_0_1207.jpg,2,gray_blight,256,256,5379,True,,e1ab8544b294a2c701879058f409c11a312b75269210e70ec8dcf1ff75de2891,e8f4f0e9f9f0e084
dataset/gray_blight/image_0_1362.jpg,2,gray_blight,256,256,6016,True,,3f021db7d22e18e8378fba01311497614f6b13d6d1ca184d9e2906065b2fe471,fcfef1e8faf8cfff
dataset/algal_spot/20211227_114102.jpg,0,algal_spot,256,256,5362,True,,17c9606ffc294247b7541f4b31610229171f19a58b08a9c8dab5cd884d1e3dd0,fdffe4fcfcf87fff
dataset/healthy/image_0_2512.jpg,3,healthy,256,256,4868,True,,263e5e7336c5a2e08004f58d4111daec248076f681ebdad9045f4643e14dc6ca,72700770e8c0e300
dataset/healthy/image_0_596.jpg,3,healthy,256,256,5000,True,,373fcf00ee424ae66cc0e14b737eebe50d06c40710f5abe56d4b94203e805a6a,00061e7ce8c0c000
dataset/algal_spot/20211227_153546.jpg,0,algal_spot,256,256,6065,True,,7a4d7eb31839262163611d20145ca0693350d8fe0cd125c7091b8a605cd9e1d9,0e71e0c0f0708c00
dataset/algal_spot/image_0_1430.jpg,0,algal_spot,256,256,5701,True,,ea9f2934d620c9255c1d11a88c7c4cbbe96eae9eff903f82da9b1b8bd63647fb,308bb870e8e162dc
dataset/algal_spot/20211226_102721.jpg,0,algal_spot,256,256,6809,True,,c7e2fbd77492a88358e692e7c73d5f1d1f2eaef9e44bbf949a50215673f86276,0c33f0f89ce0730f
dataset/gray_blight/20211228_133013(0).jpg,2,gray_blight,256,256,4912,True,,bc2aaeb81d81bcd0e3e1a4b4ee7ab4a26a7020cb6f7c145e2a5678976c3a95c1,ff8f78fcf8e0e6f8
dataset/brown_blight/image_0_4785.jpg,1,brown_blight,256,256,6195,True,,8ca4762510a0a70b244295078fc69952c0ed42b13572d1182609296326cd0441,00011c7cf8c08000
dataset/healthy/20220101_094239.jpg,3,healthy,256,256,5434,True,,c19173b55f12c2981c9a57309d0f120c28c5ed9ee9ff39571abe0e27f556fe80,246262617979b1f9
dataset/healthy/image_0_324.jpg,3,healthy,256,256,5059,True,,9f79168dc757ae3a6b92db7112df755ce23b3446811a1b0b173f3f59e1a6ccfa,c003e0c0c0e10c7c
dataset/gray_blight/20211227_164325.jpg,2,gray_blight,256,256,4347,True,,1d8228ab8397246c2d33d6f7f67dc916c893a33e87726bada463ef20686077ea,951f64f4dcf1feff
dataset/red_spot/20211227_162012.jpg,5,red_spot,256,256,4885,True,,524a1b47060dd0481c2f64a3f5d422a1a4b891e792b7fae19e48cd2fae186dd0,78ee33f0ccd8e9ff
dataset/brown_blight/image_0_8238.jpg,1,brown_blight,256,256,5786,True,,51a755cc33002e3e9b91b36c33622583fd053080c0412c10b670875cf1344369,0e071e74f1e30303
dataset/algal_spot/20211227_104405.jpg,0,algal_spot,256,256,4476,True,,36e03d30c83146388429b06143e33fe5496d581d6ac062e330d203a242e015d7,bade1ff0ecf0ffff
dataset/red_spot/image_0_1079.jpg,5,red_spot,256,256,5303,True,,6460cf14b6f9c8d5f51bdbba66aaa9d9fe675314d98908e62c9d830c2ce93b89,0000f8fcfcf0f000
dataset/gray_blight/image_0_2932.jpg,2,gray_blight,256,256,4606,True,,7bb9e8b08a4aadba781b8db7ff43c51850d3c16f67c8d468c76bc6da3b652f64,0000c8c0c0e87012
dataset/algal_spot/image_0_2784.jpg,0,algal_spot,256,256,5451,True,,5768456ed4c9bf241f226d97f4dbfb103daed872e277322522635a82ccc93841,07bc78e4d9e3e71f
dataset/brown_blight/20211227_154456.jpg,1,brown_blight,256,256,5193,True,,0fac2fec00200d32158c68b84d9ec80df0f236b40e94fc5d9da2902800c6bf2f,f4b2f0f9e8e8e0f0
dataset/gray_blight/image_0_2415.jpg,2,gray_blight,256,256,5960,True,,d9bee3b0f6dc9062bea52e34b4704d85d599764a89244e5b09fbf343d40ccc4a,000238f89ddcf800
dataset/helopeltis/image_0_4232.jpg,4,helopeltis,256,256,4382,True,,fee4699d848c4fdb505e854643ed758576804dc3847566c2d1dc13046f0cc24c,00001e7ce8c0c000
dataset/healthy/image_0_2657.jpg,3,healthy,256,256,5405,True,,9e2e7aff235db0482a32170c5919b051d859cd92aacef59489614ca17aaefeb2,7b3dc7e1f9fcfcf9
dataset/brown_blight/image_0_4046.jpg,1,brown_blight,256,256,5893,True,,7b8a39bfcba40d25360a01a6d9b8f3ecb0aa99099580f5fc15b423c5d368368a,5839f9e9e8d8f878
dataset/brown_blight/20211228_153803.jpg,1,brown_blight,256,256,4596,True,,c90af15b895d9a6a20972c15ec565049f6198f49c5ad01d2af2d825d274054e3,eeb3f0ecf0714fdf
dataset/healthy/image_0_2213.jpg,3,healthy,256,256,4785,True,,b429da9be546c3194c4f2ff04560ee0aaf44f7859ef342e6e5c29612ea077e79,fefffff1f8f8f9ff
dataset/helopeltis/20220101_121427.jpg,4,helopeltis,256,256,6249,True,,c3709359e01f661a524eb38b85ca61014eedb442297d993e7acd44533183df8a,ff9fe1f0cce0f0bf
dataset/healthy/20220101_094504.jpg,3,healthy,256,256,5233,True,,57c0c042dbd6272287acbd34be88ffac7771f4ab31ff299a6bad48b3963189f5,201e71f8ccf1f2fc
dataset/gray_blight/image_0_4157.jpg,2,gray_blight,256,256,6025,True,,7bc012dadc61ce8ae463febbdc4653fb30f8055841e2f48df1e2d5e47eb3ccb8,020370ecd8c10300
dataset/helopeltis/20220101_115431.jpg,4,helopeltis,256,256,4926,True,,a2fab75dd1c586e17d8fda6d23c043bd08215de03667af97872c5b670926cdb1,ffffe3d1ecf8fcff
dataset/red_spot/image_0_2067.jpg,5,red_spot,256,256,5308,True,,3ab35bd66cd10117b72cdfda32fd6bd738ebdf11a3ccb8a5fbe3dcf0cd1edd4e,0771e8ce84c0e0c0
dataset/red_spot/image_0_2633.jpg,5,red_spot,256,256,5765,True,,df9e7f7ab5e4526c059e6ce6ad348a7fdc227c4bac2470f61bcd66e46f093609,1f67e3f1e97cf8ff
dataset/red_spot/20211228_125655.jpg,5,red_spot,256,256,5270,True,,ab3298e4c4e32d490aa9b34fa1ebe333264d3cd175abbc3e817ab4abec987dd4,3f1978f6fef8fbff
dataset/algal_spot/20211227_151247.jpg,0,algal_spot,256,256,5234,True,,db87a6137b49080cd70f7fd0866684b6b8ae4931f2bad73614cfb544f5c363ef,c413f0f8e8f87fff
dataset/helopeltis/20220101_095720.jpg,4,helopeltis,256,256,4714,True,,f55f94bf31441f04be708a470d4ef025eba40af09c48f6cf973cba4456d412eb,41c93cfce8e8f070
dataset/healthy/20220101_092129.jpg,3,healthy,256,256,5086,True,,b0ba78b15f1a87478b08505c8d6ab4c151c911c22c965c4b18752270b8ce8153,ef9b78f8d1c37fff
dataset/gray_blight/image_0_1279.jpg,2,gray_blight,256,256,5247,True,,5422c5f71ecceb36b450579891d21c7f9dfc420248e18f8eba4328e6d035d7d8,74b370ecc8c1e31f
dataset/gray_blight/image_0_2790.jpg,2,gray_blight,256,256,5538,True,,b0c891cd9bf33fafcafe4ee2f3b37e9c9dac20914cc7a26ab156a5cc1a0667a1,5d1ff0f8f478ffff
dataset/gray_blight/image_0_2118.jpg,2,gray_blight,256,256,5639,True,,353634dca9feebadb55a454a458d6301938eaa6fe8f899df4e1f864e4825f212,000000fabcf0e000
dataset/healthy/image_0_312.jpg,3,healthy,256,256,6613,True,,c93358f7ad6db79e924d74b080de5573683a6c513a99016b76fd302cc58603a9,40c0c080dce43000
dataset/gray_blight/20220101_114347.jpg,2,gray_blight,256,256,5260,True,,ffc5b9f52f496179241234a43da66aff49605d4066bf55837c72ef623cd1fa6b,a46072f2e06070b0
dataset/healthy/20220101_100946.jpg,3,healthy,256,256,5653,True,,26478c297b4a1293e804791b62817426022e704ce278b752a2b6dfd817ddaaf7,c6b3f8fca0f0f084
dataset/algal_spot/image_0_549.jpg,0,algal_spot,256,256,4853,True,,33a34b639095aa223b68e9fef7a423342e20ca7c48b5d1ff8a04319a27701ffd,0183987ce8e0e0f0
dataset/red_spot/20211227_160326.jpg,5,red_spot,256,256,4594,True,,d361498ddd74e95e53635895341e7d5d6cb0bc1b7113ce24e7b6ae2da0b01037,c08031f0d0e01c1c
dataset/gray_blight/20211228_140647.jpg,2,gray_blight,256,256,4469,True,,22ac0c6e6829f2b1b295732e73b4709544429e1ace40f120ca8f10a5cc01fce0,281c33f0c4e8791d
dataset/brown_blight/image_0_6401.jpg,1,brown_blight,256,256,7029,True,,f2574dd55e4348fc7cdea387101982affdd74ef2e403d71285b9d1bda0451b44,00043cf0c490c040
dataset/gray_blight/image_0_759.jpg,2,gray_blight,256,256,6492,True,,2975ecf40ecbce53d677e71111527b7816e8791a6ca3602036f4effcaa2f4b92,bf7fe0fcdcd0e33f
dataset/healthy/image_0_604.jpg,3,healthy,256,256,5050,True,,39e202663a768eb5cdf473c88cab74f899179e0cbc52c7ac33d91101a9e99b86,000060e0dcf81000
dataset/algal_spot/image_0_3420.jpg,0,algal_spot,256,256,5630,True,,76efc9e03518f727772bf279b81c448cdfd5e7671fcb2e513c31e59b50fb974b,ffbfbe7ef2d8e0ff
dataset/red_spot/20211227_160248.jpg,5,red_spot,256,256,4208,True,,957296c38f84a07569a15310621100ca149a196428bf5816d777bfe617ceb3c8,208022e0d8f02202
dataset/gray_blight/20211228_151018.jpg,2,gray_blight,256,256,4688,True,,fd1476d5db2b9295b4f208e17e0dd34d9336cd66b1cd8f4b0de4796e922737a0,300ce0c084e06300
dataset/red_spot/20211205_154920.jpg,5,red_spot,256,256,5052,True,,7b7a6db6aa635afe6265abf486f22ec16a7911df86b2f1823cc1f01f32b61e54,fffffff3dcd8f8ff
dataset/brown_blight/20211205_155055.jpg,1,brown_blight,256,256,4610,True,,77ba3bb15870546c22c49fd03068e2726b092dad599add0eb06d997d965817a7,03010364e4780b01
dataset/red_spot/20211228_123253.jpg,5,red_spot,256,256,4756,True,,97b167bc109cca1cc7343539f0ad1df5b06b19683f0ab3f14b4755b2c8f76dc5,230ff1f0b8e0e37f
dataset/brown_blight/image_0_4470.jpg,1,brown_blight,256,256,6250,True,,ed814ac9725a5efbd5f493ce8f237b99b6221733136c972b9ecd6875cef0a833,fe7f5c38f1c3873f
dataset/gray_blight/image_0_3782.jpg,2,gray_blight,256,256,5288,True,,50d9f21a4060a92a65ad5d408788ada6460ea21b5e0479e647f8b3019ab64150,00001c7efcf0c000
dataset/red_spot/20211228_123307.jpg,5,red_spot,256,256,5003,True,,4a8e8cac1f637a1408f3c9b90f1b2823a09bdd7686b1dfa5605f3b5e76b69621,cf31f0ccf0f3ffff
dataset/algal_spot/image_0_198.jpg,0,algal_spot,256,256,5280,True,,7166f359338a1b65118eba8de1a11a09bf2d61648b09ada857e252e0efe6c0d2,d3dc7ce8c1c3cf3f
dataset/red_spot/image_0_1967.jpg,5,red_spot,256,256,6103,True,,52d142b36e51d88f6d4e970a012f4026270199ea5cf989eeade24a57e3c3ddb0,00000420b1c8fc38
dataset/helopeltis/20220101_104612.jpg,4,helopeltis,256,256,5882,True,,550d02bed7b49cb7b528537a3d80dc032c5d48f0b60bd931613d609304d75bfa,fffff1f0f08e9ef1
dataset/red_spot/20211227_160039.jpg,5,red_spot,256,256,5278,True,,0b8f1e016769c0ae40563ea5e9dfd55e7568b9d931536c965a205bde1b360dfe,d0ccf1f8ccf07008
dataset/healthy/20220101_101040.jpg,3,healthy,256,256,5009,True,,8e25b4abac5679a7dd44c77375ebe485a440056d8a24bf71f47a478148e69eaf,b01ce0e0c0e0e000
dataset/helopeltis/image_0_3462.jpg,4,helopeltis,256,256,5274,True,,741efff8fdaaca17a91e004a0f202a0efc16182161b0b22bff5097369452cf35,0000e0c0ec781860
dataset/healthy/20220101_094926.jpg,3,healthy,256,256,5215,True,,023887e41ce3d32498cfe16b1e38fbc25f7318a77e02a8b0490401370a5e1643,203370ccf0f19cf8
dataset/algal_spot/20211227_140254.jpg,0,algal_spot,256,256,6554,True,,767aa7d5ced05035fe8cbcb464fd5b20624e375cdd4e48db7e25fe3eadb8a80d,000778fcdcf0f30f
dataset/gray_blight/image_0_2477.jpg,2,gray_blight,256,256,5114,True,,d4c1f54236e76904ce7d9adbc07282a0d216af7cf408259d4b6650a54235c134,0000c0e0c8f83c00
dataset/brown_blight/20211226_002041.jpg,1,brown_blight,256,256,6266,True,,1f2476d1999edd62f5d91ce802a89876d3ea15237157a82d56a0e475d9057cb2,011370c486010303
dataset/helopeltis/20220101_095455.jpg,4,helopeltis,256,256,5919,True,,ecc0b9eb896d1ba93815984806d96c31b78fdd352db31a0bb68f9a00da5bd138,311c78e8c1c2f8f9
dataset/helopeltis/image_0_107.jpg,4,helopeltis,256,256,5070,True,,fe0f99d7c5ed3ebe662b3aad5193586328ed0aaca6ed3a7b67042a41e1d5ce3c,0002181931100000
dataset/brown_blight/image_0_7893.jpg,1,brown_blight,256,256,5376,True,,d66cc10984d3a8e5ccde0c68f085f93276536870773f3a5dbb473adc69ef0cb8,7f7f3c79f3c7df3f
dataset/helopeltis/image_0_3223.jpg,4,helopeltis,256,256,4825,True,,6c316272629e9a93078242a5b6f50954ebc2fc67f2c3b9ab8c872a1a5cb3ee2d,000030f8c0800000
dataset/algal_spot/image_0_2897.jpg,0,algal_spot,256,256,6075,True,,e9e82e85623993ba64b851297d4cca288431b0e9223c55e6f223ee188e340238,14c9c8d0f0780a00
dataset/brown_blight/image_0_4498.jpg,1,brown_blight,256,256,7068,True,,44b903955403b00ad4225f78f54c5dafda9e4429a266c48aebe1f88797976f71,10f0c4c4ec780000
dataset/brown_blight/image_0_3425.jpg,1,brown_blight,256,256,5247,True,,812dde611fb5d383b7d9a134d9a1d9e5e3efa2003d52999be3602938c989ed2d,00001081c6f02000
dataset/gray_blight/image_0_3089.jpg,2,gray_blight,256,256,4614,True,,e65c278e0e42aaf43c845292933ae0e986993d5effe1f740d948a33ce102cda5,efc39cfce8e1c301
dataset/brown_blight/image_0_5192.jpg,1,brown_blight,256,256,5785,True,,7dae4462c695cd1b95a65ae0a6c7106f5df4f3143efcb06ed17d8ade4b1b853b,7fff79f8f87cff7f
dataset/helopeltis/image_0_3079.jpg,4,helopeltis,256,256,5205,True,,f4123d02a4b69da6f060b1011aa9403190b1c58b4824f3a3676e7640d2467c88,379be6e2f0f8f8fe
dataset/healthy/20220101_103455.jpg,3,healthy,256,256,5745,True,,5ed4e159b7c045db73667a4a325fa62748e819422532629aa2e172c6c33f9486,80ccbc70e8d0c280
dataset/healthy/image_0_3498.jpg,3,healthy,256,256,5264,True,,7eb89edaff58305d058c796d0abf5bc78742aed801a26c7065f6b790f83ca4cf,332e5cb8706163ef
dataset/gray_blight/image_0_1208.jpg,2,gray_blight,256,256,5776,True,,da86ca0ccf6162428ee56017d8b1694567adba4cdba0720e28f81ede6eafe08d,0000f0b0e0e1070f
dataset/algal_spot/20211227_101555.jpg,0,algal_spot,256,256,4182,True,,6c2f92b9a3514f835c0454ae650311dff45df2f76a412b2ec89a9e3d8043438b,7ece39f8fc78ffff
dataset/helopeltis/image_0_3597.jpg,4,helopeltis,256,256,5290,True,,5b7329d17921b1aa072f17e7ed86cea7abb1a8be18ec11a2b8f03e1aa61e6724,fde7e3f1f9f9f9fb
dataset/algal_spot/image_0_2480.jpg,0,algal_spot,256,256,4852,True,,1de5db6dd81b800e4ec7ba3573b83af01f431ab15ffd88af99b2e8ca0c4c15c3,0000c2c0e17c0c01
dataset/healthy/20220101_101919.jpg,3,healthy,256,256,5050,True,,a691b085089cd50e72055cae305d71ef6608256d75a03e57c9c6dbb45e1f310e,008070f0c8e0c202
dataset/helopeltis/image_0_3329.jpg,4,helopeltis,256,256,5512,True,,9b1fbce71a0c0418b6a03b924e78ff436e141e48b3c4565b74c58acdb3c90a6e,e7d9b87cf8f0e3bf
dataset/gray_blight/20211228_153016.jpg,2,gray_blight,256,256,3625,True,,2d5a2207bd4772b2b3accf7a4337d02b3f1291a00059d0e921ec8e914875e045,dfde67e1f9a78f5f
dataset/gray_blight/image_0_2794.jpg,2,gray_blight,256,256,4303,True,,76010e807924898d375c75aad8e114d71f123f3a3b4b104a4c27d3dec3343cdb,00003cf8c0c00000
dataset/red_spot/image_0_2779.jpg,5,red_spot,256,256,6535,True,,db2669fef5988b75bd9e33b35a572da407bef7f82108fb68957f5f64e4691bed,bf3fc3f1e07c7eff
dataset/helopeltis/20220101_094038.jpg,4,helopeltis,256,256,5328,True,,e41a16163e155deaeb2d56a4474407175412d8a49b31f2fe31145db1bedd23b3,108678f0c8e1e0e0
dataset/brown_blight/image_0_6013.jpg,1,brown_blight,256,256,6586,True,,3f330e4cbffb6a8d02466d62bc5716d68c9af1bdcbe6983c1f1f78b3c7247f8d,fffffcf171e3c7bf
dataset/brown_blight/image_0_1481.jpg,1,brown_blight,256,256,5974,True,,68aafdc04a3c39e1a3071112595b4b9b5022e2235f31015759b6abaa283926c1,bfe7e3c9fc7cffff
dataset/helopeltis/image_0_3749.jpg,4,helopeltis,256,256,4829,True,,6ea48a45b8032fe3ba2927ad29c350645533d66ef34a55581410e5577df042d8,0000e0f0f4720000
dataset/gray_blight/image_0_9.jpg,2,gray_blight,256,256,5999,True,,32faa2485a5c0fa5f86a81eefa29ffb796b44a7700f9b3def5056fd4fe14720f,3e633cfcfcf478dd
dataset/healthy/image_0_2933.jpg,3,healthy,256,256,5614,True,,aea17c97aa00a333e61b1dbc172bca7fceba9a59b1384bc0d8ff57be29bc9f81,1dcf3cf8c4f0e3e0
dataset/brown_blight/image_0_1676.jpg,1,brown_blight,256,256,5137,True,,7c3686da88fb9a4ec46c08460888780b73a267e2f3b32a440b8643d894f3c2f3,0f1fe3c0e0631f0f
dataset/red_spot/image_0_723.jpg,5,red_spot,256,256,5641,True,,9cb636adc6a715db46c40ffacd34d68dee8c75beafb542be2338231c83852564,000030e0c4d8e166
dataset/helopeltis/image_0_3667.jpg,4,helopeltis,256,256,4682,True,,d25a5ca2f23af8502ddc22a9c5437c44904ea1960dafc0bfe714081cc06c9a1b,ffffe7e3f3f3fbff
dataset/healthy/image_0_3100.jpg,3,healthy,256,256,5670,True,,38fe6c2e28c6665256456167dd43f8e4559456c1f27785d855bd2a71e942f948,123079797171b0b2
dataset/red_spot/image_0_879.jpg,5,red_spot,256,256,4792,True,,feaaaf53f7d7c6b1a680397088c0bb097bc469d54d58e0f6b2d8ef463b4c26aa,6f2fe0ccfc78c7f8
dataset/brown_blight/image_0_5987.jpg,1,brown_blight,256,256,5451,True,,126e169b7c4da305be443ed045d5b020de069df3191e304af54b9cb31ea53470,b7b3b13074b0b3f3
dataset/red_spot/20211227_155858.jpg,5,red_spot,256,256,4959,True,,e23d93b167b694e1f00849f30f318a404a5a098c973067161d4c6beb0ff18e22,e0c431f8c0e00000
dataset/brown_blight/image_0_7727.jpg,1,brown_blight,256,256,5691,True,,b5b4297d25ab626cb88ebe20d1d682ecd8fb79f2cd1e3513c1cf32e7ba5761da,10c8c4a291f878c0
dataset/brown_blight/image_0_2044.jpg,1,brown_blight,256,256,7188,True,,213cdd9f90232477f395c20be69c506c42239e88411b5aa56a488de9f09757ee,ff3ffce6eef0333f
dataset/helopeltis/image_0_4251.jpg,4,helopeltis,256,256,4520,True,,eeefa0049f015a889f99a1640e310bde9ca31690dadbd40681cab721b8a2ced6,0080907060c00000
dataset/gray_blight/20211228_152851.jpg,2,gray_blight,256,256,5615,True,,728feba5793cf2a01094234232e3e58e283d1dbdb5a2d501c78cca4b1ed16484,ce8e70f0daf839a7
dataset/brown_blight/image_0_9896.jpg,1,brown_blight,256,256,5442,True,,33473d847c16586266661c59b580415971d84adb124621f9fd11faa14267dbe1,00020c387860e080
dataset/red_spot/20211228_125116.jpg,5,red_spot,256,256,4450,True,,25208aa04416d85d5797ed6ec3413faeb2cabc691d7f3a0a542b945263d439d9,8f71e0c4e127bf7f
dataset/helopeltis/20220101_103616.jpg,4,helopeltis,256,256,4569,True,,3bfb3d246b282e6ecf6c5b1c070beeaf960ef0609b837287cbc49c419cb36452,fafebdfc7ce0f00c
dataset/gray_blight/image_0_3093.jpg,2,gray_blight,256,256,5508,True,,fe80fe898a74a3dc049a9e4087f7772c4c006daf875b5c2d8a0d45d450612388,000071f092d0f000
dataset/brown_blight/image_0_5865.jpg,1,brown_blight,256,256,5765,True,,3bbc50884f3bbe327bf51f3c574773d0de3a4c5651e9462b69a764ff92cce660,001c7c6cc8f83000
dataset/helopeltis/20220101_094358.jpg,4,helopeltis,256,256,5871,True,,96af891b61f4a63cbb1cc8f144255382bd68e0117c55308dc7fe19b6cf0449af,0006f8f8dce0628c
dataset/brown_blight/20211226_002724.jpg,1,brown_blight,256,256,4662,True,,1f9157b02d77a8f80bad8b22786e1bafe15a3c5fcb3be488bd162a7ba4075496,070738fcf8380707
dataset/algal_spot/image_0_1044.jpg,0,algal_spot,256,256,6771,True,,ae7d2ea93ce920d419daf3d82e31f0ab1a04a866806c700dfd32cc5bf3c5f0a5,000f3e74ccd1e37f
dataset/healthy/image_0_357.jpg,3,healthy,256,256,4920,True,,3bd167903cf82274fcb78c44bdddcaa8ce6a2e2a67e1efdbb6f41540d7f2d7af,00088380c4f03001
dataset/healthy/image_0_2300.jpg,3,healthy,256,256,5385,True,,e7e1f878c434a84e4056438da826239e34b7b08164663bd6b86a18d5960abdf8,028ec2e1e87c3cdc
dataset/red_spot/image_0_2780.jpg,5,red_spot,256,256,5450,True,,0d08c9ae1e0d3da81a53b8bc40f96e79825f2e366440e1f9ebd61111e257220c,030c82e0c8f010c0
dataset/brown_blight/image_0_65.jpg,1,brown_blight,256,256,5531,True,,1413d4ffc79fad9f6426b662ea4aa638c739512591d3205d4d87ee223b5cefd1,000060e0ecf80003
dataset/brown_blight/image_0_9604.jpg,1,brown_blight,256,256,4687,True,,1a682ad6a257a05f448ac49a98826565520472b7d38b9f6ec034f30fcbc83e6f,00061c7cf8c0e000
dataset/gray_blight/20220101_112908.jpg,2,gray_blight,256,256,5543,True,,2f1a71fd8a9ee78c89a1bb7fdfaa9f91f879e55a6f4df12580b0b4a88ad7be54,e8e1b3f0cce8e801
dataset/algal_spot/20211227_135939.jpg,0,algal_spot,256,256,5945,True,,bc43be5025146d5320c3dc31a206f73b20544a559d3b6f6744e5cfd427271ebc,ff9ff8fcdefcf8c7
dataset/algal_spot/20211227_151646.jpg,0,algal_spot,256,256,6059,True,,ee0cd46adc6e1386a28e14b6f9fbc680c9828c3ddf0081706974d610e043e233,8063f0f0b8e1e7ff
dataset/red_spot/20211227_155554.jpg,5,red_spot,256,256,5063,True,,8411915bf77148135307a235374b5f0fc7d5f57d7798bbc0316692a5440f7401,0e1e78f0c4e0b080
dataset/gray_blight/20211228_153620.jpg,2,gray_blight,256,256,5042,True,,c756c6734c4bfa0603e944bc524d2a051c19d5e7b8bf81bcb40dbad6e51d96a9,cf3bf0d4f8781f5f
dataset/helopeltis/image_0_1654.jpg,4,helopeltis,256,256,6168,True,,74496047a9d42803b826b97dab68015ec091fdbc6c0aa323c8064499ca85263d,3f3fe3e0ecf839df
dataset/gray_blight/20211228_134150.jpg,2,gray_blight,256,256,5346,True,,2ae0c20a00eaf4386674f84e5c1acb6386d51b314e365cad0d5dcc627e6a29a6,fc3fe8f8e8eddefe
dataset/algal_spot/image_0_462.jpg,0,algal_spot,256,256,5643,True,,840d1d4d4850ae84b538b59a53265282a35a50a0591ee14b8d01606c4f57f075,0000f0f0acc0c000
dataset/healthy/20220101_090713.jpg,3,healthy,256,256,4463,True,,b4999ee5f72eb8033944c1305dd772c706510b825d59177cf1c3fe5d1f353c5f,ffffbff8dcf879cf
dataset/helopeltis/image_0_348.jpg,4,helopeltis,256,256,3902,True,,9d67ec5739cf608903a22188b7f56fc22ff6d10808dfae63514bf0b8ae4081d5,000010f0e0f00000
dataset/helopeltis/image_0_4255.jpg,4,helopeltis,256,256,5237,True,,6929fffb5217a09a0a33d728cbe73fc75518ccdfc36c4d445304ddbf58c4c983,000060e0d8f86800
dataset/helopeltis/20220101_104832.jpg,4,helopeltis,256,256,4799,True,,04004795050e56f8dd0ab07daf333278f75c66d4a108bb82f647bc9f20e13cf5,fffffff0f4f8fbff
dataset/healthy/20220101_104037.jpg,3,healthy,256,256,6011,True,,97a9640608465bcbc096345e5f7633ce274b1c35cdbce452bb9fd1a767555e61,e2dcbcf0c0f07802
dataset/healthy/20220101_101105.jpg,3,healthy,256,256,4479,True,,09783cb7811ca5b27ce0c1f6ac5bc228b9de6ff7d06234b8ce0433df47b7880a,f1dd7cf0f0f0c0c0
dataset/gray_blight/20211228_135315.jpg,2,gray_blight,256,256,5385,True,,d53add19f03fe2a58ce554a71e16ba3b512c88e52e74b37f9094677de5ca86b5,a08070f084e87000
dataset/gray_blight/image_0_1901.jpg,2,gray_blight,256,256,6624,True,,90a4606104bf7ce47e3bba040053af20cff51db39393b7843f7c4396f4bb4099,00001e3ae2c2c0c0
dataset/healthy/image_0_867.jpg,3,healthy,256,256,5830,True,,481472fcfc8fd0a4794160531dd65fd086ab0fdd63104565c17de3261ab27c68,d8f0606860687838
dataset/algal_spot/20211227_101227.jpg,0,algal_spot,256,256,4559,True,,1a9cb16e6a7bcb49edbddf83029737164c33e6555428564c317e8359c130f2a6,fecf71f0fc789fff
dataset/helopeltis/image_0_2089.jpg,4,helopeltis,256,256,5547,True,,29deb6ba8521e168e38a07361d521c2110f912fef4e6ef898d8c2e71dadd041b,00e0c0d0e978f8fc
dataset/healthy/image_0_3659.jpg,3,healthy,256,256,5285,True,,1e09cd5dd71b8ab8d03edea053e7dd5dcda4c6e7b91eb08524ce2f5667cbe0c2,ccb9786879626408
dataset/red_spot/image_0_1367.jpg,5,red_spot,256,256,4487,True,,8cca59ca13e633ad3e4927ca85b59a010179ecdaecd512e19e0d0111033f876b,000030f0c8f0300e
dataset/red_spot/20211227_161950.jpg,5,red_spot,256,256,4758,True,,43f5992f715014571c81caa83d21e9de0761ca99e4a8c592bf04fcad1e950263,fe8f70f0c8f0f3ff
dataset/healthy/20220101_102933.jpg,3,healthy,256,256,4995,True,,37896c71d36eaf8eb6c8bfa4e29492742693e346beb2a9d7f37d1d9d8e888e5f,a0873878c8e12301
dataset/algal_spot/image_0_670.jpg,0,algal_spot,256,256,5136,True,,d0a9895c89e8ef3fb1a23ae16c221f6d6038f6e000902eccd0886b2a82336386,97ddb879f1c3cf3f
dataset/helopeltis/image_0_3511.jpg,4,helopeltis,256,256,4916,True,,d942f8d8ce74e52f6cb876bf43644a5fe11294f7166a6ad2b22fdf1a1b99f568,0000e0c0c0c00000
dataset/brown_blight/image_0_9785.jpg,1,brown_blight,256,192,3682,True,,9086a5a510cefdf3d229f7273bd29ad881fb43af9af3a958b60fb985650af302,030303e3f1791bff
dataset/helopeltis/20220101_095643.jpg,4,helopeltis,256,256,4834,True,,4f1ee2f244b656ce1dde5a9635166cb08b4df8e271b862581d294a90ad940a8c,508a9978f8f0e2e0
dataset/algal_spot/image_0_1899.jpg,0,algal_spot,256,256,7035,True,,89c23f8aec5df4a67175ef9a6fd433c19f61f0f803b52190f54d261e338c9625,dcccc3c1d8e07888
dataset/helopeltis/image_0_2326.jpg,4,helopeltis,256,256,4657,True,,d21df5fcd356377820a7ab2556bc2535b0ad437b3df4c8750afa5027fe734876,ffb79db9f973f3df
dataset/gray_blight/image_0_548.jpg,2,gray_blight,256,256,5917,True,,70393c695b96e1c4cd34a3d4e8385dda9aeb7faad13419342e30b2177b78cbbb,ff6ee3c0e478380f
dataset/helopeltis/image_0_1620.jpg,4,helopeltis,256,256,5152,True,,769ec8328ae29e4fe6d92b049c24be9db4702df6ce3ec7cda6b62f3893333bf7,c0809070e0d0f479
dataset/helopeltis/20220101_121401.jpg,4,helopeltis,256,256,5330,True,,4cd622617b6c1871dab67fbf698d2e49c42ac727bf1bd0e5c0abe103e0d3dfce,ffff77f0fce8ec7f
dataset/helopeltis/image_0_3883.jpg,4,helopeltis,256,256,6132,True,,86991070536e04ab70dc698a53d1baf119d4eb203b8a9d73a765868f9c07e6b8,01187c70d8d8e0e0
dataset/brown_blight/20211226_002142.jpg,1,brown_blight,256,256,6298,True,,1213a1ba48bfaaafb912bf647255a15886c7a3b15684aa4f5bfc0da38e67a5a3,030161e0e0700303
dataset/brown_blight/image_0_3281.jpg,1,brown_blight,256,256,6692,True,,f3330ae405915923dc8aaecf040a729e6f6c92c904fda54bed10b9c4f3c2038b,0439f9ce99e44000
dataset/algal_spot/image_0_3571.jpg,0,algal_spot,256,256,5409,True,,dc5153c4eb176fa729957eda8e03146d75da97d20d9b445df9247b57c9f2526c,00003cf0c0c04020
dataset/healthy/20220101_101521.jpg,3,healthy,256,256,4861,True,,799bf9ef5e653a6cb4b872c67e150ead1a436a20f880124b0f2faf9827f901c8,a0e1dcfcf8c1c200
dataset/brown_blight/image_0_10.jpg,1,brown_blight,256,256,5630,True,,b22bd887f2b6c4c409c1adc415e1d90ee05f5e2d4ceb5a10ff309bf62072325b,0b1fe2e1a0f0f0f8
dataset/red_spot/image_0_1126.jpg,5,red_spot,256,256,5851,True,,20290798447e165680664d4d37d2bb29f982c963d9b0ef7931adbb9e73d5104e,ff7f3cfcc8c1e71f
dataset/healthy/image_0_823.jpg,3,healthy,256,256,4592,True,,548800b174be358b635234eb612bd43d174794363469bfb46d3271b54934db96,6060303838181c04
dataset/brown_blight/image_0_8014.jpg,1,brown_blight,256,256,5353,True,,2406da15574f84605913ef270ef16f64421968224edf7508aff54cf00e45fb50,1f0fc3c0e0631f17
dataset/gray_blight/image_0_3090.jpg,2,gray_blight,256,256,5991,True,,378d0a6ff1f5f6c6a64f34fd420a46eb04971cfb408d69af54890b8bbad9c2d8,00c0cce8f8010000
dataset/red_spot/image_0_2843.jpg,5,red_spot,256,256,5333,True,,832d7a2f05f05248dda1be40c977c6390ac41889d64ec432fb25d1c1fad800c8,00003878ec98b064
dataset/healthy/20220101_094657.jpg,3,healthy,256,256,6047,True,,bf6c7313a98abeb64eb526eeb64058c0c3de340cd4923d2db8991318a6929715,0062f0f8f8f16238
dataset/healthy/image_0_3342.jpg,3,healthy,256,256,5718,True,,83f28c2f57969c10e2f36b6db8ef9937f543340b9be8d54e1e99e71e25f53260,c6b970e4f0f0e2e1
dataset/algal_spot/image_0_3962.jpg,0,algal_spot,256,256,5392,True,,0252020869db1d95f21b0e6b2e623454c63f8d9e8bf609eb735c5d336f8b99e1,7e3ce3e0fcfcf8ff
dataset/brown_blight/image_0_8925.jpg,1,brown_blight,256,256,5216,True,,96366162d1651e62b47a85375670e3ecf3eb756fd6d00ab4253e662502390c01,fffffef872e7cf9f
dataset/algal_spot/image_0_2103.jpg,0,algal_spot,256,256,5823,True,,6e495437344a35510855c26ce8c138079699118bc0a9dd11eae4b6e81226f9e2,1d78f8d8f1c3ffff
dataset/brown_blight/image_0_5536.jpg,1,brown_blight,256,256,5094,True,,b598e43ac16174c103b33c5e7f5eea017d803e2269b13275859ebab966e1de60,870fc361381c070c
dataset/brown_blight/image_0_6553.jpg,1,brown_blight,256,256,5462,True,,73a57f2d9c55b9691290bef463dceb9f40a20d21e038d306c6f0f99a7ea1953d,0001c3e170391d02
dataset/gray_blight/20211228_140414.jpg,2,gray_blight,256,256,4419,True,,043a1a1b0a960b90f0297c8ff9b8389b10f7ceb797b941800afd3ece477838be,208070f0e0f80602
dataset/brown_blight/image_0_814.jpg,1,brown_blight,256,256,5012,True,,89c89c1d451ce1b8d2179e66ee2ca30e32ea54d18bff49acde459c1cf374b00c,7fbc7cf0c1cf7efe
dataset/healthy/20220101_090049.jpg,3,healthy,256,256,4541,True,,21e7723226453c9a84b8946138c42ef11bff9ead547407a41176607d3e834723,ff7f33f0ecf073ff
dataset/gray_blight/20211228_153517.jpg,2,gray_blight,256,256,5577,True,,ed8a732519c0b50f3e13c9d3617343cdf331dd938f4adb4d56fc739dcc0261fa,cd3370ecf0e10fff
dataset/helopeltis/image_0_532.jpg,4,helopeltis,256,256,5332,True,,cf845d3bee0bb5ffa9e6e9c13ee47d4ac7ff5eb0385d1a9b8e63412c6ae8ba66,80011c7cf0f0f080
dataset/red_spot/image_0_2326.jpg,5,red_spot,256,256,5787,True,,0c90d1ca248c548ad858f056e740f964c04ab7dc18d8f9878a31909711c0a163,0c3c74e4f8e1c77f
dataset/red_spot/20211225_224108.jpg,5,red_spot,256,256,4441,True,,199fe95fb68c2873caeb39326e51c92d047c0abbb3b8ff53def81c81df915b00,0101027060710303
dataset/brown_blight/image_0_1185.jpg,1,brown_blight,256,256,5785,True,,33f51bf0b227513dab220543f06e70788ae1e21a44445ab16ef9276d71040133,79e6bc74ecdcf0f7
dataset/gray_blight/image_0_1333.jpg,2,gray_blight,256,256,5101,True,,33e8d055e8116496cd7ac3d534d7235d5e1e853188b185a7d75d3836aa35563f,4963e0e47c102060
dataset/red_spot/20211227_161334.jpg,5,red_spot,256,256,6211,True,,18b8f6fdd53d3e73daa91ed2c5b715ea7c3ed17b1e29c984ab38948756ba3ac3,428e33f0c4f83087
dataset/gray_blight/20211227_164317.jpg,2,gray_blight,256,256,4647,True,,642e785005d25576c5685a767bbe40c7c3e43a43819ddbef9ef525efe81c8b8e,19c3bc76ecf0f0fe
dataset/algal_spot/image_0_2243.jpg,0,algal_spot,256,256,4774,True,,9bd9c37b67ad6f27e1da70644cfe054acca387f7d16c6109aaac86dbb6c40720,0000e0f07838dcc0
dataset/brown_blight/20211227_162750.jpg,1,brown_blight,256,256,7033,True,,914336bce714d88b8dac6215cd0acdd95c65439ae213b63b677bbac63a404076,33e1ccccdcf870f3
dataset/healthy/20220101_100913.jpg,3,healthy,256,256,4830,True,,a18a2bef3ed6419dd27042be267a50771dcfb67117ee1891f6bdad3f54e23818,00c078f0c4f0b080
dataset/gray_blight/20220101_120417.jpg,2,gray_blight,256,256,5684,True,,466d1fd6c74554a60a07f7c3c5c17cbdc462e2afa50106fc858a3bf4f4c5672f,fd67e1d8e4e17ffe
dataset/algal_spot/image_0_559.jpg,0,algal_spot,256,256,6045,True,,6f08c0356ff9f1ed65e1842809fe02cffa7851cb82060a911bda8c69aaeee338,38f8c080c10e8422
dataset/helopeltis/image_0_4227.jpg,4,helopeltis,256,256,5386,True,,9bad6d9e6516d4f91858e621b88bea836088b70f18813968dea2e1a9cf73e290,001878e4c0c02000
dataset/gray_blight/image_0_1861.jpg,2,gray_blight,256,256,5849,True,,587a033b32a9764c14ff8a1251706f00cea9498c4b2c55b0288bae2832207539,37bf73f0d8dc7cff
dataset/healthy/image_0_998.jpg,3,healthy,256,256,4956,True,,f6b0b8fe49fbbf376eedf391dd6202d6a2004d916fde7eddbfe1df8f844e01b3,03a19e7ce0c18400
dataset/brown_blight/20211228_154026.jpg,1,brown_blight,256,256,6593,True,,6c20fe868c86877ca90f14d09f7ea9fdd47794a1aa4f3dda46575ffffd82d262,eebc7cfcfcf0e07f
dataset/helopeltis/image_0_3665.jpg,4,helopeltis,256,256,4829,True,,26d131ab11c682edb66e75124c4bcbdf61e285ef2e3dfdbad72b5db780f30083,70e0c46070787c7a
dataset/helopeltis/image_0_2242.jpg,4,helopeltis,256,256,5645,True,,35ef65a5d10dd7fa1e64ca487d55572aef8c116545d2ebc055bf2f17a3f650e6,0000c0e2f170381c
dataset/helopeltis/image_0_6.jpg,4,helopeltis,256,256,5930,True,,886aae2a6d24c4c13ef862c666f380783b5591b37e1376ae11ea48181398c2c5,fffffcf8f8f0e3ff
dataset/brown_blight/20211228_125619.jpg,1,brown_blight,256,256,5031,True,,a4bbc05e41faf22925aa5c96dd7547f5a60e12ee0a147250e2f2a04068543bce,ffff238eccf0fbff
dataset/healthy/20220101_100816.jpg,3,healthy,256,256,5156,True,,53c1cf0c7717056a404baf80abaaab7552b9a45d490a077a58e78fc46ae6a990,98c93cf8c8e0c204
dataset/brown_blight/image_0_6894.jpg,1,brown_blight,256,256,6609,True,,6f9aec34dd4246496d7d73a6689d0a4e19edfcf0357e5e186dae5446c1227a2c,0f07c1e870befcff
dataset/brown_blight/image_0_7029.jpg,1,brown_blight,256,256,5458,True,,783cc58654c073ac0f209a174ee56eb8d6518ae2304ab4779afcd52fdd7c8413,00c0c080e0600000
dataset/healthy/image_0_2387.jpg,3,healthy,256,256,4659,True,,95d1e1ed25fe540aa55afd6e0ab609530580274e759b5d391a2f4b23f138c3d6,e4d9b9f0e0e0c090
dataset/helopeltis/image_0_2778.jpg,4,helopeltis,256,256,4578,True,,093daa0b027946560b33d20e3b16e736eb7f1167700a641b3576970afa107b69,000000d0e47c0800
dataset/algal_spot/image_0_1895.jpg,0,algal_spot,256,256,5456,True,,f6060b8f0b621440b5fcb53a4e28d3d43b358887ed6d8e01c21a97833e506636,578f78f89ce1c37f
dataset/healthy/20220101_103828.jpg,3,healthy,256,256,4777,True,,42eed6e5f9c875d351257499233bba786b8af1e1d6cc443bdfd2c8cbd16dab41,6860e0e060f0b818
dataset/gray_blight/image_0_5.jpg,2,gray_blight,256,256,5844,True,,336f2577727e2be31b81dcf22056b2f17e6e03e59d7509f6c7c613cbb217f352,1885c1d8781e0600
dataset/gray_blight/image_0_725.jpg,2,gray_blight,256,256,6691,True,,37b1ff7091689bab74e9ab29b145775f9639dfd5172d2f7c1f8b30e4a2ea05a4,3fe6e0b0bce8f9ff
dataset/gray_blight/20211228_134827.jpg,2,gray_blight,256,256,5935,True,,ce9951d03a4b62e6ff80362ce27851c1f6225ff8d48130152320ae7b28642d8b,fffff9e8c8f8f8fc
dataset/healthy/image_0_517.jpg,3,healthy,256,256,4253,True,,d49807f1e2c30bd59281262916740b51c9332159b2ff7fcb9fe985a0773201a7,00043c7cf8e0c000
dataset/algal_spot/20211227_133426.jpg,0,algal_spot,256,256,6924,True,,accd1ae25f4f9229793821c260e520201cd859f94ec8133f90bc50aac9127a44,031cfcf09af4e49f
dataset/healthy/image_0_2243.jpg,3,healthy,256,256,5871,True,,8e84e9ed27d2769365b5f466f582cfbe82782770aa1d33cf64db85ba8af8695f,18c0c0d8ecf43819
dataset/gray_blight/image_0_1557.jpg,2,gray_blight,256,256,5508,True,,0cb63cca754a952bfb92d9f3d3079dbb189ad737d82e676ef39ea905666e9439,9f63e0dcfc39bfff
dataset/gray_blight/image_0_3034.jpg,2,gray_blight,256,256,5943,True,,14c9612a7e4dc6c47a797bee56ae0624275f14f398edc9dc0b6aa16217a2f999,0002e0c0e2e00000
dataset/gray_blight/image_0_4041.jpg,2,gray_blight,256,256,5690,True,,ea4bdff6af6f910115d22b3cd0170e549a0507783a3bbd2148be891a7b891eff,ffdcbc79f1d3c73f
dataset/gray_blight/image_0_2925.jpg,2,gray_blight,256,256,5600,True,,229b1788741391c90589ad5f38c11adee59ee6bde3ed4bc3c8bae9e0f9c1406b,1fe7e3f9f9f0f8fa
dataset/red_spot/image_0_805.jpg,5,red_spot,256,256,5388,True,,f57141ec25699fa9859cb6f4fcc60254249585e43fa88a5db475b714d5c1bb23,000080e0f87c8cc0
dataset/red_spot/image_0_3146.jpg,5,red_spot,256,256,4758,True,,8b23d59a85058523b16fa1713e0b364f1ccdf51d84983a4eeaa7ca5051434af5,3f3f3ff1f9731f3f
dataset/healthy/20220101_092641.jpg,3,healthy,256,256,5004,True,,a0420d26a0b2cb2e689d6a2b31bda8b05cdd6ec07a85215c37726e2e8f61f805,f3b3b1f9f9b1b15a
dataset/brown_blight/image_0_5111.jpg,1,brown_blight,256,256,5162,True,,5313b23c79283f44c0f25ae8d2a1332631864836c90a0dd5c1c8df56f96b14a9,3e8ec1f0f8183678
dataset/helopeltis/image_0_1901.jpg,4,helopeltis,256,256,5732,True,,ffee94f066bc307eb10407f46659351c36ceede16e3fe1abe5929c8b4ebfce67,130c3c78f1c0c000
dataset/red_spot/20211225_225401.jpg,5,red_spot,256,256,5795,True,,237e11fc21cd9886dac8a7a3b29b7041626f60f5a23f033de63acd784f9ee404,030331e8c8f00303
dataset/algal_spot/image_0_3584.jpg,0,algal_spot,256,256,5185,True,,10fea075b62eacfc5cc85ed089bf91dc86294df1502ef3620f783ef603243d80,0008fce0f070fcfc
dataset/algal_spot/20211227_132801.jpg,0,algal_spot,256,256,5273,True,,8aff1f32cb05c8b957fbf4dd190a7c3ae7d05a73f7bcaae1b009fa5d01c9dc2e,ef1fe3e0fcf0ffff
dataset/red_spot/20211228_125127.jpg,5,red_spot,256,256,4790,True,,ce9ba3dd8759b124abcb368196c8fe1e1c317fabe8dec77c99f61545433ba9c9,771ff8fcf8f1bfff
dataset/helopeltis/image_0_486.jpg,4,helopeltis,256,256,4980,True,,578d895d606bdbec54fdcd50cdcb8bb1d4a086ec1a151d630efb434bc973d33a,00061270f0c0c200
dataset/algal_spot/image_0_253.jpg,0,algal_spot,256,256,5818,True,,1b48485775713bb9862720a248fcfc5d96b3775bb271b1d327ec72cb4dbf08d4,0086c110ccf81800
dataset/healthy/image_0_1023.jpg,3,healthy,256,256,4715,True,,69a430533140cc4f94206600e751406126c48471edbb11935ded4e6986c555d0,02008681c0743801
dataset/helopeltis/image_0_741.jpg,4,helopeltis,256,256,6287,True,,b8e52be84c685e6471a2d411cc0f50982c9c1f65c8bc74f2deb202c79872665b,00c0c0f8fc7c3800
dataset/healthy/image_0_444.jpg,3,healthy,256,256,6129,True,,59885ec454a7ebccd364323df49be0f622d41ba8406706d6e7b5e2db897ff2ec,f7dcb8f8e4e0e1c7
dataset/gray_blight/image_0_4015.jpg,2,gray_blight,256,256,6387,True,,5f36edd921ae76a1c34e89b8c64b5281a23f462589d7b64bd657c8f1d0838be0,fffffcf0f0e17f7f
dataset/algal_spot/image_0_1780.jpg,0,algal_spot,256,256,4917,True,,4f7beb3c97262a3d13c31030771d06fbb2b7fd3cc515c53a9fa2efa2f21c7dd1,00c0e0f87c3c0c00
dataset/brown_blight/image_0_3172.jpg,1,brown_blight,256,256,5304,True,,ff534a2f50dc181957503901ca6f6098ab29ff53a86af12fee3f7bd1b37a16c2,b9e4e1f8fcf0f0fa
dataset/helopeltis/image_0_714.jpg,4,helopeltis,256,256,4355,True,,5a25130b38bf8933cdff8de0c6a2962f32f1cece785501e74e9a768a00b8543c,e0c0583c3831060e
dataset/gray_blight/image_0_1186.jpg,2,gray_blight,256,256,5241,True,,2d6ed1aadf356c2910d509572b51ef833a762879f9e930feb35240d2ecb7c11b,000070f0fcf03000
dataset/healthy/image_0_1670.jpg,3,healthy,256,256,4958,True,,659106da01ed3df8f1026bc3dd4d7b6cc37f0fb4996c6b3d4ae048683f97658f,000978f0c0e02600
dataset/brown_blight/image_0_5583.jpg,1,brown_blight,256,256,5557,True,,71bed5c02ad11a8e02b6d8a2b0825a3e384f19e4004c22db9471280b93212d3b,0f033ce0c9f16307
dataset/gray_blight/image_0_1031.jpg,2,gray_blight,256,256,6219,True,,bc6b0d61050923b261f52782676f0123274191787b308dba3294ba6ff50c55b3,000070e8e4e0e0c0
dataset/healthy/image_0_1753.jpg,3,healthy,256,256,6182,True,,0c085ef489abe1060206daa10716c94093c21eb99df2a121b14c944f881a37e1,c4e2f0d8e8783c1f
dataset/brown_blight/20211227_162852.jpg,1,brown_blight,256,256,4260,True,,3dedf81b99755c5a9452d8f10f6d845126c95b759595995cd02063385c40f7fd,993ed8e0f077bebf
dataset/red_spot/20211227_155453.jpg,5,red_spot,256,256,5087,True,,1f923985c5d69ccd5826e86b058863feb5d63d99524f3dd441a488080964c8c3,0c1ef0ecf0f0c0c0
dataset/red_spot/image_0_1132.jpg,5,red_spot,256,256,5508,True,,85bb108bf89adf2eb4ef559896c2582a174f03911441f839e6b8f1924c1d5e07,018281c0e86c0e80
dataset/brown_blight/image_0_3706.jpg,1,brown_blight,256,256,7309,True,,26a88349594d8196262afa1887db7e66af173d6331a564d344d2ac97cbef2baf,3160c4c46c780000
dataset/helopeltis/image_0_936.jpg,4,helopeltis,256,256,4705,True,,58afc294d764c2e12951913367ec2271ff768c1d7ca2b12a8144979bff42685f,0000c0e070b80103
dataset/healthy/image_0_1883.jpg,3,healthy,256,256,4530,True,,f7dae8ac560b3dd7781edcbe4845f5100a80db7b27b5d482b9a9ad7f56abca72,0008387cf8f00000
dataset/gray_blight/image_0_2696.jpg,2,gray_blight,256,256,5905,True,,5394661249c26ad1ddf6e336506e358c3f98805644d2218c0771f2e492c9da40,000038f8cce06000
dataset/helopeltis/image_0_1558.jpg,4,helopeltis,256,256,4743,True,,bb7ffab2f18588e7449592cf352fc510e5a1d672cafe912cd586773225ab0cc5,008062e0e0f01c7c
dataset/algal_spot/image_0_2880.jpg,0,algal_spot,256,256,7468,True,,2b8b026a29a806008e6ed9abbdb6757c0fd6b89f59ed759a2f952276430d0938,0000e0b8c7f83fe1
dataset/healthy/image_0_3416.jpg,3,healthy,256,256,5254,True,,25da9f034d73897df26eef6845f2a2191eded2c9818b6803b6581b0643818772,041c383070787133
dataset/brown_blight/image_0_4139.jpg,1,brown_blight,256,256,5144,True,,51396939146f5d273796cd1159d121d8997916b744a3a334fb570169ab4bec0f,0010c6c1d8f03000
dataset/red_spot/20211228_120810.jpg,5,red_spot,256,256,5108,True,,5398184eea2a54487efff518bfb2dd61265c34eccf9cb22f757f2737cf39d1d7,fff3f0f4f0f3fef8
dataset/algal_spot/image_0_2105.jpg,0,algal_spot,256,256,6598,True,,6820d707559d479dd027969d58fce8d7095393385896009cc52c92c4d4706566,073cfcdcb8c1cf3f
dataset/brown_blight/image_0_6714.jpg,1,brown_blight,256,256,5464,True,,758b5569536861f351f4642703edd0ede686349ceffcbfb38e26af079b59397f,7e3f1d7cf1c32fbf
dataset/helopeltis/image_0_245.jpg,4,helopeltis,256,256,5579,True,,67fb99a9915474a570f12a86fe28867b5fe76e101fb54d2d0d3e68786514713a,00e0c080c0e06000
dataset/brown_blight/image_0_9316.jpg,1,brown_blight,256,256,5617,True,,9882998e684988b3b1ffc0102a72dc28707b250d7856a7f443334d225207c99e,6819f0e0c0d0f0f0
dataset/brown_blight/image_0_507.jpg,1,brown_blight,256,256,5293,True,,7073e3edb704b9c09f5c7c1aebd43e02349e9295f00dd3f485af0b80904e28ba,470ec3f1783ccef3
dataset/healthy/20220101_090148.jpg,3,healthy,256,256,4487,True,,b730a99597a07f190c095b05140113d136fee3018c34bd55f88a44bd05a18a05,efcf73f0dce063ff
dataset/gray_blight/image_0_4180.jpg,2,gray_blight,256,256,5144,True,,c35a0c6cfb234d212da8db05edc9ff4856c3ea00d4594670b0be990960a913aa,00001cfcf8e0e018
dataset/algal_spot/image_0_4227.jpg,0,algal_spot,256,256,5621,True,,47ceedc3d4a0d951016d4047efdd49b9b6b6b06ab57c206eb5c1c85c687c8e01,00c0e0d8ec781880
dataset/red_spot/image_0_962.jpg,5,red_spot,256,256,5442,True,,03d0d504646f0d248ab89d3fcc8ef61d61c7baf5791bb845ef48e1111009a477,ffffc3f1ec7cdeff
dataset/algal_spot/20211227_135151.jpg,0,algal_spot,256,256,6548,True,,cb6dbf8f32736fa99022f05ccb1811e873deba7bd27569d56c3b5da0c4decb63,ebcff0e8dce08fcf
dataset/red_spot/image_0_1709.jpg,5,red_spot,256,256,4989,True,,fdf25e4301f1f62078c30ff8596650e293da5c8876cb2801f4beacdadb998b6f,0000e261e0700001
dataset/red_spot/20211225_224236.jpg,5,red_spot,256,256,4525,True,,22b887062ea2a7eb2afb4f25bcb5dbbf9629e2302d20d9f8699c7ecc36cae3c1,0301137070310703
dataset/brown_blight/image_0_3836.jpg,1,brown_blight,256,256,5953,True,,818651a2bdb2e984c89bd996ae951c013e2a9842bd4f2658f4798733e61c3314,001c7c68e0c08000
dataset/red_spot/20211227_161943.jpg,5,red_spot,256,256,4901,True,,a30a4dd0fe104c35923354e4b8096fe29f4309a28ca1d43d20505dbb4c6139da,363ff8c6ec71dfff
dataset/healthy/20220101_104031.jpg,3,healthy,256,256,4637,True,,21be61dcdc1e22e7eda550c8c0b1a113b46fe969b74db7b8c5f6e572c214a305,f192f8ecf8310000
dataset/algal_spot/image_0_1375.jpg,0,algal_spot,256,256,5132,True,,1efd3674aa4536fd7da582b28109386366c25c170122d74df463f80467f5389b,0008c2c0c8f83000
dataset/helopeltis/image_0_2166.jpg,4,helopeltis,256,256,4801,True,,292ebd7de202514da432a7702114ad42b9c7e494e89735509339fbd43a64d031,c1d8e26178381c27
dataset/algal_spot/20211226_101224.jpg,0,algal_spot,256,256,4954,True,,94876cef94aec987990d02615a1b6942aad8c02e60af5143a7ebfb5f0455fe07,3030727060707070
dataset/algal_spot/image_0_4295.jpg,0,algal_spot,256,256,5497,True,,0f8d3beb6443b5a2e3dc7628988c8ffab89c1fb24f71126fdb1e045d858b59ad,0000e0c0e8703800
dataset/algal_spot/20211226_101415.jpg,0,algal_spot,256,256,4787,True,,89ecdcf77f8fec82741c2f08359ffd87f8f401cedd598168f7f24e45f32b6613,6c8f7cfcfcf43fff
dataset/brown_blight/image_0_1690.jpg,1,brown_blight,256,256,5936,True,,c58aab073864f58bbea5958e9395f40a2ee878a654f6cdea8da20d931c25331d,7f7f8fc1e97cfc7e
dataset/algal_spot/image_0_1030.jpg,0,algal_spot,256,256,6576,True,,09bfbb80d846255c61759952493bff1a3c9c6c314233b8a267b6fb9f5ddba54f,00001efec8e1c7ff
dataset/algal_spot/image_0_924.jpg,0,algal_spot,256,256,5063,True,,a4cae38ededa312b04b4aabb17bbe9d5f8085dc71b10836f7c6e144843f5fa4c,31dcbcf0c18090e0
dataset/gray_blight/20211228_135125.jpg,2,gray_blight,256,256,5048,True,,0452414f66285215dd8429750713142b08771e9efb0f68dc3ddb915dc7b00b36,000060e2c0e00e10
dataset/healthy/image_0_3593.jpg,3,healthy,256,256,4806,True,,718d888086426a7d33da44b1879cb0162cda8a1fbb1fd24d295a543db064eadd,00001938e8e0f000
dataset/healthy/image_0_1178.jpg,3,healthy,256,256,5144,True,,4d7068a57f28c0d7eac6b06ef54311e199ff32f4007033257bc772ce6f7c23e7,3733b13131393919
dataset/algal_spot/image_0_2261.jpg,0,algal_spot,256,256,4703,True,,a23e68e6ae6f06726a2cbdc7838f9a5ad3b18e94c4840abfb1136a86288148a8,00c0c060703c0400
dataset/gray_blight/image_0_317.jpg,2,gray_blight,256,256,6994,True,,63787de787b8a7f41545accad1d567f1a2e42e8a1775f59297595eefbb859ca2,1cc7c1c884eef8f8
dataset/red_spot/image_0_2887.jpg,5,red_spot,256,256,5260,True,,1af7c1dd8f7f5e84a102aa5a2d28fc7cc03b2a72fa55847837db4556120fd31f,18c2c0c4e0701000
dataset/helopeltis/20220101_092229.jpg,4,helopeltis,256,256,4671,True,,3b3d2ce5a136f687c34b7450351b25f4c0de64387d73bc992595148211f8ec7e,ffdf9ff0ec80dfff
dataset/healthy/image_0_494.jpg,3,healthy,256,256,6261,True,,a173a683c96636a587bbce284ef90c4ef1ccad4dd6f7c2c6d91d150f81881b08,0d3cf4ccb183cf7f
dataset/brown_blight/image_0_6037.jpg,1,brown_blight,256,256,5550,True,,b104a755633654dc16b88d9d643322dc645c307ed4fa62348accc62620713c61,3f7fe3d1f8faffff
dataset/healthy/image_0_90.jpg,3,healthy,256,256,4385,True,,946f137b9aea7eeb460dfca205523d1a363dc2a3761bb02f644d012de0001bf4,2008e0e0e0701c00
dataset/healthy/20220101_100752.jpg,3,healthy,256,256,4903,True,,bf12c2193d51ec33da13bdb5b37d3ca755d6dc21b0bf34b3d97444015d7a32c0,efff3ff8c4e8f1ff
dataset/algal_spot/image_0_3981.jpg,0,algal_spot,256,256,6740,True,,355868d2c9069d3b71e77cb9627b56ef32e589b23427dcbaf2365a1bf2f22bc8,00c0c0b8f6f03c82
dataset/algal_spot/20211227_125923.jpg,0,algal_spot,256,256,4444,True,,9958229ce7a820315f7884fcc358e0866fd17e8e31a6254b0d91e2bb6f65df9b,c382e1e0e8f8befd
dataset/brown_blight/image_0_3302.jpg,1,brown_blight,256,256,7324,True,,8559a62de68664df8c819ccc4b1dd3dc72db82bfc37a1ae03fad3e3e0ecd6007,000070e080e06000
dataset/gray_blight/image_0_341.jpg,2,gray_blight,256,256,5711,True,,265e5b114e082f738c750acf817c120d48fb636cf53c7b0c5a0cfb759b65d18f,000084c0c8e47011
dataset/algal_spot/image_0_2629.jpg,0,algal_spot,256,256,9256,True,,a4ac0fe256636770495b40d1bea5c0ff55ac9d4c5d2da6284ccc610209910f37,063ee6ceb8e1cfff
dataset/gray_blight/image_0_2686.jpg,2,gray_blight,256,256,5183,True,,07f4d7b64cf894e7856cf19d911798cbee7e5081c1553b772886aa3c1bfb5f4d,0060e0e0fc781800
dataset/helopeltis/image_0_3212.jpg,4,helopeltis,256,256,5285,True,,e8355afe877079274c40b1a33d82b8104a23588d98d47534f4bac90641395662,053c78e0c0c00002
dataset/red_spot/image_0_1105.jpg,5,red_spot,256,256,4396,True,,98985ce6591ff212e2b5a2f7419c7e749c6e4b6c0bd9efd3d28106def11d0272,0000e0c0e0701000
dataset/helopeltis/image_0_1517.jpg,4,helopeltis,256,256,4644,True,,ee03bfe67106d5c30032eaa193c29569d276bb3ada0bec11890132cbcb326be8,00001c3cf8c00000
dataset/brown_blight/image_0_6275.jpg,1,brown_blight,256,256,5369,True,,c18c53283f6c76abd9dfd21fdb866b8b7f724f3c1032274b65635334229ea8e1,ffffdfd9e8703ffe
dataset/healthy/image_0_1593.jpg,3,healthy,256,256,5383,True,,24d2ca5adc0725ddf614f50cc3b00108ec37f80e694cf1b750fd5b1abb4e797d,c08878fcf8e1e6f0
dataset/healthy/image_0_1521.jpg,3,healthy,256,256,4914,True,,5fe01d8041ec960a648c37e34578a724d8b285fd9375f7a2a78b6b010f276487,71f8b8f0e8e0e0e0
dataset/gray_blight/image_0_3922.jpg,2,gray_blight,256,256,4971,True,,4345bf3bcf9f9a6298643aa63c38b4dfd5c538ca791b774e22ed7808038bb865,0000e0e0c0f43800
dataset/algal_spot/20211227_130237.jpg,0,algal_spot,256,256,5087,True,,c421f5e2952e666845141d0755e2089810b305430b698c75bc87f080d350af96,f4f4cec1e0f8b9f2
dataset/algal_spot/image_0_3034.jpg,0,algal_spot,256,256,5482,True,,f136c630108d6c24986294a4a47f3791f14b8c39e369983a72c93620b2078ba5,ffff3ff8c0c1ffff
dataset/gray_blight/20211228_153646.jpg,2,gray_blight,256,256,6042,True,,afee05ad230352f3090a10431f65ebb6b8c3215e7ba6604de82d51e6f33121fd,9e0b78dcdcf8e13f
dataset/red_spot/image_0_2651.jpg,5,red_spot,256,256,5587,True,,bf2d69e721a4e41410e0795742ee5465073aa60a2635d44ddf1777379e3bcca8,c0c0f0f0e4f0feff
dataset/gray_blight/20211228_135022.jpg,2,gray_blight,256,256,5064,True,,92daa2a8248c210bb5bdf99805e1a5501fb6940e2f7dba42f05b53dd329f33f1,fcfee8f0f0f0c0c0
dataset/helopeltis/20220101_094204.jpg,4,helopeltis,256,256,5348,True,,530e568bdc367fafacc585c503eff68527ce6d4bdd3d76641e0132f2c4ba1599,2432317170303819
dataset/gray_blight/image_0_1701.jpg,2,gray_blight,256,256,5066,True,,f6ffb0b4c218d0ad260225b3cd2c61af8c736daaab9779b7e393095d63a73f2e,d965e6f260f1b8d8
dataset/healthy/image_0_595.jpg,3,healthy,256,256,5197,True,,33a91813ad6220f8d3f24e328254214bfe6bc08b87dadb338a8bc9460a0f000c,d9b8b0f070303818
dataset/red_spot/image_0_2824.jpg,5,red_spot,256,256,7171,True,,93bae98c0ddb1ddeeea17652addcb89697857d64c0a91686eb75d8538d9acf41,3fc3f1e9ec7c1c7f
dataset/algal_spot/20211227_154146.jpg,0,algal_spot,256,256,5785,True,,a2d7bdbc77bd10370f4ffd1968b0041eb36c96f859b033437eb9df1d701b0a67,0f70f0dcf0f0fefc
dataset/red_spot/20211227_160638.jpg,5,red_spot,256,256,4667,True,,344e95024124ff711b06a92ae464f3f5de1e85672e0ec80610e60f1b48a5a39e,060e71f0cce0e6e0
dataset/red_spot/image_0_2663.jpg,5,red_spot,256,256,5847,True,,56c66dff9023ed1edae3d2ffeccfe74d4d936143c8f64c23d401320d7ff0ae82,fcbc70e8d1c3c7f9
dataset/gray_blight/image_0_953.jpg,2,gray_blight,256,256,7026,True,,da0d615533c1dc4e0819d01664640bd98991f0c4b56c67bcebc6e82254806857,779c78e2c4e0e3ef
dataset/helopeltis/image_0_1482.jpg,4,helopeltis,256,256,4593,True,,1977cbb19f505a14a0b5a4f62061fce37f691cd6497445108879e0f099c6d79f,000c3878f1e1c508
dataset/red_spot/image_0_1222.jpg,5,red_spot,256,256,5521,True,,5df4d596593f9d14fc1425e4b1dcff45d86d27e8fb3e8730667503615070aac7,1cc6e1f9e0789cc0
dataset/algal_spot/image_0_658.jpg,0,algal_spot,256,256,4558,True,,0e3cf9d2b2a6f3acc413446c7f7af90ebbbb46faa44a0b6f9a0398b34d2e1ef8,0000c0c0f07000b8
dataset/healthy/20220101_120453.jpg,3,healthy,256,256,4681,True,,82563ed30f98d4ca3be4e1714504427ac7598955e87e12f5b243265a314df804,ffffbff0f8fc7cfd
dataset/algal_spot/image_0_1109.jpg,0,algal_spot,256,256,5212,True,,8dbc3352ee484aaa86e42a5eafdad81572226e83baec62d9a93ffc3f3c2219cf,7feffcf871c0dc7e
dataset/brown_blight/image_0_3041.jpg,1,brown_blight,256,256,5096,True,,d7e9640c3102918cfc59ca9cbfc3f385c1189d89d0fee64d94560428944452b7,fecfb8f0c0c367ff
dataset/gray_blight/image_0_4167.jpg,2,gray_blight,256,256,5449,True,,99c694672bebb0f83532c9102182b1d15f43d38e1f4a74f765ca55310dbb8df6,00c0c0c8ecf41c0f
dataset/helopeltis/20211205_160209.jpg,4,helopeltis,256,256,5024,True,,15faef1db474529afccb96c227aaed36cb6f6522f6a6336c40dd7874e8f7352b,fffffb78f8f0f7ff
dataset/gray_blight/image_0_520.jpg,2,gray_blight,256,256,6301,True,,01e2668759a11b8be2c77ef71b64051278f82d86d2cf12e466a768c3c9e8011a,ff3fc7e1f0f8f8ff
dataset/brown_blight/image_0_2141.jpg,1,brown_blight,256,256,5968,True,,4e72a52b9e8e03e4cdf46f065d92435246208cfb09d52d4c82edf980d83d44dd,01017cf4b0818000
dataset/gray_blight/20211226_102932.jpg,2,gray_blight,256,256,4790,True,,6f64db589222145154bfefcbd1da5a954ca801951eb1a411772b0a63e45ae6e1,dc0e71f0ccf071fb
dataset/gray_blight/image_0_3139.jpg,2,gray_blight,256,256,6139,True,,5ec1d2ebed693e700a1ee62299bf4a60565ca2d9d7116612373c2a4f310d3672,0066e1b080f03100
dataset/brown_blight/image_0_9699.jpg,1,brown_blight,256,256,5072,True,,4f76b8370d2dfdbef00e6ac536c0054a867a48009384d0a8948419fc40b56be2,00000c1cf8c08000
dataset/helopeltis/image_0_3788.jpg,4,helopeltis,256,256,5259,True,,21a8a013057ed35a9f43405eb8d5c1c159e7c7c9a0471b746c09c59cc6d21c70,1818387078606060
dataset/gray_blight/image_0_1774.jpg,2,gray_blight,256,256,6018,True,,3205a548fdd9664aead0c126c4769b9735e17246525c2991b25e7f1a08738773,001a78e4e8c0c000
dataset/brown_blight/image_0_2879.jpg,1,brown_blight,256,256,4288,True,,bfd4d92932aae9aa914c58b9cf6941b4645d01c0e487135c20465f42fad2610c,00001878ecf00022
dataset/healthy/image_0_2461.jpg,3,healthy,256,256,5321,True,,882596a78d8fe9324249f0bb1bfc4fba9e22598b6bee775724a15ed44e89792d,080ce1d0f07018f0
dataset/healthy/20220101_093628.jpg,3,healthy,256,256,5072,True,,7a40281fb807b656b3edad267359664e792b60aef79489ef65393d31ec4f0dd2,000238f8c0c0c140
dataset/gray_blight/image_0_481.jpg,2,gray_blight,256,256,5855,True,,0d1b3130afd8a2a9295515580aebb9219f555e415f17cc669b0d2d0c4c2594f5,031c7c68f9c3d337
dataset/healthy/image_0_1335.jpg,3,healthy,256,256,4906,True,,dc14924ad11b0185fc702f0713d56b6aecdf774c9d89d48ca5e21110c37411ef,0000c4c2c0613818
dataset/helopeltis/20220101_095951.jpg,4,helopeltis,256,256,5338,True,,22aac7a02f780fced998d978f64903a99b4f148e4342ebc528c909a3a6e716da,c0819cbc78e0e0e0
dataset/gray_blight/image_0_2950.jpg,2,gray_blight,256,256,4915,True,,3a8d8d1b68c8d7ce7a97504c7094cefd6bfca834f89ae8f6283c3b22f91551a7,f0c0f0e0d0f0e0e0
dataset/algal_spot/20211227_132047.jpg,0,algal_spot,256,256,4661,True,,0a1fb86fbe8d7f66ccdc3a5a2c44bff8f56782cf068598270541e0da452f26e1,000679f8e4f0b1e5
dataset/red_spot/20211225_231251.jpg,5,red_spot,256,256,5407,True,,0eb281824628a424c7dad66d5502a47f97f68ef509cd7c5a1131d0c1d955bf22,010171c8d0f10703
dataset/gray_blight/image_0_2156.jpg,2,gray_blight,256,256,6746,True,,aaf1d4210d96ded103aaeb2b2b436aab2473b8fe44200f353980b7332506ed27,406070787c38381c
dataset/helopeltis/20220101_091304.jpg,4,helopeltis,256,256,4854,True,,35888f9d5a02c83e029ef7392d1e62f88aeec43850e5e82d368ed7aef78dea4e,fbffbfe1d8c8cfff
dataset/gray_blight/image_0_1225.jpg,2,gray_blight,256,256,5467,True,,3d1d26f3bf4e9ab727cdcdea4d68d0a6167e1e3b84e44e77691aa230bc55ed63,5f7f83c0ecf8d1e0
dataset/algal_spot/image_0_918.jpg,0,algal_spot,256,256,5415,True,,1a49d05737e4b3b1f5695136469eb2055060dcb768098adb4a614dfbc3927d69,b7debe7cf8c1c7ff
dataset/helopeltis/image_0_2170.jpg,4,helopeltis,256,256,5103,True,,a080ec4717391248461d24e02e4d267199ec7b3c50a9acaa5a7ecf7936959486,7f9f71e8c8f81fff
dataset/brown_blight/20211205_160054.jpg,1,brown_blight,256,256,4117,True,,3099f8acc88591ab5871d5bcceb7e4b1857603b5b66fef9f1d00128b6aeaaeb9,7dff3ff1d8f073ff
dataset/brown_blight/image_0_4199.jpg,1,brown_blight,256,256,6892,True,,ec1f4a94bfb076d88a557cbc173cca55d926739b00205d568dcc652d82c815a7,1fc7c37139190c06
dataset/algal_spot/image_0_1158.jpg,0,algal_spot,256,256,5034,True,,fa861c644c08c32695802ff1b4a87b8a9a1446e3b0668b3edef66249225b6db3,0008c2c1703c0c03
dataset/healthy/image_0_1259.jpg,3,healthy,256,256,5946,True,,9016e520ec2111388a4c648fd5e43f1be05131503cafaf3fac5017342a75ddf8,3bcec2f1d8fcb8d8
dataset/healthy/20220101_102507.jpg,3,healthy,256,256,5349,True,,b0ac8be72bf0c9267a041558d407c518cee7bb956970f7bbbb3fdcf3c6180a79,08b9b97868606060
dataset/algal_spot/image_0_3763.jpg,0,algal_spot,256,256,5598,True,,beb55093ac307d37c1f823f05a02ee4eb5fc6f08b6133288bb8eaeacefd02115,a18f78e0c2e0f0f0
dataset/gray_blight/20211228_132418.jpg,2,gray_blight,256,256,5278,True,,34ae95205e3dd7dd0293fb409c050a0696a38ab2a1155993c2ecc8a2fca2f6b4,fffff0f8e8f0f4fc
dataset/red_spot/image_0_2792.jpg,5,red_spot,256,256,5886,True,,be97743471cf7d4a38a162e88eff4a6ed9994ed5b319d64fe2d4502d9511996b,000080c070381c03
dataset/gray_blight/image_0_1706.jpg,2,gray_blight,256,256,6146,True,,a46cc55460a69c80816e96b708acd2411f044389fe15b96c2e09caa28d180615,0060e0c8f0e06400
dataset/healthy/20220101_101258.jpg,3,healthy,256,256,4708,True,,ccac729bd63ea7d7f5ad24e8cc32dedaaa10c5d35356c26629f786cf85e2cf94,30b88c38f8ccc0e0
dataset/red_spot/image_0_1979.jpg,5,red_spot,256,256,5287,True,,0f471d5be5d89cc3529cb433ab1805631482a945ec11a838a3dc188979886399,f73df8ecf8f1c68f
dataset/algal_spot/image_0_2666.jpg,0,algal_spot,256,256,5386,True,,aabbb43724455a25240fed6c72ce1c82b851e1f7f415c59f63de604e6ffbc782,e3b87ce0c8f132c8
dataset/algal_spot/image_0_1074.jpg,0,algal_spot,256,256,4624,True,,a66447a7605c7fce2e71a605749af9a2ab91d98eabb0e1563a7b8bc715484720,c0c31c7cf0c0c000
dataset/healthy/image_0_473.jpg,3,healthy,256,256,5007,True,,0d97d8c9e6cc90120733ea5b9c0515185b5e3b55b7bbd50d95629b2bab816579,3030383830303818
dataset/red_spot/image_0_2412.jpg,5,red_spot,256,256,6500,True,,b3516a71507c1b2f70ca2e584e3b69fab0d05df1147fb9c5efd1360a6d7cbc71,00001e78e0c0c081
dataset/brown_blight/image_0_1303.jpg,1,brown_blight,256,256,6129,True,,4603178ca087e77eec62018d462fac2f3ea9c5e61acb084a36251b2e21932113,3f1f73f0ecf0337f
dataset/helopeltis/image_0_1188.jpg,4,helopeltis,256,256,5972,True,,72f6aec8245ce5acc1ba78458b3f8b17ea414d9ec24cde2f6a0b400d516d3872,ffbff8f0acd8f000
dataset/algal_spot/image_0_1961.jpg,0,algal_spot,256,256,5027,True,,fb15d256474e0a3207e4eec0a63ba2657061429622ab97fd8172436fb7cdd215,0038f8c8e0c63ef5
dataset/healthy/image_0_774.jpg,3,healthy,256,256,4839,True,,1a1932dd177397563a953ffb7b406da6c8692a6ef5371b291076870f04174538,00312762f2f06060
dataset/helopeltis/image_0_1532.jpg,4,helopeltis,256,256,4252,True,,9cfe4f6ba9404302b2fef223f2309ed7552e883f4521ccc262ad6819808c0305,000038f8c0e00000
dataset/red_spot/image_0_2599.jpg,5,red_spot,256,256,4721,True,,507946fbc0186a73af61b9e554cea40ed929dd733664bee1b6d044558e82ce6d,0b001878f0f00101
dataset/gray_blight/image_0_4138.jpg,2,gray_blight,256,256,5082,True,,ce67b201eb05497eb09fcd49b3b66fb9b25c42184716d11e0e6a974a48f9f35c,0000e0f0f8f00000
dataset/red_spot/image_0_1526.jpg,5,red_spot,256,256,5057,True,,36560657b05618319b7bdb00d75d88d5460eabc37509991e6b04f9555d3c472b,3f1f67e3f9797f7f
dataset/gray_blight/image_0_3722.jpg,2,gray_blight,256,256,5301,True,,368e7b810708ab5eaf4b3315e36b74cf7ae173ce3f25f158e513f65775ec3220,737e06e1f8fc38c1
dataset/brown_blight/image_0_8496.jpg,1,brown_blight,256,256,5468,True,,4fa69eff12d421ae320abc0fc08ef8ddce88e9904147a09b3b13fe50cde46ebc,ff7fffd9ecf03fff
dataset/helopeltis/20220101_091601.jpg,4,helopeltis,256,256,5157,True,,93f77ea2e8e71e598ddbf9205f67e38f01e27da91ac3a5cd97224a4fa7ce56b6,f9ff1be4fcf971ff
dataset/brown_blight/image_0_506.jpg,1,brown_blight,256,256,6028,True,,f6024bb6da20ab8b491a5be38eb01a9b2c4a3e01df04bf8612265f77186cf98a,fe7e79f1f3c7cf0f
dataset/algal_spot/20211227_114530.jpg,0,algal_spot,256,256,5392,True,,a45c5db68bee74be4337b8701b2d0e4b5d288147b50796370f11513ef576139f,ffbff1f8fcf0bfff
dataset/algal_spot/image_0_3160.jpg,0,algal_spot,256,256,6850,True,,22241480d3769619ea5dcc9b773d9a82136208cc91269fe9565f8d663a5f021b,78fcf0fcf8c1c67c
dataset/algal_spot/image_0_3025.jpg,0,algal_spot,256,256,6944,True,,e6ef8c6024d946a9c4a70e6ba30d842af9f608a280cf4a300d4156d9ac4ae7d1,8048c2e1d8643818
dataset/gray_blight/image_0_1275.jpg,2,gray_blight,256,256,5623,True,,fc1fafbcd6d83c4f1f3fffbcc432fab31d9502780366557c8bca3bd498956615,3f0f79f8dce8fef8
dataset/algal_spot/image_0_3667.jpg,0,algal_spot,256,256,5159,True,,17dd0f612cd0adca71854dfee84c1587510395bf93fb9299d3efb5f828d3cd51,800867e0e0f0e1f0
dataset/gray_blight/image_0_1968.jpg,2,gray_blight,256,256,6305,True,,6d9a2798e1f0532f947a2cdb9140afb2215825903027eab96bc3df034a8538d6,200138f8c7cefc89
dataset/red_spot/image_0_3008.jpg,5,red_spot,256,256,6112,True,,7b0ab3a139127ce892d78ccad9f9b75561ad8e889e704387a77d3200164fcb14,0200e0d0ec7e3800
dataset/helopeltis/20220101_121051.jpg,4,helopeltis,256,256,5099,True,,ddd2e85d7671814c2bf47d5b51a59e68a2029949feb719a3f773787168b7551c,ffff6fc4f4f0f3ff
dataset/brown_blight/image_0_6285.jpg,1,brown_blight,256,256,5799,True,,ea9a9fc78907daf70ea25b4a6a048fd320811f369761d9487f94db9d9f25f385,0040c0d0e07e0700
dataset/healthy/image_0_422.jpg,3,healthy,256,256,5415,True,,48870fa0791bc5e9199a49d9dd319194993530c0c35ccb4b16131299986d69f2,0218b87468706060
dataset/healthy/image_0_3480.jpg,3,healthy,256,256,4517,True,,405b721b7dffa4345ce8d197f9a8e3d0f72f307e6895d56c1e66d3da472a45a8,010b3870e1e204c0
dataset/helopeltis/image_0_2215.jpg,4,helopeltis,256,256,8261,True,,ec782076d7150ae089845707e18d02ebd302a4e9015ef4732b787b457ec9f09a,4f71f8f8b8dce878
dataset/brown_blight/20211227_164141.jpg,1,brown_blight,256,256,4904,True,,70fffb0fbe274a29f83c9d5b5c5b6d7e901203fc2c2f2156cc7a86469683dbb1,36936cecc0c1feff
dataset/brown_blight/image_0_3133.jpg,1,brown_blight,256,256,5983,True,,ca9d3bd62e13c10dbc290655db58cb76415bafe455dc6dc5b28ec6a38ee18456,0000c2d0ec780101
dataset/helopeltis/image_0_2866.jpg,4,helopeltis,256,256,5656,True,,1b83902d9ecfff46023d2f3118bfed8485074815242fcbd974ad5c9d5b70b610,0020e0e0f8f00000
dataset/helopeltis/image_0_2910.jpg,4,helopeltis,256,256,6413,True,,15e8f458f6e2000e54aa450475e1fa26de8693b7916463f70810b51861e24692,e0c0c0f0f0707030
dataset/gray_blight/20211228_153443.jpg,2,gray_blight,256,256,5255,True,,f944cb0de8a34e9bed4b95eb76830ab7e4dccfd79a85870683038f8043979deb,de1f71c8ccf8bbdf
dataset/brown_blight/image_0_7622.jpg,1,brown_blight,256,256,3855,True,,37a51b414174ed6d13572c51bdc619c3ffe16bb599a9e86282d659af0deb4e5e,01010078781c0103
dataset/brown_blight/image_0_3983.jpg,1,brown_blight,256,256,5426,True,,9ebf0a207c8648f56eb5b20872f2cbbeffba0d92d40d77e341c4dd929d0ac3d5,0070f0fcf0e1230d
dataset/helopeltis/image_0_3679.jpg,4,helopeltis,256,256,4708,True,,2f007d7d332749794c3c27e0b68bb9105d418a3a283cf8be6f52cac86d9e4f1d,000060e0d8f43400
dataset/algal_spot/image_0_2408.jpg,0,algal_spot,256,256,5785,True,,92a2d8b95e00f5efd810628f5698987340625a98364512dda4a7f7c6c31e97c4,3000c0d0f83c1c00
dataset/helopeltis/20220101_103406.jpg,4,helopeltis,256,256,4742,True,,bae78ada9f3068392fad8b45807be91240f8afda63232f1fefd3c061c1c75997,e09038f8c8f01201
dataset/gray_blight/image_0_1793.jpg,2,gray_blight,256,256,6393,True,,ba5bf0168587bc6e82d712c4cb7ece16d3cc911a0d19f4cac48c3906645f17f2,ffdfbe7af0e0c73f
dataset/healthy/image_0_2676.jpg,3,healthy,256,256,4747,True,,8d6e4ebad908ee3452b9a7e8f8beb351c347f9c75258343ae9b4b6dad80e2a2a,ffeedcbcf86162e7
dataset/brown_blight/image_0_4600.jpg,1,brown_blight,256,256,5166,True,,454f7281c7655fad86daaa71c8a0d5fa1ad26eb90ae4bb4153b51b9df008ea11,0000c0c2d4f03000
dataset/red_spot/image_0_3014.jpg,5,red_spot,256,256,4671,True,,60cf289bfc6f7def2648a3995344dce8192ee332845b94a85f2489c7d5be186a,0201187ce0c08000
dataset/healthy/image_0_1091.jpg,3,healthy,256,256,5766,True,,7a8c4ebd1732108121de9c142c0d66159016bafcd85c2f90bf55af4c60649a70,003c746060e1e33c
dataset/healthy/image_0_1256.jpg,3,healthy,256,256,5262,True,,915618713d23999fbe7c740c6b5e53dbe0ce2fd33a4ac5941a47402c7aed45a4,fcfff8f8e1c7df3f
dataset/gray_blight/image_0_2488.jpg,2,gray_blight,256,256,4844,True,,dfb12c8a82a743596d142faa50715c70b1e20094c274565aa9303b2add46d7ef,d01ec080f0fcc3f2
dataset/red_spot/image_0_934.jpg,5,red_spot,256,256,4982,True,,e6740a64e872929b706fa25b14602d366be86282d39b941f86ea7156b508abb6,000078f8f4f8fbff
dataset/algal_spot/20211226_103558.jpg,0,algal_spot,256,256,7968,True,,77bea9c6b50c3f1715760060687c604e38826b5be0d10faa79b24df3735bb4e8,8131f0fcbef8731f
dataset/gray_blight/image_0_1216.jpg,2,gray_blight,256,256,5452,True,,e5ecbaca3a8c8fdf05db24d180d609c4f5d3092b96ed782ed953c10d015beeb5,0000c0c0e0f0f446
dataset/brown_blight/image_0_1684.jpg,1,brown_blight,256,256,5323,True,,666cea53f692d5e0bbfaccd9bf4e5209286ab6d8a5c8de072c8f62ffefbd8d6d,3f3f397cf8e33f3f
dataset/brown_blight/image_0_5572.jpg,1,brown_blight,256,256,4944,True,,7bb79553137eeae425699c017436c226ca361ca24d5c67a9e82c6077a718713f,00ccc2e0741c0c01
dataset/algal_spot/20211227_152519.jpg,0,algal_spot,256,256,4672,True,,a14106bf9208e73cade1f118fb58d9b6b71faf6f29bbafa5832c26d6d477c31f,c671f0f0f173dfff
dataset/red_spot/20211227_161727.jpg,5,red_spot,256,256,5138,True,,70c263c7573b1f6f424fb410f93229129fa577f8558b6aa70d921e9e7ed08ee2,b38778f0c0e1fefd
dataset/algal_spot/image_0_52.jpg,0,algal_spot,256,256,5028,True,,fb342d257c1f17d5d7fff28654aa16c07f9b6c1ba46198cdece76798cf527a03,00007cfcf0e00000
dataset/gray_blight/20211228_134955.jpg,2,gray_blight,256,256,5212,True,,99269366fba60789cf9cefd37fbb0a55a6aa97c94b0b37fb9238b14aaa89cd7e,def7f8c8caf060fc
dataset/red_spot/image_0_2200.jpg,5,red_spot,256,256,4583,True,,bdf536ac87133ac06f82348e30bdce32b051ca9a4890335915a1ba63e9f3a129,00000e7efcc0e000
dataset/brown_blight/image_0_5689.jpg,1,brown_blight,256,256,4678,True,,bd9846dab6511cd125b0b3cc2ac6a7629f0c8326d8f95a6ea50317f0d52ed32e,0010c4e0f8780000
dataset/algal_spot/image_0_1115.jpg,0,algal_spot,256,256,4589,True,,4c5ebe4aacd03a84ec89dba6dcb3312b07d2c78169d102d6efd9210da40a7784,01039ebcf0c1c4e0
dataset/healthy/20220101_094543.jpg,3,healthy,256,256,4866,True,,0c8a029f318e1fd6689cac3d7f57484056bc758b3602e16f85d0635db8bcc46b,0006f1f8ccf01e1c
dataset/healthy/20220101_103600.jpg,3,healthy,256,256,5300,True,,273dc48ac42242835f66057ffbac711494e302ff80911d7d548abc465227421e,60c3b8fcd8e1e39f
dataset/gray_blight/image_0_1291.jpg,2,gray_blight,256,256,4964,True,,a477295be07ea89a6363f1fc38fb80b8074f0cefec9a77c036f1bd4bf1d6a672,00019c7870e0c000
dataset/algal_spot/image_0_2035.jpg,0,algal_spot,256,256,8048,True,,345bfcf7c9279dcb5aba5b2e19b2ee22a5fa51c43ff5b64fcb82984487420ee0,00c0c0f0fc763c03
dataset/helopeltis/image_0_927.jpg,4,helopeltis,256,256,4084,True,,0ed1a70155e7f999ca296062650f893413f898a034cd71349085c55b8cc5f17c,000000f0e0e00000
dataset/gray_blight/image_0_134.jpg,2,gray_blight,256,256,5025,True,,f273c519c8af5cc200870d8dd5eaf22003414e51e84b4c83d0d036e9d8fc0d16,e48378fcc0e07870
dataset/algal_spot/image_0_2188.jpg,0,algal_spot,256,256,5224,True,,0d591de6a9e1bd5816c1c07172025f7b9aa6623b54eb4a56a884075e499d123c,001878fcf8e00000
dataset/helopeltis/20220101_105050.jpg,4,helopeltis,256,256,5786,True,,5d3fbb8d0bf862c78a7a2a0209c2851fe0d141455539e22744116eaadc6ad649,fffffff8fcf6f8f9
dataset/algal_spot/image_0_4260.jpg,0,algal_spot,256,256,6771,True,,8ada756c5e64164a8ff4e0c53fa6c6a52738641294db9de14db0fa9a4e74d0b0,fffcfefec490c2cf
dataset/healthy/image_0_2191.jpg,3,healthy,256,256,5862,True,,7b472685b0600761c57eb6d10c8a205d439f099f7ec167c78bcabf481bc7ce19,e931f0e0e8f0713f
dataset/healthy/image_0_3221.jpg,3,healthy,256,256,5773,True,,ff7b3ccc08f6025244594ffdd12e8959f73f645f74e3e0d35ae11f1e36e5e8f0,48e0e0d0e068381b
dataset/gray_blight/image_0_3259.jpg,2,gray_blight,256,256,5401,True,,0b792f31f7cb62f0de399e16abfd1eb8968701112696ed9e0489929b05d0a595,cdb3f3797979b1b1
dataset/helopeltis/image_0_129.jpg,4,helopeltis,256,256,5311,True,,195a3268d6338cbaba98e8d565ca622395f1e9eedf3b902e2b085a137276a4a6,000671f0e8e082c0
dataset/red_spot/20211228_124128.jpg,5,red_spot,256,256,5222,True,,b22482b0a520abc08000789adc6a2a9d4a7ddda4c22b5a0738c61e0e8258f1ed,bfaf39f8e6f8f8ff
dataset/red_spot/20211228_123600.jpg,5,red_spot,256,256,4977,True,,273d859b6633d7ae847b669dc14ba0f9ad54d3e5a7739e8025509013346ee6a4,0731f0ccf071dfff
dataset/algal_spot/image_0_2902.jpg,0,algal_spot,256,256,4705,True,,1f9cf0501b385823c74ec654be3f87cbbd9bc142c55e47ac8d9f2e58ab958bd5,40401978e0e06200
dataset/algal_spot/20211227_154519.jpg,0,algal_spot,256,256,5494,True,,1ee83f6f3e302b775c010b47fc3e49c9d087f519336e9b5c089f8005bfb11189,f8fcf1f0c8f0b288
dataset/brown_blight/20211225_233401.jpg,1,brown_blight,256,256,4918,True,,73dc9b2992059210db3f314f5740acb7db147f168ef723a93e426840e5c36731,0103187863320101
dataset/algal_spot/20211227_140204.jpg,0,algal_spot,256,256,5150,True,,e8a551b0d39b44688f18537c227f81173d899ce6a6271ce91aca0a9dfa41c7ef,100678f8c8e1ffff
dataset/helopeltis/20220101_121316.jpg,4,helopeltis,256,256,5427,True,,2a54667a916691faf4c16c9d4f07b44d2a0a0fa3633a1dd5e58b80a4354d74c1,e7b371e1c1c1e37f
dataset/healthy/image_0_2463.jpg,3,healthy,256,256,4929,True,,cf56d6e41bc9ca38b410038109ce3df163e4ed0906f6e4506ba8e15e42bab01f,00023c74e8c0c000
dataset/helopeltis/image_0_86.jpg,4,helopeltis,256,256,6874,True,,353ede260442089f53fe02f9776993b4621d7e321712004f4ba5ccad74be7889,011e3c7cecd0e0e0
dataset/gray_blight/image_0_921.jpg,2,gray_blight,256,256,6492,True,,a1afba9317fe68b6f006538ca327d3a0dcfb205fe46f34aef8289d60f6dba4a3,0080c0d0c8e0380c
dataset/brown_blight/image_0_251.jpg,1,brown_blight,256,256,6042,True,,20ce652364614e0ca2fecf549f641bfbf83ec48e2e098742c27e2a9f5a2363f5,7f7f4e7cf8f1e33f
dataset/brown_blight/image_0_7346.jpg,1,brown_blight,256,256,6337,True,,65a7813ad0b459d36d15b79996e819fdcd64d035a25d8b6732de38644ea26826,bf7fe188ec6effff
dataset/algal_spot/image_0_1675.jpg,0,algal_spot,256,256,7086,True,,5065900f930961b6f7f86d4dad250269e4bfb7c82755b9f7cd6242507ee2c5fa,1ecc3cf8c0e173f1
dataset/red_spot/image_0_589.jpg,5,red_spot,256,256,5410,True,,49060278b2169eb502404541566f0a7c0d6e6692eaeb3938dd7368c84dd4cf82,7c4f71f08ef0f0f8
dataset/helopeltis/20220101_104159.jpg,4,helopeltis,256,256,5135,True,,039e8bcdb75e42a2798ace8965d957e84b2756866bfbbb648fe73c08f62252f7,c0443cf8e8e0e20d
dataset/helopeltis/image_0_2508.jpg,4,helopeltis,256,256,5033,True,,6906c64af4257d0e4f58e05e8a1fd036d18606e99e22f3a4395cbd1b3f47e85f,0000e0e0f6f00000
dataset/red_spot/image_0_1491.jpg,5,red_spot,256,256,5396,True,,f534f4937a20c0eae6d9bbb1d37c6b14d46a5df74994f42ee8f29e664c03bba3,000161e170300000
dataset/brown_blight/image_0_8252.jpg,1,brown_blight,256,256,5088,True,,0a6d7d094a9e7bd287554b247fc02b1801dbbfab9aca5e08d6e6603f0ddca914,0603043ce0c30381
dataset/brown_blight/20211225_233911.jpg,1,brown_blight,256,256,6511,True,,4d2409a8b01442e1d134a79aaf5a8ebf740b13a51380fb23dbcfdd550e11e886,010371c8c8d07305
dataset/brown_blight/image_0_9074.jpg,1,brown_blight,256,256,5377,True,,4c3d3700f1097a8dce8cb80fadced61f1dbdc95c9a7b600c20f1575f5ebb1a78,000180c1e0781902
dataset/helopeltis/20220101_105504.jpg,4,helopeltis,256,256,4388,True,,f5fd5493e106a943d5910864ff98513c9c19a0fa8e166a285f65ed516bf01b9a,fff3f3f3f1f9f9ff
dataset/healthy/20220101_120811.jpg,3,healthy,256,256,4869,True,,6362c90ab76a0f2a0559f3edab556773c0a752a907bb002a6335da3a806e52dc,bf9fe1e0dcf07fff
dataset/healthy/20220101_104329.jpg,3,healthy,256,256,4028,True,,c892034141579296cc56c647cd06bdc932ef4ca653b2f50b12be204954333be0,ff2f3331b9d8ecf5
dataset/helopeltis/image_0_365.jpg,4,helopeltis,256,256,5580,True,,12108ef632333f5c78837452ba0f0c5b1c7ff8ad9e6852876a28eb7607a54ec2,f8fcf83071636100
dataset/brown_blight/20211227_163722.jpg,1,brown_blight,256,256,4808,True,,542aba5aef670bd8d9b580669d9a065c33e1f90d02192a7eabcea8a931862a77,f08738f0d8d8ffff
dataset/gray_blight/20211228_154041.jpg,2,gray_blight,256,256,5077,True,,306a2a05d4b2f3bcc99b0f75a02590b69355da24952326bfa0e18a75357a4c9e,fc9a79f1f9f1bbef
dataset/helopeltis/image_0_736.jpg,4,helopeltis,256,256,5989,True,,df214c478cf7fdfa06e7c836cd0500d618b5e7938afaf8877fdb12cf3640f506,0008c2c1d0f03818
dataset/red_spot/image_0_1960.jpg,5,red_spot,256,256,4901,True,,e4c3f38be8f649fe33281f9efba2b148de7b994b53983b40601dd2846d12d419,3f3f377379397ffe
dataset/algal_spot/image_0_1744.jpg,0,algal_spot,256,256,6120,True,,5c3dab271376c142c0b78824a721293fe723cdcfddcc9324eb0bb5204ae88a3a,003870e0c981c040
dataset/helopeltis/20220101_091621.jpg,4,helopeltis,256,256,4765,True,,485f949b8dddc6a9bda904cb651fd106e6df4b2fcaf23735d1f3be7b21a2c989,f7bfe7e1d8f037ff
dataset/healthy/image_0_124.jpg,3,healthy,256,256,4835,True,,8c959be374b73d8527d95ec0d93d032b115ee87605640539dd8e8c73eb709b7c,00000080c0f03900
dataset/gray_blight/image_0_3566.jpg,2,gray_blight,256,256,5592,True,,d12066d33a73646938346b5c78ea47d1d64b0edeed11bc8f0d518d4b7d4b8147,0000011c3c7cf0f1
dataset/healthy/20220101_102330.jpg,3,healthy,256,256,5828,True,,fbb05a8efb006f83006853fafa089e488e2094e00ef734c62ffe33e69a2809fa,80c078f88cf07000
dataset/helopeltis/image_0_4006.jpg,4,helopeltis,256,256,5340,True,,bac99461d2ae6713dbbd9ecde01b122a3570c779b9bcc97f0707f1b98493634a,00c0c0e070385c4c
dataset/red_spot/20211227_155657.jpg,5,red_spot,256,256,5359,True,,097d602cbe6279e40e9d7ca8603bc18162b74010fdfad40399a0cecd49e0eddf,8c32f0d0c0e0f088
dataset/algal_spot/image_0_2611.jpg,0,algal_spot,256,256,5256,True,,02087d964b03aef07624aa55c6427e4bb6ec16e71f63b740f1df08efd2709364,1978e0c1838f74f8
dataset/helopeltis/20220101_104640.jpg,4,helopeltis,256,256,4985,True,,fd967af258c4591231f1b47b1a676249f8d849916d5762bfbb2c7936149d9257,fffffff8fcfcfdff
dataset/algal_spot/image_0_2443.jpg,0,algal_spot,256,256,5480,True,,b6b7eb32c7967693fa35f1f652c302260d9c105ce80ef97eb779f4440935dc8c,0e38fcf0f0f0fefa
dataset/algal_spot/image_0_823.jpg,0,algal_spot,256,256,7080,True,,685f09799415814b9d06cc81bc3bbe933f8e686732932e83766ecf47e5a70c52,00003cf8c4f8e10e
dataset/brown_blight/image_0_6015.jpg,1,brown_blight,256,256,5571,True,,e4cde50cc274ef3d328e75daa854a3d862b5f302da6d4c830ffe8a2366952587,bf1fc7c3f97c3e7f
dataset/red_spot/20211225_231220.jpg,5,red_spot,256,256,5764,True,,dad4c5152d26165e5ee432a82d62bbf3c5002066f871ecf6d86e5e9ff68d700a,000360f0f0610303
dataset/helopeltis/image_0_4237.jpg,4,helopeltis,256,256,5582,True,,6a85afdda3c00b9def3bd387a9ff8135425c44be60e0f2ffd921b1bb8a8cdd8e,7f6f99f0fce4fdff
dataset/healthy/image_0_2409.jpg,3,healthy,256,256,4749,True,,70c82e55458c69f7997d3ea54cb8e36bc8ad3b39cf1522387aa76dbe5e25a70e,0d3c86c1d8f4bccd
dataset/red_spot/20211228_114907.jpg,5,red_spot,256,256,4476,True,,d4b44d0f09df716ab8514143eebe63016c34b4002590f2055d1edafc915d0d9f,f4f4baf8dcf8fcfe
dataset/algal_spot/image_0_3351.jpg,0,algal_spot,256,256,6229,True,,fdee87b1a52554a88700e3c5b87b4c7b59df08dac495e1d0fd69a9ca075bf812,8f1efcfcf0c1cf7f
dataset/brown_blight/image_0_925.jpg,1,brown_blight,256,256,5454,True,,4143beb230dc601482b30276c6010ef059f64f5abea31706f0c2deb160974302,3f3f1ff8e0c31f1f
dataset/healthy/image_0_1187.jpg,3,healthy,256,256,5290,True,,adcb72f74b3e2ffcb94fef316c3b33fea283214aaec643f18ca0c9c0130b0164,12323179717170f2
dataset/healthy/image_0_2139.jpg,3,healthy,256,256,5791,True,,8b908c5d1bcd97fbea081c9d5ae8e88f40ac84f00d1531b0d919e39d5d4ba6ec,000f3c7ce8e0e000
dataset/healthy/20220101_103610.jpg,3,healthy,256,256,5357,True,,c92c9ec4611975e41758a6fa3efabf16ae062b51ced87f1ee930d28dfed0ee0b,a090f0f8fcf070f0
dataset/red_spot/20211225_224157.jpg,5,red_spot,256,256,4104,True,,e0dd46c80416557501fd32e41e49c0ee110f89a5c7e722b924b258108583c4a3,03010158e0310701
dataset/helopeltis/20220101_102541.jpg,4,helopeltis,256,256,5549,True,,43ad3c92e570869ec0bd3626d788d6fc0670558db233d388eaa3d69e77601b44,8080e0e8f4f00200
dataset/algal_spot/image_0_1468.jpg,0,algal_spot,256,256,5129,True,,eef91406a2cfdf9560041e95f376c71e909e620ac576fd34add528d6badcaf36,001c38f8d0e16301
dataset/gray_blight/image_0_2718.jpg,2,gray_blight,256,256,4988,True,,9aa61bc2d66d48eff68e22fac71facf81b1cb9ad990ae8ceba338150a259d315,180e39f8c4e8e01e
dataset/brown_blight/image_0_2908.jpg,1,brown_blight,256,256,6127,True,,8a6af7523ebc3d89f9545cb40f4585076cfb04b0276a8c46049d5e0973d3142e,ee8fbff060c1c73f
dataset/brown_blight/image_0_6279.jpg,1,brown_blight,256,256,6370,True,,5345225d6e5d21e1c8d1c1591d131b893bd0735b7c945957f7ed08c88f5565db,933fc1c0befefcff
dataset/red_spot/image_0_117.jpg,5,red_spot,256,256,5685,True,,f33a42a3d8311c82b7770582704502b83d42013f7d7f08fd0fd281904d16fe02,000c3cf4e0c08000
dataset/gray_blight/image_0_742.jpg,2,gray_blight,256,256,5909,True,,5a18a009889e6d4b78e8ef02cfb6f46c5585b43a892ea78ff00b816f4823a319,0022e1c8c0f0f000
dataset/red_spot/image_0_2699.jpg,5,red_spot,256,256,5087,True,,ec822f0a94981157f4cf4635e04946179dd6501e55a0f0c1ef0c6aeec2ce250c,0000c0c0e07c3800
dataset/gray_blight/image_0_3940.jpg,2,gray_blight,256,256,4993,True,,54a27bf4ca0a8b2d827fbd2017e17950df2c677160e1e1a6a0a09f35a42a8ecb,ddef9c7c61c3c715
dataset/gray_blight/image_0_2655.jpg,2,gray_blight,256,256,5421,True,,a102bce3f9c3271cd274f89016ccd2bfdb160557caf13f04708f71282ddb8dfa,001083b0dcf81800
dataset/healthy/image_0_1300.jpg,3,healthy,256,256,4995,True,,15312e398a4300745c6ccf98c39256c2985a31fde1a1a3a549fc8a08ecaa4eef,9f5cbc70e1c3c535
dataset/brown_blight/image_0_2554.jpg,1,brown_blight,256,256,5082,True,,401c1b0940359806230e338fab1d83b01e402cd3dc9f9669768ca81477c226a8,7dbccec4e078301e
dataset/healthy/image_0_2755.jpg,3,healthy,256,256,5548,True,,470788082bf19ba7f1201d51dbee91b417ea43ca899f4796a19f516dfc7b9bda,580c63e1c0e07001
dataset/gray_blight/image_0_1830.jpg,2,gray_blight,256,256,5720,True,,fe4872affe5404cf6db4786d72ae03a3a640a2313b35548f6220775ac748780b,f7ff63f1f8e8f0ff
dataset/helopeltis/20220101_094314.jpg,4,helopeltis,256,256,4524,True,,b8596b4c16cf205c80c5d7902ab2fcd1415350d063445c9da8f75464e1897109,3c0e39f0f0f899c0
dataset/brown_blight/image_0_1226.jpg,1,brown_blight,256,256,4808,True,,5647bd4d1abe1dcd698fbd1cfedf158926f25e8d635f15dbe8683f6a4d20cb26,000002c8e8600000
dataset/brown_blight/image_0_603.jpg,1,brown_blight,256,256,5671,True,,cdcd7e220fd2e0a521cc57dc2e0879aefaf42a9f1a1b1b62b9945a7c581a08bf,1f3fe3d1ec7c193f
dataset/helopeltis/image_0_3358.jpg,4,helopeltis,256,256,6844,True,,9f0e6c6d836492d560de8d3c126cc338e10ee5dd55777e6df7629d001e235024,0004e2d0e0703001
dataset/brown_blight/image_0_5581.jpg,1,brown_blight,256,256,5993,True,,09f42394bfddf8210336d9a324bf4504a65542977b69cac3954aabcb59c4cfa7,00023178e0d10080
dataset/helopeltis/image_0_4159.jpg,4,helopeltis,256,256,4710,True,,8b0869c06c3a37d5d027c2eff380584add3be0c913f4f8032ace864c5c4f8216,5f78c6e0f87c88c0
dataset/red_spot/20211225_225013.jpg,5,red_spot,256,256,4927,True,,2686ecfc237afaee1506e4ddbdc0145d52edb2a002368c857faf212a4f244e3d,030131f0c4600303
dataset/algal_spot/image_0_3742.jpg,0,algal_spot,256,256,7002,True,,9ca444fd2ef4c57d9e4d88f4d132cfcdb955367e5670aafd69f4862ee6d074e3,78c6c0d0d4703ece
dataset/brown_blight/image_0_5365.jpg,1,brown_blight,256,256,5441,True,,1636f835e98f9ca3ff93b7940a8077f82dbef7457fcce171b95e213404280ec4,1c0ee1f0f4381c84
dataset/healthy/image_0_438.jpg,3,healthy,256,256,4889,True,,0fcbe90ef955113d4f9d8690d6526419c0a9b693850cab5035b2a7767882e77d,f6dcb8f9c1c3c8e0
dataset/red_spot/image_0_567.jpg,5,red_spot,256,256,5561,True,,a4eba2d401bc9029005e0e29c6231e664bc17466b1ae9d79073db202fbb4bec3,0084c2c1e83c1c01
dataset/helopeltis/20220101_101928.jpg,4,helopeltis,256,256,5031,True,,0fdb4b23bd5fba40f6d5b10489fca4d04ee2ec8f89d7c99ca7869faf9211d7f7,d0b2f27273736723
dataset/healthy/20220101_092031.jpg,3,healthy,256,256,5503,True,,687db38a5e62c97f73c441f66a69cdfffd51acfd4e10122b67f585505bd99e01,370739f8fcf8f10f
dataset/helopeltis/image_0_2402.jpg,4,helopeltis,256,256,5028,True,,b2285ff5fa4fafc8481da1b9aebae27a02d9b7b7ca9e515d4c9037b804334f3a,fffff9d9b9f166ff
dataset/red_spot/image_0_2850.jpg,5,red_spot,256,256,4837,True,,a65fc4be4eebd6a64d1e2462796553da93ece0bff878f976533b44ffdf0abd9f,37fcfcf8f8e1c37f
dataset/red_spot/image_0_2796.jpg,5,red_spot,256,256,5009,True,,5cb1e66928a7b2f1265460a19e7396ba872ceb59dac07c5d5742cc51a4d8a4a9,feffb97971e31f1f
dataset/helopeltis/image_0_2206.jpg,4,helopeltis,256,256,6074,True,,51687ee1fb1fe6a07d4ef714cf8004b2f5271cc539408994cad286d96aa1519f,30003874e8c0e000
dataset/red_spot/image_0_1283.jpg,5,red_spot,256,256,4952,True,,9d65e55da6d70b7415e9f0ebda5b26af577db440f51bce963017e48382739570,0000c0c0f8789ca1
dataset/algal_spot/image_0_3168.jpg,0,algal_spot,256,255,4974,True,,1a0308071584af20b9b42a27f0edf8299c23bf2314f1f773645a26c669f05936,0f67637371391909
dataset/helopeltis/image_0_1142.jpg,4,helopeltis,256,256,6105,True,,6682692629bde89346d19789a402c892d8b317fc9a2d1960abe8d3a8595892d5,00183874fcf8c0c0
dataset/gray_blight/20211228_135047.jpg,2,gray_blight,256,256,4622,True,,04a6263bcecc87f69330f17974e2859f89a681325c0638989769d1e016407a9f,f0f1f0f0f0b8c080
dataset/red_spot/image_0_1667.jpg,5,red_spot,256,256,5865,True,,04bf436aff9602441f003a54e5808133e1c1964b160b0ba34ddab0e93fb704e3,06063c7cec9898e0
dataset/brown_blight/image_0_4678.jpg,1,brown_blight,256,256,5774,True,,bb644829ffa71a2ae085859961989e62a942adf0e247f348ee2de65f0714201a,3f3ff3f0dcf07fff
dataset/healthy/20220101_104924.jpg,3,healthy,256,256,5779,True,,42dd9015947da08996deda062ac2f7127eec7994a2388a8aa970d24477ce8ae5,f3f3f8dcecf0f7ff
dataset/helopeltis/image_0_2261.jpg,4,helopeltis,256,256,4001,True,,1955a41d74e7ad9ef058b04574e94f05e1e047e338c8080d484d65ecdcb3d663,00006070381988a0
dataset/brown_blight/image_0_9679.jpg,1,brown_blight,256,256,6268,True,,d84419f3c4983fcb0f0177565a03923fcbe48058e4dc648c43e67eb3422f7f47,1f07e1f8fcf0171f
dataset/algal_spot/image_0_3761.jpg,0,algal_spot,256,256,4724,True,,613dd3a79b4bf7c042a40885f06612e1f6274c0179d4b27df40438cc8d1d23b6,000e3cf8c0800205
dataset/healthy/image_0_1194.jpg,3,healthy,256,256,4479,True,,704ff3938c3fdc74f5e1c495e765fcd0afafee51c6e3978751fa507d27477137,0164e2f0f8f85c16
dataset/algal_spot/image_0_4212.jpg,0,algal_spot,256,256,5007,True,,3c9e72d005f7690243c5f340a6b0d0f76184d87660dee419ab68ae980e06e883,e0c17cfce0e13f7d
dataset/brown_blight/image_0_8204.jpg,1,brown_blight,256,256,5080,True,,2abce6ee3d8cd7c807e41d0220bcc71a8b7c805dc198a9cc5aa7af665e7b8787,00001cfce4700001
dataset/gray_blight/20220101_114952.jpg,2,gray_blight,256,256,5929,True,,ca26cfa636b6c7361bce07bc86756ed8a642ef7a375c30cd403bc18637cefb8c,ef73f8bcf8f0ffff
dataset/algal_spot/image_0_3280.jpg,0,algal_spot,256,256,5756,True,,c912722f9289af4600252b75d97a0a85c1b5edcf95071d552bee36f892382a5a,fccf3c7cfcc1c77f
dataset/brown_blight/image_0_4828.jpg,1,brown_blight,256,256,5583,True,,1afd994a9cb2e0f739b2571f176d804e74db945f17286c64c143771ba2f89af9,0003343871c28080
dataset/gray_blight/image_0_2038.jpg,2,gray_blight,256,256,5242,True,,adb35009687030de49fb96cb2d566ea2ddd3da692095ff4311ebb960f812fb77,000060e0f8781c00
dataset/helopeltis/image_0_2040.jpg,4,helopeltis,256,256,5116,True,,c1ec0a2b8c07d632b2420d7dcc98f96812f938964acdf1a2cc067fca9f5bb515,f9f7f970f4f0320f
dataset/helopeltis/image_0_1536.jpg,4,helopeltis,256,256,6207,True,,129ee359f9fc9f42721bb33e0bf7e43465fb97b34cc94ea4cea5db58a72ea822,1f0f83c1e0f4fcee
dataset/brown_blight/image_0_1381.jpg,1,brown_blight,256,192,3661,True,,6f731559d387318e3d1df255b36b946b87944d06ddcdf7ac3e28d6d3b261038f,3f1f0f3b3363671f
dataset/helopeltis/image_0_3292.jpg,4,helopeltis,256,256,4703,True,,2d2292034bebc2b92a5fb3efd07d9fc363d9a3858c78a9e7831e85cb9610e8da,000000c0e0f03618
dataset/healthy/20220101_095253.jpg,3,healthy,256,256,5000,True,,7e29c3732e1789d712af0071fea2d20e8908f4003ebd11038101b526e1743c98,00000cc0e9fc38f9
dataset/gray_blight/20211228_120308.jpg,2,gray_blight,256,256,4826,True,,b56c0f8d7dec06da102b64c25ed06006fe0117c77322b53359cd416be077353d,f78f78f0f8b1effb
dataset/algal_spot/20211227_151309.jpg,0,algal_spot,256,256,4756,True,,726faeafb482bdae6bc209dbe93f00cfc1dd7f34afd6316a16886941b1489c97,e38ff0f0f0f1bffe
dataset/gray_blight/20220101_120210.jpg,2,gray_blight,256,256,5394,True,,c39f0cc353cf0b2194d54914461a15209575baedbfd96536cd793acc9f61148a,fb9ff1f8f8f87f7f
dataset/brown_blight/image_0_3250.jpg,1,brown_blight,256,256,6001,True,,258b01322b68d070c50670cf8b0da14603a5d825e9333f944f697569ffe26b54,3f7fe3e0ecfc7f7f
dataset/gray_blight/image_0_3150.jpg,2,gray_blight,256,256,5548,True,,2a443bb8521ef9ac634045e890870be7d250beada74844f11c76ab6e0e4f8ccc,ceff71e0ec780f1f
dataset/brown_blight/image_0_5641.jpg,1,brown_blight,256,256,5023,True,,c7d442eba18ceedf9ea3c8d18abd0c04f38fd4324a08e84c6a528d1660ce4865,0000303860600080
dataset/algal_spot/image_0_3402.jpg,0,algal_spot,256,256,4991,True,,b37f18f599d4f9f235b3f834f1b64d2257d72fb188beed07400e20760900f90d,00011e7ce8e17f7f
dataset/algal_spot/image_0_3435.jpg,0,algal_spot,256,256,5850,True,,90d07205128708e381c37a4c6ad3a43d95eff0afbf4b9783b99e9ee22719658e,0002c1f0fc7cfcfa
dataset/algal_spot/image_0_2995.jpg,0,algal_spot,256,256,6848,True,,4c2eb56f75f064d7d5b86b4820fffe394cd5eebcbb55b35a84ebbbea3400a8f6,3cc3e0f0fc7c87ca
dataset/red_spot/image_0_1154.jpg,5,red_spot,256,256,4659,True,,0f4090d515a9506544347476f7e49ba641e43c0ff582ffb5679f6360b981459e,06031c78f0c08000
dataset/algal_spot/20211226_101153.jpg,0,algal_spot,256,256,4835,True,,bc61eacdae4da24e1310fb4704555de737746d9ff978460398ebd066d70fa34d,78a8b0f0eef83bff
dataset/brown_blight/20211227_164217.jpg,1,brown_blight,256,256,5201,True,,769f473bfa0c7ab4526f2a20448d54016f612fd838d97bd2409650d0cd7cc7ac,f26a97a0c0c0e1ff
dataset/algal_spot/image_0_2242.jpg,0,algal_spot,256,256,6009,True,,546cbb845d126c501567bb7739b2a0e5210de57963b594ab93c427a20a3c48be,00808080e4781900
dataset/algal_spot/20211227_132225.jpg,0,algal_spot,256,256,5156,True,,d42acc799b43eabbc4a73e524069abf03dff3da806cfd828815da213e877416d,c08033f0c0f0f1f2
dataset/gray_blight/image_0_217.jpg,2,gray_blight,256,256,5762,True,,c26214da7fdef65ef8b98b77aee13d521454be33340f21926bb49d21d601308d,00c4e2e0643c1c01
dataset/red_spot/image_0_2020.jpg,5,red_spot,256,256,4946,True,,6e34d62f8f846054f78b41d9371ab3d43f137cead0852f90cc8a1f5876bd46c1,00c0e1e8703880b0
dataset/algal_spot/image_0_3218.jpg,0,algal_spot,256,256,4599,True,,10041e4b580c6792f7aaa0281cd6850546e6d0316b8bac3eae5ccc05a5b4ce72,0000c2c178380300
dataset/red_spot/20211227_155834.jpg,5,red_spot,256,256,5255,True,,83c0cf16f3a0866d1f330ee8589ff50d25a4616dc85598c599ab953e44d15be7,befe78f8ecf0e0e8
dataset/gray_blight/20211228_142002.jpg,2,gray_blight,256,256,5197,True,,6668c465c5791c175354b0b746c70aa9dac94bb876ec9e15cd0682c1f1d6aa5a,00013cf8c8f83814
dataset/brown_blight/image_0_6545.jpg,1,brown_blight,256,256,5977,True,,e8ee456d40dd1ba4969be99ca040015b04b75f2389f98e6418f084703fa1c34c,0080c0e0783c1c04
dataset/healthy/20220101_104303.jpg,3,healthy,256,256,4487,True,,1ef3bb4bd980fc8ac8dfb5b05e2eb27dfa19edc15832a215acdb66cc70547f21,fcfaf9f9f9f9f9fb
dataset/healthy/image_0_2368.jpg,3,healthy,256,256,4718,True,,139f7658f4ebb803a1d4de9818156aea132b71b4cd7d6c676f884e483741426e,0018307060606060
dataset/red_spot/image_0_1648.jpg,5,red_spot,256,256,5430,True,,e3f51b9da208d67697ad9ae610131585a4cab3579ce8683558993969c55eeebc,3fe2f1d8f4fcfcff
dataset/healthy/image_0_138.jpg,3,healthy,256,256,5391,True,,978598626e050fae49c6186ea9a4e292734f029cc8ec9169cd35d3668f504d1a,ff9f71f8fcf470bf
dataset/helopeltis/20220101_105007.jpg,4,helopeltis,256,256,4509,True,,597839b31c122c4ceccbd2fd5144b01dedeeebe36dc06b3a11aa2bd58924645d,fffefff9f9f1f1ff
dataset/red_spot/image_0_1968.jpg,5,red_spot,256,256,5136,True,,778900675520c4403fef25beda2928959419cab698750135d02ff9bc51ef47cf,0307093830610300
dataset/healthy/image_0_98.jpg,3,healthy,256,256,5111,True,,4b966f255dbb4805afa857033ba2257d124ea5fc40d2fc3d576d94d61cd38687,000170f080c0e100
dataset/algal_spot/20211227_154003.jpg,0,algal_spot,256,256,5153,True,,60f071f95e36416cd992e28e1b526651e5554ddf8590cec0334d13c700a5cc19,7c9c70f088c0e080
dataset/brown_blight/image_0_2812.jpg,1,brown_blight,256,256,6148,True,,17d4c6ed205c2429ca9c15a900ec10bcc1228fc5114b2ecae64900b8434c1acd,08c29090f67e1c00
dataset/red_spot/20211227_160225.jpg,5,red_spot,256,256,4839,True,,e5aedb865a8183599b7bf7e2689438f51983e048b9eb44b9a44968acc455e3b5,008471f084e07106
dataset/helopeltis/image_0_2251.jpg,4,helopeltis,256,256,4360,True,,a1540509920d61059e17524c5150473dafe73434f0f4d695d160abe97fb9ba2c,ffff7e3870690301
dataset/helopeltis/20220101_103002.jpg,4,helopeltis,256,256,5817,True,,1b1a8363b9dbcc85f3335224c07b117a5763eea81ef46fa110dfb43f695b51cd,e09268e8d4e86902
dataset/healthy/image_0_3086.jpg,3,healthy,256,256,6381,True,,6f3ce793a97e5cb8f0107e4884f9e0ab9f90913f91adff442f8c0416b7d57d84,000c3c70e0c0c0c0
dataset/gray_blight/image_0_467.jpg,2,gray_blight,256,256,5116,True,,dae919cd3a8eb1aa34bae0bafc586f8196d61fb9aa807d12779ade3e575c6567,cbb8fc78f1e1e6fe
dataset/brown_blight/image_0_4326.jpg,1,brown_blight,256,256,4582,True,,12df03c6703c5c31489a7b5b2a03ed80708e79746834e4c057b5bd5b81e4ef20,fffffffcf8f1ffff
dataset/helopeltis/image_0_3743.jpg,4,helopeltis,256,256,5692,True,,f00a401b64bfc74be751ab2dca99a3a97d21f1f967043adaa025ccb3543c4ff4,000040c0e4c84820
dataset/gray_blight/20220101_120714.jpg,2,gray_blight,256,256,4735,True,,c1ce6516c1e65b4af4a38a1a4145b5b11002ecf2ff2f68d243937c143b05a0b7,7fdb78f0f0c1feff
dataset/algal_spot/image_0_440.jpg,0,algal_spot,256,256,5554,True,,605f00f6e1ee1457f136e885f698ec9418c4c9a66bc58b26ba7abe9aec013ee3,0010c480c0e0f0c2
dataset/helopeltis/20220101_104535.jpg,4,helopeltis,256,256,5942,True,,eee7187cae6c9f4aa54780a351550aad7894a8f7815b847c452a3e57d101d5d7,7f31f0c6e0f192fc
dataset/helopeltis/image_0_3010.jpg,4,helopeltis,256,256,5070,True,,5a9eec302239125c847b9521b3ede0a9fbec7973eec2b16278f8ecb2bc9c4517,000038f8f6f01000
dataset/gray_blight/image_0_4215.jpg,2,gray_blight,256,256,5781,True,,fd39dad47bcf6a94adbb37adc76388694b20b4cb3e50136fc68e23239aedf74b,00c0c0f0f8fcf8e1
dataset/gray_blight/20211228_155101.jpg,2,gray_blight,256,256,4951,True,,ba05ab0a188405acf93119d5238ae4747236b1d638c4a3e99fb3c0b24272c784,ef37f0ccf8784fff
dataset/red_spot/image_0_2113.jpg,5,red_spot,256,256,5476,True,,caf03b52c7190e6066292bb24f017510332e8d52ee8ba45701035129f792847f,091c86e1e8f838c0
dataset/brown_blight/image_0_1708.jpg,1,brown_blight,256,256,6350,True,,2368d4dfb98ea0f3d927ad5871a7cbf6ff1147f3be7cff7a6654c42ee056082f,010161c0ccf40403
dataset/red_spot/image_0_1471.jpg,5,red_spot,256,256,5116,True,,bced1b27034d031364cd54099f68a68598b22205bb04d445335c6e00a914127f,030c1c3878f1c2cc
dataset/helopeltis/image_0_23.jpg,4,helopeltis,256,256,6051,True,,6fe1531d7f6d608f08cae773fe29a58baf51944833bc67803ff93e9efb699a29,58c4c2d3e179f9f9
dataset/brown_blight/image_0_4889.jpg,1,brown_blight,256,256,6537,True,,42caddb30c42bfda3d2d5edb3622944ab72d1ec53707f59a26041acaa2427320,3f1f7168fc78711f
dataset/helopeltis/image_0_2567.jpg,4,helopeltis,256,256,5898,True,,900091675d1925bad16d5cc99be7d599af17ec349e249525c457fc8dc94c147f,1dc4c2f0f8fc7c7e
