image_path,label,class_name,width,height,file_size,is_valid,is_small,is_exact_duplicate,is_phash_duplicate,error,file_hash,phash
dataset/gray_blight/20211228_141937.jpg,2,gray_blight,256,256,5131,True,False,False,False,,da37402eb0e8b123b4359fecd2c1d5db486fc8f9d8f350aab4f9bb6d8dda43ea,bec0c03f4af0a5cb
dataset/healthy/image_0_3148.jpg,3,healthy,256,256,4193,True,False,False,False,,cd86a48ef37ded3f78ec8d163f73b81c54b875b241cd3176ac31838e67b67ac5,bc9ac361349e6b98
dataset/gray_blight/image_0_2856.jpg,2,gray_blight,256,256,5710,True,False,False,False,,12fd7ab16312c3c969d18ab4bc98cd0e0c3a7050c6498ca1d7be740bafa93d7d,aa7b85975a5a6161
dataset/helopeltis/image_0_3704.jpg,4,helopeltis,256,256,5030,True,False,False,False,,5de59931db3d78805bec7b22f7d8a45f038427a541de4880759eedfd0a0acf2b,b467c39a8e583366
dataset/red_spot/image_0_2732.jpg,5,red_spot,256,256,5242,True,False,False,False,,a888747a2fcbc23cb9fffb698a8a1bd725ef2c8a50af584e990695b6886b5e9c,afe8c09735e90ae2
dataset/brown_blight/image_0_6645.jpg,1,brown_blight,256,256,5410,True,False,False,False,,9d040d458e472d943001c370337d67fd266978bb22cb3458d91a69a59b49c814,bfe0c0172fe89896
dataset/gray_blight/image_0_3800.jpg,2,gray_blight,256,256,4992,True,False,False,False,,bd6d3f578e0553de8736c457c8ecca47c445f71151316e142c0c14714a8f5bb1,ea3494cb6331347e
dataset/algal_spot/image_0_819.jpg,0,algal_spot,256,256,5728,True,False,False,False,,9e6fe990b3693515982e3f93862ba446263a923f483f87e2ad1329b14d87ad45,bc9acb6436333998
dataset/healthy/image_0_46.jpg,3,healthy,256,256,6265,True,False,False,False,,7e5e96fcb6049a6b0fac9b671becc22fe3e02c4469c4931be2cb67b9075b09d7,bf95c06a0d25729e
dataset/red_spot/image_0_2000.jpg,5,red_spot,256,256,5431,True,False,False,False,,a538bb03ddf2a59489927089dcadd865f4d3470be7e8a8a84f4d084b9f9b146f,fa3d85c05e0f2378
dataset/helopeltis/image_0_3223.jpg,4,helopeltis,256,256,4825,True,False,False,False,,6c316272629e9a93078242a5b6f50954ebc2fc67f2c3b9ab8c872a1a5cb3ee2d,be40853f6ac0973d
dataset/brown_blight/image_0_1250.jpg,1,brown_blight,256,256,6079,True,False,False,False,,5bbf4f18fba5efba03eb6cf2b3860d46b42fb0a7283294c9129f7c521398ca03,fa7cc5823b7de002
dataset/gray_blight/20211228_152740.jpg,2,gray_blight,256,256,5392,True,False,False,False,,fcef8180957b47e73427047c3bdf7cb18283a363ec755466d872081788195bfe,ff80c06b2fa0b0d7
dataset/gray_blight/image_0_1113.jpg,2,gray_blight,256,256,4931,True,False,False,False,,8b1fa72c60143d90d82e5b4355a3b33c28fe5bc566672098661fb6f712e144a1,ff81c01e3ff1a08a
dataset/healthy/image_0_2127.jpg,3,healthy,256,256,4932,True,False,False,False,,c81b0e368bcd358c2c0681a94802aa176bf1d2013336bbaf7be3e4bda36920c8,eacb973468c3268d
dataset/helopeltis/20220101_091256.jpg,4,helopeltis,256,256,4504,True,False,False,False,,49792a9ee913ea1c4cfe207a9f726d5e3db23ea4f5130eb4cd2fc5f6a2d9f6b2,fdc2c23d60d20fc9
dataset/brown_blight/image_0_1423.jpg,1,brown_blight,256,256,5710,True,False,False,False,,45dae78b1717df058c33aabba185da5c611020e3c02df28cb7a49eb2b42f256f,bd9ec360389b6c16
dataset/red_spot/image_0_107.jpg,5,red_spot,256,256,6845,True,False,False,False,,ae3e50459a6618a7c5f09a7fce3f4028218bcff28f269d0ba01d95311473acd6,eac095bdf0d2354c
dataset/red_spot/image_0_1376.jpg,5,red_spot,256,256,5563,True,False,False,False,,d803b66c98e54d0af4e8ae90478fe5f4ce8c600f8a9d9a6d66bca1a2cdd58a05,ea95c16a3f2194cb
dataset/brown_blight/image_0_3427.jpg,1,brown_blight,256,256,3236,True,False,False,False,,7a6322544cc70919a3011b2365f71f3d9489915ad9c762933935866632c7d4e2,e192ce65329acd66
dataset/helopeltis/image_0_3606.jpg,4,helopeltis,256,256,5024,True,False,False,False,,6902174029a4fd8f7e8fe85c258c41e78d024004aca30f50fbf3f074479eff8c,f489cf3638611bcc
dataset/gray_blight/20220101_122132.jpg,2,gray_blight,256,256,4889,True,False,False,False,,6480238d55dcbdbf8a77ce88710efe9e5b1a951d07c35f48cebfb7fab1c1578e,fb84c03f61d01e4f
dataset/gray_blight/image_0_3437.jpg,2,gray_blight,256,256,4958,True,False,False,False,,d7c2fe7576c0e128aec3f95e7f68c942b51b16590a5cf5e38ba8a109cb8842ac,e8b496cb61343e1b
dataset/brown_blight/image_0_3687.jpg,1,brown_blight,256,256,7194,True,False,False,False,,fedb3bf5ed9fa91566d7ed390daa90d6d6ae2efd6149559f08eab5a015f4923a,ee9b85685b45299a
dataset/algal_spot/image_0_2706.jpg,0,algal_spot,256,256,6222,True,False,False,False,,a24ad338650110c1532ddd367a321fd1df6f1ff99fa777ba4f4c17638de6be80,ba3d95c2c8cd6594
dataset/algal_spot/20211227_130448.jpg,0,algal_spot,256,256,5637,True,False,False,False,,14ee9061a68557a4a2c88b011c84ce9246489ec7cabbdefa53702e725e0481fe,bf43d03c2fc0b487
dataset/brown_blight/image_0_6803.jpg,1,brown_blight,256,256,5726,True,False,False,False,,94b50b2a8d164448e2f1c70d1f0229550a2e4065818e5ebd99910c4b4f2a17d6,ea95c16a1687d8e5
dataset/red_spot/20211225_225644.jpg,5,red_spot,256,256,4829,True,False,False,False,,f66c1f67d8a316001e907cf25a66be312af8c7a13fd5319117c571d0925c0f97,a087977a6a87355a
dataset/helopeltis/image_0_776.jpg,4,helopeltis,256,256,4923,True,False,False,False,,a776cad8d0e3722417e21a81e0d3dda1be8a176d7ba26d1c5113befa920e7a59,bfc0d23f69c816c4
dataset/helopeltis/20220101_121051.jpg,4,helopeltis,256,256,5099,True,False,False,False,,ddd2e85d7671814c2bf47d5b51a59e68a2029949feb719a3f773787168b7551c,fb8dc42a1fd0e00f
dataset/gray_blight/image_0_2124.jpg,2,gray_blight,256,256,5795,True,False,False,False,,04e545f3c8bec9d415e6b47760bb3b4feeb61c05626a16336b177e5ad156897e,aac1d53ac1b55e61
dataset/algal_spot/image_0_913.jpg,0,algal_spot,256,256,4923,True,False,False,False,,60b7216938fab4cb8c761a603da42bfb143d643075f7e44447aeb9f542d6ad2c,fa94c16a3e95e05a
dataset/red_spot/image_0_36.jpg,5,red_spot,256,256,6023,True,False,False,False,,23d7539ed72bd5699cccd3ad41a71044bc9398e92775611d5400310b6ea70836,f88795784a34e19b
dataset/helopeltis/image_0_857.jpg,4,helopeltis,256,256,4421,True,False,False,False,,377f235068fadcbefd3f54caa085b6dc90f0e0e6a905535b7215d1cf623f7da7,b299cd6633996c8c
dataset/red_spot/image_0_2090.jpg,5,red_spot,256,256,5399,True,False,False,False,,28b8675505240102c4200cf1e639db12996b23b7b6c66c22231e592eaaf201f7,eac0979d38c2676c
dataset/brown_blight/image_0_5602.jpg,1,brown_blight,256,256,4513,True,False,False,False,,bf323afa3e7365e31da92e8ba0c066de6dae9e51a326e52df3372ff04b1279c7,a99696696896ce69
dataset/red_spot/image_0_2698.jpg,5,red_spot,256,256,4932,True,False,False,False,,7593c766a4748c405744264612778b84666a013b792ddd862458d1aaaade0e3c,f892c32d3eb0b08f
dataset/gray_blight/image_0_3682.jpg,2,gray_blight,256,256,6142,True,False,False,False,,3ce1a4bf2d7cad3992575b9113eebc294e0c84982a20491fb1ead8afd6f7a34e,ebe0900f7e7020ef
dataset/algal_spot/20211227_114558.jpg,0,algal_spot,256,256,4962,True,False,False,False,,e0e965d38363ad5979dad88dbb642aceb0224684d0226e70b3b69b3ea1367614,ff8ac0356f52308d
dataset/red_spot/20211225_231309.jpg,5,red_spot,256,256,5301,True,False,False,False,,aab5b288c81ce3b690e8fd3c2f03ed9f621d730dee044436a89e7ed6d838d3a3,bfa6c0902f27b4e4
dataset/gray_blight/image_0_1207.jpg,2,gray_blight,256,256,5379,True,False,False,False,,e1ab8544b294a2c701879058f409c11a312b75269210e70ec8dcf1ff75de2891,b4c3db3ccc303693
dataset/helopeltis/20220101_094405.jpg,4,helopeltis,256,256,5260,True,False,False,False,,12163be2771ef22ec28ea0abd9456b4f85516fea2220a12400dd4dff18830047,bbc4c03b2e94b94b
dataset/red_spot/image_0_2554.jpg,5,red_spot,256,256,4419,True,False,False,False,,0f14e1f2655cb1429673d092cd7760865e2221871eb2833f32d31c2c22de6157,e7899b366c491b92
dataset/gray_blight/image_0_2939.jpg,2,gray_blight,256,256,5226,True,False,False,False,,710a49b84acbb7c3a446ff5bc38bca8bdfb917165f90c4d23d4321ad0388d7b9,bec0d1376aca9585
dataset/brown_blight/image_0_4498.jpg,1,brown_blight,256,256,7068,True,False,False,False,,44b903955403b00ad4225f78f54c5dafda9e4429a266c48aebe1f88797976f71,fa3a85c44e9f8478
dataset/red_spot/image_0_3022.jpg,5,red_spot,256,256,5079,True,False,False,False,,112837a149ddbefccd705e2562305998610e83978233757c19be2dd3e140f85a,a5c49eba69c78638
dataset/red_spot/20211225_230301.jpg,5,red_spot,256,256,6049,True,False,False,False,,cd4172003382f5e2f36cf3369c2a5582d4cca8f7fbe2d884d22e2d5562a54e30,abc89634e1336ed8
dataset/helopeltis/image_0_3825.jpg,4,helopeltis,256,256,5414,True,False,False,False,,79923f5b30811bd5be3ad09db34fe05a5a01dd1140b2dd7fe5ebbe21fdb4a3ea,f092cf6d94663338
dataset/algal_spot/image_0_4169.jpg,0,algal_spot,256,256,5287,True,False,False,False,,fe28a0dc33e956f5d7be0b91a4ca09c759742074e46d587a6031b1ac82fc9b0d,e894974368bc37d2
dataset/red_spot/20211227_162411.jpg,5,red_spot,256,256,4894,True,False,False,False,,c8f483dffe58e19173d3ae0c253e6d137ec10565c4c50f465fb3d1e8646ca434,fac4853a68e1974e
dataset/healthy/20220101_093919.jpg,3,healthy,256,256,4678,True,False,False,False,,c75898c26ce799a8bf0029648bf7676aae5a8b851d2270ccab1425043a018ab4,b3cccf2c8c323c33
dataset/algal_spot/image_0_3278.jpg,0,algal_spot,256,256,6718,True,False,False,False,,d778b57ae6de11f37a1e6d822b7cfbd5fbdca1e97c3dcf4d2568bded69d441dd,fec0c13d6ae0b487
dataset/gray_blight/image_0_976.jpg,2,gray_blight,256,256,5651,True,False,False,False,,52ab2ccf3b347546c68fa3d5c1be2dfdcb6ea2dbee62c56e973e93c5d5d6a317,ab97d0682f8550db
dataset/gray_blight/20211228_135734.jpg,2,gray_blight,256,256,5475,True,False,False,False,,e5f144723ce05ec08e2db1c6e9fa21b9313cf8e386a970e45e7f57851fc16d08,ab96c4c12b0ab5f5
dataset/healthy/image_0_1699.jpg,3,healthy,256,256,5045,True,False,False,False,,5a07b5fa8ccdba03642c561bb6efd2c2c5904cf8ac4b093beea1a07132977229,bf95806a3f97c0d0
dataset/brown_blight/image_0_4435.jpg,1,brown_blight,256,256,6574,True,False,False,False,,4e7a521161e769382e7f24396c81c4bbe1473ef79438427ac79fdf9a0246e9cc,ffc0903f6ad0a58a
dataset/helopeltis/image_0_4237.jpg,4,helopeltis,256,256,5582,True,False,False,False,,6a85afdda3c00b9def3bd387a9ff8135425c44be60e0f2ffd921b1bb8a8cdd8e,e98694786ac7a49e
dataset/brown_blight/image_0_2497.jpg,1,brown_blight,256,256,5662,True,False,False,False,,c90f8c43201b25be2d1e064af9defd3562ebe073fd3687cab39302226145d7a6,ebd380a44d5fba28
dataset/helopeltis/image_0_1789.jpg,4,helopeltis,256,256,5309,True,False,False,False,,51a63699422867244d07cd61125ba1c52831e53f1b5b8c3106cc97cb3578cee7,b8bc96c361b46a1b
dataset/algal_spot/image_0_4186.jpg,0,algal_spot,256,256,7998,True,False,False,False,,2dcd0d453af2ed43e49b8af8bf1cb24d51df9fbb67f6edfe72b06c3753467497,eac0953fd0344b6e
dataset/healthy/image_0_2806.jpg,3,healthy,256,256,4948,True,False,False,False,,a44d2cab85b2401b7dd801e0725b9baa87cb8481928676ac40041085ea353d23,eac0853f7ac0698f
dataset/helopeltis/image_0_3922.jpg,4,helopeltis,256,256,4749,True,False,False,False,,202c970505a083e76acaf1d9d89d382b912f881350b25c31bb0a929ad9d347ca,e36e9cb16346ac29
dataset/red_spot/20211227_155927.jpg,5,red_spot,256,256,5563,True,False,False,False,,bad092dea8be8cb0ffd3445a6f646c16a4255dcff9aa1c1e959e64bed5c2bdad,abd8853a1ae1e18f
dataset/healthy/image_0_164.jpg,3,healthy,256,256,6278,True,False,False,False,,f1e69d20ffd73217bd68b6297e2c64bba7b18694cef507414e75d3003d7cc7dc,bc618b16cc9b989b
dataset/helopeltis/image_0_2302.jpg,4,helopeltis,256,256,5680,True,False,False,False,,ba16ad3030de676c36a9370cc87d3be3dd11e15b1c06ebe0d8db0d2f02e790a0,b9b4c26b3d0e319a
dataset/gray_blight/image_0_2344.jpg,2,gray_blight,256,256,3790,True,False,False,False,,9c49c6a899ff93b6aa988d5397dd6b6af1de2793de08ee1eba0aa3b474917e75,b59acb653c92c16c
dataset/helopeltis/image_0_2678.jpg,4,helopeltis,256,256,4925,True,False,False,False,,b2ec0a3acbf40bce1dfaf7ef18311e67b9ffa54a97e850e786e56422bfd786b1,eac2853d78c2a23f
dataset/algal_spot/image_0_2066.jpg,0,algal_spot,256,256,4968,True,False,False,False,,ce3dc2131a2d11f4986502369936ccc37c257ab1f3fe8ad13972ce049f23b41f,e8b0974b68b8c7c3
dataset/red_spot/20220101_104246.jpg,5,red_spot,256,256,5563,True,False,False,False,,9ef5f302a41be34975814a71c458e77fa2c1fccd207ff897eb989c9ae9982fe5,e79a9649996d8c64
dataset/algal_spot/image_0_3962.jpg,0,algal_spot,256,256,5392,True,False,False,False,,0252020869db1d95f21b0e6b2e623454c63f8d9e8bf609eb735c5d336f8b99e1,fa94856a3cb562d8
dataset/red_spot/image_0_133.jpg,5,red_spot,256,256,5061,True,False,False,False,,26b8429f927d20ce53b754ffa70d8bac1bfc9d9ed0025ff2c6a18fe361774c95,a09ecf6d3092cb69
dataset/helopeltis/image_0_3627.jpg,4,helopeltis,256,256,5054,True,False,False,False,,ebcaca08fb4beaa60150461b4d8c9cd4e92ff04611da5e03ba6c30a7401061d4,fc90c36d3c92e08f
dataset/algal_spot/20211227_153512.jpg,0,algal_spot,256,256,5325,True,False,False,False,,118db93416b8704ecd14f548776cb644f95ef0c183b8c6605530b9cad52388ec,fa6a85953e5e7060
dataset/gray_blight/20220101_113651.jpg,2,gray_blight,256,256,6045,True,False,False,False,,9b80ecc58a84286c0580d695f37bac1f30679e62927b24dbfbd29f0aa6438f89,ea2e95951a1e6369
dataset/red_spot/image_0_3010.jpg,5,red_spot,256,256,4296,True,False,False,False,,b16852085c260b3ad53a6bf37d2c05ca1a740026cab13b41ac3a73b809db7a64,f88e873868c3973c
dataset/brown_blight/20211205_153733.jpg,1,brown_blight,256,192,3362,True,False,False,False,,d97f7b2a746dc7d587d076baf1f3df0728ccef1fba830df851ca684ee0ceade6,f0cfcf3065c3306c
dataset/algal_spot/image_0_3697.jpg,0,algal_spot,256,256,5484,True,False,False,False,,50fe56f50f254368177ce5fc8765422750617f88ba53cb500fac2382de4d5adc,e8b5874a38bd63d0
dataset/red_spot/20211227_155519.jpg,5,red_spot,256,256,5616,True,False,False,False,,f0ab8b34bcff7fd3c30d1188eb6ca27e3c9530273314922ba6015b09159ee7ef,eac5957ac0618f96
dataset/helopeltis/20220101_091850.jpg,4,helopeltis,256,256,3910,True,False,False,False,,94e1410d7596923f8d53ffdf8fbe16fc941701062f580eb929e4ab47650f2f09,f48fcb3034c9933c
dataset/algal_spot/image_0_4044.jpg,0,algal_spot,256,256,5656,True,False,False,False,,7a1591522e8c1273d2ad8604f69d6b931bf8302c7ee9b9622cfcf853baed1ec3,f89acb61b44e3319
dataset/healthy/image_0_2695.jpg,3,healthy,256,256,5514,True,False,False,False,,3f1dd7a28d606d78991bc5837ba7da25ab446e7d0330310e1d651e0ed3a46296,bf16c0682f953c1e
dataset/gray_blight/image_0_3724.jpg,2,gray_blight,256,256,5221,True,False,False,False,,8dc7f61e5370751938a730fa1ba94f92d44582710002564775c2097e41224405,bec89b34644b4bcc
dataset/healthy/image_0_3221.jpg,3,healthy,256,256,5773,True,False,False,False,,ff7b3ccc08f6025244594ffdd12e8959f73f645f74e3e0d35ae11f1e36e5e8f0,bc98c369cc666396
dataset/brown_blight/image_0_4747.jpg,1,brown_blight,256,256,5030,True,False,False,False,,c27e375e192c0ad3f5d52fbb565a4157aff80237eae989287108e51160f24021,b939ccc66391392d
dataset/brown_blight/image_0_3278.jpg,1,brown_blight,256,256,6516,True,False,False,False,,e52b9d6f0d4af97548ac601bc1a29544e3290a6bedba30c9b1936efbd9a3123f,b8bc876acdc56292
dataset/red_spot/20211227_162333.jpg,5,red_spot,256,256,5248,True,False,False,False,,d4ed779439e2f4ae29a4c09b82864a1dbd8b555106bfe31671652dc861aa37ea,fe80c03e2fe0b48f
dataset/red_spot/image_0_1886.jpg,5,red_spot,256,256,5643,True,False,False,False,,63a7506ad6e6cd8cc7e4f0c323d6df405c5f968cb508ac8986080679243cea06,afc2d0150b7a76c5
dataset/gray_blight/image_0_1410.jpg,2,gray_blight,256,256,5885,True,False,False,False,,d24a4b61159b07a99524b4b35ec6d03a6524c92a1dd06b6ddf7759ed3ad01f76,f16b8e3061cb3ec4
dataset/algal_spot/image_0_2199.jpg,0,algal_spot,256,256,5310,True,False,False,False,,b5fc56b2c7249f9d10861c04230a527e6736d1312d37d05c471b3e858f554598,e83892c7c5999e4e
dataset/red_spot/image_0_1853.jpg,5,red_spot,256,256,7237,True,False,False,False,,e6e1d234b0757c6b27ed7977af86d13f4435f4d8b1ca6326633e5c1f21c381e2,ffe0d0078bba34c1
dataset/gray_blight/image_0_1648.jpg,2,gray_blight,256,256,5120,True,False,False,False,,5cf393a80b7617da3535105f1644ee961df67a6822f167a8e922d267f9f3e178,f49acb643a1d3998
dataset/healthy/image_0_1596.jpg,3,healthy,256,256,5015,True,False,False,False,,1109b42074fad549ae198df8fdc7eb1534e2e3b9979e6f83a3bb23689366deec,aac0953f78c087af
dataset/red_spot/image_0_2663.jpg,5,red_spot,256,256,5847,True,False,False,False,,56c66dff9023ed1edae3d2ffeccfe74d4d936143c8f64c23d401320d7ff0ae82,fde1c29e94983326
dataset/healthy/image_0_2614.jpg,3,healthy,256,256,5949,True,False,False,False,,68830744fa5362431041721a6002762b2fa688a51562c85527206bbad0c61ecc,faca973c8132664b
dataset/helopeltis/image_0_1452.jpg,4,helopeltis,256,256,5763,True,False,False,False,,50438b86b99ef882c95d932a0b349a5c4298a5259c07a6b8d8fd42eb8c8ac927,bf68c0973c68722d
dataset/algal_spot/image_0_3401.jpg,0,algal_spot,256,256,4046,True,False,False,False,,0802d6178fbcc5818aa0e17fce2f9c32c494b23f7cfd900a37dd37a0a1633015,a192cf65309ecbe1
dataset/gray_blight/image_0_3194.jpg,2,gray_blight,256,256,5417,True,False,False,False,,0209e86443eea88a95ad2d79147448bad6a5c3755e323c1527ec2afbc4829732,fbc4843b6bd0b846
dataset/helopeltis/image_0_2414.jpg,4,helopeltis,256,256,3998,True,False,False,False,,07b2f01a96970bcc9dff15f4e3bd040566a0b9c9af07acbb06bc805d936650d8,e1949e6b3194ce63
dataset/healthy/image_0_2638.jpg,3,healthy,256,256,4965,True,False,False,False,,90a19ead256f2fe74a65d8db70dd2f6f947bdb1a9996717f9a914977d0919b46,a8cb973c6ae0258f
dataset/brown_blight/image_0_8944.jpg,1,brown_blight,256,256,6872,True,False,False,False,,ff952949823d28fe4b39dde07b93254241c86afa07bc8d786fc88510cd438b5a,aae994161ff96a82
dataset/helopeltis/image_0_1742.jpg,4,helopeltis,256,256,6324,True,False,False,False,,9abe127d0271e430fcf4b6d336e4032b9cf6fe4cf89ba8a27b75d803fd11d009,aac0855b7ce88797
dataset/algal_spot/image_0_1274.jpg,0,algal_spot,256,256,5517,True,False,False,False,,3345a51cee4a6d112f325e6e8900079cf31893f04c83763ab007324bbf2f7e7a,a412cae174be3f13
dataset/healthy/image_0_3126.jpg,3,healthy,256,256,5411,True,False,False,False,,78d913fa28ed2722d5bbcbeb2d232bd75c60a4bd764928722bbc35cb11397c32,b4c1cb3cc931e333
dataset/helopeltis/image_0_1295.jpg,4,helopeltis,256,256,6233,True,False,False,False,,a722f6f540ca8bd1239d757616ead5e8cfcc0518a3caaa920afef8618b6c634f,ab6bc09415fd3b30
dataset/brown_blight/20211228_122234.jpg,1,brown_blight,256,256,6042,True,False,False,False,,9ca2fcb1cba0fe5b955b79e5ddbb45c21456afa2947d383db2aa1c17eda34e1e,ee90850f3af0c717
dataset/gray_blight/20211226_102820.jpg,2,gray_blight,256,256,4539,True,False,False,False,,11c577a8b260fd16c81008786fb131d71ecfb58f7a8941fd041474be38f7cdf5,eb8c943b2e84e1ce
dataset/gray_blight/20220101_114621.jpg,2,gray_blight,256,256,5769,True,False,False,False,,81465426aeb7c196fd037af59f83808de500da59aa33c46f99c72adc0f28bb38,ef90d06a2fb570c2
dataset/red_spot/20211225_231422.jpg,5,red_spot,256,256,5276,True,False,False,False,,8fc65ba9dbbc30655ab588e0596101e648686322f23f946281dddd599ce2af53,b893856e3e91e14e
dataset/healthy/image_0_476.jpg,3,healthy,256,256,5023,True,False,False,False,,12d52f2a9b3d525d6f911e149e0606ffa0f5ce6365bbc6d773736b61c14de9a2,e5cc98b29b332666
dataset/healthy/image_0_2805.jpg,3,healthy,256,256,5611,True,False,False,False,,7f19a1e0fec81a12e0911d1b424b5a9d99642dcab616adc52da2c474760ab527,a997c3683d373298
dataset/healthy/20220101_094704.jpg,3,healthy,256,256,5534,True,False,False,False,,9984aaa01dadcb842483dfa0e51030645bdafb6796fc4f7ac278002492c04af0,bfa1d08a4f34b469
dataset/red_spot/20211228_114741.jpg,5,red_spot,256,256,4914,True,False,False,False,,903927dba68ebee4233e0f521c762cd61d3a0634b01f722153b1989a22c478c7,eb94d4706a07a5f8
dataset/helopeltis/20220101_105124.jpg,4,helopeltis,256,256,5934,True,False,False,False,,85ac12eae93f8f320fdb1d4b08e0344e85d9860207e1cf9c6a0b7d9156cfee04,be98d0272b0af49d
dataset/algal_spot/20211227_154146.jpg,0,algal_spot,256,256,5785,True,False,False,False,,a2d7bdbc77bd10370f4ffd1968b0041eb36c96f859b033437eb9df1d701b0a67,faba90c50f0e6a78
dataset/healthy/20220101_093621.jpg,3,healthy,256,256,4706,True,False,False,False,,2ee6689cd1d3226c3982fb1383b35f21997e1c878c7218f99d1634670811e747,ae91d06a1fa5f0d2
dataset/healthy/image_0_2119.jpg,3,healthy,256,256,5307,True,False,False,False,,1430377c1d918d82398d26a43835a0d11a85e355693512da1d8169dcda8dc857,bd96c361b4663319
dataset/gray_blight/20211228_134836.jpg,2,gray_blight,256,256,5488,True,False,False,False,,3ff0f05e3cea8a3fc7d9094e2c9d9f6a07f4d6e3ab63359ad5c24df03036431b,fec1c13e2ae0b487
dataset/helopeltis/image_0_3553.jpg,4,helopeltis,256,256,4780,True,False,False,False,,adc52e4a2cb475bff3f131aa250997049cd4efbd196158dee9607b4b71f8c1ba,a1cc9a3365cd9276
dataset/helopeltis/20220101_103625.jpg,4,helopeltis,256,256,4955,True,False,False,False,,9dafcd15dadd038e86a8fd377a1c8adc8a475fb796d7667f964492732020c69c,eac895327ac5659a
dataset/algal_spot/image_0_116.jpg,0,algal_spot,256,256,8580,True,False,False,False,,b6994a9b55d010244ea647492ad0cbfdf26df4de719eca19f2452ba886749319,bac0851f7a7061cf
dataset/helopeltis/image_0_139.jpg,4,helopeltis,256,256,5063,True,False,False,False,,67a4b419497458ba3be13faea47bedc35268862049b4a8d4b3a5b92d00b3ffdb,ed968f6930343399
dataset/algal_spot/image_0_2051.jpg,0,algal_spot,256,256,5331,True,False,False,False,,45ac2ef03bb7d9cb55e461190168c1c7f0c0161ee525ef24a7def1746d694731,afe9c096346d7942
dataset/brown_blight/image_0_8552.jpg,1,brown_blight,256,256,5202,True,False,False,False,,5850dc31d5ad26200f359d1a7978a52f4b176a5175a182208df8753e44a09c39,fa95856a3c95c25a
dataset/helopeltis/image_0_765.jpg,4,helopeltis,256,256,5306,True,False,False,False,,5b828ee00f4b7e7860924c55c5c6e7fa937fae008e06aa7867ec3ca60c7fb6ab,b0c7d9326471e699
dataset/healthy/20220101_101234.jpg,3,healthy,256,256,4952,True,False,False,False,,cb37e023d8298a58dfa2000f3380bce30e53fcb69dd4348c93a459788abdfa30,bb91c06a2ba5f0da
dataset/red_spot/image_0_1860.jpg,5,red_spot,256,256,5879,True,False,False,False,,6183304b93fc636aed73f0b5ad7ebd1297e0688ff42f44b7713126276b9008d4,bf95c06a25329acd
dataset/healthy/image_0_1663.jpg,3,healthy,256,256,4850,True,False,False,False,,6d7a40b144f8babf67bd1ed9f9cf17c21ceae61ff5cdb5cbc0c1307b6b62e264,fd61c29e34c13366
dataset/algal_spot/image_0_726.jpg,0,algal_spot,256,256,6816,True,False,False,False,,eb2b688a903d83b5809ac71d3f9e29508b6d6c96bdfd7a700f9e827f7678a4bb,aed3c42e1bf46a82
dataset/healthy/20220101_093854.jpg,3,healthy,256,256,5018,True,False,False,False,,b9e0975a00c73b1f9c3af6e1c55ffb82dae15dc7b47eb05dd6d7569acff8c844,a78c9a39d9b38923
dataset/red_spot/image_0_1081.jpg,5,red_spot,256,256,4361,True,False,False,False,,9209cfa672476ed89af113f6172726e461b3eae46c2a360571291e5fce4cc197,b893c36c3c92f24d
dataset/helopeltis/20220101_105141.jpg,4,helopeltis,256,256,5019,True,False,False,False,,6fbbf578d54ba82c61998e095884a8c43e753b18c22403eb62b266aa24c80ac7,fa2f85303a47c71c
dataset/healthy/image_0_1652.jpg,3,healthy,256,256,5344,True,False,False,False,,7a3252c5861090d35a3e57d6143297272475439c9a2fb6b2b9b751fbaad11d27,e996966b3825639a
dataset/gray_blight/20211228_151051.jpg,2,gray_blight,256,256,5390,True,False,False,False,,2ade9067d664f948f15672ac9f5c8ede243439810b3646788a85c10b5f7f7593,ea90956f5ae0a19e
dataset/gray_blight/image_0_3770.jpg,2,gray_blight,256,256,5670,True,False,False,False,,bbc9cb6f3125a7d4d4fecef48e4a268c4cbe4b0b53c5edc93498283e542f9976,bf9f81c0e0e466b2
dataset/gray_blight/image_0_3826.jpg,2,gray_blight,256,256,5096,True,False,False,False,,3d6c2ea81813f9f2a5a963f87c024a5848a6c0493251b0e1ae551729d72a2504,e1b09acf65b42633
dataset/brown_blight/image_0_2908.jpg,1,brown_blight,256,256,6127,True,False,False,False,,8a6af7523ebc3d89f9545cb40f4585076cfb04b0276a8c46049d5e0973d3142e,f8c39f38614274cd
dataset/algal_spot/image_0_1483.jpg,0,algal_spot,256,256,4979,True,False,False,False,,e05f8bb53935c8a9d5b342d75afd66d9422ff7661b2fa5d7524d0ad0c81d220e,e8cf9e30614b668d
dataset/gray_blight/20211228_154715.jpg,2,gray_blight,256,256,5867,True,False,False,False,,0d05bbd920692303905da57727bee3470ff84b3397e8ab22ae67943785f886db,fb3b85c0624e0f2d
dataset/brown_blight/20211227_162852.jpg,1,brown_blight,256,256,4260,True,False,False,False,,3dedf81b99755c5a9452d8f10f6d845126c95b759595995cd02063385c40f7fd,bf2ec0c03f2f84b4
dataset/brown_blight/20211226_001849.jpg,1,brown_blight,256,256,5995,True,False,False,False,,203e0246a5a2b33546564fd496c72bbcb30e1fdfd0b14bd51809a91a00459e99,ba9c85616a9fb158
dataset/helopeltis/20220101_094204.jpg,4,helopeltis,256,256,5348,True,False,False,False,,530e568bdc367fafacc585c503eff68527ce6d4bdd3d76641e0132f2c4ba1599,e5929e4b9964c9cc
dataset/red_spot/image_0_1080.jpg,5,red_spot,256,256,5998,True,False,False,False,,8f4fe462c5d85c19c60aa2dbc8e248afcb66df5d88f300e5dd2619f909624843,b09ecf6398c4639c
dataset/gray_blight/image_0_4104.jpg,2,gray_blight,256,256,5422,True,False,False,False,,6c230d8e29f58e9cf59fd025a62d7e03c684bb0f843e46f777732100a2f16b79,e9cb963469c3660d
dataset/red_spot/image_0_440.jpg,5,red_spot,256,256,5771,True,False,False,False,,ffe89e9885482b1bfc03a429637ff3e448665b837ae41c17edf45a5492ac2ca2,e59ac3613c3693c9
dataset/healthy/20220101_102124.jpg,3,healthy,256,256,4562,True,False,False,False,,dc51651c74ba4a0382e0da00db7146585eea7db407c8802a130977901584cde0,b8e3cc1cc438e33e
dataset/healthy/image_0_470.jpg,3,healthy,256,256,5036,True,False,False,False,,a02233304ee32610d50e9202be3f50359527597dc83932f1b766a95747205cdd,b099cfe5c4e2c163
dataset/healthy/20220101_103322.jpg,3,healthy,256,256,4666,True,False,False,False,,c9eb8f52540d88310762ce01efd75e5c8392e447ecb2f1fdda28e36ee65a4c63,ff90c06a3fb4f00a
dataset/helopeltis/20220101_101928.jpg,4,helopeltis,256,256,5031,True,False,False,False,,0fdb4b23bd5fba40f6d5b10489fca4d04ee2ec8f89d7c99ca7869faf9211d7f7,f3e68dc38c39cc11
dataset/brown_blight/image_0_2984.jpg,1,brown_blight,256,256,6621,True,False,False,False,,50d831caae075e64b58c463e3b35616009de68eeb6bcba6266ad5dda0e0dcbff,f594c2693432799d
dataset/red_spot/20211225_231251.jpg,5,red_spot,256,256,5407,True,False,False,False,,0eb281824628a424c7dad66d5502a47f97f68ef509cd7c5a1131d0c1d955bf22,aea1c11e2ff1b40e
dataset/algal_spot/image_0_3661.jpg,0,algal_spot,256,256,5445,True,False,False,False,,9addb82e9dc48e5a5406445ec6f6e8a40979063d1fc19a28a9e70fadabd78660,b8c39e34616b66ac
dataset/brown_blight/20211228_154849.jpg,1,brown_blight,256,256,4790,True,False,False,False,,8b4e31ebdca768b44cc0bda240e92fe274e946baf95cfa969a3325335a998ddb,efe0d09d2f60e095
dataset/brown_blight/image_0_9320.jpg,1,brown_blight,256,256,5632,True,False,False,False,,a4cfc61cde59f48dc925cd59448d36a8c1bc968eadad1e69710d18c777db9c86,bcc7c2d02d0fb0f4
dataset/helopeltis/20220101_094948.jpg,4,helopeltis,256,256,5216,True,False,False,False,,898d36d7cebbbdc8c51f29f36dbcb156930817a2447a113d3a5cfd96c009334c,af88d0b53b4ae0ad
dataset/healthy/image_0_2732.jpg,3,healthy,256,256,6237,True,False,False,False,,7670415855c22bb45c6a97dd838de7aaf5d81492c99c52f656884c57ed7d7c11,e493ce499c669966
dataset/helopeltis/image_0_2589.jpg,4,helopeltis,256,256,5618,True,False,False,False,,8562607f511ac87a1f0174c09b1a48a4bf3e0997b157bb632df436edfdbf8e87,a5d6966998379266
dataset/red_spot/image_0_3204.jpg,5,red_spot,256,256,5075,True,False,False,False,,293185f540aca8a26b37989a666f7272d33fcf361d083640d3bdd6959b7e1256,a1c89e316fce9435
dataset/helopeltis/image_0_3561.jpg,4,helopeltis,256,256,7280,True,False,False,False,,5a875f668c3ad7005ecd346054d0a9b8051764659af4bb5f61fef98dafbfc093,efc1921e4b7065c3
dataset/algal_spot/image_0_276.jpg,0,algal_spot,256,256,5733,True,False,False,False,,3608f06eaebca2713cd04c6cd046e9b5895319ea8790488dcb5f568cde796087,fabf85c068ad2730
dataset/algal_spot/image_0_2359.jpg,0,algal_spot,256,256,8600,True,False,False,False,,3a416969c13a0f018ebee65a211364cb06cbd32e3889643b770094073882b7d0,aa6ad4958dda3664
dataset/red_spot/image_0_2568.jpg,5,red_spot,256,256,5209,True,False,False,False,,22cbc73bb0ddc8af82049edc2e67cbe824115293945a52503d65a47603f8f685,af94d06b3d94ca89
dataset/gray_blight/20211228_133523.jpg,2,gray_blight,256,256,4669,True,False,False,False,,26d692dbd88095ec222861508d92c1a7a9bbffcf56068fa2953dcb5124ffedcd,fa69819e3e68e125
dataset/red_spot/image_0_875.jpg,5,red_spot,256,256,6120,True,False,False,False,,b6c701b94f59e57fbaf48afe70235f775987510032ec9151cd9602dd0d92be1b,abd4d02d1f62b585
dataset/helopeltis/20220101_103530.jpg,4,helopeltis,256,256,7808,True,False,False,False,,d0725da580276bddb1f53bdb7529f7166d9382feaf23149d907b8c6c39edde63,ef3e94e09097839a
dataset/brown_blight/image_0_9762.jpg,1,brown_blight,256,256,5029,True,False,False,False,,e2b75d926c9a8ee0a97249be184ccbf2f693ad3f9fb348db56ce5a064cdc01ca,b0d3cf6c309369cc
dataset/algal_spot/image_0_110.jpg,0,algal_spot,256,256,6023,True,False,False,False,,9342320f0bf420699def6179699130a0a8a40c5e602180d025fd32c5750fb446,eac1957e6ac0a51e
dataset/helopeltis/image_0_1517.jpg,4,helopeltis,256,256,4644,True,False,False,False,,ee03bfe67106d5c30032eaa193c29569d276bb3ada0bec11890132cbcb326be8,e8c3963463cb9ca5
dataset/red_spot/20211225_225029.jpg,5,red_spot,256,256,4584,True,False,False,False,,66841b6eeb9ba56769a84b3fda0424ab32b9aa5851db5922b42ba542b726ecd8,a09f9f6968968758
dataset/algal_spot/image_0_3256.jpg,0,algal_spot,256,256,5939,True,False,False,False,,21bc3121661aebc0dc0abd9246568a62f4b269f1300f31256d31e0016006dd94,eb95c06a25947a9b
dataset/helopeltis/image_0_3312.jpg,4,helopeltis,256,256,5785,True,False,False,False,,1f09682525cd69c46e4a4f969638b52e47d5479a91cdb96d5254db9dc44395ed,ff98c0603d9662d9
dataset/healthy/image_0_1674.jpg,3,healthy,256,256,5037,True,False,False,False,,7fee1191163b177edd5e25be9fa54761e67a345275c265a0eacd9bdec1aed370,b6c0c91ecc3127e7
dataset/algal_spot/image_0_1158.jpg,0,algal_spot,256,256,5034,True,False,False,False,,fa861c644c08c32695802ff1b4a87b8a9a1446e3b0668b3edef66249225b6db3,a996cb69341a2fb1
dataset/algal_spot/image_0_3463.jpg,0,algal_spot,256,256,7395,True,False,False,False,,2c8a012a912295962abdf9ad064bb0a08c502c0604be7f05d01afc7d5140adf6,fec0d415aaba20ed
dataset/gray_blight/image_0_2488.jpg,2,gray_blight,256,256,4844,True,False,False,False,,dfb12c8a82a743596d142faa50715c70b1e20094c274565aa9303b2add46d7ef,bf94c0e97f00a07e
dataset/brown_blight/20211225_233753.jpg,1,brown_blight,256,256,5110,True,False,False,False,,37f6cdae043dc5dfb9b795975e4cfa9607b5afd6ffd774ad4c5369befd67b767,a892c16f3e94e54b
dataset/red_spot/20211228_125359.jpg,5,red_spot,256,256,5136,True,False,False,False,,126eba4bb91f10897a2ca803a83b0530509bba8c6bd2d4a9dca72fc119231d0d,fd82c22d0ff070cb
dataset/gray_blight/image_0_273.jpg,2,gray_blight,256,256,5132,True,False,False,False,,834f1ae4a808495d00c901246ebee313decf768bedc64ce6fca63ad78bb05751,fec0953e6ae0a592
dataset/brown_blight/image_0_8633.jpg,1,brown_blight,256,256,5279,True,False,False,False,,09727bdc14fbdb714caab7fd26ee7e138ee022142e3acaa0c5b81d93c56ca60e,eb489e3765ca1a38
dataset/brown_blight/image_0_4119.jpg,1,brown_blight,256,256,4548,True,False,False,False,,eafcc595d41159a04a739699e4701d6836847ebcbc1bf3341c097bf538a7f8fa,e94b86b434e5cb1a
dataset/brown_blight/image_0_4363.jpg,1,brown_blight,256,256,5700,True,False,False,False,,4b1d42c6f684aa2d51a79528b609758b0ab64bda7e465e3cf5125830172f731e,ece1919e6a6184de
dataset/gray_blight/20211228_141729.jpg,2,gray_blight,256,256,5665,True,False,False,False,,cfa097c11813a3b8225a803fba62df41f803546a5bf20395534e586c19b35b23,fa92856f5e3030c7
dataset/healthy/image_0_2148.jpg,3,healthy,256,256,4666,True,False,False,False,,5edb3ed2f56f437efc7bd6844954d107309fb228927ad95828f905c96f5be1ba,bcc0c33f68c3378c
dataset/algal_spot/image_0_3883.jpg,0,algal_spot,256,256,6864,True,False,False,False,,10fff98875be5205b888a67d12bdbdf3828742c78ea35eb1669f27ef9a301d1b,ba9d81606ab7b4d8
dataset/algal_spot/image_0_2957.jpg,0,algal_spot,256,256,6072,True,False,False,False,,648a9840509d74d559512fca34999a322bfddaade4c810ccb3b1067dd1c38d5b,fa6ac19d8d9834e1
dataset/red_spot/20211227_161218.jpg,5,red_spot,256,256,5200,True,False,False,False,,2f35d17c2ef55e5f21aff7aa5129c1f0aa76d0ded4ac17a0813ef8f137a3b8a2,ebc0903b2ae0b59f
dataset/algal_spot/image_0_2523.jpg,0,algal_spot,256,256,6007,True,False,False,False,,07910f70bee9d2695266aa171d734290ff3b2a157b63377d767f4de249ec745b,ea6a85811e9f7878
dataset/helopeltis/image_0_837.jpg,4,helopeltis,256,256,3486,True,False,False,False,,8d6e606c8937492305c7d52c6cf9ae8e28bfbfc28b52d496b63fda49cb2647a4,e5cf9a3065ce9831
dataset/algal_spot/image_0_655.jpg,0,algal_spot,256,256,6273,True,False,False,False,,67f064b09e848a01e3d84128b533e8cd3a9c4f571cf490b3268a2a48eb5b8e38,fabd8540f86c3711
dataset/healthy/image_0_604.jpg,3,healthy,256,256,5050,True,False,False,False,,39e202663a768eb5cdf473c88cab74f899179e0cbc52c7ac33d91101a9e99b86,af90c06a3fb4f0ca
dataset/healthy/image_0_1692.jpg,3,healthy,256,256,6326,True,False,False,False,,054a81c7878b9ea839db7ea6f5fed3aac8d10cd89ce48f1cd5174b67d0945ca8,eac0953f58f027ca
dataset/algal_spot/image_0_762.jpg,0,algal_spot,256,256,4928,True,False,False,False,,1d26cea3e45dc72016d44c0420a9a61e431d7c4d8c9c25ffcbea7ecfb6035e7d,ea3595c2683d5672
dataset/red_spot/image_0_88.jpg,5,red_spot,256,256,5263,True,False,False,False,,60233e847a1dc2db811903a5dcf7ae6ba1bf11ea7ef4079b04a00c250cf18607,f8c795384346c9ba
dataset/gray_blight/image_0_3663.jpg,2,gray_blight,256,256,5249,True,False,False,False,,a1290dbdb63ba888522e25ce4dafc578470445a8d7fb9586b400225949263bf7,eaea81b53e52e02b
dataset/brown_blight/image_0_7847.jpg,1,brown_blight,256,256,5590,True,False,False,False,,45f25cebfbe7456abf83d4373052245c5504173238550b9745f4695e8c3926da,ed94d0683f96c8e8
dataset/brown_blight/image_0_7246.jpg,1,brown_blight,256,256,6605,True,False,False,False,,bd1045e1df6df0c7b1f806d87ed93695ac5fa1e0f574a0da170f900d7b65f14c,a694d96ba4705a8f
dataset/brown_blight/image_0_6510.jpg,1,brown_blight,256,256,5597,True,False,False,False,,46eb758cd040bafdf182f5dd481a184854740cf85543b4ee43375442a913c1d9,fb40c43f6ec0912f
dataset/helopeltis/image_0_2192.jpg,4,helopeltis,256,256,4397,True,False,False,False,,57facbc4d50f7ff7e0732c0bc5f490d4a5dae7afe9f4fda45d2f0aca3b44733e,e5929a653398cc97
dataset/red_spot/image_0_2369.jpg,5,red_spot,256,256,4736,True,False,False,False,,c4a5c8cfea039e8c1ca242b610586c99069e544f2dc992405eda55a3aa815971,be94c0683d9772d8
dataset/helopeltis/image_0_2423.jpg,4,helopeltis,256,256,4901,True,False,False,False,,1201915e9612de84da932c60fbf793f90a187608f98708880b32c63a776aa4e7,f2c6cb38cc332693
dataset/gray_blight/image_0_1484.jpg,2,gray_blight,256,256,5172,True,False,False,False,,798489f50078103b17231e09850d118ec658f684b324bc3588fb3b5e36371dac,f8c7953063deb0a1
dataset/algal_spot/image_0_2784.jpg,0,algal_spot,256,256,5451,True,False,False,False,,5768456ed4c9bf241f226d97f4dbfb103daed872e277322522635a82ccc93841,ede9c2961cd03267
dataset/brown_blight/image_0_3057.jpg,1,brown_blight,256,256,5084,True,False,False,False,,2d98cfa12233d66238d205ad3aebc7652d305be618310aa21ff13b54c6f9923c,b4c2c33434cbdb3c
dataset/red_spot/20211227_160016.jpg,5,red_spot,256,256,4856,True,False,False,False,,3e0d3e9c05f37a05cf7d15e4dcf4cb94a6eb117116a0b8c090f94ee125c452bd,ab80943f6ae0a59f
dataset/algal_spot/image_0_501.jpg,0,algal_spot,256,256,6753,True,False,False,False,,e5fb31da7a8229b08aadb586f1907f9749f7be4ee9d2c819678f57bb1d3dc853,aa7c85c21a8f69bc
dataset/healthy/20220101_113422.jpg,3,healthy,256,256,5508,True,False,False,False,,87a459ec68b4aedb78983592b8805ae17a97ea1a0f6af7c37d96bfcf0f19e3be,eb85953b4ae0259e
dataset/healthy/image_0_2396.jpg,3,healthy,256,256,4262,True,False,False,False,,6af30bd1aad0c7bfd9f6c21c481ca0926eb1ab7732d85fb82089bdb49c099e65,b4c1ca3e6dc1168f
dataset/red_spot/image_0_1892.jpg,5,red_spot,256,256,5912,True,False,False,False,,72e0d69a9feb6227ae103c34bfc38a50886b39f7f872e74daa43369ba32737ce,ea9795501e2a78b5
dataset/red_spot/image_0_716.jpg,5,red_spot,256,256,6337,True,False,False,False,,fde22a9aa94ebe819e67c33bcb28f990503ee90fe41a616c153c91b824eb49fe,fa9785603e2f3498
dataset/brown_blight/image_0_925.jpg,1,brown_blight,256,256,5454,True,False,False,False,,4143beb230dc601482b30276c6010ef059f64f5abea31706f0c2deb160974302,fcc2c33c69c2961d
dataset/gray_blight/image_0_2018.jpg,2,gray_blight,256,256,4796,True,False,False,False,,4af52681a8b61a256ef2c9ca46048d0291998692abbfda4fb0c9adb146f31b93,e1309acf65b43a33
dataset/gray_blight/image_0_3259.jpg,2,gray_blight,256,256,5401,True,False,False,False,,0b792f31f7cb62f0de399e16abfd1eb8968701112696ed9e0489929b05d0a595,e79a9a4d9c269932
dataset/brown_blight/image_0_3749.jpg,1,brown_blight,256,256,4847,True,False,False,False,,c59ad00b0a44acf6dce9012c329aa62718a3df81d9359ac4e6423bc71121b0bf,aaf0958f6a70858f
dataset/gray_blight/image_0_2032.jpg,2,gray_blight,256,256,6345,True,False,False,False,,41015280ee9e4412cbb2ea85d9c5e1914f01953bb345fa5392510039ab18fe90,be81876860b73fc2
dataset/brown_blight/image_0_7464.jpg,1,brown_blight,256,256,6013,True,False,False,False,,7f4cdbf6294f69a2603d0495f9bac813c725f5fd10b3533e03dcea95dc109163,bc21c79e7861a794
dataset/red_spot/image_0_2333.jpg,5,red_spot,256,256,4789,True,False,False,False,,872bc665537352d7a6a47360ff37b736d1e701358ba9fdb030f8f0fb8bfac721,be80c03f6fd0b48b
dataset/brown_blight/image_0_907.jpg,1,brown_blight,256,256,4791,True,False,False,False,,6a2457af735ae9d5eb025d6ab155ee6cd9dad0aebfee145a8f59914c4a41da78,bec2c13f3fc0900f
dataset/gray_blight/20220101_114134.jpg,2,gray_blight,256,256,6366,True,False,False,False,,239961461e04fbf073c9bcb88e16f83b5c6218b016b8a23b05db4675e57a2797,ff81942f4bb025d2
dataset/helopeltis/image_0_2855.jpg,4,helopeltis,256,256,5848,True,False,False,False,,f81539fc7a13161a0cc77b1a16a34d58dc83662fa6985d9a5c3f6380c0408547,a8ce97394ac69d32
dataset/healthy/20220101_090128.jpg,3,healthy,256,256,4728,True,False,False,False,,80bd52f60c5169dc121b8c13a270bd48cf75c4ee0abb8d76b612121ae1d27a5a,ff94806a3e85f05a
dataset/gray_blight/image_0_2982.jpg,2,gray_blight,256,256,5998,True,False,False,False,,7b443e3fc950dc257587bf292de1966e79a35a1567db681e46ed593cb25385f9,bc9ecb61962b390c
dataset/gray_blight/20220101_114700.jpg,2,gray_blight,256,256,5519,True,False,False,False,,8bc475e267acc508e4aebe0b83b379709377fcac74f1efb95653bd50e2b61f2e,ff94d0ca2f24703a
dataset/red_spot/image_0_2633.jpg,5,red_spot,256,256,5765,True,False,False,False,,df9e7f7ab5e4526c059e6ce6ad348a7fdc227c4bac2470f61bcd66e46f093609,f492cbcd2c363398
dataset/brown_blight/image_0_7415.jpg,1,brown_blight,256,256,4724,True,False,False,False,,63a4d2274c333c6742f43db4fe7ca7de5dca89bc623c3b06ec2ff9967908d25a,a9b6964b68b49a4b
dataset/gray_blight/image_0_53.jpg,2,gray_blight,256,256,4793,True,False,False,False,,f2be30d49212c65f1dd3726f2379a487f8b4c94569337f87ada7ffb324f4913d,fdc8c2366dc0b08f
dataset/helopeltis/20220101_095958.jpg,4,helopeltis,256,256,5413,True,False,False,False,,edfd2277244b8aa7838584d30bb98feaf60cdd02b8609d2b65c45d869001451a,e8958768ad35d2c3
dataset/red_spot/image_0_491.jpg,5,red_spot,256,256,5792,True,False,False,False,,4735f66b0ad1f6966499d8fb2dddbd9a400b66ff4f4f9df82b06b98ba1509e86,eac2973d68466dc8
dataset/red_spot/image_0_1709.jpg,5,red_spot,256,256,4989,True,False,False,False,,fdf25e4301f1f62078c30ff8596650e293da5c8876cb2801f4beacdadb998b6f,b0d0cb6d34923b9d
dataset/brown_blight/20211227_164100.jpg,1,brown_blight,256,256,4835,True,False,False,False,,bfa35653d9ca1b2b42b197b554280d5741c8c4b35e84b4d46b0544ee63198f2c,fa94852d7ac0e11f
dataset/brown_blight/image_0_8841.jpg,1,brown_blight,256,256,6500,True,False,False,False,,911a9e0382e63fd7a2dcc58a335c5418ccb06d330404918251d708a847f8d095,ff37c0c86f850332
dataset/red_spot/20211227_162056.jpg,5,red_spot,256,256,5625,True,False,False,False,,26b1fec529b5c14651e767b464743138edb10ab31010210db3e9dd66cfb3cfdb,fac0853f5af0218f
dataset/algal_spot/20211227_152548.jpg,0,algal_spot,256,256,5943,True,False,False,False,,76824b9d51b1646f4d1135b46fbbc973940221cdcb9df014365e29471af6a816,bb3ad0d04e4a3a3d
dataset/helopeltis/image_0_3731.jpg,4,helopeltis,256,256,5158,True,False,False,False,,b14ffad70bc4f167a52cae0fe42c02e62e4c91b6f7ab52ae969e19f41c215510,b3b199e58cc699c4
dataset/algal_spot/image_0_1713.jpg,0,algal_spot,256,256,4792,True,False,False,False,,c9bffdaacfdbdd4137e148bbb34973d9cb1395dfab19fbb73a9d7e6fee5105d0,beb5c1c22f3d9062
dataset/red_spot/20211227_161312.jpg,5,red_spot,256,256,5007,True,False,False,False,,b71588f11c90a346d549c338b741574ba145ccb7ca7f22392df173d8af857395,ef98912f78e4831a
dataset/gray_blight/20211228_125246.jpg,2,gray_blight,256,256,5417,True,False,False,False,,ac2940927ee63aecd549fe991a58340238206c66608c8dcc45ee8d96148daa1e,eba595523aad6152
dataset/gray_blight/20220101_114952.jpg,2,gray_blight,256,256,5929,True,False,False,False,,ca26cfa636b6c7361bce07bc86756ed8a642ef7a375c30cd403bc18637cefb8c,efaf90d04b0b3474
dataset/red_spot/image_0_884.jpg,5,red_spot,256,256,4755,True,False,False,False,,8b520c357dfc680865b12bd37dd6ff29ec0b37c674e03f3f1f93f903f1e3f89a,b0f08fc3693c3663
dataset/brown_blight/image_0_2823.jpg,1,brown_blight,256,256,6773,True,False,False,False,,557a4f5af01929730fc02f4743c0adea07d6fd0b0e6969204007653ec93fefad,ad96d2c934363e98
dataset/brown_blight/image_0_6423.jpg,1,brown_blight,256,256,4966,True,False,False,False,,cfedab82a97e9840198ecf3fddca21d475deef882a655f7cbaaffcd6a8e9c5f6,a09fc761389ec369
dataset/helopeltis/20220101_101328.jpg,4,helopeltis,256,256,5368,True,False,False,False,,577f5d014233b9feb566e205491989cff77b0335210d5db5ea3fbc4eb421277e,aec2903d6bd0e48f
dataset/brown_blight/image_0_2632.jpg,1,brown_blight,256,256,4400,True,False,False,False,,d8985968a751d46868a71b60e2b932f26b316fa2e6a325afa9b9ce4e888df07d,bd96c0683d977258
dataset/red_spot/20211227_162023.jpg,5,red_spot,256,256,4956,True,False,False,False,,1c9af614b08d7888b6f501512ac36dc7cfbcab8d6dece46c9a51022abe8cbfbe,eae985943e5f6068
dataset/brown_blight/image_0_1185.jpg,1,brown_blight,256,256,5785,True,False,False,False,,33f51bf0b227513dab220543f06e70788ae1e21a44445ab16ef9276d71040133,eac3953ce1274e98
dataset/helopeltis/image_0_2571.jpg,4,helopeltis,256,256,5437,True,False,False,False,,c95c805f82325ff3c71e30f28c757cf1a93386f1e05c7b89919dc8dc900f0d7f,b0b8cf03cda63cc6
dataset/helopeltis/image_0_338.jpg,4,helopeltis,256,256,4953,True,False,False,False,,522a05a3a035699f3e2f012f6dd6e8929ec9cdbc15080bce3a4922be07674089,b0cbc76cf032cdc1
dataset/helopeltis/20220101_121114.jpg,4,helopeltis,256,256,5514,True,False,False,False,,60ec68811caf832fd195b3f7bd0aaa8210c56baa7c29838783d565658e41e7fb,ed82943bc2a59fd0
dataset/red_spot/image_0_273.jpg,5,red_spot,256,256,5271,True,False,False,False,,eb0d7263e661e41eb552734364512119f6a1e5acb3d041278d86cc22258e22c3,aa95c17a1fa0f097
dataset/gray_blight/20220101_115123.jpg,2,gray_blight,256,256,5810,True,False,False,False,,d1d9d404d8d200ce58d3fa1f828318397b686dc379fe810193fee074b1f20542,eb95906a3d6d6291
dataset/healthy/20220101_094823.jpg,3,healthy,256,256,5427,True,False,False,False,,c5b6d441b15abb22c43750a05e8c014263d86887caa3f66233d25f2af1857cc2,bba8c4956b7ab0a1
dataset/healthy/image_0_1594.jpg,3,healthy,256,256,4853,True,False,False,False,,f524762d0df50d1a05eb4deee812a3a882757a58a7d2f31d0208957890a3a31f,e14f9e30c533664d
dataset/gray_blight/image_0_2431.jpg,2,gray_blight,256,256,5003,True,False,False,False,,c5b9c8b3c23d536ef3c203575230b5c63ee8e767292e329f8017c32f8e012f55,e16d9eb031c3366c
dataset/gray_blight/image_0_3698.jpg,2,gray_blight,256,256,5735,True,False,False,False,,b639dbdbc651802d7407b90f7943213b4757192884cdca59bdeedbe446c7636c,e9cb9e34c1326669
dataset/algal_spot/20211227_112954.jpg,0,algal_spot,256,256,5796,True,False,False,False,,58d7c8711bce9d1c35c70aa4f2040cf78ba168c772e229bef9714b8876d2349b,fa84855a6ea1f1c6
dataset/algal_spot/image_0_1961.jpg,0,algal_spot,256,256,5027,True,False,False,False,,fb15d256474e0a3207e4eec0a63ba2657061429622ab97fd8172436fb7cdd215,af6ac095256b7a32
dataset/algal_spot/image_0_3034.jpg,0,algal_spot,256,256,5482,True,False,False,False,,f136c630108d6c24986294a4a47f3791f14b8c39e369983a72c93620b2078ba5,ffc0c03f6ac0950f
dataset/red_spot/image_0_2091.jpg,5,red_spot,256,256,4155,True,False,False,False,,0f9cbf2caf9f2b834e08df1d238f817d6cfbfb88e94b574907190eef2c7754b1,b4e1839e3ce1d21e
dataset/helopeltis/image_0_617.jpg,4,helopeltis,256,256,5223,True,False,False,False,,59460062ba9b83198876a87e9cf4379dec9f007d97f7e3d0164dd6098ca1f393,b0b9cb67658e8698
dataset/brown_blight/20211225_233401.jpg,1,brown_blight,256,256,4918,True,False,False,False,,73dc9b2992059210db3f314f5740acb7db147f168ef723a93e426840e5c36731,a3ac9c5361aea71c
dataset/red_spot/image_0_2779.jpg,5,red_spot,256,256,6535,True,False,False,False,,db2669fef5988b75bd9e33b35a572da407bef7f82108fb68957f5f64e4691bed,ff97c268341e2391
dataset/red_spot/image_0_219.jpg,5,red_spot,256,256,4738,True,False,False,False,,db7ae9fcf0df2d7b91db2a948f2c074a0ee8bb728d24f6de99768554f00861d1,bf68c09f3f646023
dataset/healthy/20220101_090121.jpg,3,healthy,256,256,4816,True,False,False,False,,1843ad82416034adeb5be56bf9e7d49e7b1b1208e601b77e7450df666ff8c828,ff80c01f6fe0b087
dataset/healthy/image_0_2224.jpg,3,healthy,256,256,5061,True,False,False,False,,efa13f2fc39ea8693215cd37c628488c22329fdcd3d6870549de557fd7ccef22,e896c3683c3772d8
dataset/brown_blight/image_0_1709.jpg,1,brown_blight,256,256,6349,True,False,False,False,,38f917ef844412a4ff50ae2089b36db40a7ea276a55e128e9c99666384cd76d1,ace5871a7aa1274e
dataset/red_spot/image_0_3014.jpg,5,red_spot,256,256,4671,True,False,False,False,,60cf289bfc6f7def2648a3995344dce8192ee332845b94a85f2489c7d5be186a,bcc3923c61cf9e90
dataset/brown_blight/image_0_5310.jpg,1,brown_blight,256,256,5484,True,False,False,False,,4cb326334799ec3a312d52b82e4d49cecda34177405b0dd8fc96f516866e1c5e,bf3ec2c164161b69
dataset/red_spot/image_0_2699.jpg,5,red_spot,256,256,5087,True,False,False,False,,ec822f0a94981157f4cf4635e04946179dd6501e55a0f0c1ef0c6aeec2ce250c,ad94c2693c167b9c
dataset/algal_spot/image_0_2367.jpg,0,algal_spot,256,256,4983,True,False,False,False,,b3e12c3b337fac944d7e000cc49e91395052bba2a0cb1b564979eb6337e166b0,eb3f94c0c26a1f25
dataset/gray_blight/image_0_1952.jpg,2,gray_blight,256,256,6420,True,False,False,False,,a58105b1cf395dac5bac65e77ef3199bdb09a8d8ea951e05081c9275668836fe,fa80957f6221c796
dataset/red_spot/image_0_3080.jpg,5,red_spot,256,256,5357,True,False,False,False,,83901a5646008012027628bec00a7948f7c2ba707b7b36de4dd0fdede954aa46,bd95c06a25967a99
dataset/algal_spot/image_0_2680.jpg,0,algal_spot,256,256,6877,True,False,False,False,,ad8db9e6e0385d156381a5fb45f7688f63cbb99f8f41ad564b9ba88b1f503d59,b8b895c3aacd6632
dataset/algal_spot/image_0_642.jpg,0,algal_spot,256,256,5084,True,False,False,False,,ee5bafabb1d9ac1c279b6252ff7f8fea8f2262648f440a5da17e5df94ce262e6,a98286372dc3971f
dataset/gray_blight/image_0_3506.jpg,2,gray_blight,256,256,5940,True,False,False,False,,5f46381d9a851efe188774fe568d0b75466b53493f68df4c06adfa341e50f1c2,f4459b929131676d
dataset/brown_blight/image_0_7397.jpg,1,brown_blight,256,256,6065,True,False,False,False,,8800870e8e6f5587fda5625ecc59b67e85a21e9f07174451a90e5f8afd72cea8,e8bd96c2613d5c26
dataset/healthy/image_0_3356.jpg,3,healthy,256,256,4637,True,False,False,False,,35ed65dc5312aef6bd2e85151c141bfa96d886059af869186829fb9d24228aeb,eac0953f6ac0a58f
dataset/red_spot/20211205_161432.jpg,5,red_spot,256,256,5111,True,False,False,False,,91768698de2ba84deff4228bedf3264096440065cf993c1536f66516e1ef2288,fec2c13d6ed0b441
dataset/healthy/20220101_094139.jpg,3,healthy,256,256,4790,True,False,False,False,,19b5800df389a73a9a88a3b1d0621807275dca59099c0e1aa709bbaadaa61f88,afc0903f6ae4875a
dataset/algal_spot/image_0_2233.jpg,0,algal_spot,256,256,4934,True,False,False,False,,0122e790288dddc67bfd71f3415dacc7518c257f834a15d33c59a15706e8265c,aa95c46a3e95e0da
dataset/helopeltis/image_0_3014.jpg,4,helopeltis,256,256,5815,True,False,False,False,,f19af4a12161b9b183e4648b53c947f3f7a8eb1a1531cf8d8f02c7a2e0dafcf9,bf9fc0602f35309a
dataset/gray_blight/20211227_154120.jpg,2,gray_blight,256,256,4563,True,False,False,False,,b2d3f2123062c3618429100f8c361f6019ded8bdd042fb822ebd54660dcf43a4,fbc1843e6881977a
dataset/healthy/20220101_103455.jpg,3,healthy,256,256,5745,True,False,False,False,,5ed4e159b7c045db73667a4a325fa62748e819422532629aa2e172c6c33f9486,afc19e34e133664c
dataset/brown_blight/image_0_9061.jpg,1,brown_blight,256,256,5932,True,False,False,False,,d8419c443c56e43cb56d28fb88d8df4f78a4cb591e795f9dee10149333e6e8c0,f59cc2613d1e23c9
dataset/red_spot/20211225_224558.jpg,5,red_spot,256,256,5117,True,False,False,False,,733f1b8cba1d3a99ec5d64ab93eb7edab4edfa03326ba2ae8fd765c1989b8732,aac5853a6ac5b51e
dataset/brown_blight/image_0_4955.jpg,1,brown_blight,256,256,5192,True,False,False,False,,9c42660ac6e34b6079e379fabace327d7ee0fe462de55c2816dc66bdeaa93e6f,ffc0c03f6dc01387
dataset/gray_blight/20211228_154826.jpg,2,gray_blight,256,256,5053,True,False,False,False,,0de58a3fde5b60a18d0845a7f20e61bd4719973e6afef2e6a35fc090b845f675,ea2895953a7ae1a5
dataset/red_spot/image_0_1803.jpg,5,red_spot,256,256,5944,True,False,False,False,,bc35bcd53f368cd015871634be39bb35203519f0df47548510cb5eaa67986717,be95c06a2fa5329a
dataset/helopeltis/image_0_1699.jpg,4,helopeltis,256,256,5791,True,False,False,False,,04725f843ff1b86de88e4f7f119ba4222b4d12d4b3021df4f9cfebea8cc8bc3f,ad92c22f1d76b2c1
dataset/gray_blight/image_0_1700.jpg,2,gray_blight,256,256,5205,True,False,False,False,,7ea12a1f0ea3e5fba4aff677701b7ac7af162cfb063fa26445340b4d4d278d4c,b098cf67389c3399
dataset/brown_blight/image_0_7715.jpg,1,brown_blight,256,256,5565,True,False,False,False,,6b2c05eef6886adaba76a227692901110ea6ebf48f9fc32ece77ede9efa811f9,f86bc2963d493266
dataset/brown_blight/image_0_1963.jpg,1,brown_blight,256,256,4956,True,False,False,False,,5dfc670ffa2a1afd6b299d55df60f8f4032dcef58415a7affd2bd557a3f33f8b,e89a95657a1ee590
dataset/helopeltis/image_0_932.jpg,4,helopeltis,256,256,5618,True,False,False,False,,104750e9b1a0a0f697c5381cb9f1bb1cb862d5cf374e5549244e3b35aa3d6b6a,eab595ca683d46a2
dataset/algal_spot/image_0_2994.jpg,0,algal_spot,256,256,5927,True,False,False,False,,a5cf251fb14fca1f17ae10496d6c35a45e52075980160e488bc42b83308067a4,ff40953da0a327cc
dataset/gray_blight/image_0_2038.jpg,2,gray_blight,256,256,5242,True,False,False,False,,adb35009687030de49fb96cb2d566ea2ddd3da692095ff4311ebb960f812fb77,eb9480623faee0d5
dataset/healthy/image_0_553.jpg,3,healthy,256,256,6113,True,False,False,False,,889fc5f4947ca96bc5d2b787814b823417e4fa14b966cee6a6c9aa229e4d58b7,ba95c06a3d177299
dataset/healthy/image_0_1363.jpg,3,healthy,256,256,6118,True,False,False,False,,4cf6f0047224980a4cb6b736553503058b3ebdb00f7656c878b705ff5992e616,eb9685291e62f18d
dataset/healthy/image_0_3729.jpg,3,healthy,256,256,6019,True,False,False,False,,8f84040b776db17e1a28802fc8a43eb9fd7a892ed4d0f4b1fe944fedde97a80d,abcac23dd89037c3
dataset/brown_blight/image_0_4345.jpg,1,brown_blight,256,256,5184,True,False,False,False,,cf3a3794594018563b4de78cf68a03be1d12759dae6ac630e117611034546922,f492cb6532184f97
dataset/healthy/image_0_2368.jpg,3,healthy,256,256,4718,True,False,False,False,,139f7658f4ebb803a1d4de9818156aea132b71b4cd7d6c676f884e483741426e,b0c6cb38cd31672d
dataset/red_spot/image_0_452.jpg,5,red_spot,256,256,5446,True,False,False,False,,f6ef163330019e74d9186d84cbe8ef47ccb5d0d313b3d9dc077129a04be67a0b,a1969e6d349a6b91
dataset/brown_blight/image_0_6285.jpg,1,brown_blight,256,256,5799,True,False,False,False,,ea9a9fc78907daf70ea25b4a6a048fd320811f369761d9487f94db9d9f25f385,febc83432d9e5230
dataset/brown_blight/image_0_7940.jpg,1,brown_blight,256,256,4888,True,False,False,False,,87031ac93096aed312b96b8941838f333f1b5838d4718816e466d80641aadca6,eb8b963461cf18b1
dataset/red_spot/image_0_2057.jpg,5,red_spot,256,256,4923,True,False,False,False,,ba4d7ed28f08afa7ffe0e7d7c8b4b050408aa0c9f7ed244be95040ff350c1488,bfc0c00f2ff4b483
dataset/algal_spot/image_0_238.jpg,0,algal_spot,256,256,8948,True,False,False,False,,62b67f2b74bdf423d251026218c6b9926c671eb70fadb2c74a2d03245e5e8a51,ee6ac1850bdf3560
dataset/red_spot/20211227_160039.jpg,5,red_spot,256,256,5278,True,False,False,False,,0b8f1e016769c0ae40563ea5e9dfd55e7568b9d931536c965a205bde1b360dfe,aed2912a6aa5a5da
dataset/brown_blight/image_0_8675.jpg,1,brown_blight,256,256,5279,True,False,False,False,,33b2e942217a22008b380567759ab378417572e1b7389c2058fa63c7f4949eca,a1969e6b6194cec3
dataset/healthy/image_0_3659.jpg,3,healthy,256,256,5285,True,False,False,False,,1e09cd5dd71b8ab8d03edea053e7dd5dcda4c6e7b91eb08524ce2f5667cbe0c2,e1ed9e924c1933c6
dataset/brown_blight/image_0_2879.jpg,1,brown_blight,256,256,4288,True,False,False,False,,bfd4d92932aae9aa914c58b9cf6941b4645d01c0e487135c20465f42fad2610c,ed8492796dc6c619
dataset/gray_blight/image_0_1023.jpg,2,gray_blight,256,256,5583,True,False,False,False,,d5fab433311788840e82ce67b00686212b46481af4542f52168888d27e2a49da,ae6ac1953f6a7025
dataset/gray_blight/20220101_114447.jpg,2,gray_blight,256,256,5763,True,False,False,False,,bd37f59eb7b658c5f7aaf5b7c43b13b0b9e19fd5045a5e05c0496a4093d7d189,ff3d94d04a0f0535
dataset/red_spot/image_0_576.jpg,5,red_spot,256,256,6126,True,False,False,False,,fe5b3163cdd5ac12d152afd16545c48f5d66e142eea99d6ba91b241f0aaf052d,fa4880af1fd47c4a
dataset/helopeltis/20220101_093843.jpg,4,helopeltis,256,256,4620,True,False,False,False,,54d51679d47f9e6fb11f6ba6a04c9cd5657bf069ef67ed27e8af85f08cb668d5,acc3963c6bc1955a
dataset/healthy/20220101_101623.jpg,3,healthy,256,256,6578,True,False,False,False,,7aecc052882b6b464b50b52099fd554f757fb56eceb7171d164e4a76ddd803d2,a19b96c9cceccc26
dataset/helopeltis/image_0_3119.jpg,4,helopeltis,256,256,5614,True,False,False,False,,c03d13fefe9363fd3d0c65ae660963bf87a22fc3d95e203d5649137319f0e216,ecb4d349353e62b0
dataset/helopeltis/20220101_105727.jpg,4,helopeltis,256,256,4701,True,False,False,False,,b2edcc25bae91fa9a8d794f58069a30281f8af43267295e80964eef558a3e8e8,f659c9663318cec1
dataset/helopeltis/image_0_3285.jpg,4,helopeltis,256,256,6868,True,False,False,False,,0800920cb59b948d5e4ebf559abe70a5faad7d0f0ca133b75f977f06e5814b97,eb95c0683d2f329a
dataset/gray_blight/image_0_2144.jpg,2,gray_blight,256,256,4837,True,False,False,False,,aa1ab868b26772e5dc842ab1abbd92b2810321919c1c7d7b656d1803b69c2f38,bc92c36d3c9ac165
dataset/red_spot/image_0_2519.jpg,5,red_spot,256,256,5731,True,False,False,False,,466f8cbe0938393a1bbe7ad900491780e529da84d209939c1000bccac2610028,bf9ed0e04a87251e
dataset/red_spot/image_0_2887.jpg,5,red_spot,256,256,5260,True,False,False,False,,1af7c1dd8f7f5e84a102aa5a2d28fc7cc03b2a72fa55847837db4556120fd31f,bcbfc1c04a8f253c
dataset/helopeltis/image_0_3012.jpg,4,helopeltis,256,256,6164,True,False,False,False,,7619c970dbe2d1a8851a4ae059fdf0a0a51241f3b5b67eac92cf5d0d011a56b2,bf96c160361f319c
dataset/red_spot/20211228_125127.jpg,5,red_spot,256,256,4790,True,False,False,False,,ce9ba3dd8759b124abcb368196c8fe1e1c317fabe8dec77c99f61545433ba9c9,eea8d0b13a5ae0ad
dataset/algal_spot/image_0_3947.jpg,0,algal_spot,256,256,5585,True,False,False,False,,5aaabce66d316a9f9e6f064d55fbcc655103e064ee7b33bbc49ee238cb0876b9,b4c7c91ac839c739
dataset/red_spot/image_0_1084.jpg,5,red_spot,256,256,5193,True,False,False,False,,f70bbc2060e68e4d3d2a6aaa5cef46fc58dbf6bcc6a97902a7d1df52c3afc548,fac0d13d69c2968d
dataset/gray_blight/image_0_1270.jpg,2,gray_blight,256,256,4868,True,False,False,False,,3cd19a02d583b7aac721b7a7f5de0500bcc87ae54b007d369f5366c7f1c36a57,bd9ec361341e0b99
dataset/gray_blight/image_0_1415.jpg,2,gray_blight,256,256,6003,True,False,False,False,,62160bbac2819e9a349254d0d8f06992ad2729eb0ce69d9f6be7973b07eda580,bee2c0972de83266
dataset/healthy/image_0_1704.jpg,3,healthy,256,256,4677,True,False,False,False,,6054b48b33f7d239554387d771ff3d2b4bd7ccadf65eeb81ca2c9b512e15b197,e1cf9a30e56a4c99
dataset/healthy/image_0_1543.jpg,3,healthy,256,256,6062,True,False,False,False,,62c45df23ddc9b5b68ed364b6ae1850e1e30376367623e3e208f91968d62940a,bd9ec261340f339c
dataset/red_spot/image_0_203.jpg,5,red_spot,256,256,5344,True,False,False,False,,f379903f152ff38c9c3773f9b1c1e0e8da6a8cdcd08bff1204b98b46c648085d,b8c2c52d38d2b5cd
dataset/brown_blight/image_0_2670.jpg,1,brown_blight,256,256,6648,True,False,False,False,,7df62b5c3c487f97e6288f0c71c143c91ad38fdc59809f10b7caae8934851414,bf1ecce070972358
dataset/healthy/image_0_517.jpg,3,healthy,256,256,4253,True,False,False,False,,d49807f1e2c30bd59281262916740b51c9332159b2ff7fcb9fe985a0773201a7,e8cb9634614b6ecc
dataset/gray_blight/image_0_1262.jpg,2,gray_blight,256,256,7337,True,False,False,False,,b01412b41393a9bf612af58e3a6367e7419b029af25cc32dfe0d69352dd4c59b,eac2953d485a674d
dataset/healthy/20211231_174942.jpg,3,healthy,256,256,5543,True,False,False,False,,169d3a23ccbc509f795b96290c1ab808c6ba9b61c71ceab4d2736bcfbec93981,bb90c06f2bb4b44b
dataset/algal_spot/image_0_3652.jpg,0,algal_spot,256,256,7416,True,False,False,False,,e83bdede1a104a431866f5f3a13f614d20199e361e50a7199479fdd34410bf62,fa6ac0841f9fb468
dataset/red_spot/20211227_162141.jpg,5,red_spot,256,256,5635,True,False,False,False,,f393cab5eb86e69de1e1fc857e1927b297cd56eecd137e6b6c5070b09ba8d3ef,ff8a90354f722c89
dataset/gray_blight/20220101_115345.jpg,2,gray_blight,256,256,5782,True,False,False,False,,bcfeb677da8f9cf960bdf0a14a80d11d7b620fe549035b903aa14b002b3b2260,eab595420aad7536
dataset/gray_blight/20211228_140108.jpg,2,gray_blight,256,256,4921,True,False,False,False,,b3ebe80281b3b06960016b1cf486375c3246015ea670bf37848acbd44d337a03,bfc0c03f6bf0b481
dataset/gray_blight/image_0_4246.jpg,2,gray_blight,256,256,4930,True,False,False,False,,91c3aa0a827ae59714657eff696e9161eff6b39be79250f76b59841d19f38fb5,ed82d02dc7d01b67
dataset/red_spot/image_0_1297.jpg,5,red_spot,256,256,4781,True,False,False,False,,a98477867de7c979a28495066a7e53dd1ff2f822327c6738456ce3063c8987ac,e883973c78432fcc
dataset/red_spot/image_0_1533.jpg,5,red_spot,256,256,5966,True,False,False,False,,a6a2b1775d5256e173d9979ac3a329e2f64cd05cb077b9a85586e5754c31efb2,b0679296cc9b9c99
dataset/red_spot/20211227_162350.jpg,5,red_spot,256,256,4902,True,False,False,False,,3d8385232b43e0418499baf6745054f25dc27f1e8b67aed9796d21e4a18da466,bfc0c03f6b70b483
dataset/brown_blight/image_0_6894.jpg,1,brown_blight,256,256,6609,True,False,False,False,,6f9aec34dd4246496d7d73a6689d0a4e19edfcf0357e5e186dae5446c1227a2c,ea9597c2313d4693
dataset/algal_spot/image_0_2995.jpg,0,algal_spot,256,256,6848,True,False,False,False,,4c2eb56f75f064d7d5b86b4820fffe394cd5eebcbb55b35a84ebbbea3400a8f6,bbbf94e04e872138
dataset/helopeltis/20220101_102303.jpg,4,helopeltis,256,256,5313,True,False,False,False,,027112af92cfb739133fa4c93684c8745b8314c846c00481331ae41fe9f64e63,aec0913f6af035ca
dataset/red_spot/20211225_231828.jpg,5,red_spot,256,256,6076,True,False,False,False,,15c9427094ebc9eba9e9f4845aa8378880bb36a8d6c8b2895c5939b15bf28062,ad1ad0e53f5a6035
dataset/healthy/image_0_829.jpg,3,healthy,256,256,5257,True,False,False,False,,97039206a362cdfebc4287da9d94481ac2d950b42559857dec969bfb953c3366,acb293c9649c3e33
dataset/algal_spot/image_0_620.jpg,0,algal_spot,256,256,6608,True,False,False,False,,914bb03cf74fdd281cce9e7edcb1912d2a82ae066c09f35d0453196127713708,be95c06aad47321d
dataset/helopeltis/image_0_4218.jpg,4,helopeltis,256,256,5457,True,False,False,False,,dab48ec0499210260a51c3348efd24e76a993ae76e2d46953c03904a65e31d1e,bec0c79e31696346
dataset/helopeltis/image_0_547.jpg,4,helopeltis,256,256,5635,True,False,False,False,,ee6b58450f207efd6ed63737c4a2c1e1285ab856838a4e14ba9706801e062ea9,e33198ce878c66b3
dataset/gray_blight/image_0_3972.jpg,2,gray_blight,256,256,5367,True,False,False,False,,18bc05ce09f24d8d9247b52190773050cf53e4000766f2c0e8c3dc1502b7a38d,bd96c261b4263b9c
dataset/gray_blight/image_0_217.jpg,2,gray_blight,256,256,5762,True,False,False,False,,c26214da7fdef65ef8b98b77aee13d521454be33340f21926bb49d21d601308d,a934964b353c36b9
dataset/healthy/image_0_3490.jpg,3,healthy,256,256,4819,True,False,False,False,,e12b70fada9b5b189589f05f8c64920edb13c3407a62e7094db40c66080a91e5,fac0953e68c39798
dataset/gray_blight/20220101_114152.jpg,2,gray_blight,256,256,5466,True,False,False,False,,f2f3b4ea344eff2ee0357cfb8929ffc80531bbcccbfe1289162864f167919628,fb9784683e87c0d8
dataset/gray_blight/image_0_1059.jpg,2,gray_blight,256,256,5250,True,False,False,False,,f1793773ccf71361cabd64e88fe0696b166a35a0ea9644934b9686562a199386,e8cf96306b4aac99
dataset/brown_blight/image_0_5960.jpg,1,brown_blight,256,256,5238,True,False,False,False,,6ecc7698c9a5a08ed54b94224de772fc642b8d3b0760e310054b83675bd15821,fcc3c33c3cc3922c
dataset/gray_blight/image_0_1507.jpg,2,gray_blight,256,256,5002,True,False,False,False,,f7bdfcd57e1df71f77856dc93df1a23eee5eca1080bca03d31672a87a18aaab2,e8b0974b78b56632
dataset/helopeltis/image_0_3528.jpg,4,helopeltis,256,256,5209,True,False,False,False,,479a6d5a95d18f1f507e48bb34cbba4aa5c6bcdf86fc4ae3301a04afbde9b33c,e3219cde63399c46
dataset/gray_blight/image_0_2007.jpg,2,gray_blight,256,256,5731,True,False,False,False,,30a8a59d8c54255e2841d798ba9125f8a2b5ca6403a4d4032493f339f3a3ceff,bee8c197346863c6
dataset/brown_blight/image_0_4300.jpg,1,brown_blight,256,256,6370,True,False,False,False,,0e722f1b5ad638963dfa0ea3ea479cd7f69dd5de8ae0898fc1f2db248b6893f0,f2b98d4621b95a39
dataset/algal_spot/20211227_140320.jpg,0,algal_spot,256,256,5018,True,False,False,False,,45da9026fa838bcdef5df746494559fe22b998824f636a407609d1a06639e2ca,ff88d02d2bd0b48b
dataset/algal_spot/image_0_3645.jpg,0,algal_spot,256,256,7837,True,False,False,False,,522465d04097c64cb9f8c33e226c8d9926e3ec33863a512be4beb51f0f18552f,bf94c06b6f341ac2
dataset/healthy/20220101_093432.jpg,3,healthy,256,256,5710,True,False,False,False,,ac17ed575957a5914528c6bcf7385294b44e94f5abe3f3ae8e90c2053a5eb965,af90d02b0bf53dc2
dataset/helopeltis/image_0_3521.jpg,4,helopeltis,256,256,5653,True,False,False,False,,53a04786c7f8a4bc71e9124e0cb37c7b57b29a82a77acf8f37cea20168f87f1e,f8c395344a72658f
dataset/healthy/image_0_59.jpg,3,healthy,256,256,6839,True,False,False,False,,7078164190bffbf3956f2da5dabb537515073c38e3cae83d5ede63052b0e5967,eb60953dcad025cb
dataset/healthy/20220101_094609.jpg,3,healthy,256,256,5382,True,False,False,False,,b2d28f7d300fefb7c561b7990e09ac30a47f312a7a6cc037da3cf50783389212,af3bd0c42f0bf064
dataset/red_spot/image_0_2418.jpg,5,red_spot,256,256,5608,True,False,False,False,,d04baaa2df074dfac4bc0bf87f6106aec76042a6e858556d0117d6cb89efc1a1,ab9795483c257393
dataset/red_spot/image_0_2043.jpg,5,red_spot,256,256,5498,True,False,False,False,,060f70d886b86333af5bfff20b847f15df29d3a3a4a514e5f355b1b17e869f31,af97c0683d13328f
dataset/helopeltis/20220101_104947.jpg,4,helopeltis,256,256,5027,True,False,False,False,,652e70b26180e506f41576524d617a7ad0d4a027668498bbfdd9dffd70ed3440,eb35954a6a3885c7
dataset/healthy/image_0_1452.jpg,3,healthy,256,256,5140,True,False,False,False,,c3970c839c750ed2c3b91584e78e604e2777265630038a93828e963c19959fb8,bf97c068b4263399
dataset/red_spot/image_0_2802.jpg,5,red_spot,256,256,6192,True,False,False,False,,e5e41348d1fc5d6e04d23b5b98f70a5e063478ce79a56895d95e0c02020414f7,a8ca973569c266cd
dataset/healthy/image_0_644.jpg,3,healthy,256,256,5037,True,False,False,False,,66ba078fa944a322870adde346d497694e43a773bb97658a8cc52ab5b5fb12db,ed9292693db4c28b
dataset/healthy/20220101_085913.jpg,3,healthy,256,256,4985,True,False,False,False,,57b43b53b8385fbf40d78797c6d45ecf6ee2ed1af2c92274e2beae07c06076b7,ff80c06e3ba0f0cb
dataset/brown_blight/image_0_5581.jpg,1,brown_blight,256,256,5993,True,False,False,False,,09f42394bfddf8210336d9a324bf4504a65542977b69cac3954aabcb59c4cfa7,a4c79e1869c7963c
dataset/algal_spot/20211227_154155.jpg,0,algal_spot,256,256,5227,True,False,False,False,,a3a16cdfafec2a3bcfb099bdb3e0389fd9ed4aa84a78c210ed443a16d821a469,ea80953f7ae0a50f
dataset/gray_blight/20211228_132704.jpg,2,gray_blight,256,256,5022,True,False,False,False,,ef03b95e6a9d07fe0f5d0cd6e8fad1e2a398fab41281b4196d12e8f7306510e9,ffd080293ef0a18f
dataset/brown_blight/image_0_8480.jpg,1,brown_blight,256,256,6826,True,False,False,False,,c4de90c9fa1171b84cbed44af63769af4fd846944bcf9d84136911c126c3bdbf,e1cb96bc18626967
dataset/helopeltis/20220101_121243.jpg,4,helopeltis,256,256,4530,True,False,False,False,,935901e135c753188578232c11e8b948e06d5d2558964add9ef323dadf1188c6,fd81d23664c91bb2
dataset/helopeltis/image_0_486.jpg,4,helopeltis,256,256,4980,True,False,False,False,,578d895d606bdbec54fdcd50cdcb8bb1d4a086ec1a151d630efb434bc973d33a,b4c3ca3c61c39e69
dataset/red_spot/20211227_155546.jpg,5,red_spot,256,256,4941,True,False,False,False,,a04a36fd944817ebcf5009a6ea28cb1d0c34b3fffb295ec980f34fd4e678a3c5,ebc8953f4af02583
dataset/algal_spot/image_0_3435.jpg,0,algal_spot,256,256,5850,True,False,False,False,,90d07205128708e381c37a4c6ad3a43d95eff0afbf4b9783b99e9ee22719658e,fa95c1683f8550da
dataset/red_spot/20211227_161046.jpg,5,red_spot,256,256,4974,True,False,False,False,,80183136e1908c0ac67a71d6ccf61629a2ad1b12e2b0d932ccd896055f9a9f3d,ff2ac0852f5af025
dataset/red_spot/image_0_1121.jpg,5,red_spot,256,256,5253,True,False,False,False,,ab7fa687e92d5b710bff9c3d6eb48570c6b5899e4e799fa084ab73b6b4719da5,be9f81c06a37351a
dataset/brown_blight/image_0_5363.jpg,1,brown_blight,256,256,6585,True,False,False,False,,4c4448b7f740242bbdf057ac8a32c6741eccc505fe4c67f7db0256f2a4456476,eec8993660cb1ee8
dataset/algal_spot/image_0_1480.jpg,0,algal_spot,256,256,6382,True,False,False,False,,7f084756e57d2d22bda7e72f32265c2ecfc6e88cc06a0bd321493e6b6b362010,bf3f80d05acba125
dataset/red_spot/image_0_2462.jpg,5,red_spot,256,256,4684,True,False,False,False,,a249fab8e602e75e48c27a89421d9968200be1b90461c20fde0a37d7917d1c5b,b498cb65349e63c9
dataset/helopeltis/20220101_100939.jpg,4,helopeltis,256,256,5115,True,False,False,False,,3d74f567fd63cd30cce929f119c493fe92b11aa014a00c855922e1386941fd1a,bac0953e6ae0a58f
dataset/healthy/image_0_1018.jpg,3,healthy,256,256,4904,True,False,False,False,,880242de2dc2d6858fb534e231a56538c01eb5de600267b84c57d958cd378ff6,bac2953f684227cd
dataset/brown_blight/image_0_3837.jpg,1,brown_blight,256,256,5000,True,False,False,False,,dbadc8d0455547f10d0b7649aec1107dbea0c74a4f70941a7bac8b14c227efb8,ef8a90356dc83a36
dataset/brown_blight/image_0_9866.jpg,1,brown_blight,256,256,5187,True,False,False,False,,2bf0014491d4df1478d13d126c09e4c332928186826a70b0b9c5097ed9370259,b2ecc9939c19d323
dataset/brown_blight/image_0_7756.jpg,1,brown_blight,256,256,5698,True,False,False,False,,e9560ed68a8f2696307e844964993dde1113b60d7daf60b09765875e659e9aa2,fd96c261341e6399
dataset/gray_blight/image_0_1963.jpg,2,gray_blight,256,256,5496,True,False,False,False,,4009c3c1d5ff831bd078de5e8873e65922b738cf9742eea073b5cbb90b7cbfaa,f28d85326aa1b1de
dataset/healthy/20220101_101505.jpg,3,healthy,256,256,4739,True,False,False,False,,8f52ab51edd3fd7a5dff6cc028bf955d3bef4560586172d9bf85aaf16b5f2511,ab6ac0953f4a7227
dataset/algal_spot/image_0_520.jpg,0,algal_spot,256,256,6560,True,False,False,False,,f18276bdaf6e629bde15c6f9aad33f124c8592815237c07551c37bebe6a6b000,b9c39a1ce033e72c
dataset/red_spot/image_0_2679.jpg,5,red_spot,256,256,5030,True,False,False,False,,b678e65170ea2151eee3bad5a83c7b9ff84b565896f283c5bc699d377880ee37,e894c56a1ea5f0ce
dataset/red_spot/20211225_232159.jpg,5,red_spot,256,256,5224,True,False,False,False,,efed1f6bc6fbf63adb913439b51a8a7366c26b33de0516e385305e04233b9c8b,a89e95697a86e558
dataset/brown_blight/image_0_8496.jpg,1,brown_blight,256,256,5468,True,False,False,False,,4fa69eff12d421ae320abc0fc08ef8ddce88e9904147a09b3b13fe50cde46ebc,ff94c0693f87e048
dataset/algal_spot/image_0_2811.jpg,0,algal_spot,256,256,6660,True,False,False,False,,0a32984ee063cd9193f582186c0d9c2c2322f1a3f8bf5ad3b94efc99d2580c99,ef97d4e07a2d2190
dataset/brown_blight/image_0_2028.jpg,1,brown_blight,256,256,5249,True,False,False,False,,f5adec7aa931322335a5ca2be635e7e9368e6e6e490872b167198caaa3f986bb,f947c63a61cd1a92
dataset/red_spot/image_0_1708.jpg,5,red_spot,256,256,4978,True,False,False,False,,9d55e180af7eae22eec94ff93422caad775d52ec8a2e9133bad9dcafe143c05b,a1d9ce6532363399
dataset/gray_blight/image_0_2785.jpg,2,gray_blight,256,256,6444,True,False,False,False,,58e4858e3841c4922f55ada00b14b306d4fbdcec674eb316b47208c984891989,fd9ac2691c3730b2
dataset/healthy/image_0_2793.jpg,3,healthy,256,256,5049,True,False,False,False,,5729a6ed02de92c7f93e41bdc17203fbe7d638e298a0508ea3ca71551c49d807,ef90d46f2b90b44a
dataset/helopeltis/image_0_2129.jpg,4,helopeltis,256,256,5175,True,False,False,False,,deea05a6e98bc9a1b0968e4f99f6195b8291a4238ddfcc90dc763c2d95dae21d,eac2953c4ae32d9a
dataset/red_spot/image_0_52.jpg,5,red_spot,256,256,5019,True,False,False,False,,50338da897b1f65830606d72764c59cf889d39e8dcea45827de4f5042f91fa59,a59acd67b2643319
dataset/red_spot/20211225_231033.jpg,5,red_spot,256,256,5400,True,False,False,False,,ec14e5facb35cbcc4bcc9ce4890e56fd475a505bcee77721dde04fceebcd9190,beb0c10f2fb0b04f
dataset/algal_spot/20211227_101738.jpg,0,algal_spot,256,256,4280,True,False,False,False,,ebab6a5221759c42217eddb0d20f29d74abf19e1888a505a075924f49890dfdc,fa8295386ac7953c
dataset/healthy/20220101_120532.jpg,3,healthy,256,256,6007,True,False,False,False,,8bfe1d6e4ef336b4387e69fc407e4dd440ea0099341ea12ab5d86c78e25e7025,ea8a953d1f7068c3
dataset/helopeltis/image_0_812.jpg,4,helopeltis,256,256,5759,True,False,False,False,,01c14b5d0c660e1e49f8c611153d2ba95a8c3b3a15b181e237fd3a0e26abb657,ae9783683d346693
dataset/brown_blight/20211226_001551.jpg,1,brown_blight,256,256,5696,True,False,False,False,,9779573df70be44ef48f54fb415f80e7892315cdab2892f7351acc4e2381d30d,aa9695697ac0e51e
dataset/healthy/image_0_2150.jpg,3,healthy,256,256,4500,True,False,False,False,,a4944741bd1ba40848fdf183d63cf2ac9a4e9140d21a5f965e9890f84055edec,a89cc763319c6b99
dataset/brown_blight/20211226_003014.jpg,1,brown_blight,256,256,5764,True,False,False,False,,01dd7d91ceea20683c98c966f39fea257fb5a20f40926866265a42d0d47b8c73,bac985367ac9a11e
dataset/healthy/image_0_2231.jpg,3,healthy,256,256,4748,True,False,False,False,,2c194bcaad69cab3fb10beb47a3c7b096eee4306bbc599b31f3db7a5c6dc191a,f8c795304376cc99
dataset/red_spot/20211225_231159.jpg,5,red_spot,256,256,5461,True,False,False,False,,0f99efef0fd62e57a7466f33814fc6d4044d296c2bceb5a23d12c71b058d41c9,b8bd85627a9da152
dataset/brown_blight/image_0_1165.jpg,1,brown_blight,256,256,6242,True,False,False,False,,8f22604132399249ffcd924b41d0b7aaddf30bf1821fa51b0fdf42adce297162,bae0c49f786097b4
dataset/gray_blight/image_0_755.jpg,2,gray_blight,256,256,5328,True,False,False,False,,273e32d80fd3a567ba1fa9fe54e4cbb80c718113d94302a5ec1264b83de88bef,aa95c56a35907acd
dataset/healthy/image_0_1154.jpg,3,healthy,256,256,5250,True,False,False,False,,a49be79547bdc009a9ba39a58f0cafd7ec642891334b9c16b70bfc6825bb2a0b,aac0953f7ad0258f
dataset/brown_blight/image_0_6870.jpg,1,brown_blight,256,256,5606,True,False,False,False,,33b853cc624783398983956bf86203a27456103bc9970f0e0b9dc89640983a34,f49acf65301d8ec1
dataset/red_spot/image_0_1811.jpg,5,red_spot,256,256,4462,True,False,False,False,,683b620f07e8ef2ec89bdf2d8ad125b92ca0e951faf51a3b095ab0c69d77ee70,bd9ec360349e691c
dataset/red_spot/20211227_162540.jpg,5,red_spot,256,256,4900,True,False,False,False,,bf7b095acb0e77f8f911640ad9b0402453610716ed34fb16abb08247af9efd64,fe80853f58e087d6
dataset/brown_blight/image_0_2141.jpg,1,brown_blight,256,256,5968,True,False,False,False,,4e72a52b9e8e03e4cdf46f065d92435246208cfb09d52d4c82edf980d83d44dd,afc0d0376ada9585
dataset/brown_blight/image_0_566.jpg,1,brown_blight,256,256,5723,True,False,False,False,,783649832d466a5429d7c90161960827634c32e0bb6ccc78a4e4c61cc0013793,e34f9eb03147664c
dataset/algal_spot/image_0_3560.jpg,0,algal_spot,256,256,4881,True,False,False,False,,d2470b1c645a813e546992cf55a15340370d7c9cdf3751bf87cd720e8fe2f0d3,ad3c9ac761906e33
dataset/gray_blight/20211228_133446.jpg,2,gray_blight,256,256,4371,True,False,False,False,,52e480fc9d3b3e54c5578c671d6f755596fd33f5e0fcb27390d657c852db1c69,ffc0c01f3f60c097
dataset/helopeltis/20220101_102059.jpg,4,helopeltis,256,256,4724,True,False,False,False,,ebf9a3f5f1bbfe237d3ebd349a7e9c64142d1fc69b027e533445c01cf1b9fa8d,adc0923e69c396dc
dataset/gray_blight/20211228_153736.jpg,2,gray_blight,256,256,6091,True,False,False,False,,ba7b7e90eec26f7b5db3e983f9ea3a3de831ff7324659c3056f90c9ed3218fb5,f893934e4a3535d2
dataset/helopeltis/image_0_3268.jpg,4,helopeltis,256,256,5125,True,False,False,False,,43db3be1994563ee3f8d7e6948a958be8f518bd08ed4719a353e758219eb6699,a79cd0632f9cc4e8
dataset/algal_spot/image_0_2828.jpg,0,algal_spot,256,256,5581,True,False,False,False,,1438df51eab9290b01d017f76e6a85b5d629e2f91f5e995cb6ff4c3d3af7a609,aab497c3e92c3613
dataset/helopeltis/20211205_160209.jpg,4,helopeltis,256,256,5024,True,False,False,False,,15faef1db474529afccb96c227aaed36cb6f6522f6a6336c40dd7874e8f7352b,eac5957a6a85361a
dataset/gray_blight/image_0_2722.jpg,2,gray_blight,256,256,4736,True,False,False,False,,94a7572ce66d53aa54c487efb2bb6bd30eab291043bb56074dcc06de698d003f,e1cf9a30654b4e99
dataset/gray_blight/image_0_1035.jpg,2,gray_blight,256,256,6514,True,False,False,False,,bad26675e59f634fd3966f9eaa062979058b66365a60dd74cea22f0334ac0327,eec1913e69a08ad7
dataset/algal_spot/20211227_151543.jpg,0,algal_spot,256,256,4915,True,False,False,False,,a510685536c9481e9ab401df4800db696210aa0e6d14b04abc59e8973f3b6cb1,ff80c03f2bf0b483
dataset/brown_blight/image_0_8281.jpg,1,brown_blight,256,256,6392,True,False,False,False,,0d755b3b5c0b3d446e8976f0dafde8b89371e04b99c77e811147843bb4a26b65,ab95d4602a85f5da
dataset/algal_spot/image_0_665.jpg,0,algal_spot,256,256,6340,True,False,False,False,,ccc64512722da483f4685220e6d3fc8f75571c1a8fc2213bfb05084f7bf14c25,be9f9540e8a574b0
dataset/healthy/image_0_90.jpg,3,healthy,256,256,4385,True,False,False,False,,946f137b9aea7eeb460dfca205523d1a363dc2a3761bb02f644d012de0001bf4,b19ecf61309ec3c4
dataset/red_spot/image_0_2877.jpg,5,red_spot,256,256,5145,True,False,False,False,,4466a0eec06341c9c9d97c820cbf246c9c52c122e8822f4ceb88ab9f8ab1bd1d,bd9cd0c02f0f34bc
dataset/healthy/20220101_093730.jpg,3,healthy,256,256,5341,True,False,False,False,,bc340f2b00ca064329d57684d632602fe66f48cab4ff96d648d1d150bb1381da,bfc0d23e6863668c
dataset/algal_spot/20211227_153845.jpg,0,algal_spot,256,256,5678,True,False,False,False,,201cd0d5eb0bf9dfa26d330dbce2d6571bcb4bd67c20d0b256ebdff1466f323e,ff3bc0c00f4f7038
dataset/brown_blight/20211227_163611.jpg,1,brown_blight,256,256,4960,True,False,False,False,,a729d397af82ca718a3c82c2a57c88e076f20ad24d54d2dc88d2cf75998e31dd,ea80953a3ae1e59e
dataset/helopeltis/image_0_3060.jpg,4,helopeltis,256,256,5259,True,False,False,False,,49e9baece4581602ac33804bd63e2b6a39b5fe606e96d613873eb5776f504ae1,b4c3923cf1674b94
dataset/algal_spot/20211227_114530.jpg,0,algal_spot,256,256,5392,True,False,False,False,,a45c5db68bee74be4337b8701b2d0e4b5d288147b50796370f11513ef576139f,fe80813a6ff0b0cb
dataset/brown_blight/image_0_6545.jpg,1,brown_blight,256,256,5977,True,False,False,False,,e8ee456d40dd1ba4969be99ca040015b04b75f2389f98e6418f084703fa1c34c,e8968f6b313c1a8d
dataset/helopeltis/20220101_093652.jpg,4,helopeltis,256,256,5100,True,False,False,False,,521160668bc84f72a74107cee8b5c3c6ceeb8fe829010c3dfec779c32e44821d,eec095bd6a60658d
dataset/healthy/20220101_095308.jpg,3,healthy,256,256,4573,True,False,False,False,,9bf3ca4426bc849c8895fb2fd8bb8fa0265027f1915ed0726b0e7b22097321a4,eab295856a3ea1e1
dataset/brown_blight/image_0_6553.jpg,1,brown_blight,256,256,5462,True,False,False,False,,73a57f2d9c55b9691290bef463dceb9f40a20d21e038d306c6f0f99a7ea1953d,a59ace65311c279b
dataset/healthy/image_0_3660.jpg,3,healthy,256,256,6874,True,False,False,False,,c8201e24d4b7f86933d560e2eb64bb5504b85eafc9152e7ccf34ee5730f0841a,b4c79b9c99909993
dataset/red_spot/20211225_231920.jpg,5,red_spot,256,256,4862,True,False,False,False,,fbb73148ba27bd8c3a6bbe8aaae681757f0c4e11f084c289619d258cb92701c0,a08795786a87b56e
dataset/red_spot/20211227_162257.jpg,5,red_spot,256,256,5130,True,False,False,False,,2802300fbfc1b82ba4cce522aadfecd1b8fd482ef92219f0fe26b92f73b389de,ff80d0952b5ab4a5
dataset/healthy/20220101_093958.jpg,3,healthy,256,256,5245,True,False,False,False,,1b21be53d4a0a3f9518fbecda6210b25ccfd64f7749c6038158ffa50c0d91b8c,bfc0903f68f087d8
dataset/algal_spot/image_0_1662.jpg,0,algal_spot,256,256,8346,True,False,False,False,,f6773dfb84443a8b7244eed21d1384b5b5db41350a1602c19635f1bb08322fe6,eaced5210e766cc2
dataset/gray_blight/image_0_2298.jpg,2,gray_blight,256,256,7403,True,False,False,False,,9a182af8de6915a352fe9c0c214bf43def9caa4c207ed1dbf96f12b6efd80bc2,eacb963c993283a6
dataset/healthy/image_0_2467.jpg,3,healthy,256,256,4247,True,False,False,False,,c69511cd279692b841aa41ba7b4736e989a1b81e44add7efc2eb59260cfd3dc7,e1cf963069c3b4ca
dataset/healthy/image_0_2016.jpg,3,healthy,256,256,4173,True,False,False,False,,2c872e71027fed116b07dd64b747ad06ffcff16eaa838eb401aacdb72dc810eb,fd82c22d3dd2c02f
dataset/gray_blight/20220101_122052.jpg,2,gray_blight,256,256,5456,True,False,False,False,,54d6ddfb4bd2023bae4ddeca37c3bffcdab12a1889f126c91ddf7dfc030dfb08,ea8d85787aa760cc
dataset/red_spot/image_0_1069.jpg,5,red_spot,256,256,5270,True,False,False,False,,c1e84e6681d181a0799601e1a104d6bb81c13268e750fe91a9eb6ff188fe9301,e592da69301a6f93
dataset/brown_blight/image_0_1459.jpg,1,brown_blight,256,256,7178,True,False,False,False,,be8c1e104cab3f51fa5c1ae6835982ece020d2461f6de737b28a8dd66ee54086,fe4ac3373484856d
dataset/red_spot/20211227_160548.jpg,5,red_spot,256,256,4973,True,False,False,False,,e5b90af851722405f58f8df9d2d2ca4a2be5ce78d51f494bf21cd37ba2c62c97,fa80856a3ea5e0de
dataset/gray_blight/20211228_140543.jpg,2,gray_blight,256,256,4458,True,False,False,False,,b994df0af99c9c534f1da2bfd6889534ffc62024a480ae6bc22a8f39b96fcecd,afc0903f6ad03f4a
dataset/brown_blight/image_0_1391.jpg,1,brown_blight,256,256,4424,True,False,False,False,,65bf2110b4ca3579167bbec84388f9a7a85e042a519e5c3bbf407a4385ec9a9c,eae395946a6a8785
dataset/gray_blight/image_0_2961.jpg,2,gray_blight,256,256,5055,True,False,False,False,,41509847b59566451634a94e6eaf98d948c8179dcfee102016fe33976b827454,bfc0c03f6cc89785
dataset/gray_blight/20220101_115717.jpg,2,gray_blight,256,256,5093,True,False,False,False,,f5ffae8e74c22ea4592c544f320daed57a87d11618a92be36d3f3d0e73dc5d9a,ea95c06a3dc46a1f
dataset/gray_blight/image_0_2584.jpg,2,gray_blight,256,256,4989,True,False,False,False,,11c86b1d4f894be6b4468ed9c8d3b708ae14691d6c3afe01730b921df8113680,e8b49f4b21b45a93
dataset/algal_spot/image_0_549.jpg,0,algal_spot,256,256,4853,True,False,False,False,,33a34b639095aa223b68e9fef7a423342e20ca7c48b5d1ff8a04319a27701ffd,a9c3963c69c3169d
dataset/healthy/20220101_121201.jpg,3,healthy,256,256,4510,True,False,False,False,,ba7d55591abd2e5fa428955662084fa423c328feb2f6c6333c48906e9698f8b1,b9c0d03f29d0f4cb
dataset/algal_spot/image_0_2959.jpg,0,algal_spot,256,256,5352,True,False,False,False,,926c74a51cede774a60ded1af0408a714bb2e323f5289cd8c0824dc8e6347b63,fa3e85c05a0f2f70
dataset/gray_blight/20211228_135334.jpg,2,gray_blight,256,256,4926,True,False,False,False,,b5e49fa2fb5143b75c13950fc56d00cc993245fdbae68fe662ae062308f8bc5d,eabe85c13a1ee161
dataset/gray_blight/20211227_164325.jpg,2,gray_blight,256,256,4347,True,False,False,False,,1d8228ab8397246c2d33d6f7f67dc916c893a33e87726bada463ef20686077ea,eb80943f6bc0a51f
dataset/healthy/image_0_79.jpg,3,healthy,256,256,5113,True,False,False,False,,d098889ef680729e8cc44fa55137b75799174352ec4834bc6aab9c82c4061ed4,fac0953f4a70258f
dataset/healthy/image_0_124.jpg,3,healthy,256,256,4835,True,False,False,False,,8c959be374b73d8527d95ec0d93d032b115ee87605640539dd8e8c73eb709b7c,af93c0681f966a8d
dataset/red_spot/image_0_84.jpg,5,red_spot,256,256,5108,True,False,False,False,,4754e387c49aa5ca1a716bbc67a4615f7fadc0c02a63308347def53b5b6d7b15,fbc2943d68c2178d
dataset/red_spot/image_0_498.jpg,5,red_spot,256,256,5173,True,False,False,False,,63c8b6143b2cd9f779248cabcb8241c41c4619b6f5c17ee4751acfaae8d38850,f49ccb603c9ec361
dataset/gray_blight/image_0_524.jpg,2,gray_blight,256,256,4865,True,False,False,False,,5fdf9d386e2b71a257cfe7f046e6c05fb35747b9509ef953308d337bd1df06f1,febc81c07a3f84d0
dataset/healthy/20220101_092641.jpg,3,healthy,256,256,5004,True,False,False,False,,a0420d26a0b2cb2e689d6a2b31bda8b05cdd6ec07a85215c37726e2e8f61f805,e7729a4b992439cc
dataset/algal_spot/20211227_151258.jpg,0,algal_spot,256,256,5266,True,False,False,False,,b69e369dafe02f4d5fa738835148b49c9439643d2c77f67f1d3feee15a8404b7,fa80953d6ae0a58f
dataset/helopeltis/image_0_2465.jpg,4,helopeltis,256,256,5951,True,False,False,False,,a4ba0b7841bc6834d6b042fc73735af46c5e74fe2d9d72937c09db938456b4bd,eaca94356bea058d
dataset/helopeltis/image_0_3358.jpg,4,helopeltis,256,256,6844,True,False,False,False,,9f0e6c6d836492d560de8d3c126cc338e10ee5dd55777e6df7629d001e235024,b29cc56b3c2672d8
dataset/red_spot/20211225_231844.jpg,5,red_spot,256,256,6531,True,False,False,False,,4e28558937100ee21aba6332503ca1c48c6b9012dcbd8e5bbcd1b8e585e85168,aeb381cc5e3ae055
dataset/helopeltis/20220101_105717.jpg,4,helopeltis,256,256,4625,True,False,False,False,,8b19d1a87f835c99944381f5a2fcf6c14fd81a3f884903568c9c903cff3e6719,ed6696596936c5c0
dataset/brown_blight/image_0_3900.jpg,1,brown_blight,256,192,3499,True,False,False,False,,a0aa22bf212923105e0fadb3f9f2a07f8df952301292614bf26b1e24794e87a7,a1de9a7165c63079
dataset/gray_blight/20211228_140442.jpg,2,gray_blight,256,256,5012,True,False,False,False,,b3c379cdb4999cd776b6a997298100de862776aeac8462f8aa33aaa15e58fd84,aa82953f6ad4ad0b
dataset/algal_spot/image_0_309.jpg,0,algal_spot,256,256,6564,True,False,False,False,,c98e75eaa78d39e9d34be9fa44c6fac42faebd9224fb78ef32a3fa8655d9ead5,af94d26b3506329d
dataset/brown_blight/image_0_1543.jpg,1,brown_blight,256,256,6024,True,False,False,False,,fcaf1542b4d04d8637bc3b63ca5b03cd180b1c192d3afb503ba7db7945c148aa,b91ec76134945b39
dataset/brown_blight/20211205_160617.jpg,1,brown_blight,256,256,5361,True,False,False,False,,e56b7a7252bfa6c254d5160a505193da9622c6eac128a0f972ea4cba789c0a0f,fa87857a3e81c11e
dataset/gray_blight/image_0_4187.jpg,2,gray_blight,256,256,5163,True,False,False,False,,d34c091ca7eeefbe1388823d7a20fddb13381f22a652b930b53218e6483f9742,a9e9969631634e3c
dataset/helopeltis/20220101_104522.jpg,4,helopeltis,256,256,5099,True,False,False,False,,2acd134c3fe57c342eb81f8061ce88f3b6147a10173d2a28080dae0032f309fa,b89ac5617a9ee548
dataset/algal_spot/image_0_4297.jpg,0,algal_spot,256,256,5581,True,False,False,False,,77f7f9af1deaa3c939f2ec81914e6b300dba0b90da632593f23e826ed4ad2e7a,ea6ac4852a1af575
dataset/healthy/20220101_103944.jpg,3,healthy,256,256,4812,True,False,False,False,,d6e09a7e07c3f4e3c54f4ad86ef1da9872907e850b42601d2a8f0056b1a481a3,e1cf9a30e52b66c8
dataset/healthy/image_0_1288.jpg,3,healthy,256,256,4764,True,False,False,False,,1881245701609a494f9120c9e17486f530318fe1e5416b36c1a4003ac3e40926,bd96c0683596799c
dataset/red_spot/image_0_1668.jpg,5,red_spot,256,256,5473,True,False,False,False,,62f46501b60ed8d004a1bb8bd1e142dbef5dd24ce7b91b6c3f8ec581d17c44ef,fac2953d38e0274e
dataset/healthy/image_0_1705.jpg,3,healthy,256,256,5104,True,False,False,False,,0c56be9fcf3cf60822aa36958be805b038e3fa98d2977185e875d0cc1413fd5f,ad90c06f3fe04a8f
dataset/algal_spot/image_0_351.jpg,0,algal_spot,256,256,5578,True,False,False,False,,f6299139dc62f213bdce38af643be5eead630423c7e18eb0bdb99ed8abeac537,ad96d06b0f347293
dataset/algal_spot/image_0_1074.jpg,0,algal_spot,256,256,4624,True,False,False,False,,a66447a7605c7fce2e71a605749af9a2ab91d98eabb0e1563a7b8bc715484720,bd43963461cb1eb4
dataset/algal_spot/image_0_3766.jpg,0,algal_spot,256,256,6379,True,False,False,False,,131fed397f88387550ebee7d1b88cd7d9ea8f173e960a17f9ced47bd98422382,ffe480803f5f7068
dataset/red_spot/image_0_1968.jpg,5,red_spot,256,256,5136,True,False,False,False,,778900675520c4403fef25beda2928959419cab698750135d02ff9bc51ef47cf,a3cc98316fceb185
dataset/red_spot/image_0_2360.jpg,5,red_spot,256,256,5366,True,False,False,False,,f0fad1c380c0176ad818cfad4afaddae2b4b563921d6a1528a01d7d94696f082,eac2953d6843cf98
dataset/helopeltis/image_0_1682.jpg,4,helopeltis,256,256,6161,True,False,False,False,,12080c5d10f04b5708061c832e39440eea7e405c528993304a9887079df23d1c,ae97c06a3f257298
dataset/healthy/image_0_3408.jpg,3,healthy,256,256,5957,True,False,False,False,,c61827cbdbed6525490aa4334fb1e23071b98f1aca94693e8c72573012b351e1,fb80953f5ae02995
dataset/healthy/20220101_120651.jpg,3,healthy,256,256,5428,True,False,False,False,,205edc59e67c5ab2612b3d21d8d99b8b3cf738daa6eedfd1e36fcb0c13f001a8,bfc0d43f4a76a580
dataset/helopeltis/image_0_2597.jpg,4,helopeltis,256,256,6179,True,False,False,False,,12566b8e09705eb3a9d72b08f7e1ff4aba27b48619895abf0249a45acce7c6ac,af9dc0683d253a9a
dataset/brown_blight/image_0_1145.jpg,1,brown_blight,256,256,4700,True,False,False,False,,eebe4003e40507ca09dfac79bdef96f217ef6ee81e899afd0cfdffab6e625e76,fadc85623897e168
dataset/red_spot/image_0_1343.jpg,5,red_spot,256,256,5355,True,False,False,False,,ab26e31a7627540313cb99e9a396f438c3fe952624ac83cc10d4f1314526f3da,f983c63c69c32e8c
dataset/healthy/image_0_3473.jpg,3,healthy,256,256,5042,True,False,False,False,,8b6c6515570c0efa0e99c9a60f8ca7d004cd5d3252e49ba486f27cabb5a80f06,efd4802b1ee5e984
dataset/gray_blight/image_0_2865.jpg,2,gray_blight,256,256,4674,True,False,False,False,,e9396f8f9f9db90ed0fb7383efe3aa20ead6afa46a79a07324a525bccbf98226,ba95c0623f95d0f8
dataset/brown_blight/image_0_8225.jpg,1,brown_blight,256,256,6588,True,False,False,False,,48a4ed88eb2dd82def0f401cae2e3a5a326167ccef125285c48d2e33f4778741,fe5ad52529cad620
dataset/gray_blight/image_0_173.jpg,2,gray_blight,256,256,5142,True,False,False,False,,4a3ff352f9b257dc18658a458e53ae1bb458fa87b860f8e4db0c49c50f1a5f88,b896c36d1e30cacb
dataset/helopeltis/image_0_4201.jpg,4,helopeltis,256,256,5885,True,False,False,False,,2edb93e86d262650fdd866ae35c2c40c2be2ec2c7d864346f9ae629412f83b56,bf97c06896488e67
dataset/healthy/20220101_120325.jpg,3,healthy,256,256,5327,True,False,False,False,,762a7a99ea67a70ce9bce34e454c2727e5b16910e0200f3edccd347a35298c1d,eacad0952f5a7065
dataset/brown_blight/20211225_234800.jpg,1,brown_blight,256,256,6101,True,False,False,False,,63ecc5270d9ca3c66ca9afde04728dc11f8eefd113ad1fc7117577541b60b310,a295916b66b47b49
dataset/brown_blight/image_0_1276.jpg,1,brown_blight,256,256,5444,True,False,False,False,,fb7277001a65a61c89d30e2c96cc1daf3425c84488546c829ad6d72e68b387a8,bdc1c23e6dc89287
dataset/brown_blight/image_0_3635.jpg,1,brown_blight,256,256,4417,True,False,False,False,,8967fd7767c770a3f8699f1c6669d10142055def250c9afeeb3fbc003d114bbb,adb2924d2db0d2cb
dataset/brown_blight/image_0_1430.jpg,1,brown_blight,256,256,5498,True,False,False,False,,9656e68854012e26b3580e2540baa980455e03b931a2ce462bb015b21911cf6e,a9c1973f6ac1853c
dataset/brown_blight/image_0_3904.jpg,1,brown_blight,256,256,5576,True,False,False,False,,39551c43225d1ec3f6059d50cf3f1e1b4a093c73715b81553862eee2ef74c44b,a8c3973c6ac3951e
dataset/algal_spot/20211226_102645.jpg,0,algal_spot,256,256,4973,True,False,False,False,,63dacfb08b78cbf34a8287df9fc9941a0d60a25325a9b5065f84f228a16b16fb,ea91956a7aa5e11a
dataset/helopeltis/image_0_1477.jpg,4,helopeltis,256,256,6217,True,False,False,False,,00c14155af2f5bb83e3a578a4571054b43880bfa728428682ed7d892fa5548c3,e8cb9c35634e3cc1
dataset/algal_spot/image_0_2103.jpg,0,algal_spot,256,256,5823,True,False,False,False,,6e495437344a35510855c26ce8c138079699118bc0a9dd11eae4b6e81226f9e2,fd69c0971ed83232
dataset/gray_blight/image_0_2756.jpg,2,gray_blight,256,256,5222,True,False,False,False,,2526b19f05fc48739c7c41aa779d9ddf1701203df0f5f696de251aedd444dbe5,fb92c46d1b90a4cb
dataset/gray_blight/image_0_922.jpg,2,gray_blight,256,256,4997,True,False,False,False,,b1341d2df604e3a6682d584a02b433858fa3e81596aa9f7685f38ebadf4f2242,b1b0cb698cce669c
dataset/red_spot/20211227_160259.jpg,5,red_spot,256,256,4835,True,False,False,False,,9cc2d91687ead54c0d8a42aaa247e3d95452ceb5be230104920736a3341f78a0,aff080877f7aa085
dataset/healthy/20220101_093220.jpg,3,healthy,256,256,5279,True,False,False,False,,be9129f5c58161c61dbebb34624a92ddb0c6bfc923529bfeb730d850586afe3c,ea31956a7a85e15a
dataset/healthy/20220101_101644.jpg,3,healthy,256,256,4803,True,False,False,False,,840d87edda9d962a6b2cad254cb6dfd5ad5ca38ffd6e44920bb2992caa0cfe3e,b3c68b5ccc91cc33
dataset/brown_blight/image_0_6698.jpg,1,brown_blight,256,256,4941,True,False,False,False,,ef47227d417f0fd5089f57f5d47a01382ad3e25ff08f993f80deef6de5adf26d,bd9ec261309e4b2d
dataset/healthy/image_0_1523.jpg,3,healthy,256,256,6180,True,False,False,False,,3a714989ac2148752c6a2ab15f48bbb64dfc14f3a43e333878adb679ad4e4e98,eac29735e133664c
dataset/healthy/20220101_103605.jpg,3,healthy,256,256,4531,True,False,False,False,,1c8691d7b1b2f0a052dafed082cf1251f36a417f445cc375f4fbd72dcb95e4d4,fa95806a3f90ca8f
dataset/gray_blight/image_0_1830.jpg,2,gray_blight,256,256,5720,True,False,False,False,,fe4872affe5404cf6db4786d72ae03a3a640a2313b35548f6220775ac748780b,fd94c0691fb0d0cb
dataset/red_spot/image_0_2040.jpg,5,red_spot,256,256,5301,True,False,False,False,,ae305e70acfe8fca800453864f23fc63a8351664d09f837e6088f2a67cb8c42f,fb90847a1ba0f497
dataset/helopeltis/image_0_1692.jpg,4,helopeltis,256,256,6494,True,False,False,False,,a6db2d3000abdfbf01808f69c33342a9c28d65e3e1c13bfccc535d5937c55720,aedad1252bdae481
dataset/gray_blight/image_0_3750.jpg,2,gray_blight,256,256,6146,True,False,False,False,,a7c07f2668897144fbd3aebb724480846a16588d330eb279c104a00fdcd09d8d,bf95c268ac661b0d
dataset/healthy/20220101_101258.jpg,3,healthy,256,256,4708,True,False,False,False,,ccac729bd63ea7d7f5ad24e8cc32dedaaa10c5d35356c26629f786cf85e2cf94,fec1957ac085da70
dataset/brown_blight/image_0_7668.jpg,1,brown_blight,256,256,5763,True,False,False,False,,09c29bdd2a44fdc0d94e35ec51e39f7a9bb15debc272e9fa2401a8591964a1a1,fea5c01b2fa4b04b
dataset/brown_blight/20211205_155637.jpg,1,brown_blight,256,256,4939,True,False,False,False,,f2d88fd7d088eba98820396fe5afa19555eae42e372861e36acbe803aa68965e,fbc4853b6e84914e
dataset/red_spot/image_0_2518.jpg,5,red_spot,256,256,6350,True,False,False,False,,d99592f990be6be848719cb650076971230d4bb1ebe3dc4a1e01874f705a2d9c,fec09f34614b2ec8
dataset/red_spot/image_0_2042.jpg,5,red_spot,256,256,5025,True,False,False,False,,876f0d24637ba18377606e17eca942141b9a0e2ebd3e43124bc7438d9b200b1f,a89e97617896c74a
dataset/helopeltis/image_0_1832.jpg,4,helopeltis,256,256,5940,True,False,False,False,,0f36e9a9ebe28fe2f0f9d9cca744425b21dd14a78c8c057ccd7d7855771c51d0,ab93d44e1aed2992
dataset/healthy/image_0_2348.jpg,3,healthy,256,256,4917,True,False,False,False,,f3c96b641c1de41fd5639f66589131220ffef1de64ebcf0baf7c0136bc4e95a6,e1cf9e30614f38cc
dataset/gray_blight/20211228_134955.jpg,2,gray_blight,256,256,5212,True,False,False,False,,99269366fba60789cf9cefd37fbb0a55a6aa97c94b0b37fb9238b14aaa89cd7e,ea85913a0ee0f997
dataset/red_spot/image_0_2157.jpg,5,red_spot,256,256,5439,True,False,False,False,,df5a853a8804ffd415ab06e325dfa8b37648f37232c4ae4d238309eed635bda5,bf96c0683e37189c
dataset/helopeltis/20220101_121316.jpg,4,helopeltis,256,256,5427,True,False,False,False,,2a54667a916691faf4c16c9d4f07b44d2a0a0fa3633a1dd5e58b80a4354d74c1,f4c7c33cc938c6c4
dataset/helopeltis/image_0_1725.jpg,4,helopeltis,256,256,4425,True,False,False,False,,f2c06c4ce5dc6f3d9691ea4d8814a4b4cb544383b879aaf7165e6429c65e6efe,eadc95634a9531ca
dataset/gray_blight/image_0_1154.jpg,2,gray_blight,256,256,6236,True,False,False,False,,eea0d39484178a1f173f6cec7cc99b3a6b57c5e8dc06cf730d50704020ac8c45,f8c3853e4a618f96
dataset/gray_blight/20211226_001446.jpg,2,gray_blight,256,256,6398,True,False,False,False,,e1ed6515c48f84e4872b635f892d7d78b08553a6340c7ec9aca4e752e021aa0f,af81d06e4fb134d2
dataset/healthy/image_0_1593.jpg,3,healthy,256,256,5383,True,False,False,False,,24d2ca5adc0725ddf614f50cc3b00108ec37f80e694cf1b750fd5b1abb4e797d,eac2953d6ac2278d
dataset/helopeltis/image_0_1179.jpg,4,helopeltis,256,256,6180,True,False,False,False,,6775eeecf376227243261f18319939dfda03301c0908810ac887f60221d280c8,eac0953ff832654a
dataset/red_spot/20211228_123340.jpg,5,red_spot,256,256,5287,True,False,False,False,,8ba1653c4df6f00702aee1afd5436564aad7a12f721697541ef4c0c2ae7c8737,fa3a95855e1e6078
dataset/brown_blight/20211227_164149.jpg,1,brown_blight,256,256,5001,True,False,False,False,,5c6e27b875c2ac724042072fbbfb972570bd52016cf211d33456e7634a63f1dd,ea85953a6ec1f01e
dataset/helopeltis/image_0_701.jpg,4,helopeltis,256,256,4990,True,False,False,False,,28a330433112a9d245638c5b2d8ae76deaed1073dff1579e57d774251c802cd7,e83497ca693d6562
dataset/gray_blight/20220101_120210.jpg,2,gray_blight,256,256,5394,True,False,False,False,,c39f0cc353cf0b2194d54914461a15209575baedbfd96536cd793acc9f61148a,ef90906e2fa1f41a
dataset/helopeltis/20220101_105014.jpg,4,helopeltis,256,256,6262,True,False,False,False,,bb9c1cf7455c31dca797fab039026b0e5eb8182eb85fe7c9f587710f25cfea84,ff98c06f38b04789
dataset/gray_blight/image_0_1733.jpg,2,gray_blight,256,256,7080,True,False,False,False,,9e3545efd494b1bb85ed2c02a625d069a0b63330af0573f476c7f9bb80912df3,bd96cb619466320f
dataset/gray_blight/image_0_102.jpg,2,gray_blight,256,256,7122,True,False,False,False,,66754ae2e04b211c89f5ec285e23e7453f59c3c8109a6f826647c17c5456e09d,fac0953ff034c14e
dataset/algal_spot/image_0_1152.jpg,0,algal_spot,256,256,6549,True,False,False,False,,a8cf99bb4d3ca3147a29f2ed3efc39f8361fc2d628bd85641940ca187da8fdfc,bf3f85e05c40683e
dataset/helopeltis/image_0_3866.jpg,4,helopeltis,256,256,5147,True,False,False,False,,c6a73738ac34b2ec1cc289bb91db9345dbb73ca0eff1f3414ca3c9a2110962e5,e0cb9734694336cd
dataset/algal_spot/image_0_2805.jpg,0,algal_spot,256,256,5560,True,False,False,False,,e4a7f14e3e6a12ff4fb2b9ca03cbf7c62311cbdd8a5847408728c58f1d2e0a9f,eec0953f6852878d
dataset/algal_spot/20211227_153812.jpg,0,algal_spot,256,256,5180,True,False,False,False,,e8cc42ecb639d6d23428dde584757dc012e5997e1744280c9cde66159a6bbc69,b2b18fc3cc8e98cc
dataset/red_spot/20211227_162727.jpg,5,red_spot,256,256,4996,True,False,False,False,,1cebb90ee6b7714aac783654c67482e7eb35a41f9cef342697304affc6b6bf5c,ea85947a3ae1c19e
dataset/brown_blight/image_0_1226.jpg,1,brown_blight,256,256,4808,True,False,False,False,,5647bd4d1abe1dcd698fbd1cfedf158926f25e8d635f15dbe8683f6a4d20cb26,bc8ec3303c8ed369
dataset/helopeltis/image_0_4133.jpg,4,helopeltis,256,256,6835,True,False,False,False,,7ce8563c6e9e799dc37ded5f2168367fd544def95e73989ec99c323b5613649b,e583961ec9712f26
dataset/helopeltis/20220101_092229.jpg,4,helopeltis,256,256,4671,True,False,False,False,,3b3d2ce5a136f687c34b7450351b25f4c0de64387d73bc992595148211f8ec7e,efc0d43e61c49e1a
dataset/helopeltis/image_0_3669.jpg,4,helopeltis,256,256,4079,True,False,False,False,,5d97ecc021591a96b889f3d9820e69fb098aad2ffeb6763f2b557361ec2b7053,b689c0349fe1e4b3
dataset/helopeltis/image_0_3037.jpg,4,helopeltis,256,256,6635,True,False,False,False,,2fae78a38504dd79cb8267dac17eb2894933f5b7d5a49f64afa3088a8b96add8,aa94d57a0f21b44f
dataset/red_spot/image_0_340.jpg,5,red_spot,256,256,5181,True,False,False,False,,33cd098353d3ccecf224ab1fd644e94ee5c37b53c6be1f8246aad9e5b68c6b89,aaa5855a7aa5855e
dataset/gray_blight/image_0_654.jpg,2,gray_blight,256,256,5362,True,False,False,False,,c02aeb3acfadcd8473ca1edb57fcdeff418fb3ca7bb2777b2a9178d5cba72a07,ec3c97c3603c3e32
dataset/algal_spot/image_0_3356.jpg,0,algal_spot,256,256,6207,True,False,False,False,,c5b558d19f49356ebd2e8678745f73af96435675383f69e729ee13fbe7ce4509,fa7d81c217157278
dataset/red_spot/image_0_1740.jpg,5,red_spot,256,256,5655,True,False,False,False,,422c224e2a2d6ef8dbdddc1fc2154eb270bf25d4fdb4c91d09fd353d1815ec95,ae95c26abd273298
dataset/gray_blight/20220101_114856.jpg,2,gray_blight,256,256,5267,True,False,False,False,,ae9f39cc79cab07610a30a26698a0c76aa462d1da23e21ee582e81b870744a1e,fb80c42b2bf4f8c2
dataset/healthy/image_0_129.jpg,3,healthy,256,256,5860,True,False,False,False,,30919b215452d49c6dd6a5fa8da7f86c8d17a2326afa57613ca5c3319427b669,bd96c2688d273a3c
dataset/gray_blight/image_0_4164.jpg,2,gray_blight,256,256,5326,True,False,False,False,,1fdafc4e2e3acf914ce8836698d62983ac3b98f90b6fa3b5afc75ad50d3fc059,bdc1d23625e162ce
dataset/brown_blight/image_0_3295.jpg,1,brown_blight,256,256,5735,True,False,False,False,,44c185202086d9cc0a9cfa63b753dbf5b8daa25c717b817dcec4644e4b5ca9d0,bc9acb65920b399c
dataset/gray_blight/image_0_1292.jpg,2,gray_blight,256,256,4894,True,False,False,False,,08af99b24dcb9fc56ca6ea63fe4efa8c6ce387589f26be478295ab60f11bf549,bc9acb65321e4dd0
dataset/gray_blight/image_0_2909.jpg,2,gray_blight,256,256,5397,True,False,False,False,,ab914fd5fee9ee4b8de82e7701ccea9151f021ab8562f9a098fa5153a484b6ec,adc2922c6f91b1cb
dataset/helopeltis/20220101_104745.jpg,4,helopeltis,256,256,4521,True,False,False,False,,0603e4446d87fbe3909c32611e42945a5bf5efc48ea0d11d698ff93d3a12cbd3,ed1396686897867a
dataset/brown_blight/20211225_233945.jpg,1,brown_blight,256,256,4971,True,False,False,False,,927099323aa63f101e4cd30d1cf4816ad6372bf88f858b441fe03804266c6be4,ad95926b3995c61a
dataset/healthy/image_0_2463.jpg,3,healthy,256,256,4929,True,False,False,False,,cf56d6e41bc9ca38b410038109ce3df163e4ed0906f6e4506ba8e15e42bab01f,bdc1923e614b2ecc
dataset/healthy/image_0_2105.jpg,3,healthy,256,256,5018,True,False,False,False,,75e14767a8c8197ec7eb92143439b2b71da7c2425a6baa2f8bcadeb85ccf411c,bcc3973c694326cc
dataset/gray_blight/image_0_656.jpg,2,gray_blight,256,256,5177,True,False,False,False,,c43ca45a13705896d743fbdb6bbffac9b648617f2e107067f06e1847858080b0,af90d06e2bb1f0ca
dataset/helopeltis/20220101_105050.jpg,4,helopeltis,256,256,5786,True,False,False,False,,5d3fbb8d0bf862c78a7a2a0209c2851fe0d141455539e22744116eaadc6ad649,e29d956aa5679861
dataset/red_spot/image_0_2584.jpg,5,red_spot,256,256,6092,True,False,False,False,,72b2fd5ca8eab0be06757992d52dd1771bb5f695083b7984e15cb502c69e9111,fc90c56a3b94f05a
dataset/helopeltis/image_0_3678.jpg,4,helopeltis,256,256,6031,True,False,False,False,,4d3b1a0a8db9aeaf578084154e05510cf8c4ab9c575fc2a498b1fd886e6e6407,abdcd0233fdce102
dataset/healthy/20220101_104335.jpg,3,healthy,256,256,4993,True,False,False,False,,d3630405ce33855fde4197b2664854b58c8461dd83001dca427decb32ec51de1,fa95c16a3d164399
dataset/gray_blight/image_0_467.jpg,2,gray_blight,256,256,5116,True,False,False,False,,dae919cd3a8eb1aa34bae0bafc586f8196d61fb9aa807d12779ade3e575c6567,e0e5cb96949933c6
dataset/helopeltis/image_0_454.jpg,4,helopeltis,256,256,5547,True,False,False,False,,ff2d29edf6dd4261b37a7df49237b9711450173f16ac2ec86a7d5eb4a8153f41,fe81853e7a918f48
dataset/helopeltis/image_0_928.jpg,4,helopeltis,256,256,5111,True,False,False,False,,dace0ef80b5b345490f0ca448e32a7a79c54aca28f92e46b4574b952e6542e50,fccb833465c34e8c
dataset/brown_blight/image_0_7876.jpg,1,brown_blight,256,256,4593,True,False,False,False,,b0dcdd420eb793cd48e15434676dc4cfd615843fd6df76214a9b7287a1199a18,e54f9a3265cf9230
dataset/helopeltis/image_0_825.jpg,4,helopeltis,256,256,5380,True,False,False,False,,8c572d3d633603de758254b146cdbd8401f24a71605cdfb2b6a03f19c58ca18d,bb96c0693eb4c04f
dataset/helopeltis/image_0_2920.jpg,4,helopeltis,256,256,4664,True,False,False,False,,3cd9fed98b828da1ebe5d2377356fed0b3f2b391a1144b56012420c92c61d5bd,b69ac9e4361f6990
dataset/gray_blight/20211228_154956.jpg,2,gray_blight,256,256,5366,True,False,False,False,,9bcff1637f8171a800e9144507ec0f8f123f7602c90101c866092d48bfd25585,fe2bc1946a4a3535
dataset/healthy/image_0_1270.jpg,3,healthy,256,256,5511,True,False,False,False,,c1ae5efe5b69306f3de32a548a61c090016eefe2d58b2f5bda01a833d22bfc99,ee68c0952f6af0a5
dataset/red_spot/image_0_3127.jpg,5,red_spot,256,256,5086,True,False,False,False,,cab5f3455e793ea69637787d5756f43ea8750bf6740d03a545cb62d12700ffca,ffc2923d61c30e4c
dataset/gray_blight/image_0_1244.jpg,2,gray_blight,256,256,5645,True,False,False,False,,31e69b8b88cec96c22d651373b6aa682ec63a85dd581568aa53fa50d949a368d,eaa385541eabe1d4
dataset/healthy/image_0_2268.jpg,3,healthy,256,256,4361,True,False,False,False,,6ed79a4a9811e82aacce135325b2d323ae668baa37fa2cade03cd66aad85cc08,e8cb963461c33ecc
dataset/brown_blight/20211227_163133.jpg,1,brown_blight,256,256,4483,True,False,False,False,,9894ac6d87524889a10b43781592550a7efbe0207f6101fba759d04a761b7afd,fa9385647a1f81e1
dataset/helopeltis/image_0_2145.jpg,4,helopeltis,256,256,4432,True,False,False,False,,dfe1c9316665212535fff631a2f4a90ce252127e4d37d0d100164d399a2cffef,f0cf9a3065c3969c
dataset/helopeltis/image_0_2327.jpg,4,helopeltis,256,256,6091,True,False,False,False,,b81005025456aa882301c110c60682cbfd8f48699de840b112245d7ab26fd9c4,eb96c06a9d673238
dataset/healthy/20220101_093319.jpg,3,healthy,256,256,5638,True,False,False,False,,193b7d1b998693bf3b5761676e5be63cf8449b44fd679d6bb7d8b63cbf4fe212,ff1dc0681b85645e
dataset/helopeltis/image_0_469.jpg,4,helopeltis,256,256,5551,True,False,False,False,,c08f78f552d09ecbe2c141d4c2d5233f1cc1016113165e3e34abd8f95dad5302,e8959e4a313c669b
dataset/healthy/image_0_3014.jpg,3,healthy,256,256,4347,True,False,False,False,,0ea8389c8244f2a43b0fec8a616c0cf1b000981c934a2d7e27af9c1498d0d2f3,e996c6693c96c31c
dataset/gray_blight/20211228_135239.jpg,2,gray_blight,256,256,6312,True,False,False,False,,cbdd8c97c5187a8ea4d6971842d94f2653f1cd8ab38500dde939ec54bc447ed9,bafa81a50f52782b
dataset/helopeltis/image_0_2872.jpg,4,helopeltis,256,256,5649,True,False,False,False,,3dc02b60f608b62e5b6dfceab58547da1b954c592e2745d35efca40e72576b36,acc5db3261cd1cd2
dataset/helopeltis/image_0_174.jpg,4,helopeltis,256,256,5949,True,False,False,False,,da0c50cb7f083c30c5e133efe8d0d089cbc143edd33731d95570bc4073c06ca3,ba9ec3603cb75289
dataset/gray_blight/20211228_140535.jpg,2,gray_blight,256,256,4834,True,False,False,False,,1402dd35ad4c3cc56b145e5ac1b5f1e9a5cb5acd8f689863294c273f72197fdb,bfe0c09d2f40f4a5
dataset/algal_spot/20211227_140346.jpg,0,algal_spot,256,256,4824,True,False,False,False,,f2a8f4f9deea476dec7e9361d3fe6a3cd2350361ccd669d13c42fea892aff9a2,fa80953f6ac0b50f
dataset/brown_blight/image_0_4878.jpg,1,brown_blight,256,256,5009,True,False,False,False,,15675c173fd5aa80fe336a8d9f90a8aca6a803d7b578efbaa8414b3b5dae6e86,f498cb6732992d94
dataset/algal_spot/20211227_151856.jpg,0,algal_spot,256,256,5299,True,False,False,False,,8bffd7d1b2c639a1c1a5ba49cedcb75c44c9f9e5e901f3e9ad106885f22d51ad,bfa0d0942f4af4a5
dataset/red_spot/image_0_420.jpg,5,red_spot,256,256,4870,True,False,False,False,,e188a7b8d005e30d10b3d54523d29dcbdfa4bed0772467f828279176f05bfeef,abd494607a1de5d2
dataset/red_spot/20211227_162639.jpg,5,red_spot,256,256,4597,True,False,False,False,,080a22de2f495262e57724d14d153cbf8f20a94c60a42992eb3d8c272ef23746,bd2dc2922d6d7074
dataset/algal_spot/20211227_151844.jpg,0,algal_spot,256,256,5731,True,False,False,False,,d26eebc345a6c40b454d86e0b0691df4fda4da8c73fa29137ea280d4341a9f8e,bfcac0b42f4a702d
dataset/gray_blight/image_0_1703.jpg,2,gray_blight,256,256,6671,True,False,False,False,,c7a41282ad50e2d1591e2a0a17114e3d06ee7daf2198b556708c4b054e1528f1,ab95d2ea2d873238
dataset/red_spot/image_0_3227.jpg,5,red_spot,256,256,5688,True,False,False,False,,cf89816f9a531f76428e7f3e0e1d93a0564575c12ff5c55fa00acc77bae48bf5,fdc8d2366dc99206
dataset/algal_spot/image_0_1081.jpg,0,algal_spot,256,256,5273,True,False,False,False,,e152b83360c74567d1156c6e98a107990f6dbe1c5ef2f0cee05c280816a4b047,ff84c06a3f95d04a
dataset/red_spot/image_0_608.jpg,5,red_spot,256,256,5545,True,False,False,False,,ac88ecd3983ace3570ea493f0a1009ccabf7016066f86903b4d5c6fa3629edf6,fec0943d685267cc
dataset/healthy/image_0_1256.jpg,3,healthy,256,256,5262,True,False,False,False,,915618713d23999fbe7c740c6b5e53dbe0ce2fd33a4ac5941a47402c7aed45a4,bd65ca1a376d0913
dataset/gray_blight/image_0_1188.jpg,2,gray_blight,256,256,6307,True,False,False,False,,fae93965c2479c66ab2acd1aaa1f71851945d25e10e5adb5aa86daf9982c76f6,aed0912f7ab0a59a
dataset/healthy/image_0_240.jpg,3,healthy,256,256,4972,True,False,False,False,,9fad68d6f8af74ca8fbc3b6f0e6b20f644c97ff9d65a08ae9e31caec2e40d719,e5b29a4d338c6693
dataset/gray_blight/image_0_2002.jpg,2,gray_blight,256,256,5333,True,False,False,False,,acdc8416dc8dc43deacd9b7536ea1e311da13d671f0440e580496509354f2163,eaca9634654f4ec8
dataset/healthy/image_0_2487.jpg,3,healthy,256,256,4665,True,False,False,False,,76cec4c146b2fee756b4eab03045d0b3fbc45b712f54e648aab71cfd26205a68,a0cf9a3065cb9e99
dataset/red_spot/20211227_155554.jpg,5,red_spot,256,256,5063,True,False,False,False,,8411915bf77148135307a235374b5f0fc7d5f57d7798bbc0316692a5440f7401,eac0953f3ae0258f
dataset/healthy/20220101_105018.jpg,3,healthy,256,256,5907,True,False,False,False,,679391b680368650ec96107e6338d96df7e0ea521de08f9f143d561ae30f9a0a,fe358743b1cc6630
dataset/brown_blight/image_0_6919.jpg,1,brown_blight,256,256,4642,True,False,False,False,,e8ab1a542b47da7d9720f37ddd41ef0042bb98cd22556810ae720e503be571fd,be9dc0e03c1fca68
dataset/algal_spot/image_0_1549.jpg,0,algal_spot,256,256,4262,True,False,False,False,,466bae83bd0cfde5ee0be158c27e5491606cf6217106be370f174b59b9ca167b,f1cf9a3065cb3264
dataset/red_spot/20211227_162101.jpg,5,red_spot,256,256,4620,True,False,False,False,,f1f14eeee548d857d283999bd058ca2680ca15be06feaa9e48d2f72895b50fbf,f990c6683cb4f1ca
dataset/helopeltis/image_0_3898.jpg,4,helopeltis,256,256,5090,True,False,False,False,,4a52b05101ede2eb4a91d3cc05b00e0821eaba4719bab2d3e5c75925c6f5ec93,bf90c06d3f9078c9
dataset/algal_spot/image_0_1450.jpg,0,algal_spot,256,256,5652,True,False,False,False,,a2368795289ab8523d8bac41a69db871a80bed174da32524c6d8a0e5a409a68a,ea94954a6ab5e1d2
dataset/gray_blight/image_0_3238.jpg,2,gray_blight,256,256,5725,True,False,False,False,,546720d0ea5d272d2a764d803edc12913b629f6af599831716ad7e30d94fb467,ee95d06a2fb5c2c0
dataset/gray_blight/image_0_352.jpg,2,gray_blight,256,256,7486,True,False,False,False,,88e0aa95179edecca126f4c51c63b01148044c5c6bdc74198e8f714f35c6ef21,bfe082979c31e227
dataset/healthy/image_0_3000.jpg,3,healthy,256,256,5478,True,False,False,False,,10ea42ef1fb586f0737038dfa41aa874e90e4020ed191d017838d1cbe197a650,baca81bd6ec0f00f
dataset/gray_blight/20211228_140844.jpg,2,gray_blight,256,256,5105,True,False,False,False,,2732af00495fe24cdab8e355d8880b1022ece87681d73d432bfb573f7da1d5a3,bfc0d03f6ab085ca
dataset/gray_blight/image_0_2609.jpg,2,gray_blight,256,256,5491,True,False,False,False,,32679b83b91bdbb5a680b4c133b6692a31a28a3b7c61d7f631739ca12d6017cc,b18e9a616c3ab6c9
dataset/algal_spot/image_0_2018.jpg,0,algal_spot,256,256,5229,True,False,False,False,,e2cd225521f7d20504243edae1a75fc237a1f21c5c6c64941868ddf41b416ea1,bc9ac1649e33395c
dataset/algal_spot/image_0_1611.jpg,0,algal_spot,256,256,6011,True,False,False,False,,0689f5d961379d4159bd9a923b0be1f49fb81a1b83cc0aac21ec2b96c90c4a11,abc8d0376d7822cd
dataset/healthy/image_0_1192.jpg,3,healthy,256,256,5824,True,False,False,False,,3df613ee89b10be853c84d1e86f7cbddbddccec36166b78138b3b014315939d0,fb84806b4eb478d6
dataset/helopeltis/image_0_1779.jpg,4,helopeltis,256,256,5479,True,False,False,False,,9f577f07490ca4a9872a1e1aecbb6b03649514a142ab6da0f2745fea79c3bd5f,bc98c3636fc68698
dataset/brown_blight/image_0_6393.jpg,1,brown_blight,256,256,5155,True,False,False,False,,651acc9f03663e9fcf13c106fdc70188a20081fca37a22dcb903a2835debb205,a8c3961c69e396bc
dataset/brown_blight/image_0_6254.jpg,1,brown_blight,256,256,6424,True,False,False,False,,3b7edc2773c8f98ab50efc58819074f5a698f05c2e550166149f731c049c47d0,aa3595ca6a3d2672
dataset/healthy/20220101_102035.jpg,3,healthy,256,256,5277,True,False,False,False,,770a59b915054b2adc9c5699a31024981d770cf8934a6ccbd62038ae59622f3f,bec0903f6af0a58b
dataset/healthy/image_0_2968.jpg,3,healthy,256,256,4639,True,False,False,False,,8fa4092c72051517254aa739e7e4c5bea8a61873e54aa4330bd439c58bbe9793,a6f399cccdcc6608
dataset/red_spot/image_0_1823.jpg,5,red_spot,256,256,6187,True,False,False,False,,f0307f098e502fe00c8b9505f999c92653fd33a2ec796201d3e8491c8b3fc5d1,ed60929f794066ad
dataset/red_spot/20211227_162609.jpg,5,red_spot,256,256,5205,True,False,False,False,,9ed5ffa8c044b83b56516dcb4aeed2c766090b2490e14810e5cb6d407a0eb780,ade9d0960f6b7484
dataset/helopeltis/image_0_1172.jpg,4,helopeltis,256,256,4942,True,False,False,False,,b77592a3d16f4098be6f3677a88778cb037f3c0591712c726e0daddb093d8d44,e8cb973468c285bd
dataset/brown_blight/image_0_6378.jpg,1,brown_blight,256,256,5439,True,False,False,False,,6a10ffecbabb899e43c0d02dde6bf40edd2dbde8ab3e13f3565c8abd5b0f48aa,adc0923d6bc2953d
dataset/gray_blight/20220101_113444.jpg,2,gray_blight,256,256,5772,True,False,False,False,,84fdc394b3ec8f6f91cac70ea375c78e81ad5b3df776328c0fcd8ae7c0824103,fa80852f7af025cb
dataset/healthy/20220101_104622.jpg,3,healthy,256,256,4788,True,False,False,False,,d3feaf6ebc4ada6d667d71a5120f40152a806a6d64066a2022363378624f749b,fa2b85943e7ac0a5
dataset/healthy/image_0_2676.jpg,3,healthy,256,256,4747,True,False,False,False,,8d6e4ebad908ee3452b9a7e8f8beb351c347f9c75258343ae9b4b6dad80e2a2a,e1cf9835c7324c59
dataset/algal_spot/image_0_3220.jpg,0,algal_spot,256,256,5366,True,False,False,False,,c72947f13f6480970f6a7647c942c892735a526587ac42ba6a4d007d5c9acf4d,fbc2d4352acaf481
dataset/helopeltis/20220101_104535.jpg,4,helopeltis,256,256,5942,True,False,False,False,,eee7187cae6c9f4aa54780a351550aad7894a8f7815b847c452a3e57d101d5d7,ef4a84b55b4ae0a5
dataset/red_spot/image_0_1512.jpg,5,red_spot,256,256,4589,True,False,False,False,,d5ea4229ea069c6a53f6e63516cc3748117f202d2c9cd3356d283751acc12ee3,af90c06a2f94f8cb
dataset/gray_blight/image_0_4119.jpg,2,gray_blight,256,256,5888,True,False,False,False,,be8206f3dff4d97307775f6bbd9e8b9fd22b7ff9f858c6b5139e1ec003fc906d,afe0d48f0a76bd20
dataset/brown_blight/image_0_7423.jpg,1,brown_blight,256,256,5025,True,False,False,False,,2171300914034ad490f22391313e2459cec3e7aa9ca2ea9fc454124783609f5a,b0c7db3865c3929c
dataset/helopeltis/image_0_221.jpg,4,helopeltis,256,256,4984,True,False,False,False,,4cf2c830b45380d3ab1aaa79b2a5d139970bcecd1f82d1a34aae8b892ebb8773,bac0953c629fb568
dataset/gray_blight/image_0_3548.jpg,2,gray_blight,256,256,5325,True,False,False,False,,66b9e7db03363cd0fe852ec05246f6a1bd77932be98b98846da5abe3eebab976,ea3f95c060392d67
dataset/helopeltis/image_0_3425.jpg,4,helopeltis,256,256,5951,True,False,False,False,,47dbfb6a91f53282fab35d8d076570dc5168cb541d6f388dd508464e9cecb04e,e5319cc69b8c9b98
dataset/helopeltis/20220101_102424.jpg,4,helopeltis,256,256,4772,True,False,False,False,,799f13ddd63a2ff61c6b00dc422df5d678a949925ca2a6c79b1448b41278a713,e9eb82963461cb1e
dataset/helopeltis/image_0_4011.jpg,4,helopeltis,256,256,6386,True,False,False,False,,9d681f6acc645a8f87bf951f5c4958bbbeb1c6fb52dc27ca216c4f82739c2dbb,fac0952ffa30654a
dataset/brown_blight/image_0_4385.jpg,1,brown_blight,256,256,6334,True,False,False,False,,a4334ae662467330d0815fe90915f3255b56f759950567416ecf4a5cc7c5b9b4,fe81c06a2f943ccb
dataset/red_spot/20211225_231744.jpg,5,red_spot,256,256,5932,True,False,False,False,,4f4e2d323212326cf3cd46cbd0079b39bd2a2bcfc970d75fb22dd3de2e17192c,ba85856a7aa5b0da
dataset/red_spot/image_0_2448.jpg,5,red_spot,256,256,5716,True,False,False,False,,599a2f23c2b4d5a653a4ec8a187d53bd98328dacc376a28c686424679016e8ec,e796d0683f96c0e8
dataset/brown_blight/image_0_9389.jpg,1,brown_blight,256,256,6227,True,False,False,False,,b3e5dc1fbbbca4b6a1761bf18cc83340cf7574561cc60dc7e20e5afc60d549dd,eab594ca2d370ae1
dataset/helopeltis/image_0_913.jpg,4,helopeltis,256,256,4759,True,False,False,False,,32bb8c14f851e99aec540a925985f0ddc21c88e41ad939ccd0c140a7036d195b,b4c79b30e532c699
dataset/gray_blight/20220101_114039.jpg,2,gray_blight,256,256,5452,True,False,False,False,,2ad923f25826e5f23dd10a0e3e40a8d47d6cb959cf9b7ceec30e690e04e05d4e,faca85817e7660e8
dataset/helopeltis/image_0_1982.jpg,4,helopeltis,256,256,5651,True,False,False,False,,962091e6b92ae83e46906511e121b9932b30f3aab1df9dc0835805131e32d939,e199ce69a4673239
dataset/helopeltis/20220101_104931.jpg,4,helopeltis,256,256,4397,True,False,False,False,,bc23c807947ebf95be3459bb2b5d1c5e02e53ebdd896c5df0c5a226f0409bbfd,f82e9763681c8733
dataset/brown_blight/image_0_2460.jpg,1,brown_blight,256,256,5747,True,False,False,False,,7b11c547cf35e76423ed67baba8bb9afb3cb4ab5ca55d53176ea3a57c34ba454,fe60879c30635ed4
dataset/gray_blight/image_0_2704.jpg,2,gray_blight,256,256,5744,True,False,False,False,,1b488dcf7745abbc38c9b8285d49b25686c71f186f15b8552e004f830a261fe0,aa3f95c268bd2632
dataset/red_spot/image_0_3196.jpg,5,red_spot,256,256,6003,True,False,False,False,,78d60c1b968b5b3ca155fd953be714f2fec8e1dc1a91f8d7da81ee6b0d19868d,a8ca97b569425e9c
dataset/red_spot/image_0_709.jpg,5,red_spot,256,256,4643,True,False,False,False,,45a1f26b88b330c6d73b7d467da9e5d8ed0d1e114b9b72255f0df8b7b5959c32,f8ca873c68c0939f
dataset/algal_spot/image_0_106.jpg,0,algal_spot,256,256,5319,True,False,False,False,,13161938c74994c2ff4a67913b00780472298a60a553b2ba60d64a5ab3801fe1,bdd2c0693f92c8cc
dataset/gray_blight/image_0_1549.jpg,2,gray_blight,256,256,4882,True,False,False,False,,b5834ca16d80725421ffa03f1db2a38130779ca244509fab0fad9fac396e3e26,ea8c95e07a0fa5f0
dataset/brown_blight/20211205_155836.jpg,1,brown_blight,256,256,5008,True,False,False,False,,68d80ba8064d8126f46b66d27a448e2bce2e35f386d984809bda2a11d062c3b8,ea9395687a87a51a
dataset/red_spot/20211228_123202.jpg,5,red_spot,256,256,5033,True,False,False,False,,04bbf90163012130d91145bf6f1dbc807e963c389d69d18afeefef4b7674ad35,ff80c03f2fd0b407
dataset/brown_blight/image_0_6939.jpg,1,brown_blight,256,256,6373,True,False,False,False,,db1563f38a716e81c3460054324c2f1092bfb4234b119cce14832f2a01c96f54,ede6820b5efa2125
dataset/gray_blight/image_0_1640.jpg,2,gray_blight,256,256,4888,True,False,False,False,,43457ce9e20184bd632c6dd7b78de8521a88a9f6b3007732e5fc534726b7dab5,f8c39f34614b3e81
dataset/red_spot/image_0_1249.jpg,5,red_spot,256,256,6569,True,False,False,False,,1d16cb842ddd9f9ffb79c9aa981590c80569475db3e3fb78073df7c123024099,ea4ad4358df235c1
dataset/helopeltis/image_0_1611.jpg,4,helopeltis,256,256,6090,True,False,False,False,,f580f5c335a413be0a80ce65d945914988feb3f115e7c8bd90ebf2499696b63f,ee97c0683f24d2c9
dataset/helopeltis/image_0_3196.jpg,4,helopeltis,256,256,4946,True,False,False,False,,de20508a4d49a715a3f7464ca792d45c9d81a6e4024c24405c50bfda8cd1236a,fac7953862c79489
dataset/healthy/20220101_120658.jpg,3,healthy,256,256,5386,True,False,False,False,,a4ea7e4af6ab982d00d687e26f420910e12ec90a182708eeebb8da1bfd63bd6c,ee84951b5a2586d7
dataset/algal_spot/image_0_505.jpg,0,algal_spot,256,256,6900,True,False,False,False,,42fd29ca919abcf97e2fce8540dcf4ac479d4361b61d7ee5cc97ebad00b972eb,fe95c068ad66321b
dataset/algal_spot/image_0_1609.jpg,0,algal_spot,256,256,4698,True,False,False,False,,99094dc9e45aa25a0db78b35b97b2cf9f589d8b688007db95e8b836979614f40,bde1c21f2de09217
dataset/helopeltis/image_0_4163.jpg,4,helopeltis,256,256,5398,True,False,False,False,,fd874c3a5731130b94f633adf8187ae1845208e8eec5b197bcc0fe6fa4bd0cf6,add0d20e6bf0b48b
dataset/gray_blight/20220101_112908.jpg,2,gray_blight,256,256,5543,True,False,False,False,,2f1a71fd8a9ee78c89a1bb7fdfaa9f91f879e55a6f4df12580b0b4a88ad7be54,abd0d52a7af502ca
dataset/helopeltis/20220101_101307.jpg,4,helopeltis,256,256,5193,True,False,False,False,,cb5f06cfe222ffe6ec2d9642a5de236c1c676b8b9186004cbd13db68fac7ef8c,eac2953c6ae0a58f
dataset/brown_blight/image_0_980.jpg,1,brown_blight,256,256,5906,True,False,False,False,,3e7ec34d5090b861f308b62f528964718d119ac9dd0e470cf36da484aae31f99,a9e1961e78c3274e
dataset/brown_blight/image_0_5572.jpg,1,brown_blight,256,256,4944,True,False,False,False,,7bb79553137eeae425699c017436c226ca361ca24d5c67a9e82c6077a718713f,a8b09ecf63303e93
dataset/red_spot/20211225_224418.jpg,5,red_spot,256,256,4521,True,False,False,False,,a6d95424af953eb8f5b3033c6da95be145a5fbee3d73f090a5062f5af50a96a0,a08f833a6cc5937e
dataset/helopeltis/20220101_095944.jpg,4,helopeltis,256,256,4909,True,False,False,False,,4f94668ed1ae38f43b694d734b210559cb001fcb9738b301af6695dbf827f4c7,aac0973e60859fda
dataset/gray_blight/20211228_135819.jpg,2,gray_blight,256,256,6218,True,False,False,False,,25ac4c2dd2ca330453bbde4e7ab56ccda16b6ceec95934388a44a7bb678921ec,abe4c49b2fe4b083
dataset/brown_blight/image_0_2626.jpg,1,brown_blight,256,256,5790,True,False,False,False,,4ab3ca2da062508b07d62b8116ae872942e36b73cafe7361cd03ccd305d97b46,b2c8c5362dc9b29e
dataset/healthy/image_0_719.jpg,3,healthy,256,256,5397,True,False,False,False,,d52be3fa043e22daa90a4f3d0bc2398e99a1f66f8cede3d8fcd7fc28086353bf,aabf85c07a2f2570
dataset/algal_spot/20211227_105734.jpg,0,algal_spot,256,256,5866,True,False,False,False,,21e01a3798540b681acffd4de5f4905e4991fcd8848bcc5e7a421cab2609af04,ff80c03e2fe0b487
dataset/helopeltis/image_0_2391.jpg,4,helopeltis,256,256,6026,True,False,False,False,,c056afc2b28b5b988dd764a3cd85885944eb703217aa07efdff964f8d6a826c5,ae95d07a0ba5745a
dataset/helopeltis/image_0_2856.jpg,4,helopeltis,256,256,6596,True,False,False,False,,888e337aabcf222de9b1891d57eaace83689a334d670f8567fec38ffce6f0f0d,bd9ec9e0cc638067
dataset/healthy/image_0_171.jpg,3,healthy,256,256,4869,True,False,False,False,,163679e6ee5d72535f74c9f89321faef063ad5b2d13593391523631fff252494,afc0c02f0fd0fc4b
dataset/algal_spot/image_0_4263.jpg,0,algal_spot,256,256,5380,True,False,False,False,,ed146756a8cffe7063fbfe4fb19487e2e52bacb8d6322256235b3fd90a850c52,fbc0973f60520f89
dataset/algal_spot/20211227_125923.jpg,0,algal_spot,256,256,4444,True,False,False,False,,9958229ce7a820315f7884fcc358e0866fd17e8e31a6254b0d91e2bb6f65df9b,ed12d06d2fd0f00f
dataset/brown_blight/image_0_9794.jpg,1,brown_blight,256,256,6888,True,False,False,False,,334c1432151bcbbb824e87b9986d58191b63cc5fdf0c52e702890c72710fa1b3,fa94812b1dc0da9f
dataset/algal_spot/image_0_4071.jpg,0,algal_spot,256,256,5580,True,False,False,False,,9780a8d1243da625df5dd2e07150138acc25938257aac79965565965115b6008,ea80953f7ae0a58e
dataset/red_spot/20211227_160356.jpg,5,red_spot,256,256,4740,True,False,False,False,,4cafb726028a77de1794e280091d79f448e6609e87b9399e759fa72072e3ad98,eec8903f6ad0b50b
dataset/gray_blight/20220101_115904.jpg,2,gray_blight,256,256,6005,True,False,False,False,,160804368a4d48dc4fa3c150de0c4a9ce220cf6da262666f5fdd0eec2be8ab52,fe86c1381fe0e487
dataset/healthy/image_0_390.jpg,3,healthy,256,256,5027,True,False,False,False,,20d37a1d584b5d2368a45c0739d9c4cca073d4b829a9e37bc4f185e57f651621,a5329a4dc7ec6613
dataset/healthy/image_0_3204.jpg,3,healthy,256,256,5592,True,False,False,False,,51c05dc0df6f287373d24ef4e69b9bd5ca527c944edf17b0f484df0e516e036f,fa95c0683f2750dc
dataset/brown_blight/image_0_8237.jpg,1,brown_blight,256,256,4550,True,False,False,False,,57d08979e04470779b72052c0829768d2bdfafcc6e3418cb8773d1b3996ee124,a4cc9b3365cf3292
dataset/healthy/20220101_091237.jpg,3,healthy,256,256,4562,True,False,False,False,,0f0a7ff38d4d88531ff5b2cb9e91d1279ceb6ad2766e8daab9785e7c3a182e78,ff80c02f3ed0cb0b
dataset/algal_spot/image_0_3462.jpg,0,algal_spot,256,256,6358,True,False,False,False,,94de3fc03b6afd4f175c33b6038ac1f0549c191c6d4a66f5acfbcea1daf87fe2,eec0843f7a5025cf
dataset/healthy/20220101_104751.jpg,3,healthy,256,256,4684,True,False,False,False,,1b4ed8d1bcd455f3ea89c3de3bd1bdb9a55a8a57aca18b8f03e8b5762e3f9594,e99e96696887951a
dataset/brown_blight/image_0_4231.jpg,1,brown_blight,256,256,5978,True,False,False,False,,5155ad1c83b792f15ce064fdb7a44060adc0a0c6a567b0fc85d7d066be0e6b4c,f1c39e3861633e94
dataset/helopeltis/image_0_145.jpg,4,helopeltis,256,256,6778,True,False,False,False,,6148d803a1f711eecff4f9b7eb6081ad2e2b80d971ceccd5bb21e1982472de3f,fa97c160cc63951b
dataset/healthy/image_0_1934.jpg,3,healthy,256,256,7524,True,False,False,False,,fdb8a8ef217e884dab56a88f550903cad168536253c2d60f08c4456595dd4410,ef95c04a0d34dee1
dataset/healthy/image_0_1422.jpg,3,healthy,256,256,4588,True,False,False,False,,be357b340392a53b8648de035a178f1a758b3fdbc170abba3e94d68e7bf5adfe,a14f9a3065cf3ccc
dataset/healthy/image_0_534.jpg,3,healthy,256,256,5481,True,False,False,False,,0306b1777daa4525de6f375a52a7ec0d60af11e487a0d65b58c4c2dce7efcc9d,ae62d09d2fda7025
dataset/helopeltis/image_0_1270.jpg,4,helopeltis,256,256,5879,True,False,False,False,,bfab1a3b8c7b1e30f4c315e914616de867c64695bafd4657b730099e49eec580,afc090376b7a64c9
dataset/gray_blight/20211228_153456.jpg,2,gray_blight,256,256,4907,True,False,False,False,,358b0c7a3e20402cd93a7fcdb42264a952ed67c01002d7de40a22d9a7c49203a,fb3094c06b2fb5b0
dataset/algal_spot/20211226_102837.jpg,0,algal_spot,256,256,5735,True,False,False,False,,023335e8675d1ad1355f9b95096448a2dc87cce3a40b62fdc588cef9011e1ebe,ea94956a5aa169d6
dataset/healthy/20220101_102046.jpg,3,healthy,256,256,4912,True,False,False,False,,8c42b0b71575f55b06ee3686775847d56effba362fa176be5d6e227453aadf81,bfe0d0152feab484
dataset/red_spot/image_0_2759.jpg,5,red_spot,256,256,6445,True,False,False,False,,0375b9c3d4f51f8c32fb9f87244a57a1489cd82e5f157384c2a0ee828cc3d859,b894decbc1e4e2c2
dataset/gray_blight/20211228_141818.jpg,2,gray_blight,256,256,5197,True,False,False,False,,857aa16a92e5ad398dd563312fec763c2ea7430062a468612b552daa2a30b00a,ec92962c79c0ad97
dataset/healthy/20220101_103411.jpg,3,healthy,256,256,5258,True,False,False,False,,2f47000dbce6ea8a669973957f21c9df2d4fddad5a67d45eeaf5055cb5537c91,bac0913f6af0258f
dataset/algal_spot/image_0_4305.jpg,0,algal_spot,256,256,6759,True,False,False,False,,0e64d27b3a770910a0e6852dc0aa1701d48ff26d4e140951d8ed1a917ba5ef1c,abb794c86a07a17c
dataset/brown_blight/image_0_3938.jpg,1,brown_blight,256,256,4746,True,False,False,False,,34357ef1ac42a52c73ea3f4f1f60cd3fdf623f87faf3e3f31845c2be5d65d8b1,e4c69b38996319e6
dataset/brown_blight/image_0_7372.jpg,1,brown_blight,256,192,3629,True,False,False,False,,a2c71dbb03abaf12ea78373fe0342145ae753b17e8e7221b3479d6a87008b3bd,a7cc983364ccb396
dataset/helopeltis/image_0_1197.jpg,4,helopeltis,256,256,5773,True,False,False,False,,df988f9e5805475961f9f3aec4c9eda1878f5c019bb93c63eaae390eb38a9e95,afc2d03d4a706d87
dataset/red_spot/20211227_155845.jpg,5,red_spot,256,256,5131,True,False,False,False,,8df1c2a8585f211faf019cde1c1181be6b0d0cde3d8a0117e604e73f1609fb63,eec890953f5af025
dataset/red_spot/20211228_125231.jpg,5,red_spot,256,256,4387,True,False,False,False,,373b0dc4c64359e544bb149b3ca62ff5bbef399cebe75d8359caa7d2dec4b9db,f487cb383cc3b30c
dataset/gray_blight/image_0_1824.jpg,2,gray_blight,256,256,5150,True,False,False,False,,519c45e6f8e7ce497acedf5a36ae8d470be66fbdf20366c33f870fab115fc7de,eb3c94c06a3fb560
dataset/gray_blight/image_0_2274.jpg,2,gray_blight,256,256,6256,True,False,False,False,,d51c03ce48e0f8ac8a165e3133a126e21ddbe076148d65954ae021ef99122d1c,bde18b1ad431c33c
dataset/healthy/20220101_101919.jpg,3,healthy,256,256,5050,True,False,False,False,,a691b085089cd50e72055cae305d71ef6608256d75a03e57c9c6dbb45e1f310e,afe0941f6ae0258f
dataset/algal_spot/20211227_132404.jpg,0,algal_spot,256,256,5251,True,False,False,False,,d75dbde26cf21d1e6d3e6b46a2fcfaa05fd912b1d6bb048095f67d5a8b416540,bfc0c02f7eb0854b
dataset/healthy/image_0_3684.jpg,3,healthy,256,256,5300,True,False,False,False,,2efc0d99e6ff463c1a24d1179e32cd529b5d2ecf794c8f501b44e6af699dda06,fe95c068b56318cd
dataset/gray_blight/image_0_477.jpg,2,gray_blight,256,256,4835,True,False,False,False,,53860a38a063b93886ae3fbb0eaeb54ec44a34114400bbf3e31fbf684f6145b7,bfe2c0902f69f0b4
dataset/gray_blight/image_0_1877.jpg,2,gray_blight,256,256,5272,True,False,False,False,,46fe620fa5f199436749fc24a8f42ea620dbc2c3ca73a3dd88ad6eb3e9909951,f892876838c5c79e
dataset/red_spot/image_0_1554.jpg,5,red_spot,256,256,4759,True,False,False,False,,a627d5f4f545806abe7315dcd5f15a2df10951d13a17c1686a0461414cb00f84,e883973c68c3b69c
dataset/helopeltis/20220101_121733.jpg,4,helopeltis,256,256,5013,True,False,False,False,,699e90b3aba4c5c8b8a664a5c0526c1f8b18f40013a7f01ccf7670547f33991e,f289cf346c731946
dataset/red_spot/20211227_155651.jpg,5,red_spot,256,256,4797,True,False,False,False,,3c784476f8ed45d2cb92231edec5a8d7ef3d32a67fcf0589133449c7eeec0def,eac0903f6af0b58b
dataset/red_spot/20211225_231718.jpg,5,red_spot,256,256,5279,True,False,False,False,,e5adcacbe17b0966f059f6923b0881c8a3d3154a9609464a462ae5f78b45e06f,bd93c0386f95b0ca
dataset/gray_blight/image_0_2396.jpg,2,gray_blight,256,256,6492,True,False,False,False,,224b03004c662d652e2ca6e344028619a2b3ebe65d677a81001beef04cdefb8d,bc9fc2614db5341a
dataset/helopeltis/image_0_2254.jpg,4,helopeltis,256,256,4178,True,False,False,False,,ee52c32be14d926f80afbd7ad17288e9b3945750322a51b87abdc34ee2d5d269,e592986d3324b69b
dataset/gray_blight/20211228_140457.jpg,2,gray_blight,256,256,5622,True,False,False,False,,aad8486cfc15538d880f359615b5375a79e4b90d1adfed0a0bb1f96ea08f46ad,be92c12d6af0b583
dataset/red_spot/image_0_3074.jpg,5,red_spot,256,256,5169,True,False,False,False,,4139c2753957f1aad1d7115ef00268cc6a8b0fd355c60b249dcd12b8e824599b,bd92c3693cb661c8
dataset/brown_blight/image_0_6418.jpg,1,brown_blight,256,256,6027,True,False,False,False,,be1ed7574a2f5acdb47283df369effa5aeee7ffed4c8c646092eb4508827accc,af96c069b5261b1d
dataset/gray_blight/image_0_2959.jpg,2,gray_blight,256,256,5617,True,False,False,False,,348da828a4abd637b967c0b8701f16177015bccf5a94b35631c8b46357573f87,e8e2971f1a716187
dataset/brown_blight/image_0_9699.jpg,1,brown_blight,256,256,5072,True,False,False,False,,4f76b8370d2dfdbef00e6ac536c0054a867a48009384d0a8948419fc40b56be2,eac895346aca3de1
dataset/healthy/image_0_296.jpg,3,healthy,256,256,5054,True,False,False,False,,b6853b96682fe2f833f9d35f2b4bed35611cc3d0a377b6cebddcf85b94fb5e82,ad69c0963674e933
dataset/healthy/image_0_919.jpg,3,healthy,256,256,5397,True,False,False,False,,2144945100bd4642f7b518d461bc8c716486c7f8f5a218354ab60c83f4f5f22f,a9cb963461cb2ecc
dataset/healthy/image_0_2769.jpg,3,healthy,256,256,5705,True,False,False,False,,690a3d9c907b14cb6cb56df2c87f4a2bac6a146339823ef593cab3ce3788fc95,b027c31ecf249b66
dataset/healthy/image_0_823.jpg,3,healthy,256,256,4592,True,False,False,False,,548800b174be358b635234eb612bd43d174794363469bfb46d3271b54934db96,e53298ccc6cc66b3
dataset/brown_blight/image_0_22.jpg,1,brown_blight,256,256,6465,True,False,False,False,,def790facd33ea6d098d818aab85b9a16a0276178e38ef3e973a8f6cfcf522a0,e94a963c68636ecc
dataset/helopeltis/20220101_103734.jpg,4,helopeltis,256,256,4486,True,False,False,False,,0d24c733a398641e126621de3751057531d0d978034d3e7bb6af5b4157c45c19,e48f93346bc39c91
dataset/helopeltis/20220101_104239.jpg,4,helopeltis,256,256,4905,True,False,False,False,,8619953451a10e02527b83641ab041775f0d16671ff22dc15419f9fb6dab8956,ed96c369341e6391
dataset/red_spot/image_0_465.jpg,5,red_spot,256,256,4788,True,False,False,False,,1ae7a1fb84b7a57bea4a6b71cdf30391296fe26a7697d8829ed64770cc897cf2,e881963e68e1a59f
dataset/brown_blight/image_0_4748.jpg,1,brown_blight,256,256,4779,True,False,False,False,,9cbdb4c3cb7227087b34d9c075f87384d705158a9d2b1adddb8b25a764765ea2,abc0941f68c1977e
dataset/algal_spot/image_0_3424.jpg,0,algal_spot,256,256,5006,True,False,False,False,,739826e692c8d6982d32e688857735598f102f81a4490a93316dd16b3636a06f,bfe0c09f3c6842a7
dataset/helopeltis/image_0_2433.jpg,4,helopeltis,256,256,5165,True,False,False,False,,3125b20adc45227ecdd84a56b518e69b7b3799389cdb30a05406ebd6b225b410,bdc8c2376dc89287
dataset/algal_spot/image_0_3772.jpg,0,algal_spot,256,256,5181,True,False,False,False,,b0f0a2ecd52fbd74343ce148e8a113b54f04630736c2ae7aba94d087b4583be5,afeac09015fd3962
dataset/gray_blight/image_0_377.jpg,2,gray_blight,256,256,5256,True,False,False,False,,81379284197ae32a6e5a4f1687dac5ef977b8fc1a763212d34900f9945cc6d0e,fa9d85605aa5371a
dataset/helopeltis/image_0_1762.jpg,4,helopeltis,256,256,4762,True,False,False,False,,c9773c289bf3a0d5e63892c652e5df48a3b34ea3dd7c22da71f76bc108df679a,e78d98b2664c5933
dataset/red_spot/20211227_164134.jpg,5,red_spot,256,256,5339,True,False,False,False,,cb921d75353c19e1354355a332b06c55f855c5dc66dc096591ce7baf7b217425,ea90956a7ae0a59e
dataset/healthy/20220101_104924.jpg,3,healthy,256,256,5779,True,False,False,False,,42dd9015947da08996deda062ac2f7127eec7994a2388a8aa970d24477ce8ae5,fe2c81734e0e21fc
dataset/gray_blight/image_0_4085.jpg,2,gray_blight,256,256,5355,True,False,False,False,,40a5f03637e0a5cbebf0e426cc456927872bad8659267830bda2e8d82680ca74,fb9584686e85b156
dataset/red_spot/20211227_161157.jpg,5,red_spot,256,256,4999,True,False,False,False,,196cba78b98bdeafaa54732f34019592cc36b97e2be13e92185cd535f28eb47f,eafa85857a5a6129
dataset/red_spot/image_0_1909.jpg,5,red_spot,256,256,6075,True,False,False,False,,8126f8885e0139ac53c1ab2cb8c5ecbec968a0538baefda4b3dd7b1443cfa8c3,eac0953dc2764d5a
dataset/algal_spot/image_0_2629.jpg,0,algal_spot,256,256,9256,True,False,False,False,,a4ac0fe256636770495b40d1bea5c0ff55ac9d4c5d2da6284ccc610209910f37,ea6ac1952fda34a1
dataset/red_spot/20211225_224808.jpg,5,red_spot,256,256,5666,True,False,False,False,,fd037fc1eeba8f106266197dc2ce9df0e17297bd8d68f4c1a010b99fee29414e,a88795387ac1e59e
dataset/algal_spot/image_0_258.jpg,0,algal_spot,256,256,5872,True,False,False,False,,6a6b969c426cb4c2fa00da95ef2bba7f0ed59eaeec098a732b4d4dc339b29954,bf94c068bd373318
dataset/healthy/20220101_122020.jpg,3,healthy,256,256,4996,True,False,False,False,,728d4100b1a8042f167b9514bda8cc91d5cd30f1b241781e60789218ebe7ff95,fa95816a3fa1508f
dataset/gray_blight/image_0_433.jpg,2,gray_blight,256,256,7316,True,False,False,False,,272d494ed3d51e79ea999dce140ce88878fa5dd07d089941a6e3c61dcda61230,ff68803fccd017c8
dataset/helopeltis/image_0_1245.jpg,4,helopeltis,256,256,4924,True,False,False,False,,515fa4ff29d74d0bfbcae995bb243ffcd581322aa4730f1d160b49b240773298,a5c79a38614f36cc
dataset/gray_blight/20211228_133718.jpg,2,gray_blight,256,256,4605,True,False,False,False,,75b4657515a1130802495dd12ff5601e0375bdb82b6a5f10705884a016d066b9,fa85851a3a6df096
dataset/brown_blight/image_0_3840.jpg,1,brown_blight,256,256,4442,True,False,False,False,,23ba7b1d268c69dffb91bf16f624ae95f5ee28bde3b2c370828ce6b248f19088,a9d696696b96844b
dataset/gray_blight/image_0_4141.jpg,2,gray_blight,256,256,6132,True,False,False,False,,06904c574e9e2ae97ec76ab4e2ded8e1fb72493441441d50be0fa0de0bba2612,a8c3973ce13366cc
dataset/gray_blight/image_0_3649.jpg,2,gray_blight,256,256,7382,True,False,False,False,,443eeb3f4eeb0b3cfe913f41357031ba5d00e024af10f0b5506479c5d8861c65,b863ce3cc499b385
dataset/gray_blight/image_0_127.jpg,2,gray_blight,256,256,5146,True,False,False,False,,c92b9607f347801fc4636bccc112362f4b69d96b61923de14cf095b58eb9b9cc,b0c7cb380c9936e7
dataset/algal_spot/image_0_2014.jpg,0,algal_spot,256,256,5128,True,False,False,False,,d764ba46af873b2e855ef8d9e28febe534853a2d2529aecf9c732f55f93109e0,ffa8c0943f6ae0e0
dataset/gray_blight/image_0_3765.jpg,2,gray_blight,256,256,4899,True,False,False,False,,cc4701c215768b60913813241949849e7e83695d1830f144faf253fdd0b4e80a,ec9e9361309e4b99
dataset/red_spot/image_0_671.jpg,5,red_spot,256,256,5358,True,False,False,False,,5d690d48dd287ae52f5715e81efc7deedb8b2010660eb241872c54808e7d31a9,b8c2973d4af00dda
dataset/algal_spot/image_0_2202.jpg,0,algal_spot,256,256,4834,True,False,False,False,,ff39e2f1a1279f98a690d96a629efb31ec70f8629748350346b943b08d0eb15f,e8c7973868c3959c
dataset/algal_spot/image_0_3995.jpg,0,algal_spot,256,256,5074,True,False,False,False,,c647c60e713819ddfee45a16616b5140f9c7e22754950ea31968e8b011a80b38,e13096c74bdc6c65
dataset/healthy/image_0_1087.jpg,3,healthy,256,256,4253,True,False,False,False,,1604914cefc244a6b103b7b254cd117508cdb830f07f91bbe1ad2fe8047dd2d5,e5cc9b326c193399
dataset/algal_spot/image_0_1180.jpg,0,algal_spot,256,256,9161,True,False,False,False,,5172fe0ff0a8c9e64efe7bf7cd21e76c175ed0fef174103f097bc8eefbb152d2,bfc0c017947fe1e0
dataset/helopeltis/image_0_3022.jpg,4,helopeltis,256,256,4472,True,False,False,False,,01fcdf86029f49b7cc30dfa64d19929195164a4fdab27b622119b351ab917272,b4c3cb3c70c31ed8
dataset/gray_blight/image_0_1802.jpg,2,gray_blight,256,256,4679,True,False,False,False,,9a08089b20d6722967785663f9a7d98db2a2ea076e8ec7cd62d2009d7ac56258,a8b987666895b738
dataset/red_spot/image_0_1433.jpg,5,red_spot,256,256,5730,True,False,False,False,,cbec16ca92a611c0e7198274503bf4f29939e60c2b030bc7e82cfafd2741e8e4,b08887373ad8e5ad
dataset/brown_blight/image_0_2917.jpg,1,brown_blight,256,256,4567,True,False,False,False,,5336b6e6198a43d39455249eac75f276f82308bfb9032a854ac661957fb303cc,a5d29b6d34c6c398
dataset/healthy/image_0_2208.jpg,3,healthy,256,256,6156,True,False,False,False,,e92eb2b90342be95f6b95bf9090d51a762027f39759eb60e0a56ff8f6ef5ebda,bcc19bb69833c632
dataset/gray_blight/20211228_140435.jpg,2,gray_blight,256,256,5259,True,False,False,False,,d3ab5b36ddc56187821b48a2f79a09b0d235b7e1856806bfb6ef0bde2635d17b,bf85c03a0fe17896
dataset/red_spot/image_0_1587.jpg,5,red_spot,256,256,4173,True,False,False,False,,331035dda5d8024c00ae05bbf1271c9b6e84eefac8e518aa9190a689fe19cd34,e1cc9e71678e9069
dataset/helopeltis/image_0_1408.jpg,4,helopeltis,256,256,3588,True,False,False,False,,a9973b32993cc3845ab52f9eb07961b087937733b7ed79da80549248b38e5fe3,b19ace613c96c369
dataset/healthy/20220101_093950.jpg,3,healthy,256,256,4916,True,False,False,False,,0f9c0ca84a9f12f885c8052972bc0a3a878993d5c104e39d766f53564b904a1d,bbc0943f68c0a7ce
dataset/gray_blight/20211228_133013(0).jpg,2,gray_blight,256,256,4912,True,False,False,False,,bc2aaeb81d81bcd0e3e1a4b4ee7ab4a26a7020cb6f7c145e2a5678976c3a95c1,fec0803f6ae0a58f
dataset/gray_blight/20211227_164028.jpg,2,gray_blight,256,256,4729,True,False,False,False,,a0040a50842b2955461badbd40fbbe93ca19682c705adc72b0e5cd218217e990,ea85953a7ac18d1e
dataset/red_spot/image_0_2720.jpg,5,red_spot,256,256,6161,True,False,False,False,,bf939886f9b59a93854f8ab59faa262c0513462c7901405884e911c3aafe074c,ffc0c0372fd0d407
dataset/healthy/image_0_806.jpg,3,healthy,256,256,4649,True,False,False,False,,59e7478a07790d5f7a16a6742eed9b17da00e264a5587296944f98a8892f6e96,a592cb65309ee3c9
dataset/algal_spot/image_0_889.jpg,0,algal_spot,256,256,8032,True,False,False,False,,3d538c13c5fdc7bcf06cfc7ac5a3423bda3f5a9ee9881d3715f2ea7ea30b0f31,eac0953f5a704bc6
dataset/red_spot/image_0_2309.jpg,5,red_spot,256,256,4850,True,False,False,False,,83eefafac09f4dcadc4b2c55b973a8772ca36c9291ef973bf6749fffb7b46638,f5ea9a3061c3963c
dataset/algal_spot/20211227_151823.jpg,0,algal_spot,256,256,5209,True,False,False,False,,762a5e7b35a1fd93a544067d17ddf5233bae3bbeb4a125424e2e0a14a4bae010,eaea95953f3a4260
dataset/algal_spot/20211227_113800.jpg,0,algal_spot,256,256,6483,True,False,False,False,,957f7d47096fe698ab6413f4457e9dcab726c914d4a8600370038cac97ffcdf8,ff39d0844a1a356d
dataset/red_spot/image_0_377.jpg,5,red_spot,256,256,5428,True,False,False,False,,8cdffe0707263c19eedd68358429e4cdbd6e62449b91e9323f908c1cdf776c23,a5cd9a34e1636ec8
dataset/helopeltis/image_0_202.jpg,4,helopeltis,256,256,4091,True,False,False,False,,75d6e1a850f3c64ff7a8510471a1408d8421ec9e5768a4fd2e979ea5e99aa77f,eac5953e6ac1851e
dataset/helopeltis/image_0_800.jpg,4,helopeltis,256,256,4911,True,False,False,False,,3f818dd61e84812ae82c0fa467990ca893347430097098ec51bbe7963db706d6,ad92c96512c9e1de
dataset/red_spot/20211228_125648.jpg,5,red_spot,256,256,5531,True,False,False,False,,e18afdf08340d8e0d36218d3eba58790927c3adc972fd1f1aa3874a9bbc249ad,ff91d06a0b253cd2
dataset/healthy/image_0_2390.jpg,3,healthy,256,256,4234,True,False,False,False,,5bf4071da06c1488cc0186217653cba0e471b1881cc0095c6cb6c0b8837a5add,e18a963468caa7bd
dataset/healthy/image_0_21.jpg,3,healthy,256,256,5126,True,False,False,False,,d046ee1edbf822d8990cee8d45466338e8c55140d9e8544e943fafbef40448dc,b418ccc6c3e6c7c6
dataset/helopeltis/image_0_1945.jpg,4,helopeltis,256,256,5865,True,False,False,False,,ca8587fc6c0f41e3b7f0360edc9040c1029129ca94032cbf52ff777cd30361f7,e9cb9634a1b326cc
dataset/gray_blight/image_0_3321.jpg,2,gray_blight,256,256,4997,True,False,False,False,,64a9006b62c98ab7cf1e3ca48ca13e1df1105c0e08add2b8b870db2b65a275d4,bfc4c0683f94f0ca
dataset/algal_spot/image_0_3236.jpg,0,algal_spot,256,256,7039,True,False,False,False,,979e34e8f4a1ce8b02910a0a656e462c8b4eba34042aa3d526412cf1d2233761,ae9f85c2782d3338
dataset/healthy/20220101_103312.jpg,3,healthy,256,256,4485,True,False,False,False,,b2f9b9c39c7f6cb5af3968aac82cc1710e71b421ba1a2b0c698336fbafcc7491,e8b497cb69b41643
dataset/healthy/image_0_304.jpg,3,healthy,256,256,4677,True,False,False,False,,884ad33645b2e056acf57edb56d35002520c21ce9166a7d062e28a72a938566d,efc0943f6a70258b
dataset/gray_blight/image_0_1363.jpg,2,gray_blight,256,256,5898,True,False,False,False,,f0b91bb6a47157a41d1629a33dcdbf0f93b9c5ee6680d4dea3bc9163c4581a84,eab585c27a8d6570
dataset/healthy/image_0_322.jpg,3,healthy,256,256,5065,True,False,False,False,,c1327b41e952ae13f51570b74b9999a545987870adce6c8fd58e8e884bf67349,ea95c06a3d97c2e8
dataset/helopeltis/image_0_4293.jpg,4,helopeltis,256,256,4477,True,False,False,False,,682406fc7fbb748e75946f3c83fd38d61877fbf3ec4b508766edefecdeb64892,b6d9c9241e916cce
dataset/algal_spot/image_0_1241.jpg,0,algal_spot,256,256,5647,True,False,False,False,,77ed75772db7772bf3e7e88f6684be7c2f22b2911acde154c624aee91caae292,bfd2c0682f9730d8
dataset/helopeltis/image_0_2829.jpg,4,helopeltis,256,256,4082,True,False,False,False,,e7f90ddc77903aabe8d58fdae056d4b4d5212cff8c8c4063a81ba089875195c7,e39c9e636994964a
dataset/algal_spot/20211227_133349.jpg,0,algal_spot,256,256,6692,True,False,False,False,,ac5ffe71c40b8c38b5552a82afe0573d216cc894a5a537e75bc377d4050d8a4f,bbaad4850f5a7069
dataset/red_spot/20211227_162032.jpg,5,red_spot,256,256,5051,True,False,False,False,,245206020fb074f31bd3b09cecc9608ff7a109013644bf13311c1d4b3a6bb961,ff80c42b2ab49fc2
dataset/algal_spot/image_0_3455.jpg,0,algal_spot,256,256,6428,True,False,False,False,,efb006c5382c9e4e3fa77b21e965384f68737918fed5fe6b09bfbd30d5552be9,f994ca6db4323338
dataset/red_spot/20211227_160137.jpg,5,red_spot,256,256,5605,True,False,False,False,,12dbb63d3d1e5cf5ab7cd7cd362fa293976898e9e4d5bd5b8bf11f81b0d571fa,b8c4c31f4f7034c7
dataset/brown_blight/image_0_3137.jpg,1,brown_blight,256,256,5515,True,False,False,False,,cec786a60bb7a68e85891691a36808c48fce1eeea73f90a725f665af810b45a4,b493c36d9ec63a90
dataset/brown_blight/image_0_3250.jpg,1,brown_blight,256,256,6001,True,False,False,False,,258b01322b68d070c50670cf8b0da14603a5d825e9333f944f697569ffe26b54,ff90c0683f95d05a
dataset/healthy/image_0_1814.jpg,3,healthy,256,256,5469,True,False,False,False,,1f0d235b4a4c62fa73a0dd296c57191434b08b85cd8162fac579f041aa1992c3,bf94c06b3d947298
dataset/healthy/20220101_101949.jpg,3,healthy,256,256,5149,True,False,False,False,,39b6ae72cbea30d2df9b1a8bbf8cfeaa2f349e5630b13457efd76105d144fe70,ae7e81c16a1eb525
dataset/helopeltis/20220101_095658.jpg,4,helopeltis,256,256,4018,True,False,False,False,,c8ea86a4bbe8fb459415c5d0586a6b785adaa2914d4e092dc049d976b69d98a0,a3cc9a3364cf9a98
dataset/red_spot/image_0_1550.jpg,5,red_spot,256,256,4779,True,False,False,False,,5897d8705cf7aafcda4a67900780591b90bcb77595da3d47ce448df2bd0c8590,bc61c39e34e07963
dataset/algal_spot/image_0_1908.jpg,0,algal_spot,256,256,4902,True,False,False,False,,95d4a835db1a942244f1e2472feaba8b7985536cd50c90b614ecc53d26b20bf1,e8aa97b47843672c
dataset/gray_blight/image_0_3956.jpg,2,gray_blight,256,256,5314,True,False,False,False,,030a8e73f83b00094f6d346e694ab375b42ade89e6dd343a099315da008b604e,ad9ac2691ee6c19c
dataset/algal_spot/image_0_4051.jpg,0,algal_spot,256,256,5006,True,False,False,False,,6a43b6b6ece762a4e1a4453b0e8e3db9d183b09b5d45ae3b4a9faccccf130674,bf98c0221fd97c86
dataset/red_spot/image_0_683.jpg,5,red_spot,256,256,5888,True,False,False,False,,a043503e05bca1201a9ff330f409de84d0f2d9e166dc7da30767fcf98290b095,ef97d0e82d876230
dataset/healthy/image_0_267.jpg,3,healthy,256,256,5493,True,False,False,False,,352d2165bb069b19d1df1eca8d67d4ace7c6dcd5147bcfec1a52716c296a7ab3,ffc0803f7ce042ce
dataset/helopeltis/20220101_105120.jpg,4,helopeltis,256,256,5648,True,False,False,False,,ea1d18a7548e600359af6af6e454fb9e141f8aaff18d8c29025a1a8af1040c64,e9b4954b1aad61d2
dataset/red_spot/image_0_3220.jpg,5,red_spot,256,256,5777,True,False,False,False,,4362ed11411f4e3610030fe94a97525f7b831cca1f574e2831b58f0501286bdf,eac1953eda610fe0
dataset/brown_blight/image_0_5340.jpg,1,brown_blight,256,256,6165,True,False,False,False,,9ad7a3b6225f5502da6827e095d2a814f7493c343ee743725ef65edea33fc31f,fa84817a3f21f097
dataset/helopeltis/image_0_1264.jpg,4,helopeltis,256,256,5152,True,False,False,False,,b1b5c4ec2c82eb0459d2e60650de2d015543105a7e567e3d5919f4abb3eaa7eb,e78c9a719366cc34
dataset/helopeltis/image_0_1369.jpg,4,helopeltis,256,256,4497,True,False,False,False,,80a6a7f11881a284560bb316e066c185344d9a36071424c077f3c793702feef2,b4c5cb3a34c5993a
dataset/red_spot/image_0_1931.jpg,5,red_spot,256,256,4819,True,False,False,False,,3dadb19dbdd1bce17059ee9d8c2f794c6c83fcc94301368314707fc7fb95abcc,e8c3973c694326cd
dataset/gray_blight/image_0_913.jpg,2,gray_blight,256,256,6411,True,False,False,False,,d31e6ec781427ff1468521a9f338783701897486078f75b6668ff4f966502db2,fac0853f7ad0258d
dataset/algal_spot/20211227_153055.jpg,0,algal_spot,256,256,6419,True,False,False,False,,be87b3f7a29d0648d6bacc23c13709f750ce69573073ac625ce295f6cb4503e8,bfe2d0950b5a3d21
dataset/gray_blight/image_0_3459.jpg,2,gray_blight,256,256,5942,True,False,False,False,,c3cc2b64b3774aef76f6f2955713c1c02ef2efcf86d212b5a55037175ddd7258,a87895875a1abf29
dataset/healthy/image_0_2251.jpg,3,healthy,256,256,6009,True,False,False,False,,42cf84ad7715a1314bfc3788d185797228cfa6144b552c0d960b1bd7a31f27c8,eecac23cb19326e4
dataset/algal_spot/image_0_3271.jpg,0,algal_spot,256,256,7024,True,False,False,False,,3862fb1c1ce71a534f97d83f894924c01d59770f33e57832a678bd59e2f7ba5e,bf95c0683597321d
dataset/algal_spot/image_0_1098.jpg,0,algal_spot,256,256,6787,True,False,False,False,,f69e8ab728a60c7434d06f630c9b800ad931768b1203e4110297ff9f22e64f49,ebe8c0953cda3265
dataset/helopeltis/20220101_095837.jpg,4,helopeltis,256,256,4170,True,False,False,False,,9a7e5a4b26e417884d6561e1be17c1d026e3d25354a8c44ca684b10216fc21b5,e5cf9a30659a38c3
dataset/algal_spot/image_0_2575.jpg,0,algal_spot,256,256,5818,True,False,False,False,,666be634cd20eb46478af580a2a922216c24a26d4543d84513ade2ff51cb4c7a,afd0c02b957ac9e1
dataset/healthy/20220101_104148.jpg,3,healthy,256,256,5611,True,False,False,False,,9c4d9737d650d53d31a15697878dfc7061fe3a8fb9c19dedb456834ab6e84932,bee0c09f2ff0308b
dataset/brown_blight/image_0_3200.jpg,1,brown_blight,256,256,4953,True,False,False,False,,fd79e950f3444a5da710603789624d693e1a6fea388cdfd45396ac406935e21c,bf62c09f3d681287
dataset/brown_blight/image_0_1154.jpg,1,brown_blight,256,256,4586,True,False,False,False,,1dee60644862d1572a512ec21004a747e2d79ae2a4ac3151c3557f6d3b116765,e1ce9c316b4e348d
dataset/red_spot/20211228_120334.jpg,5,red_spot,256,256,4547,True,False,False,False,,ceb9935a75f5474391673ae1b898fd83c3821318e587c87d5bc554b86a60e347,eb6994943a3ae1e1
dataset/algal_spot/image_0_1468.jpg,0,algal_spot,256,256,5129,True,False,False,False,,eef91406a2cfdf9560041e95f376c71e909e620ac576fd34add528d6badcaf36,bd6dc39a34e12346
dataset/healthy/image_0_118.jpg,3,healthy,256,256,4785,True,False,False,False,,c193a91b6d5d15c1fc96ce0173c0358d6fe8a7dcec074a539079f13492025183,bdc1d23c69e036cc
dataset/gray_blight/image_0_350.jpg,2,gray_blight,256,256,4714,True,False,False,False,,a6020aaab1e9e43ccffcf85952b860f55defc32282adb8b480f7102c02185606,e8c3943c6bc29d3c
dataset/gray_blight/20211228_141444.jpg,2,gray_blight,256,256,5504,True,False,False,False,,e8b79e66ceae636bdec631e035f7c6150423aea13d5adc169d01f97b9406be16,ae80d07a2fb5b4ca
dataset/gray_blight/image_0_1956.jpg,2,gray_blight,256,256,5587,True,False,False,False,,c857dd7eb78f982273eda79c48d80cb37b31dc485162374570e9bf6cc4ee5533,b8c2c79439e36a66
dataset/algal_spot/image_0_3507.jpg,0,algal_spot,256,256,5247,True,False,False,False,,268c60e1f583a4e5c21e9d205bc2afd9094df34fc7111bfc97affbf0f226feb6,f4cd933224e166cd
dataset/gray_blight/image_0_274.jpg,2,gray_blight,256,256,5542,True,False,False,False,,bad22b571ea67d5ca0bd449db12cbdc815254c00914f8c79ce0098803dae1441,fec1913e48c2bf88
dataset/algal_spot/image_0_2604.jpg,0,algal_spot,256,256,5243,True,False,False,False,,90ea0f13d1fac2a7dd96a9e9791f78cdcd776c5288bb30605823c2dff578cc01,f881c73e69a134ce
dataset/gray_blight/image_0_2312.jpg,2,gray_blight,256,256,5445,True,False,False,False,,ca97f189eab196463b92d6fe01a17000b88171d7c3029c7133689a5e444a5cdd,e89897c7783c2593
dataset/gray_blight/image_0_2524.jpg,2,gray_blight,256,256,5572,True,False,False,False,,fdfbb7a2898bb78d4ee468d0a69ede0eff454cbefb8fc636bf9e996192c73f31,bf9ec065160b99cc
dataset/healthy/20220101_102054.jpg,3,healthy,256,256,4799,True,False,False,False,,df5d210068365d59f0207039a4e421944ed9aa58676789b1201387baa637c177,abc0d46e2ba0f4da
dataset/gray_blight/image_0_722.jpg,2,gray_blight,256,256,6052,True,False,False,False,,e70d90f167c4735b2383df4e624d2d3e6db9000951f7b3beb58bb923d2ad374c,a968c696b49933e6
dataset/healthy/image_0_848.jpg,3,healthy,256,256,5362,True,False,False,False,,3cc239ab17887b9c8acd0e9e143a1c784bf040b6f3ebd98837f7d6d3b145ef0b,aa95c54a2f377298
dataset/algal_spot/image_0_1822.jpg,0,algal_spot,256,256,4988,True,False,False,False,,1f16dc93396fa8beaea0cf9e7016866d8fe67f30a1e3ec3546253c88d1287b0c,f887853f7a40a18f
dataset/gray_blight/image_0_703.jpg,2,gray_blight,256,256,6772,True,False,False,False,,3d00caa2f88a399a9d000cdad82a3b5d1c35bc29d19911bbfec1b57b995fbd52,ea66d5950b1a7cc1
dataset/healthy/image_0_2178.jpg,3,healthy,256,256,4559,True,False,False,False,,8b278f811bd52131ccae35c5e903345a92af270b5e28c727ee92107187c5e6e7,e89695686a95a5da
dataset/brown_blight/image_0_4292.jpg,1,brown_blight,256,256,5857,True,False,False,False,,f5f65790da0d39f6789f7d3ec3a89520ed7bf7676b161a78a438b325b58000f5,afd4d02b6fb4c083
dataset/gray_blight/image_0_3150.jpg,2,gray_blight,256,256,5548,True,False,False,False,,2a443bb8521ef9ac634045e890870be7d250beada74844f11c76ab6e0e4f8ccc,fa9c846a3e94e15a
dataset/brown_blight/image_0_7270.jpg,1,brown_blight,256,256,5394,True,False,False,False,,e439f6bbce65e367c186f63460231c72f584a38f3618c1652cd01292571cc943,bfc0d12b6ab4a5c2
dataset/red_spot/image_0_2226.jpg,5,red_spot,256,256,5842,True,False,False,False,,e39f9c17f4048b8209806cec06d675a9d8e18f998aed6f6e81d708be31f722bb,ae3f95c068a92733
dataset/algal_spot/image_0_1076.jpg,0,algal_spot,256,256,5827,True,False,False,False,,2c5ab808d6c2a5950d2c37e0bf6d63376afabde070ff98c69816082b9e3c747d,aa6ad5952f4af221
dataset/red_spot/image_0_441.jpg,5,red_spot,256,256,4733,True,False,False,False,,050245620dd2c50d7db9e3b65fcccea6932e98cecbc67143af32d667b3beec63,f592d2693d96e0c8
dataset/red_spot/image_0_530.jpg,5,red_spot,256,256,5103,True,False,False,False,,1739d4b5e353b6c842b6a51d98537ed13788bb09b1aa9ef0df98312ea619ff1c,bdd0c06d1fb0e88b
dataset/red_spot/20211225_224219.jpg,5,red_spot,256,256,5181,True,False,False,False,,0b3d90f3ed227bf6e5072731cffb3655957c740f5ac35a238e85c5c21d40ddf7,a893976c6897a55a
dataset/helopeltis/image_0_644.jpg,4,helopeltis,256,256,5609,True,False,False,False,,ee1b662a7d2bb7d5c4afbac4a6e76e4f5727f1e95ae0e74cc1ba85541025b17a,e8ca97354ac24d8f
dataset/red_spot/image_0_532.jpg,5,red_spot,256,256,5605,True,False,False,False,,33e4fcff0369d7d83d838407e0c2f7f1dc45ca97bb50e33475e92418c60a50f9,ae97c1c0b4323b9d
dataset/red_spot/image_0_2336.jpg,5,red_spot,256,256,5404,True,False,False,False,,f0c4db0ccf372d1d767b4bb6ff08c9ee4c0e8a50782a442f6b8d55616bd60dcf,efe480953f5a7025
dataset/helopeltis/image_0_3679.jpg,4,helopeltis,256,256,4708,True,False,False,False,,2f007d7d332749794c3c27e0b68bb9105d418a3a283cf8be6f52cac86d9e4f1d,e996c2693e85f0ca
dataset/healthy/20220101_101129.jpg,3,healthy,256,256,5262,True,False,False,False,,91563c133066812d6359a579c07bd00b4e799e283bd669f7b7ad1e04e180b4f9,bec0d03f4af48dc2
dataset/healthy/20220101_121855.jpg,3,healthy,256,256,5015,True,False,False,False,,5efe3ddb9827062761668ff455720dd1a38bf73e280857988d9653e918463335,fe94806a1fa570d6
dataset/brown_blight/image_0_9202.jpg,1,brown_blight,256,256,5156,True,False,False,False,,a17dd5e8225c63a82a143d15dace62433826fb34cb8f7b2c27b04775f4e7a5e2,f19a9e653896e348
dataset/red_spot/image_0_180.jpg,5,red_spot,256,256,5384,True,False,False,False,,67d3c2aadbffcd297c90f203dce84e0eb523591f66d1c4209e930846e9906d08,ba9595c268b53633
dataset/gray_blight/20220101_114833.jpg,2,gray_blight,256,256,5149,True,False,False,False,,9296772edc4cc93718ef4b6495d42f857ad5b83f101b6abae0342296ba8ebe07,ff81c02a2fb4f4c2
dataset/algal_spot/image_0_3267.jpg,0,algal_spot,256,256,5553,True,False,False,False,,34c840295c1ca3ecf338287309f66e28bc741c1f923c83edebb4986006fb7195,bd92c361360f31dc
dataset/red_spot/image_0_1076.jpg,5,red_spot,256,256,5467,True,False,False,False,,a39267f5ed561ad251045c0638f4620fb5c0a19a3e8e7ee5c79774ca1a07b135,ab95d4683d9742d8
dataset/gray_blight/image_0_3128.jpg,2,gray_blight,256,256,5126,True,False,False,False,,b029064af47128c475aff55a20301d4a42905e3d2e1e1b8460b27cbf0d640261,f49acf66303899cc
dataset/gray_blight/20211227_164343.jpg,2,gray_blight,256,256,4647,True,False,False,False,,8b404b4883eb1960620d3f3b375eaefa0420952e37b92602274c147055e5c252,e987c63839c7849e
dataset/helopeltis/image_0_1555.jpg,4,helopeltis,256,256,4655,True,False,False,False,,373ad53d5468f63febc0b9d5797a1989804ec97795cccd3de4a5163bfa8bd0c0,e58d9a30cd669c93
dataset/algal_spot/20211227_154344.jpg,0,algal_spot,256,256,5300,True,False,False,False,,ad57910290915c0edb042a514897eaf6508966359e75fcde5436aaeb3b940818,ff9f80c05e0f213c
dataset/healthy/20220101_101717.jpg,3,healthy,256,256,4876,True,False,False,False,,fe8f747b4c5d86908a604e602a47263ff18c84cefcfdf1e6636b23b30d1d8b9f,afc0903f6bc0b50f
dataset/gray_blight/image_0_1912.jpg,2,gray_blight,256,256,5485,True,False,False,False,,7c0d6c13f221479c287ec67e15a1dc15f20749d6332eaa8d8c31b7bc5973db6f,e4c79a30e72f624c
dataset/helopeltis/image_0_3292.jpg,4,helopeltis,256,256,4703,True,False,False,False,,2d2292034bebc2b92a5fb3efd07d9fc363d9a3858c78a9e7831e85cb9610e8da,b098cf243ccb65b6
dataset/healthy/image_0_1066.jpg,3,healthy,256,256,5012,True,False,False,False,,0a817f087bc11e73101b916789f67101075538ba32bfecf63f77ee90a66bea2f,f869cb1634c133e6
dataset/healthy/image_0_1700.jpg,3,healthy,256,256,5824,True,False,False,False,,c1bf44130490fa6b1d855aabe6d3b453fa9003b22baf7281b1b5563585460763,ef95c06a2f25309e
dataset/healthy/20220101_122140.jpg,3,healthy,256,256,4674,True,False,False,False,,d0563620e3584acebf3e8636894ffa1e8f854c20174019ca527ef9fe68a7e1d5,fc85833ea5c01f69
dataset/algal_spot/image_0_1250.jpg,0,algal_spot,256,256,5886,True,False,False,False,,f42b0bed430c07a00a75861070db9e74f28a143b3b7c1abdb35761acada41b43,aae5855a5aa56157
dataset/algal_spot/20211227_153238.jpg,0,algal_spot,256,256,6345,True,False,False,False,,0ca8a07a5806a0e0c040f0272f7d7ef81403d16ec1ea3fcd9b91d4447aeb6bb3,bb9ac1e50a822d3f
dataset/gray_blight/20211228_154632.jpg,2,gray_blight,256,256,4783,True,False,False,False,,86bb117c3260d0badd7a5a8c73c5f8573fdd45033f1d0f1d006596fc54ca0b5e,ee2d91907a3e0de1
dataset/algal_spot/20211227_132225.jpg,0,algal_spot,256,256,5156,True,False,False,False,,d42acc799b43eabbc4a73e524069abf03dff3da806cfd828815da213e877416d,fd82c22d3cd4c31b
dataset/brown_blight/image_0_9785.jpg,1,brown_blight,256,192,3682,True,False,False,False,,9086a5a510cefdf3d229f7273bd29ad881fb43af9af3a958b60fb985650af302,f49bcb643893651c
dataset/red_spot/image_0_976.jpg,5,red_spot,256,256,4550,True,False,False,False,,e06fe9f0a4c9daff7b777ee85eae5a51be3fb4473a8efeda96bae44428bc5671,a08f87393c97934d
dataset/helopeltis/20220101_105424.jpg,4,helopeltis,256,256,4104,True,False,False,False,,f020133340795b495c8651bfa095efc6b58711eb28a84dbbf1c459826415e0c5,e13a9c65319ace65
dataset/healthy/20220101_091752.jpg,3,healthy,256,256,4949,True,False,False,False,,079ebdfb22f583e578a5bc3e59f32e92ea70bb492d9bd8eb53ef7f346f601872,fea1809e7f60e027
dataset/red_spot/image_0_803.jpg,5,red_spot,256,256,4887,True,False,False,False,,b404871fc4fcef4d0d2a1f29140a2518c0a40ea2cf45191205a4b859b13c7c55,bcc0c33f68c097c7
dataset/red_spot/20211228_124157.jpg,5,red_spot,256,256,4828,True,False,False,False,,88a56b5bb663f4a7d8ec6d50b2cc100b5f614c297e0371b3047d7bb37fdae62a,ea9497627885e1da
dataset/brown_blight/image_0_2033.jpg,1,brown_blight,256,256,4600,True,False,False,False,,16ee7460501b1aff607bb31ccc39b7be88f9beb0410383263286e37e12021873,ea6ad1953f6ac00d
dataset/brown_blight/image_0_6441.jpg,1,brown_blight,256,256,5505,True,False,False,False,,9b47f2dbca4bb570210ae6e50808da4678c1f6737b0b9eab50392a1c59abf2fd,fc98c2653c9ee1c1
dataset/helopeltis/20220101_104441.jpg,4,helopeltis,256,256,5108,True,False,False,False,,f895d4a58ba5acfdcdadff3103175401cc3467b6e27ccbc40347867974686571,fa90852f7ac0a51f
dataset/brown_blight/image_0_6270.jpg,1,brown_blight,256,256,6357,True,False,False,False,,a55167344435953d23ba290ea588b10ff70b9036d0e55731bc09e296a418783b,e4669e32cd99a68c
dataset/red_spot/image_0_467.jpg,5,red_spot,256,256,6481,True,False,False,False,,06e895be2042eebec93edfbd5646bddc1238c51a980a5abe09fc8d9c8de6202e,ee95914a2ba574d2
dataset/brown_blight/image_0_4785.jpg,1,brown_blight,256,256,6195,True,False,False,False,,8ca4762510a0a70b244295078fc69952c0ed42b13572d1182609296326cd0441,afc89635614b7e84
dataset/healthy/image_0_739.jpg,3,healthy,256,256,6108,True,False,False,False,,53048f636a73f9ecf467f4ea7e61eb0aac713074d27b0ec5c069c2f23e606389,f896cb618466333d
dataset/brown_blight/image_0_7955.jpg,1,brown_blight,256,256,5818,True,False,False,False,,313d2eba7aed6f4b923511e24691c50f5b2d12b1b340d37431d812349436e0e4,aae0951e78e1273e
dataset/algal_spot/20211227_135615.jpg,0,algal_spot,256,256,5101,True,False,False,False,,18b804e40936d6a773366b7f764bc27562aba34ad87fd01be888220fb6a18819,ffc0c03e2ff0904b
dataset/gray_blight/image_0_514.jpg,2,gray_blight,256,256,5300,True,False,False,False,,9424d0ffd433da2912893e7827e3d023bf31ef8f504a9a9af40813590921ca9c,e83b97c56a1aa561
dataset/red_spot/20211225_223937.jpg,5,red_spot,256,256,5008,True,False,False,False,,9ed09b3ebe421f2150fa18ba103f718f83617bb866899a5b2c5287e9df38c968,a89797686a97855a
dataset/gray_blight/image_0_1336.jpg,2,gray_blight,256,256,4986,True,False,False,False,,71c7dc015cc0a9da2ec1f338525a9c444eeeb4985c2fb1e84ffec1636ab2a9e1,a03c9ecb693c3633
dataset/brown_blight/image_0_4377.jpg,1,brown_blight,256,256,5327,True,False,False,False,,e615f1b937f5eb0657d922037ddcc517316c96b323705fa446b9f117be364a06,a89797693897c368
dataset/healthy/image_0_1651.jpg,3,healthy,256,256,5341,True,False,False,False,,0c62fc5b5f780552328620bee96a65e835e4c6a5a1407b01c27d56209153bd16,aac3953d604ff491
dataset/helopeltis/image_0_2888.jpg,4,helopeltis,256,256,4804,True,False,False,False,,a72cffe24f9c1aae70470ee787622836e21e24495a2a8c276d96da2885eef68c,b780c81d36f0d98f
dataset/helopeltis/20220101_103727.jpg,4,helopeltis,256,256,5515,True,False,False,False,,be3548cd2cd0c1635fdbcb79aafd73d2a3330ae8786b42cca90637977b5f8be3,edc9923661c90fd8
dataset/helopeltis/image_0_2101.jpg,4,helopeltis,256,256,4805,True,False,False,False,,79c9bbf1b562bfb46af5da327643defe29d27464ec85a44120cc9f119baba416,bd16c0693f92c0fc
dataset/healthy/image_0_3646.jpg,3,healthy,256,256,5783,True,False,False,False,,aca0fbbf9e3c9aaf216fa004230114a055fe5a5b75ff2ee50fbaa90643a189f4,bc9ec361cc673330
dataset/helopeltis/image_0_273.jpg,4,helopeltis,256,256,5277,True,False,False,False,,657c2146a61afe1160f80df59308abe21f91dfe14b595a4a326e480c59a25558,febd80407abf0750
dataset/brown_blight/image_0_6027.jpg,1,brown_blight,256,256,5421,True,False,False,False,,d39fe0b920f43ebed348961722732b8c8935aa896afea4c514b0f0134942755a,aa95c06a3d9ecb61
dataset/red_spot/20211225_223318.jpg,5,red_spot,256,256,4436,True,False,False,False,,8627b46deae2a8fd2bef08a8f7a0531c6835b39b0703ebc3cc387324bc4b9410,a1929e6d69969669
dataset/gray_blight/20220101_114428.jpg,2,gray_blight,256,256,5995,True,False,False,False,,7dfc18e7535ea623a506c6a30a6aaf06c14183cc22bae11c9b4b7b905f205ea4,ea2b95955e1e6168
dataset/helopeltis/image_0_1563.jpg,4,helopeltis,256,256,6153,True,False,False,False,,ff9de60f6d4aaaad717e70ba87eb94f34d96ebf4619bc98482df2cbcfa8515d6,be94c06a05a57a9f
dataset/gray_blight/image_0_458.jpg,2,gray_blight,256,256,5717,True,False,False,False,,e7412192b40cbefe2acc0c14a097d6d78b954ceb5de2b0097da5f10673077173,aa95816a7fb5e0d0
dataset/healthy/20220101_093823.jpg,3,healthy,256,256,4973,True,False,False,False,,ab03c291d2c6a7d5a6c1440d03aa8ee3c3fcf5ca5b7087a1a8b3928fb1f95fd5,b0c69b98d9336633
dataset/healthy/20220101_120445.jpg,3,healthy,256,256,5081,True,False,False,False,,3b5c950c6c8e6726d5b4bf2043c6b51867edaa317b31dd8f816045230f0f1498,ff90807a3fa0e0da
dataset/algal_spot/image_0_1652.jpg,0,algal_spot,256,256,5200,True,False,False,False,,835dad4e4110731565bf9594f46e6e9ccc84892054dc34646fec66f357ac58fe,ffc0973d605f1481
dataset/red_spot/image_0_1409.jpg,5,red_spot,256,256,5790,True,False,False,False,,b33656d7907729b1f251199b72f9956ff1a0fb2a6564f5a6a6969dd8a7b345f8,ff94c06a3785509b
dataset/healthy/image_0_3718.jpg,3,healthy,256,256,5334,True,False,False,False,,5f2bc123a5c4059f2316f6cd7c9cb2a690d2ceb7c10f7fa341c08f3d357d7323,bd17c2e92d173219
dataset/red_spot/image_0_679.jpg,5,red_spot,256,256,5592,True,False,False,False,,d203f39a5494cd40189912a1508a55fed8aae69049642f9ddc15adefb31169e2,babc97c3c8846792
dataset/healthy/image_0_1709.jpg,3,healthy,256,256,5918,True,False,False,False,,0ccf5521d7b23234f1c55fd42516717a9066bd005bad999b97402fa3f0b97bfb,ff97c1681f253092
dataset/algal_spot/image_0_3334.jpg,0,algal_spot,256,256,5303,True,False,False,False,,54b928e02a22b8211cdc0b52abfe171e9909481f390697ad298f33d5444a13f0,bfbf90c06835171a
dataset/brown_blight/image_0_8056.jpg,1,brown_blight,256,256,4735,True,False,False,False,,d7cff0c26a11657b403d65411039256775425ac85cf04dc0bbae2944fa87bacb,ac9ed3e160948e4f
dataset/gray_blight/image_0_3556.jpg,2,gray_blight,256,256,4731,True,False,False,False,,260ed32836a4958c89e94d426fdb96255795512773f83b12ba67f888e3626482,bc9fc2c02d3e9631
dataset/gray_blight/20211227_151434.jpg,2,gray_blight,256,256,5236,True,False,False,False,,dce8ee5867fc89f257e4ad4874aa581048106a94487600de4cb75143d8e11acc,ff80c03f6ab085cb
dataset/algal_spot/20211226_102739.jpg,0,algal_spot,256,256,6382,True,False,False,False,,7bbdfed68e3cf99cd6eed75faed964bbc7b770a6c9accddeb5f09d1619de0e3c,ea81853e5ee16197
dataset/brown_blight/image_0_7167.jpg,1,brown_blight,256,256,4490,True,False,False,False,,0449110a57622a5185d8c7e1004253598cc9059005e7e0714f7f0f3394d52250,b89fc360389fc760
dataset/red_spot/image_0_2313.jpg,5,red_spot,256,256,6068,True,False,False,False,,ed076b3c0298bae3ace58102b8036a1a18eb54810e8302ae97b32acae7c395cc,ffc0c01fce382d61
dataset/helopeltis/20220101_093725.jpg,4,helopeltis,256,256,5519,True,False,False,False,,97d1a9e94777433e566651aea6b3bc94a450e7c7eaaeccae6286203b2777d079,afc1d02f0bb4b5c2
dataset/helopeltis/image_0_2866.jpg,4,helopeltis,256,256,5656,True,False,False,False,,1b83902d9ecfff46023d2f3118bfed8485074815242fcbd974ad5c9d5b70b610,aa5fd5604a17b1b8
dataset/algal_spot/image_0_3838.jpg,0,algal_spot,256,256,5489,True,False,False,False,,626276b227798cf2fd6d7d3a72bf4330989bb1e29e72c0e805af8af93ae5958d,fac0953f68c3ad88
dataset/red_spot/image_0_2993.jpg,5,red_spot,256,256,4311,True,False,False,False,,14d5ceb04408e77c0e922ea096341431fc87ba0d1483da5b1bc17eecd084b6ef,b4dbc9243ac9e436
dataset/algal_spot/image_0_1279.jpg,0,algal_spot,256,256,4551,True,False,False,False,,a3ae9df2dcc77210271afca248e742d0d9618871db291f2c6a326a656b552b07,fcc2923c68c2979d
dataset/brown_blight/image_0_2451.jpg,1,brown_blight,256,256,4185,True,False,False,False,,e92f7eea9a780768199372a1855cafbf2477fc4960f4a509469ee177d7a18514,b198ce67389867c3
dataset/helopeltis/image_0_3828.jpg,4,helopeltis,256,256,4717,True,False,False,False,,5f74c632bc9c8112c2d470c98c2877eb3b1d3d347ce8001af3994cb11ad248bc,f08b933c69c3961d
dataset/brown_blight/image_0_5062.jpg,1,brown_blight,256,256,4682,True,False,False,False,,b307d0248938e1c9366a8ebdefa4092c264abd7a5e181c2f1d6f8918f0be6ed6,bd84d02d3ed0692f
dataset/brown_blight/image_0_940.jpg,1,brown_blight,256,256,3139,True,False,False,False,,312e462723181a58c436152b7009166c27c597f26e17a0329ab3db52d8eaf8be,e19a9e65619a8e65
dataset/gray_blight/20211227_164910.jpg,2,gray_blight,256,256,5023,True,False,False,False,,c94a289fc41e66c23affc76d19f1f02aab4cbc241b3dfb6ed183d2eb582b0551,bf90c02f2ff491c2
dataset/brown_blight/image_0_2398.jpg,1,brown_blight,256,256,6903,True,False,False,False,,bd0d44aed393223e11d44cae19696689f735c4b3b5c83f07067e7c1bcad877d7,b96cc632ce930dc9
dataset/brown_blight/image_0_773.jpg,1,brown_blight,256,256,5829,True,False,False,False,,3395976569cf447bf1ee41c1e19ac4384a61684f5bc7d7ae3710cedfb10d7284,bfc1c06a2f94b44b
dataset/gray_blight/image_0_2551.jpg,2,gray_blight,256,256,6719,True,False,False,False,,6bdc11e042798e79c2bc8f60192c0e8a25d5d7b4aa545c5ef556a24971d4c5ce,e3d896a50b72f446
dataset/healthy/image_0_3454.jpg,3,healthy,256,256,5000,True,False,False,False,,82c2181e7884eaa87ddfddad5e0c351ccb6726c6371e0055c643c29d18b7752e,af94d06a2fb470ca
dataset/red_spot/image_0_1919.jpg,5,red_spot,256,256,4970,True,False,False,False,,824ce6098ef8c0cd14460a89a4a75c448c20d61a6e3d70a437d8f1062c842efc,a834de4be5c662b1
dataset/algal_spot/20211227_151446.jpg,0,algal_spot,256,256,5543,True,False,False,False,,3510d34dc065e066f567bf1156c00eb70bb59531ec268a16acb770ff6fc5119e,ea8695387a87e19c
dataset/brown_blight/image_0_4499.jpg,1,brown_blight,256,256,4906,True,False,False,False,,e42e49c9e706084a08c3ac9b38456ea28bca8058ec4ea7eed80f9772b488c619,ea95856a3894c7cb
dataset/gray_blight/image_0_442.jpg,2,gray_blight,256,256,5888,True,False,False,False,,3fbdda0b89ce5e30ce5aacd4b977e555f8fa27cdc0a6d9ce31b1eb47fcb3a6cc,ba2dc4d26b2db470
dataset/algal_spot/image_0_2261.jpg,0,algal_spot,256,256,4703,True,False,False,False,,a23e68e6ae6f06726a2cbdc7838f9a5ad3b18e94c4840abfb1136a86288148a8,a438dacf61b06e33
dataset/healthy/image_0_496.jpg,3,healthy,256,256,5553,True,False,False,False,,42768601951a317c5c0ca0f9ec29dbc146f00ea00d91cb17094e18c076ca451c,b49bcde6c0e2f130
dataset/healthy/image_0_1913.jpg,3,healthy,256,256,5319,True,False,False,False,,2fc36a909c2031695035e13e630cba41a8227007d066f327758b3facb4c0fc91,fe97814038b753d8
dataset/algal_spot/image_0_5.jpg,0,algal_spot,256,256,4887,True,False,False,False,,b144f5f0c0e3c3a334be3ea3543e2b1a91ab816a98938d025c4959bcfd31989b,e14f9e90b19b3266
dataset/brown_blight/image_0_9120.jpg,1,brown_blight,256,256,6600,True,False,False,False,,bd619d11e0a623bb8424a5b8f202db908c28e51073135bd9f12429ef546b72d6,b8c79e98616b634c
dataset/helopeltis/image_0_430.jpg,4,helopeltis,256,256,5045,True,False,False,False,,0ae9225a7ad2a5e7503258c60398d0d7d6a145fe24128d51f18913922a7a125c,b7c0cb3e60c19b96
dataset/healthy/image_0_2528.jpg,3,healthy,256,256,4724,True,False,False,False,,dd25c4a2b5febae810157bec24ef6263722230ddb53002e5b1ffc5dc94982e8f,abd0d46b34d44a2f
dataset/healthy/image_0_3114.jpg,3,healthy,256,256,5033,True,False,False,False,,29fe34567703f23cef376cc423ddaa738e9af16fb1d034db1d212e968d48b508,e7cc9a9299336383
dataset/algal_spot/image_0_3053.jpg,0,algal_spot,256,256,4822,True,False,False,False,,2f703f1f5abbc6901450ceab91c1d92c71ac7597028530e30811a3e03c202560,f8b4976a3894c363
dataset/healthy/image_0_3100.jpg,3,healthy,256,256,5670,True,False,False,False,,38fe6c2e28c6665256456167dd43f8e4559456c1f27785d855bd2a71e942f948,e7989e9999649932
dataset/brown_blight/image_0_1785.jpg,1,brown_blight,256,256,6081,True,False,False,False,,c84e44f3ad7ca7ee25865c36be8a3110321d081e15bcebac37234d56d38939a5,a896956a3abdc2d2
dataset/red_spot/image_0_776.jpg,5,red_spot,256,256,5302,True,False,False,False,,6049b7d84e1d7b689a5352556dfa51c2098cef5bf42effbfcd65f8a4da53ee7f,bb3e94e14b0a213f
dataset/brown_blight/20211226_002300.jpg,1,brown_blight,256,256,6255,True,False,False,False,,4522dfde3605a0973c3ce8d7075857bc47f9adc354da820de48ea37dc49453a3,a14c9cb36b4cf4a5
dataset/healthy/20220101_093013.jpg,3,healthy,256,256,6275,True,False,False,False,,5e82db9bbd90b66d8f1fc5321f61a0e3b9e6ef94e4b5ee91ab26607d7226ffc4,eb15847a1fa1f886
dataset/healthy/image_0_357.jpg,3,healthy,256,256,4920,True,False,False,False,,3bd167903cf82274fcb78c44bdddcaa8ce6a2e2a67e1efdbb6f41540d7f2d7af,aa95c06a3f8570de
dataset/healthy/image_0_3438.jpg,3,healthy,256,256,4794,True,False,False,False,,ccabe578c0c930d7a5b3ae297d24da93d1212b5e0e5c05be13d5981e581d6547,f9c39e3c6123664c
dataset/brown_blight/image_0_913.jpg,1,brown_blight,256,256,5831,True,False,False,False,,e2f5c00b780fa757858e8e149330addf20cd348b0919e64c517fdf3eb08f77c2,fe9cc0e733988469
dataset/red_spot/image_0_2050.jpg,5,red_spot,256,256,5557,True,False,False,False,,c5f305091f4052b930b5e000ed1011716da46765eb15cf1812aa302a2289c020,ae27d5d04a803d3f
dataset/healthy/image_0_2107.jpg,3,healthy,256,256,4917,True,False,False,False,,8172eb7bc5fa6dfe10203c5c8aa584bf6b653ad661cc0cd3598916803992e3a3,b2c7cd3c0c316793
dataset/gray_blight/image_0_56.jpg,2,gray_blight,256,256,4230,True,False,False,False,,a47a8ffe9a61b2eee5eae02b6eda01136a970d1b2f71eb0787df246b7b73091f,e1b09ecf613096c7
dataset/gray_blight/20211228_142102.jpg,2,gray_blight,256,256,5967,True,False,False,False,,eb87610d6f9a7dd91561b3ed1e699797d22d35c8f91ab5d632e68813d5be465b,ae95d06a0f253e8b
dataset/algal_spot/image_0_4148.jpg,0,algal_spot,256,256,5226,True,False,False,False,,e910197d5800415bb29c54c1ce1ba4428a4434597cde821f1f5352589f72afce,e0c19a3065ef6ecc
dataset/gray_blight/image_0_189.jpg,2,gray_blight,256,256,6651,True,False,False,False,,60ce7ab80467475e231674969ece8a1d1f4da3e1879e6c39dee9b597de8650e3,fb8e94414a7a3d85
dataset/red_spot/20211225_225928.jpg,5,red_spot,256,256,4847,True,False,False,False,,671636d1ecb6278316b3a7737c46c7e1255628d63f0accde144fc192537cfd87,a08b97366887977c
dataset/gray_blight/20220101_114640.jpg,2,gray_blight,256,256,4773,True,False,False,False,,e9c5587240f249bcdf7c15c0b8eea3fa8a852356e9891becfb0e0b004e6cafb3,f08fc93ccc313333
dataset/red_spot/20211205_154648.jpg,5,red_spot,256,256,5230,True,False,False,False,,bb04df9bf4556b2bc36d825f1e5bcacff40a9e607a7654078c98d879b1397607,bfc0c02f6eb485ca
dataset/algal_spot/image_0_1168.jpg,0,algal_spot,256,256,5736,True,False,False,False,,0aeb0a4033f0f00c3c92314846c78a3aa020d1b1e0f0e777883970d3671f9d82,af94d06a2b85f0da
dataset/helopeltis/image_0_1375.jpg,4,helopeltis,256,256,5450,True,False,False,False,,7b0c4a294ca57e16992fbd0d5c126a0a83f64e7632af98927e30622833503cfa,aaca953d6ac2a71c
dataset/gray_blight/20211228_151018.jpg,2,gray_blight,256,256,4688,True,False,False,False,,fd1476d5db2b9295b4f208e17e0dd34d9336cd66b1cd8f4b0de4796e922737a0,bfd0c02b2fb4b4c2
dataset/red_spot/image_0_1643.jpg,5,red_spot,256,256,5473,True,False,False,False,,2c41bef544ce0fcb6d6ad57cbc11636b4ba29bb329b32b4b22e40c8a16c89382,bf80d02f2f90b54b
dataset/gray_blight/image_0_777.jpg,2,gray_blight,256,256,5568,True,False,False,False,,ef6f0b50df6112fdb07845ef6259236487110f0b94fb33c1b062648d3ee25e53,b2cf9b6ccc24c133
dataset/healthy/image_0_275.jpg,3,healthy,256,256,4836,True,False,False,False,,310abcaebb9b78efdfac2714bc88faaa67bb9644dddf993f770d911f939e3834,fac2953d6ac0278d
dataset/red_spot/20211228_125821.jpg,5,red_spot,256,256,5432,True,False,False,False,,ba654910d7a6d99e0fec2c606633cfbadcb0d63efc728aabf5d622ad06e5a7a0,ea9485693aa5e19e
dataset/algal_spot/20211227_154447.jpg,0,algal_spot,256,256,5084,True,False,False,False,,92d385649b5533338d7e46f327ad67763c5c896b8845124ec4541fc4d016e7fb,fa6a85851f1e7868
dataset/gray_blight/image_0_2190.jpg,2,gray_blight,256,256,5548,True,False,False,False,,912c77adffd3108d73d042a0da4d63a264bf8814fd26e7bc3db0d73585385a2c,fac2953c6867c598
dataset/red_spot/image_0_391.jpg,5,red_spot,256,256,5348,True,False,False,False,,c7afa02829d2f257f0fff06cb8c202a5e95475c642f5ac0fbc04d9f2ed90638b,fec0913d6ad0258f
dataset/algal_spot/image_0_1644.jpg,0,algal_spot,256,256,5931,True,False,False,False,,cac57a463835f7e364ef0e9e9147b19aa690f29f0134a92fa595c1c3949497b4,ff3f80c07f170168
dataset/brown_blight/20211205_155055.jpg,1,brown_blight,256,256,4610,True,False,False,False,,77ba3bb15870546c22c49fd03068e2726b092dad599add0eb06d997d965817a7,a892876d3896e53b
dataset/red_spot/image_0_2098.jpg,5,red_spot,256,256,5049,True,False,False,False,,2478acb0af2eaacf787756e60b388e13037cb5256a487c82a236980f020a38b9,eaca963561ca1ed1
dataset/red_spot/20211227_155602.jpg,5,red_spot,256,256,4792,True,False,False,False,,ebe364450ddf2356cf4251f120e748937fd302cccd3b80b5a7c5386f5bad33df,bed0c02b2bf4b48b
dataset/red_spot/image_0_1023.jpg,5,red_spot,256,256,4605,True,False,False,False,,fa8b23ec45ffdaedee6b9a9b1701f239eb83b2eaddcccfbff3e005dc1b12fe08,fc95c2693d94c24b
dataset/red_spot/image_0_2878.jpg,5,red_spot,256,256,5602,True,False,False,False,,98982ef5c713bdd67afb075f20935b3f6340ee6402ae05a2f1d76e151daad8c6,fb9685603aaf61d0
dataset/gray_blight/image_0_107.jpg,2,gray_blight,256,256,5617,True,False,False,False,,b2aa95784170bc9039165ca7ce76e2aea79769fb3c276d4d54d4421f2606bd23,edc99234e1636cc9
dataset/healthy/image_0_1303.jpg,3,healthy,256,256,4562,True,False,False,False,,7eb9acfbbcdae354f4bce19905486e9c89ffbb2774f77434e3679ad27f3a0546,f9d5d7682895c14a
dataset/red_spot/image_0_2559.jpg,5,red_spot,256,256,5693,True,False,False,False,,e3032f56c874a5e87aea968dd837c9543d6e62cc72492d18aecc4a96defcf143,ea94c06a3de0da8f
dataset/red_spot/20211227_161617.jpg,5,red_spot,256,256,5124,True,False,False,False,,6f5a489fd2daf4374a355fab44c2e4a2372429c736f7c8d860f78386ba298353,ff90c06b7e94a0ca
dataset/algal_spot/20211227_154406.jpg,0,algal_spot,256,256,4964,True,False,False,False,,cb153063f63ef7378cbfbbc4f52e2325f751b5fbc0db200b0f5d2c485aff35bf,ef82d03d2bcab485
dataset/algal_spot/image_0_1690.jpg,0,algal_spot,256,256,4984,True,False,False,False,,be1dd6328c39459f2261e3c2f24e669f1d7bd7760d643906742815b44815289f,bc9acf65309a4d85
dataset/algal_spot/image_0_2848.jpg,0,algal_spot,256,256,6784,True,False,False,False,,f65de1a4f02c97e79950c9250ccebabd9118b99839826b8ff5e6723ebcf5fe69,bf9fc0684f253492
dataset/algal_spot/20211227_154418.jpg,0,algal_spot,256,256,6771,True,False,False,False,,d756983581fa6eb08c1191c8654336bee0e41eb7482281aaf93e6e847efe0ddb,efaad0950f4a3c29
dataset/red_spot/20211227_162437.jpg,5,red_spot,256,256,4997,True,False,False,False,,975c234448860d86633fd8c1f72a2d8e0b178aa97eaf8e8d4d2126cbb5bcad82,eaae85c07e1f21e8
dataset/red_spot/image_0_2530.jpg,5,red_spot,256,256,4653,True,False,False,False,,9cd5360a5c97f390df570daa6cfcdce10eb7e327cd060fa92ad92cb9d524b44b,fac5853e7ac1811e
dataset/algal_spot/20211227_133727.jpg,0,algal_spot,256,256,6378,True,False,False,False,,5b75d1a0414b1cb7bf6536e70a9e566db9063dc362a1a91d4d6e8109ec72292c,ff80817a7e29b095
dataset/helopeltis/image_0_3231.jpg,4,helopeltis,256,256,6146,True,False,False,False,,97f4056f7d5fb1030d28e534d372fa60ab93a3c6dc429e3f5476b5e7254ab0a6,ae71d50e4abf28d0
dataset/healthy/image_0_2764.jpg,3,healthy,256,256,5282,True,False,False,False,,4a18017453a7c0617dfab18ae7c089e44f49e3f830646e4f1b2e7036462ae707,eaa5955a5aa96136
dataset/gray_blight/image_0_3095.jpg,2,gray_blight,256,256,5742,True,False,False,False,,f6af758eb1c68acd3f3a51c8a2b89503f515df658c4487829be6ac51235c4c8b,bec7c12b5ef4a003
dataset/helopeltis/image_0_1194.jpg,4,helopeltis,256,256,4888,True,False,False,False,,539397404556f3cbc660138e53a8e1155876c3911a9a76d4df833d261872c5dc,e8b4974b39b4c4ca
dataset/helopeltis/image_0_3171.jpg,4,helopeltis,256,256,5419,True,False,False,False,,b92bb856b3758070f9103c30de7185bdc07dcd8a79c65264b4cd270e6cdf0cb1,afead0940a4a3fa5
dataset/brown_blight/image_0_6859.jpg,1,brown_blight,256,256,6336,True,False,False,False,,542d96f7dc3edeeefb083c265eaed764c87be213833822678c135aa1703a1c75,af36d2c92d966630
dataset/red_spot/image_0_1964.jpg,5,red_spot,256,256,5727,True,False,False,False,,b4226720f43141322883b0eeee441b5297974f461cc6aa601ca72dd6285b1861,eae8d0952ffa6045
dataset/algal_spot/image_0_3924.jpg,0,algal_spot,256,256,5549,True,False,False,False,,88c62a7ef6ef1ca14a37ce5d0d5cea372c352c55583cac447353c5e45f5abd1e,bec0913f687227cc
dataset/brown_blight/image_0_5192.jpg,1,brown_blight,256,256,5785,True,False,False,False,,7dae4462c695cd1b95a65ae0a6c7106f5df4f3143efcb06ed17d8ade4b1b853b,ea9495593aa5c51e
dataset/red_spot/20211227_161556.jpg,5,red_spot,256,256,4666,True,False,False,False,,e913fa16c2585b9e639a406d50e15b3922ade601b0d088ed73f4c84481f520ad,ea94856a7e85e09e
dataset/brown_blight/image_0_9069.jpg,1,brown_blight,256,256,6383,True,False,False,False,,2ab4a574aeeab3348c48af330027a1becff569c94c520fb1cb69ed5598b6490a,a0c79e98696933e6
dataset/healthy/image_0_1666.jpg,3,healthy,256,256,4326,True,False,False,False,,7ef495d5cefa2dc35fcfb660aa1ade8aaca74a8e5c28f06591a75e1ea5eb629e,aec0d13f6ac0b50f
dataset/gray_blight/image_0_3139.jpg,2,gray_blight,256,256,6139,True,False,False,False,,5ec1d2ebed693e700a1ee62299bf4a60565ca2d9d7116612373c2a4f310d3672,ab93d0684aa53d9e
dataset/red_spot/image_0_2984.jpg,5,red_spot,256,256,5641,True,False,False,False,,f2fe7e84a769c9bed90830513a431602d6bd1539842dfe6d7790e8b9e4fbc1c5,ab95d06a3d25129f
dataset/gray_blight/image_0_3535.jpg,2,gray_blight,256,256,6482,True,False,False,False,,5a29c09ce364029976a087de1a36917821331e62ab523394600db1ef87d1c235,aa6ad0952d7a7265
dataset/helopeltis/20220101_092551.jpg,4,helopeltis,256,256,4298,True,False,False,False,,4042ff90bc1e1769b11373c5fbfbc3aa7750ff3c1479600b8bff20e2eec10323,ec169369b66c6c91
dataset/helopeltis/image_0_4346.jpg,4,helopeltis,256,256,4473,True,False,False,False,,fc9c3478773895aaf73e71e720af78b04f9263897973eb49c193d28496628732,e89c9763689c8763
dataset/red_spot/image_0_117.jpg,5,red_spot,256,256,5685,True,False,False,False,,f33a42a3d8311c82b7770582704502b83d42013f7d7f08fd0fd281904d16fe02,fac0953f78c16748
dataset/red_spot/image_0_126.jpg,5,red_spot,256,256,5097,True,False,False,False,,527e4e0ba84c322497ea52066822035bf6dfb306b755c421245db85ae6239c58,a1cf9e3063ce3495
dataset/helopeltis/image_0_2863.jpg,4,helopeltis,256,256,5289,True,False,False,False,,ee528f6fd7bfd137ddc0b1913f88c9ef7a9d7de4e9a3e9977e1870329c832215,e4cc9e38993331c7
dataset/healthy/image_0_1859.jpg,3,healthy,256,256,5451,True,False,False,False,,ed88d877f7769160f9cbc3c76c1e69c78313d1753e94c8e15f0f2fff6bdfd330,bd97c03c1760c86f
dataset/healthy/image_0_1080.jpg,3,healthy,256,256,5509,True,False,False,False,,ea23a0333e3be1fd74c39de3554b7e0d496fd4b9cbab2eb9804a238694b575b0,bc9ecb61344e3319
dataset/gray_blight/20211228_142256.jpg,2,gray_blight,256,256,5210,True,False,False,False,,81fe92a014ebf280ccc745bd21e43888cab6c0552c7b97e57269db64931605e7,afd0d02f38f0a70b
dataset/helopeltis/image_0_2497.jpg,4,helopeltis,256,256,5088,True,False,False,False,,ec3dcba2352e5bd60ccbc2792bc09411b12078d6a07e598c99b7c28eebb98d0d,b83ecbc164363399
dataset/brown_blight/image_0_4047.jpg,1,brown_blight,256,256,5719,True,False,False,False,,09c74bcdea5fa4f4260c48920581bdb0efd41857617a960573ee33a021da4177,ab68c0973dd03367
dataset/gray_blight/20220101_113430.jpg,2,gray_blight,256,256,5341,True,False,False,False,,220b6975a3e55a4bec3a89c8778f9d76a2a5cfdf035769d490581d8bb5c5ea53,fb8a84346bdab0e4
dataset/red_spot/image_0_2215.jpg,5,red_spot,256,256,4731,True,False,False,False,,8c6f89d96ffda3cd39fc6ec7fe76bfdcb0443214c8fb3f3b10f5dbd52a46b351,e44f9b3065cf9a30
dataset/algal_spot/20211226_103558.jpg,0,algal_spot,256,256,7968,True,False,False,False,,77bea9c6b50c3f1715760060687c604e38826b5be0d10faa79b24df3735bb4e8,eaa0950f5ff82ac1
dataset/algal_spot/image_0_2389.jpg,0,algal_spot,256,256,4577,True,False,False,False,,6a01183cf7fbd7496961df0a6cfeb89ea86f2309be5203e5a211994fafb8769c,fd92c2693d92c20f
dataset/helopeltis/20220101_094222.jpg,4,helopeltis,256,256,5438,True,False,False,False,,69e4941107af1a5e25c64175ce6284507c15fb63b07c1f3d12768898b42c3f64,e1b09ecb89cccec4
dataset/gray_blight/image_0_2790.jpg,2,gray_blight,256,256,5538,True,False,False,False,,b0c891cd9bf33fafcafe4ee2f3b37e9c9dac20914cc7a26ab156a5cc1a0667a1,ea9795483a3d65d0
dataset/algal_spot/20211227_151602.jpg,0,algal_spot,256,256,5300,True,False,False,False,,a44326a2e4bca8faaf9162b5b7920b3f2eecb530ea2137ce7a91822db413953a,ff80c03f68b487d2
dataset/algal_spot/20211227_135726.jpg,0,algal_spot,256,256,6749,True,False,False,False,,44d1ee76a242568e6796352411a1b160548bf13c028a8ff3c997eec4ff55a8d6,fa92852c7ad3a18e
dataset/healthy/image_0_31.jpg,3,healthy,256,256,5768,True,False,False,False,,e90454aee77e02df2430ce60b264b07e60b6a7f74f7ce90b5bd8eb10d4344ba2,eac2953d69423ecc
dataset/healthy/image_0_2159.jpg,3,healthy,256,256,4483,True,False,False,False,,a6d33054fd5b5c253ce3eddf079ba0a4c8c54fee12f277dba74fe4059a0daf67,bd69c2963c696326
dataset/gray_blight/image_0_1557.jpg,2,gray_blight,256,256,5508,True,False,False,False,,0cb63cca754a952bfb92d9f3d3079dbb189ad737d82e676ef39ea905666e9439,eb3c94c06a3fa570
dataset/helopeltis/20220101_092709.jpg,4,helopeltis,256,256,6072,True,False,False,False,,3d11e49a446d207a3eafc33f8b784182f26340fc983b6dd2e897dcbe3b2470f6,ea15956a3ea57096
dataset/algal_spot/image_0_2422.jpg,0,algal_spot,256,256,5845,True,False,False,False,,273b9a56d42db164305981e271a4235548a7b01aa6b42a9c15385f5e0a470d36,ffaac0b02f4a702d
dataset/healthy/image_0_847.jpg,3,healthy,256,256,6024,True,False,False,False,,defc4cff076b8fe0d3a16a44fad8b116949a94f5acb8c8631705ec9b865ef0f4,ba95d06a2534dec9
dataset/gray_blight/image_0_1329.jpg,2,gray_blight,256,256,4908,True,False,False,False,,26a926ca90f5a4a81917c029f721de6ca3e83dcf57eeaca056d8c1ee81068a6c,e86897953a6ac3a5
dataset/gray_blight/20211228_133110.jpg,2,gray_blight,256,256,4634,True,False,False,False,,070925932685a64c2b75b318e888655a2f3759924d1353bd40869e33bc1a518f,eec0913b6ec4b11b
dataset/red_spot/image_0_2330.jpg,5,red_spot,256,256,6170,True,False,False,False,,9ddae772b25ac8fcdce816e692b11b1f195c748088d47b620c4cd6072a40c5dd,fbe8d085829f3d48
dataset/healthy/20220101_091705.jpg,3,healthy,256,256,4435,True,False,False,False,,8d270f15efd4d9088df15eb4bb63f2e10630fe0dd55aba8e2cdc157b99a498c2,ef90946e3ac5e11a
dataset/algal_spot/image_0_1234.jpg,0,algal_spot,256,256,5658,True,False,False,False,,e08b4f43910c4f17f66f844329bccd8b56ec949a55b90cff6d5fbde45b99073f,ea84d46a2ab5f5c2
dataset/red_spot/image_0_795.jpg,5,red_spot,256,256,6291,True,False,False,False,,2c028286fbdf920f29a3f7312636dd926d45bee2d1e8f09a4b6037741c186d3b,aac2953d6a72258f
dataset/algal_spot/image_0_3040.jpg,0,algal_spot,256,256,4650,True,False,False,False,,61d645873067ab4391411a4bb1bfe63278bcf31c8ddf9d2a147be6289186148e,bccac3253e92e1cc
dataset/algal_spot/image_0_866.jpg,0,algal_spot,256,256,7767,True,False,False,False,,4be170ef9e15497d209851dc5ea77b5e9f1295d7cce72054b0cc7f43a257e2ad,ea3c85c1d59e429b
dataset/healthy/image_0_2624.jpg,3,healthy,256,256,5514,True,False,False,False,,0a75c925aa9a4f4c4e9d11df887a52e2b6d527a73ed86f3e7d64e011c79c01dd,e8cb953563466c99
dataset/algal_spot/image_0_2411.jpg,0,algal_spot,256,256,6499,True,False,False,False,,8f5759e01710659f72fa3b9a3eb3c65435bed287870a7cb030d4eb766162c1fc,aa3f85d07a2b2535
dataset/helopeltis/image_0_3900.jpg,4,helopeltis,256,256,5054,True,False,False,False,,79543903642671ecf7a8c257991d410114b19c3564815ac8eec8a60de8ae139b,bc1ac2653d9ad06d
dataset/algal_spot/image_0_2069.jpg,0,algal_spot,256,256,6838,True,False,False,False,,7e316e127c94051ade0763fd8af159aa9483432487cb7d0670ebb60260b17399,bf9fc2680c27329a
dataset/helopeltis/20220101_104552.jpg,4,helopeltis,256,256,5375,True,False,False,False,,3bd36df11e5566e19f74aa64c22347b810350b079bf9e27183f8de6bd874575d,af93d06a3bb56092
dataset/brown_blight/image_0_9838.jpg,1,brown_blight,256,256,6290,True,False,False,False,,8e65f7a59054559302fd8c0bb1905fe351733110cae498c8b5387aec75c472ed,a0cb9bb43d61724e
dataset/algal_spot/20211226_101036.jpg,0,algal_spot,256,256,5029,True,False,False,False,,4c0fc404fb0e0317ca7729aa1ac6009aea9d65b003fc05ec7d5f510bd58ab989,eb80d42e2af1e596
dataset/algal_spot/image_0_1860.jpg,0,algal_spot,256,256,5378,True,False,False,False,,08efc5c6a64bef1a62599b08a99d885e4f1b24cf7973a5b47d6bbc81be14cb08,a969c2961f9fd830
dataset/healthy/image_0_2875.jpg,3,healthy,256,256,4752,True,False,False,False,,207960258ba095291bb4a1f0284046d9ef38abdb4a78b0757d7cf28bc4b1d43a,bc9acb65b60b3198
dataset/healthy/image_0_2395.jpg,3,healthy,256,256,4989,True,False,False,False,,770a42c9f718f6838728fb446841ed98966ed79d0308d3f7c0ae61f6bad67a60,f4c19a3465696ecc
dataset/brown_blight/image_0_5953.jpg,1,brown_blight,256,256,5183,True,False,False,False,,808d61ad002dfac28933e8485729bc088a82d4ff363a8ecf7a98aab8d21ed22b,ed94d2693d267298
dataset/helopeltis/20220101_095429.jpg,4,helopeltis,256,256,5758,True,False,False,False,,75b5e997b5ffc14118bf6a85f8ebe61dc28fb9cb9198abd85b096b5c7b4837f9,afc8d03729e8e60d
dataset/healthy/20220101_091542.jpg,3,healthy,256,256,5011,True,False,False,False,,910be469c914480097cca20d7ca18281b0a73372a448b7d9cf1435e776ae2750,e58e9c31936666cc
dataset/healthy/image_0_1936.jpg,3,healthy,256,256,7131,True,False,False,False,,03e73c171884e75f2b84a7dc064b05cfd91dde54dc3c534ab85a75b57e111dfb,bc36c3e19ccd920e
dataset/brown_blight/image_0_4585.jpg,1,brown_blight,256,256,4888,True,False,False,False,,a67ec0a8a87c7ab680feb84a2ff01da7b62005507f8bcb7ea5309cafb542b254,ea439cb4614f9cb1
dataset/healthy/image_0_2765.jpg,3,healthy,256,256,4955,True,False,False,False,,2a4607ad79b711fef80df7314979588931c652a58558c2d857720720b8a0a38d,bb95c06a3d177298
dataset/brown_blight/image_0_7422.jpg,1,brown_blight,256,256,5964,True,False,False,False,,54b8cb1f0a9ee883be9a363848e697e8001ffa20769756b0b7a864794f950cdc,aac895266ad9952f
dataset/healthy/image_0_3510.jpg,3,healthy,256,256,4425,True,False,False,False,,1081e9ce43a31f4e10feec5fb6b94e1eaad3753da11dc1fb954fc121b5d4e588,e7b3984ca61c6633
dataset/gray_blight/image_0_1425.jpg,2,gray_blight,256,256,5105,True,False,False,False,,768ce9e5cee1889f16e28d806af039e921517cfa947a776a53422e88e00eade4,efc2803b7fd0608b
dataset/red_spot/20211227_161741.jpg,5,red_spot,256,256,4772,True,False,False,False,,5ba5a4a2b37a2644a3d2d88c325334935fc86ef7bfc06389a8f0d68a66604763,e880d53e6ae0b58f
dataset/gray_blight/image_0_1361.jpg,2,gray_blight,256,256,5190,True,False,False,False,,7294f825d1888de7195a78d92472160e88c1f3142e88ecc5e1750340c6016d4a,ab9d84623f8de1d0
dataset/red_spot/20211225_224108.jpg,5,red_spot,256,256,4441,True,False,False,False,,199fe95fb68c2873caeb39326e51c92d047c0abbb3b8ff53def81c81df915b00,a18e9e7969869639
dataset/red_spot/image_0_2025.jpg,5,red_spot,256,256,5285,True,False,False,False,,efe8d04980dd3d20d9464ee5e052ec2651fddb78e20cabc172eb521fcbc32dfa,eaca953d60c36ec8
dataset/algal_spot/image_0_4138.jpg,0,algal_spot,256,256,5623,True,False,False,False,,4459519917358325c7c4b7dd4d725fa248481c451a78f386d2c32fcb6888423c,af9dd2680d877298
dataset/gray_blight/image_0_2313.jpg,2,gray_blight,256,256,5400,True,False,False,False,,5ab040332fc9512e6c8c1696f08f6328bead19a776c2fc60773357b76afea7e4,bcc3923c61cb1ed1
dataset/algal_spot/image_0_4046.jpg,0,algal_spot,256,256,4873,True,False,False,False,,75efdab300430235b2793b70a4ad32dde2d102ca41b600284afc61e2a796f17b,bcc39b3cc19a8738
dataset/healthy/image_0_2093.jpg,3,healthy,256,256,6906,True,False,False,False,,8cc83fb751a85efb8a114edd7acb60325e3ce9d0d91ce62e9dc11025381280f1,f4c79a9e9830c333
dataset/brown_blight/image_0_7011.jpg,1,brown_blight,256,256,6072,True,False,False,False,,c40e0e60c52d48201c57593afedb8674f98d2e9a585847d271df9353f2fa2c0f,a41acb61f0f83f19
dataset/gray_blight/image_0_3438.jpg,2,gray_blight,256,256,5195,True,False,False,False,,afe1f16d69ede10abc1d7e32fe95831d9bb212c08a870ea12ba44bcf0720f51c,bd96c069379a788c
dataset/healthy/image_0_1180.jpg,3,healthy,256,256,6364,True,False,False,False,,fd0b487633ccf353c3025946ba872e4ce94e61ec656bee3f9ac8f0835f737a23,ff6ac0958fb830c1
dataset/red_spot/image_0_524.jpg,5,red_spot,256,256,5233,True,False,False,False,,9a0a0835cea4ae07a164378eb51c2727f36756dd7b7a9a176157b74ce01655df,e89e87613896e3ca
dataset/helopeltis/20220101_092005.jpg,4,helopeltis,256,256,5242,True,False,False,False,,cd2685a5862a70d70f7264c5e2173980075f40a1aeeec5eb1d1955bff14dbc92,fa9285647ed2a195
dataset/helopeltis/20220101_121446.jpg,4,helopeltis,256,256,5859,True,False,False,False,,eceb64ea48874dfed084da21f93db56f1184e84e28371b9ddc688a94645949a4,f882c33f48f08f87
dataset/algal_spot/20211227_105406.jpg,0,algal_spot,256,256,5288,True,False,False,False,,03d2d04767bc1e5139421c340daa9474de6c75a2bfc108eca812138ac963a9fb,ea8895b57a42e1ad
dataset/helopeltis/20220101_102451.jpg,4,helopeltis,256,256,4916,True,False,False,False,,f9861022a4ec3c598d3bb98d71e012559273c6cf2407cd8c32f78d922b1c65db,eb82d43c2be2e48d
dataset/brown_blight/image_0_8819.jpg,1,brown_blight,256,256,5818,True,False,False,False,,3ada30d2c9d7a11f9075ef16a64691c273dc1188311279ebfa0dd4ca66e6feea,ad94d26925947a9d
dataset/healthy/20220101_090440.jpg,3,healthy,256,256,5582,True,False,False,False,,0c762ae53c747e3a7acc682cdc628a36032d19183e39d9dd4fc74d7e3260f15f,ea91952f6ae02597
dataset/algal_spot/20211226_103338.jpg,0,algal_spot,256,256,4774,True,False,False,False,,40e65b7aac200faf633a085e725384b1933a1deaa47526c2bd8b4b7e6f31799a,ff90c06a2fb5b04a
dataset/helopeltis/image_0_3539.jpg,4,helopeltis,256,256,5218,True,False,False,False,,a2cf416657194534a114e0c0978de1580cbeea27aa180122b6e324026b48dde8,f8bc87436894533b
dataset/algal_spot/20211226_102406.jpg,0,algal_spot,256,256,5247,True,False,False,False,,a03a9f1d900cde045055aa1f76e1bf3aff107f180975c3b44188577905fe426c,ff94807a1fa0f095
dataset/gray_blight/image_0_204.jpg,2,gray_blight,256,256,5198,True,False,False,False,,bf5c139cce3510e26e29ceefc3a740281e2b62eaa9188e5fc419d31a72cd4470,fa85857a1ea1c89e
dataset/helopeltis/image_0_1565.jpg,4,helopeltis,256,256,4618,True,False,False,False,,05d2ad941f92c99ebe24c44c116307d4520733965b0e36f23d50bea4da30fee2,e5b29a6d30346b93
dataset/healthy/20220101_095737.jpg,3,healthy,256,256,4691,True,False,False,False,,43d0b8291a43516dbc5b1af94c04995256145c968c0dd613bd1ae9d88c9cf5e8,fac0853f5ae0258f
dataset/red_spot/20211225_224822.jpg,5,red_spot,256,256,4961,True,False,False,False,,a9bae9c3aeb2aafd0041d871ee532e057edca1a40c680afcc4cfe8fc96227a14,a087977978c7851d
dataset/healthy/image_0_1329.jpg,3,healthy,256,256,4531,True,False,False,False,,a9f3c468578ee38e85e34628d5230339e8fe7c482f894cd2846b9a2e24db5cff,eac8953e7ac1a11e
dataset/gray_blight/image_0_1984.jpg,2,gray_blight,256,256,4574,True,False,False,False,,51dafee65bd70496206e6a5a3966602571b13a83ad3a18e1c3a8122d69ec84dd,bfe0c09b3ee4c303
dataset/brown_blight/image_0_9279.jpg,1,brown_blight,256,256,6281,True,False,False,False,,1fb1628adaa4027d862a0644465bf040fa6084a61611270bcfc1881041b28510,fe4080be6f50748f
dataset/helopeltis/image_0_1046.jpg,4,helopeltis,256,256,5098,True,False,False,False,,5e15b239d472121742f9ac365cea0b745246529150fe54b136db9cc492d942c7,e1ce9e3167cc1c91
dataset/helopeltis/image_0_3293.jpg,4,helopeltis,256,256,4733,True,False,False,False,,8ca230764bc78de69e33c8752589e2682109cd080be32c8405363bb6c9bc9af6,b833c74d6c329369
dataset/healthy/20220101_104257.jpg,3,healthy,256,256,5039,True,False,False,False,,787c7ecba7be58fe744e89711aae26134ac7df0cab55bbc0b4e77ce6342a72bf,e7189c239b639966
dataset/brown_blight/image_0_1195.jpg,1,brown_blight,256,256,6646,True,False,False,False,,2317c9b39993be2c59b858e5e26fd2764b826311d600b67170b417a0895ec890,faca952f6ac04b1a
dataset/gray_blight/image_0_4290.jpg,2,gray_blight,256,256,5225,True,False,False,False,,ee236e9b185f8107e8206808e762f7acbfd8480f2220ede67f276c6a12538705,eab595c2683d2572
dataset/algal_spot/20211227_153724.jpg,0,algal_spot,256,256,5049,True,False,False,False,,2ab4112987d7fcca57050661bdc195d3c1480fedf0aaf9f98fc42fafb978d847,ed2992c2c49d9e87
dataset/algal_spot/image_0_522.jpg,0,algal_spot,256,256,4699,True,False,False,False,,f70746e1a29716a6bb9391e3e6e50a573d668622379fcfc695d40a841e1ded92,b99ac2643f9ad06c
dataset/red_spot/20211227_161354.jpg,5,red_spot,256,256,5199,True,False,False,False,,e614db6f2b48bb22f4dbc79076eb165a1ffbf8d7cff4739097833020c382fb1b,ebcad4350b5274a9
dataset/algal_spot/20211227_132801.jpg,0,algal_spot,256,256,5273,True,False,False,False,,8aff1f32cb05c8b957fbf4dd190a7c3ae7d05a73f7bcaae1b009fa5d01c9dc2e,ff94c0682fb4f04a
dataset/gray_blight/image_0_3159.jpg,2,gray_blight,256,256,5248,True,False,False,False,,4d72b1416ffa8ac276ce3ae56c58a85fd72bc7d099e34d5d22b6d3577a954d3e,e8ca9435cb5e3cc1
dataset/red_spot/image_0_730.jpg,5,red_spot,256,256,5999,True,False,False,False,,0e5aa56c5f15c0eca10111b43a2d7c2b250d4878379cd5580e782bd3a5a9d1da,f49ccb613c9663c8
dataset/gray_blight/20211228_140853.jpg,2,gray_blight,256,256,5411,True,False,False,False,,24ab390d1d0ff1a680e45979fb66882ab987e7815e18657d6b7768f37ebdb8dc,aec4913b7ec0a50f
dataset/red_spot/image_0_2850.jpg,5,red_spot,256,256,4837,True,False,False,False,,a65fc4be4eebd6a64d1e2462796553da93ece0bff878f976533b44ffdf0abd9f,e1cb9eb0e16b624c
dataset/gray_blight/image_0_1816.jpg,2,gray_blight,256,256,4546,True,False,False,False,,9238fe6d4da23d2be26673cfc87ea6498cf6e77cde682c81e15ea52dcc42256a,fcc1c29e3c60c19f
dataset/helopeltis/20211205_160149.jpg,4,helopeltis,256,256,4336,True,False,False,False,,078c09f37bc9d348c5d919dc2855f26f482d21bc4ccf3f13861ce0af01e21f73,e5989e65699c8669
dataset/helopeltis/20220101_092323.jpg,4,helopeltis,256,256,5672,True,False,False,False,,c51ddcc29c19934dd279bd3f8a0cce32d5c3da679cf757ec5426f7392207398d,ed90c26f356013cf
dataset/red_spot/20211205_154920.jpg,5,red_spot,256,256,5052,True,False,False,False,,7b7a6db6aa635afe6265abf486f22ec16a7911df86b2f1823cc1f01f32b61e54,fed1816e52942f4a
dataset/helopeltis/20220101_095351.jpg,4,helopeltis,256,256,5227,True,False,False,False,,a569e536083e0363db803dbee97d9953b990d853935896a85e9b2bd71cfd0d03,bfe0d01f2f683087
dataset/gray_blight/20211228_152816.jpg,2,gray_blight,256,256,4754,True,False,False,False,,091c92504cf4e9a2af744379d3f73d70e286c8e35df3fd9bc59a125e5ec604ee,eb91c46a3fb1c04e
dataset/algal_spot/image_0_339.jpg,0,algal_spot,256,256,5851,True,False,False,False,,1df36d2a7b5bd31fcda95275e87dc9a2f0a56fdfa626e23d28a6c27e44443f77,ea6ac2953de03366
dataset/algal_spot/20211227_114032.jpg,0,algal_spot,256,256,5209,True,False,False,False,,d380f40527c3b22be358848ad7018688afe3843beebed2503c9e8599ba017386,ea95956ae1a59ec0
dataset/red_spot/image_0_2649.jpg,5,red_spot,256,256,6285,True,False,False,False,,7b23da1283517ab77660b90cf73a09014b60abdf153fce939ed93c633d91cd0e,bfd0c06b2f351ac2
dataset/red_spot/image_0_5.jpg,5,red_spot,256,256,5456,True,False,False,False,,c164b79a4875dcc797fb505a117634816be6af09b02da9af2c711c894edccc13,af3d96c2683d0663
dataset/helopeltis/image_0_1620.jpg,4,helopeltis,256,256,5152,True,False,False,False,,769ec8328ae29e4fe6d92b049c24be9db4702df6ce3ec7cda6b62f3893333bf7,b803df3c61c79668
dataset/helopeltis/image_0_1849.jpg,4,helopeltis,256,256,5992,True,False,False,False,,c30f49467da721616729651e6df07f240b9a9d3ba041f09b2ad0574f27cdc273,e19acfc5cc668266
dataset/red_spot/image_0_1294.jpg,5,red_spot,256,256,5043,True,False,False,False,,3faad0316d9a4879721bb40ae66bd480214637b2e52224c0706df98fff770690,ffe8c217744123cc
dataset/algal_spot/image_0_2639.jpg,0,algal_spot,256,256,5190,True,False,False,False,,00161d02076bbbf6590c9a7ee54b5b647d47cb84dd8809340a88c60b9b278659,e1e99e9431c3666c
dataset/brown_blight/image_0_8255.jpg,1,brown_blight,256,256,5402,True,False,False,False,,5ae588bc3a1a52c707c9d042a880ab2a52717b13bbb848bb201ddacce5a5af61,afe1c0963f68e027
dataset/helopeltis/image_0_1185.jpg,4,helopeltis,256,256,6115,True,False,False,False,,e97bd5774ab462ec22c1a3cbfaaa21b20ee75eecf901f4c78aece258a4927a11,bf9ec0606a97b158
dataset/algal_spot/20211227_154427.jpg,0,algal_spot,256,256,5398,True,False,False,False,,c8a85ac46abdd0ba83bbd38d66ac929891ae06dbf8d5fabfb77d342a924a6364,eac0859f1ada612f
dataset/red_spot/image_0_1558.jpg,5,red_spot,256,256,5581,True,False,False,False,,6023985e04ff705bf3061e431efa4d9d2d56c508feb8dbace539e524a14c4e69,bf95c0683f875298
dataset/brown_blight/20211227_164301.jpg,1,brown_blight,256,256,4653,True,False,False,False,,61866f9f558970ece165605e9f2cec1a413e322118c148aa49b08410bb095f31,eb95856a3f85c01e
dataset/gray_blight/image_0_2546.jpg,2,gray_blight,256,256,4911,True,False,False,False,,2e363aa081ec6fa7ee0ce06c5392c8c7274f53bf5ca79290ef5e547e38552d33,e9b096cb69346c93
dataset/brown_blight/image_0_5081.jpg,1,brown_blight,256,256,5412,True,False,False,False,,e73383efdbfcdad7b16fd963af6ed6dd0ef64a1f5f5b8aafa42fa320e167ca1c,f894c7613c9ec361
dataset/helopeltis/image_0_483.jpg,4,helopeltis,256,256,6654,True,False,False,False,,2aa7480579325f23dd9fbf7d8826b8eccc0f41f072e1cfce6b3c2bc25209d58f,ea9695791c63629c
dataset/helopeltis/20220101_095321.jpg,4,helopeltis,256,256,5389,True,False,False,False,,f543018ccb6d9f86d99205b4b923a0ab6f153020de0a0ed1b910ffca52d4ebc3,bd80c03f6bf0348f
dataset/gray_blight/image_0_1446.jpg,2,gray_blight,256,256,6561,True,False,False,False,,63db916b1bc953677795a3b68f7120a4552ea1355c002555a8e9a6dedc9247ab,bd61c39e96cc98d0
dataset/brown_blight/20211205_155048.jpg,1,brown_blight,256,256,4703,True,False,False,False,,f2bcfee573475c45d416f636840160a88c3b5fb69767f17f5a99f820db65dead,e893876d7892857a
dataset/red_spot/image_0_696.jpg,5,red_spot,256,256,5381,True,False,False,False,,f7ded1fa777e94d904b4acc272cb8ea9dd33380c74936d7198f6bc5d64dc83a8,e8cf9634c3626ec8
dataset/gray_blight/image_0_155.jpg,2,gray_blight,256,256,4931,True,False,False,False,,acb03b8fcb4592a1551a973ce67e465135fd28c50a1946584bcc52a6e062d02d,eac3953c62c72f88
dataset/gray_blight/image_0_1405.jpg,2,gray_blight,256,256,5693,True,False,False,False,,ea860a946dc3e8ba66ed698a8df9f90729d79322aebf89c8eb58a62f3faf1549,b8f887e03afd25c0
dataset/gray_blight/20211228_152329.jpg,2,gray_blight,256,256,4818,True,False,False,False,,a54e960b56c8e0fc5a920dad81cb4d053be8a272e6ebce0f1601a2e372f865e0,ea91952e6ae1a51b
dataset/gray_blight/image_0_1892.jpg,2,gray_blight,256,256,5419,True,False,False,False,,cafe01346c5aa3a78b28b8a08437f880086e39d51011cbaa5782d623a41b469a,aacb9734714b664c
dataset/brown_blight/image_0_4457.jpg,1,brown_blight,256,256,5740,True,False,False,False,,29516a5878a36920298918fe9ef5a646a995b380d87e6cc92db7c80dbd15a307,ef9698c861169f49
dataset/gray_blight/image_0_3016.jpg,2,gray_blight,256,256,4655,True,False,False,False,,ee771c67d8a108fe6395b5eb8aaee9cf249e49163097f39cba1573649050700f,e96a9e95356a4266
dataset/brown_blight/image_0_688.jpg,1,brown_blight,256,256,4917,True,False,False,False,,da2038241a627d417444a3ff414c8ac03a64ab81e7da2c9e522d7cd42107ffac,aa97d5682aa4749e
dataset/algal_spot/image_0_3363.jpg,0,algal_spot,256,256,6280,True,False,False,False,,b246d392edeb3158357e959bb7bab20881e8be2fc0786537ad392b2aad1a9ab9,ae3f95c0d0884ee7
dataset/gray_blight/image_0_405.jpg,2,gray_blight,256,256,6533,True,False,False,False,,64fe7956ee202c8b29edce26ae690dd349ae25f32632745ddad166ad068aee9d,fec0853e587067ca
dataset/healthy/image_0_2313.jpg,3,healthy,256,256,5782,True,False,False,False,,9110a31aecf4194edcf5205e5a7722145be1dc7e2d4405b1c82ff99905b54564,bf97c0e8ad863219
dataset/red_spot/image_0_2570.jpg,5,red_spot,256,256,5496,True,False,False,False,,0bfa928520ac57b35462981a980446b37abf2ad877b4b313927d44f885739277,f5c39a3061cf36c4
dataset/helopeltis/image_0_1263.jpg,4,helopeltis,256,256,5858,True,False,False,False,,f7c45eedbec3543922a556d8ea036ebc8bd093962bb84620a14f99b3520de82f,fac0853f4a7027cb
dataset/healthy/20220101_101954.jpg,3,healthy,256,256,4745,True,False,False,False,,69bdf2bda57917c12ccc4e978b7211928ef3bfd6aaa35efbd57530976db35cac,eaa0957a7a81e51e
dataset/healthy/20220101_104322.jpg,3,healthy,256,256,4866,True,False,False,False,,4b3ba2509e7b2a942851217370a7175fe18bc5d19ed018490713e5985ce55440,fac0953e6ac0a51f
dataset/red_spot/image_0_2350.jpg,5,red_spot,256,256,5745,True,False,False,False,,1fae79e04de2d6c1db1a178b5714708a319794d89a8d2f8b5843d54f00c7106f,bf86c0390fd234c7
dataset/gray_blight/image_0_2943.jpg,2,gray_blight,256,256,5969,True,False,False,False,,d56760f8be033b7fc8a8b0e5120bd7610af995cd5198a35532d3952cceacd671,eacf9561c23c8936
dataset/red_spot/image_0_2796.jpg,5,red_spot,256,256,5009,True,False,False,False,,5cb1e66928a7b2f1265460a19e7396ba872ceb59dac07c5d5742cc51a4d8a4a9,e4679a3861cd3666
dataset/healthy/20220101_101509.jpg,3,healthy,256,256,4640,True,False,False,False,,e392b292dbd000ea1ecf1d0d6d20ae5df394b9bcd037e45e6161cf95353814df,ad69c0943f6be0b4
dataset/red_spot/image_0_2340.jpg,5,red_spot,256,256,4841,True,False,False,False,,52d852d636ce415e6ffa8bf6128626cf7da9caa35b35828ff76a5331d0be062e,f543ca3c61c19e36
dataset/algal_spot/20211227_132633.jpg,0,algal_spot,256,256,6537,True,False,False,False,,bba1871a66257e7e6b8405a161936bfb3dfc9945083439531cbb83e6c0a9daed,faca80b52f5a7069
dataset/healthy/image_0_2451.jpg,3,healthy,256,256,5007,True,False,False,False,,b66f4fa02062913b9863662d0f26ff0e4540ec7b00db0a09ea8645e2c264edc1,bdc2c0392fe0f08f
dataset/brown_blight/image_0_3763.jpg,1,brown_blight,256,256,4597,True,False,False,False,,30fa78ce03436befed172b7db9f09edf0277f54c3c2d3fdbdd17b2ac5a0dc91a,bcc1c93a66e419c7
dataset/healthy/image_0_845.jpg,3,healthy,256,256,4782,True,False,False,False,,203d87acf8b554dbd5746de278b966312598dce1a5e553dbb7d1ebe77aa5dac8,adebd21427694ac6
dataset/healthy/image_0_2905.jpg,3,healthy,256,256,5195,True,False,False,False,,f1be82795f82d43496eb03d37ff2782b25ed6941d77d745c93f2e542bdb161c8,eaca9435c34ec89b
dataset/brown_blight/image_0_7834.jpg,1,brown_blight,256,256,5307,True,False,False,False,,d9737f437ca40b90e06d5016eccf28ac6abc38217b385e45e61aaa8fcc1f7b6a,aff5d0ca2f0d6070
dataset/red_spot/image_0_1496.jpg,5,red_spot,256,256,4931,True,False,False,False,,874d949025ad1bf56dbcb15d2892e67de44ace98b1f2d50d6126006520018202,e9969e6b30b43299
dataset/brown_blight/image_0_8778.jpg,1,brown_blight,256,256,6115,True,False,False,False,,f5f2d02f72e64aa242fbab7292663f91bf22047aadbb15cca68dde6226e17a48,a614d96b25925abd
dataset/helopeltis/20220101_102559.jpg,4,helopeltis,256,256,4505,True,False,False,False,,84cdd689ef81ea5f9a24f6b514dcf3593c3021d5f789311acb5e8cc20be02cd3,bd9ac26d3d92e049
dataset/gray_blight/image_0_153.jpg,2,gray_blight,256,256,5826,True,False,False,False,,6ad5c7f5114cd216bf12a5c721caa86438abf2204b228e149ab708865ba91df4,fe80c13f2be0b487
dataset/brown_blight/image_0_8693.jpg,1,brown_blight,256,256,6198,True,False,False,False,,7bd96224663c370b61756bde4ce135bf2bac03190dd1e308afa4848a31c95f44,f84bcb3434c1cb2d
dataset/gray_blight/image_0_113.jpg,2,gray_blight,256,256,4988,True,False,False,False,,b88a1b0b4f8ea9c07645f2950a674bbba721cd3a319f3e07a70cf784605f2c8b,bce3c39c2d61d096
dataset/helopeltis/image_0_1419.jpg,4,helopeltis,256,256,4386,True,False,False,False,,955bb404cb9acd7dfd34b5da9c0a4b17531282802b7bdd9983d30f6462ee4f70,f4ce9b3124ce9931
dataset/helopeltis/20220101_095018.jpg,4,helopeltis,256,256,5894,True,False,False,False,,c78fea867f48fa83a89088d51504983d9799f9a459f85222fe52aab0f7b1a641,b699c9e0cce68f06
dataset/brown_blight/image_0_3829.jpg,1,brown_blight,256,256,8186,True,False,False,False,,39759fad8d881b58bfa2e7bc2eb8c3b7d8691fb141c28ceed047f232eeb772bd,aa9fd5500ba83597
dataset/helopeltis/image_0_1643.jpg,4,helopeltis,256,256,5754,True,False,False,False,,e624e323a7ecaa7aa2a3bb4cd53756ca3692a9e8ef444e039a913e3ea6047019,eb3494cac3c9cd86
dataset/helopeltis/image_0_2828.jpg,4,helopeltis,256,256,5538,True,False,False,False,,22fe0d967c40049fc255c77dd8ffdb6fccba905ac719a80d07a102e5de45ff06,ea13956c78a3c71c
dataset/red_spot/20211225_224131.jpg,5,red_spot,256,256,4943,True,False,False,False,,cf58090b729f7e284c8e6b17601bdd02d31c92e2f0eaa436c300cb31ee7fa1d9,a0ad977a68a5875a
dataset/brown_blight/image_0_4199.jpg,1,brown_blight,256,256,6892,True,False,False,False,,ec1f4a94bfb076d88a557cbc173cca55d926739b00205d568dcc652d82c815a7,a532d9c5e278361b
dataset/red_spot/image_0_2861.jpg,5,red_spot,256,256,5772,True,False,False,False,,85b85b68a732615d4bf2a379768d393c5c1eed0751fb3a4a9ff3fbe1c0b1a5eb,becac0953df82247
dataset/red_spot/image_0_932.jpg,5,red_spot,256,256,5686,True,False,False,False,,2acafdef275863810fb7c3019ba71473247fc8f8a51caf45c5703417be037cb9,e8ca97b4614b36cc
dataset/gray_blight/image_0_149.jpg,2,gray_blight,256,256,5778,True,False,False,False,,423ab28112c0f16b39a7326b9c532d66dbfe38737874556cb0a12d38b4b0c72d,bac5c57a81a05f17
dataset/gray_blight/20211228_134703.jpg,2,gray_blight,256,256,6071,True,False,False,False,,102bbb201853395aa808dac40c6cc850b7c56d4b967f4d3e9023407d72aed056,eb8ad0b50f326c4b
dataset/red_spot/20211225_223652.jpg,5,red_spot,256,256,4917,True,False,False,False,,774dbc515252b373ffb8e35ca72ddd5d359eec4b3ef7a1ecb1301495767260cd,a899976e6891c76a
dataset/algal_spot/20211227_114102.jpg,0,algal_spot,256,256,5362,True,False,False,False,,17c9606ffc294247b7541f4b31610229171f19a58b08a9c8dab5cd884d1e3dd0,ff20843e7ae0a157
dataset/gray_blight/20220101_112947.jpg,2,gray_blight,256,256,5497,True,False,False,False,,e9de87854162432014c9a0e68017066cc643562301ce6b03433486083bd2ca67,b5d99b6ccc262233
dataset/red_spot/image_0_2928.jpg,5,red_spot,256,256,5203,True,False,False,False,,81d45c3ed27290ed8af56d3c2bb53ba97c661a704b05708f0034b0267e6df8cf,a9b09ecf673028b3
dataset/algal_spot/image_0_1577.jpg,0,algal_spot,256,256,5693,True,False,False,False,,23edb1f8cc8faa39e80ea661637d9cfee5b31e87470c2ffd2fd998489e46ec61,e93096cb63856c76
dataset/red_spot/image_0_707.jpg,5,red_spot,256,256,4630,True,False,False,False,,cf42708d8c939e061cddfc194a9952843b5959396d33d41d55689b6f960ba18d,eec1903e6bc1b41b
dataset/red_spot/image_0_327.jpg,5,red_spot,256,256,6063,True,False,False,False,,85e8bdd73a50b4f36292cbb304bafa07741505bb4e548a376fd5845bc33b4584,b0c8c7b6786366cc
dataset/helopeltis/image_0_3668.jpg,4,helopeltis,256,256,4449,True,False,False,False,,e5b23a92b629d74db04e42d11edd072b922d80466ca4a9b47477b1e622a57fb3,f8c7973863879c48
dataset/red_spot/image_0_1185.jpg,5,red_spot,256,256,5133,True,False,False,False,,4af3df01e400b3f47c082e19e49537bc27da601d597c2e115a4e1ec0db05480c,bfc0943f60e087dc
dataset/helopeltis/image_0_4255.jpg,4,helopeltis,256,256,5237,True,False,False,False,,6929fffb5217a09a0a33d728cbe73fc75518ccdfc36c4d445304ddbf58c4c983,bc93c36c3691e08f
dataset/brown_blight/20211226_003153.jpg,1,brown_blight,256,256,5476,True,False,False,False,,480601e1cab205c4a22f26721629d8eb2e3496bc7a3f143f83c8f20cebfea9bf,a887953a6ec5b05e
dataset/healthy/20220101_092559.jpg,3,healthy,256,256,4759,True,False,False,False,,7c1d862fac15513d800c62faac01cb905917f9d0fa0392058e79f2d027efe3d2,e7929869196cb669
dataset/helopeltis/20220101_094351.jpg,4,helopeltis,256,256,5529,True,False,False,False,,4f24429c7c915c118951c62491b7f2c7634564e8247819de7538259646571b04,ebc8943d4ac29d93
dataset/algal_spot/image_0_1971.jpg,0,algal_spot,256,256,5387,True,False,False,False,,35d8f926ae44eb03de6f118bed3d9cf86d60dae83f0b39e6e496eeb3fd8e2363,edc99234e1634fc8
dataset/algal_spot/20211227_125842.jpg,0,algal_spot,256,256,5401,True,False,False,False,,047cb846f7594508b4ffc02359ae1459db9da2a9b63441b35a43d568b94d165f,ef85903e6bb464c2
dataset/gray_blight/20211228_133927.jpg,2,gray_blight,256,256,5483,True,False,False,False,,354452e580bed6d9b49f711b09b34e3579cd73c4e9efb40170973df8ee6a6606,fa8f90b04f3f20c9
dataset/algal_spot/image_0_2243.jpg,0,algal_spot,256,256,4774,True,False,False,False,,9bd9c37b67ad6f27e1da70644cfe054acca387f7d16c6109aaac86dbb6c40720,e8949f6b34347299
dataset/gray_blight/image_0_471.jpg,2,gray_blight,256,256,6260,True,False,False,False,,6369a12d214d3fe36efe3056fb249294d6b7651ee8c64aa8f3381e6d92f3282e,e593964b986d9964
dataset/algal_spot/image_0_1235.jpg,0,algal_spot,256,256,7345,True,False,False,False,,49a5c1e1d8841558d20d229c6664dd1c995e9317e3bd4432562a705935bc25b5,e969c3972fc89294
dataset/brown_blight/20211226_002142.jpg,1,brown_blight,256,256,6298,True,False,False,False,,1213a1ba48bfaaafb912bf647255a15886c7a3b15684aa4f5bfc0da38e67a5a3,ba92852d7a52a19f
dataset/healthy/image_0_569.jpg,3,healthy,256,256,5247,True,False,False,False,,bb086065348cd5a935b9eb253d3741f5b0b31c8ea7faaeda080513db5f9da90e,e1309ecfe58466b2
dataset/algal_spot/image_0_3981.jpg,0,algal_spot,256,256,6740,True,False,False,False,,355868d2c9069d3b71e77cb9627b56ef32e589b23427dcbaf2365a1bf2f22bc8,bf97c07a4b213417
dataset/algal_spot/image_0_139.jpg,0,algal_spot,256,256,6562,True,False,False,False,,4ddda46ee42cbf1c459827b266dc2025e7f986a5b997f9539a1c449bd7a6a243,af95c0e8fdc63218
dataset/algal_spot/image_0_1704.jpg,0,algal_spot,256,256,5555,True,False,False,False,,36da27ed79e993ad122e1a037cdc861a7b19cef1241704cb25e436da104fd9cd,bf90c06a0ba47eda
dataset/gray_blight/image_0_931.jpg,2,gray_blight,256,256,4763,True,False,False,False,,2115de6abf8364cc29c305ff7bc274e0e284e5bc8ee5593f404b450771197759,add0c26a3bb4e0da
dataset/healthy/image_0_2461.jpg,3,healthy,256,256,5321,True,False,False,False,,882596a78d8fe9324249f0bb1bfc4fba9e22598b6bee775724a15ed44e89792d,be9dc0c02f1fb470
dataset/algal_spot/image_0_769.jpg,0,algal_spot,256,256,6314,True,False,False,False,,068e953d1b7cc4401f370eca14907a7cc8418c58c2a1cc69d812e5eaa3d20059,af96d0692f86f0c8
dataset/brown_blight/20211227_163153.jpg,1,brown_blight,256,256,5722,True,False,False,False,,3a388811722fe83e7888b81468afe7a5faa7d3bf7740dc6f413a22c4f5c9e612,fec2813f4a708787
dataset/algal_spot/image_0_3685.jpg,0,algal_spot,256,256,5331,True,False,False,False,,a75d8f1f6a396216b7e8f5f22202749edddcb2676108bb286fdebc85e9f49a4f,e14e9a3665636e49
dataset/brown_blight/20211227_164141.jpg,1,brown_blight,256,256,4904,True,False,False,False,,70fffb0fbe274a29f83c9d5b5c5b6d7e901203fc2c2f2156cc7a86469683dbb1,bfc8c0372fc8d185
dataset/algal_spot/image_0_1790.jpg,0,algal_spot,256,256,5342,True,False,False,False,,90c298dfdae5ace88d912c6fd79709e1ca8d08022c16f083879c54561fa39b79,e8c7953c4ac72c99
dataset/gray_blight/image_0_1030.jpg,2,gray_blight,256,256,5944,True,False,False,False,,db993f12f24989ebacd67f5a2ca78c8f766691550f3f251d2a9ba88ecf6a390f,fec0813f6af0258b
dataset/red_spot/20211228_153147.jpg,5,red_spot,256,256,5889,True,False,False,False,,a55093202e3aa651f01e9d17198f6cf3766c42d1a34a9f891bc1971a54638c7f,f895976a683792d0
dataset/healthy/image_0_40.jpg,3,healthy,256,256,6086,True,False,False,False,,bdb75a28afc0ef46b7235611e833912e2a9dfbf9aa90135f156c886b2656594e,af97c0681721dacd
dataset/red_spot/image_0_2170.jpg,5,red_spot,256,256,4959,True,False,False,False,,a175b6e097d559a1ce0936c42b281787ff16e6d5bc363fb01d76622e591a9980,ed94d661689e25d8
dataset/red_spot/image_0_2716.jpg,5,red_spot,256,256,5790,True,False,False,False,,7dade4ce4b9215c860b4d8534a2b4f5da9801db7eba82e99f2a4ac90e080213c,b8b49ecba1c466b1
dataset/algal_spot/20211227_153710.jpg,0,algal_spot,256,256,5615,True,False,False,False,,9d82cbb4bff2066550e95162fab376c0c2f4be1f052480fa2f795068c5aeeb77,fe8080b73f68e487
dataset/brown_blight/20211225_233829.jpg,1,brown_blight,256,256,4792,True,False,False,False,,26a6aba1de7339d25b0f295660b69d69b4d1ee186712f953db70f80fdc60f778,adc3923d68c2a51f
dataset/gray_blight/20211228_134817.jpg,2,gray_blight,256,256,4958,True,False,False,False,,46ed99e92d6a16dde578b2ec2d16bffd8d1799fefcd8e8b3759e1b6f351e18c8,eedd91686b87a058
dataset/red_spot/image_0_848.jpg,5,red_spot,256,256,5413,True,False,False,False,,a63fd5045d5b24ccf1be6c47d2092a6dd59be3db7430bfa82ad89550195560cb,e996963861659e9a
dataset/algal_spot/20211227_154334.jpg,0,algal_spot,256,256,5352,True,False,False,False,,9e8808670bde210bfb08eecdbcca0d2bb2d4ab3f4df65bea8953477e4dce5af8,ff2f80901f4f5328
dataset/red_spot/20211228_125655.jpg,5,red_spot,256,256,5270,True,False,False,False,,ab3298e4c4e32d490aa9b34fa1ebe333264d3cd175abbc3e817ab4abec987dd4,ea90952f5af0618f
dataset/healthy/image_0_2176.jpg,3,healthy,256,256,5268,True,False,False,False,,00b876f5c4029294defceda294a7c19b1cdad588eaa17e1a2063629e84835778,bd92c02f0f34dac3
dataset/helopeltis/image_0_2415.jpg,4,helopeltis,256,256,5160,True,False,False,False,,116e5f3d0a3f43d38c010126db9e987264dda150789c1a2560f65e996c9d73db,fae685582aa5f452
dataset/healthy/20220101_101521.jpg,3,healthy,256,256,4861,True,False,False,False,,799bf9ef5e653a6cb4b872c67e150ead1a436a20f880124b0f2faf9827f901c8,eaca943563ca3cc9
dataset/gray_blight/20220101_113010.jpg,2,gray_blight,256,256,6143,True,False,False,False,,578e8293ba8438dec8dce41e4dd41ca23904bd58bf4b1ca1059f8627a386cd4f,b099c379ce649c66
dataset/helopeltis/20220101_104017.jpg,4,helopeltis,256,256,5097,True,False,False,False,,58a076fc85bc58e652319aa93b7e102518aa140705c1d598d2d59f520ea56f7c,eac0953e6ae12f8c
dataset/algal_spot/image_0_778.jpg,0,algal_spot,256,256,5189,True,False,False,False,,5d6064c2ff702447519b186fce0a81c54991f5e3004342103f07af0aecb08871,fa95854a3abd43d0
dataset/helopeltis/20220101_102105.jpg,4,helopeltis,256,256,5174,True,False,False,False,,a8fdea7900610fc3d2bc474a47f707488ca52041b641482c6475656328c713e7,e996927935e39894
dataset/helopeltis/image_0_3904.jpg,4,helopeltis,256,256,5745,True,False,False,False,,c6764814bda271dd76adc2f53eed64b702e2f6f86f581d70a698300a6a8f3ecc,b9c6d669c1964e70
dataset/algal_spot/image_0_2470.jpg,0,algal_spot,256,256,5996,True,False,False,False,,f411c4ad6d1f0d55c9d78b55e45ec54994226344438ead8164104e3963aa1dc2,fac2853d5e5069ca
dataset/brown_blight/image_0_9646.jpg,1,brown_blight,256,256,7270,True,False,False,False,,450efe4129c07215d243c03114651170acd7d097f84a560db2736c365c4f4255,bf60d09605cd3f70
dataset/helopeltis/image_0_3953.jpg,4,helopeltis,256,256,4347,True,False,False,False,,6ca232a54b77a3f170757d0e5022cdaad6197c75968776503d8ce1b4927b7ef1,e19a9661799687c9
dataset/healthy/image_0_1219.jpg,3,healthy,256,256,5379,True,False,False,False,,448720e06d5d066d1e2291834bfc9561cc2821b886fb1343553b7ce01b095f5a,be95c06a0fa570da
dataset/red_spot/image_0_1428.jpg,5,red_spot,256,256,6380,True,False,False,False,,8431c7ad9d3285bdc5efbe06da9f62d9994d42f610ccb25f0fcdfb54f30f6c70,b59ac9e4c663982e
dataset/healthy/20220101_091013.jpg,3,healthy,256,256,4949,True,False,False,False,,6c8a997882da63baeaa400018c326bf794b6e3df92e044831ca5d4733d93d2e7,fb90846f7fb0a00e
dataset/red_spot/image_0_3077.jpg,5,red_spot,256,256,5643,True,False,False,False,,c420413a71cef8b55a142ec6781140ebfd1ffbdb63e327ccbe4f884d73e198ec,ba95c46a3d9742c9
dataset/gray_blight/20211227_152034.jpg,2,gray_blight,256,256,5844,True,False,False,False,,4ad7c69fcede83198c19c2f1aaefa81ec69447b4c81a6bb83dc58daa733e390e,fac0859f5ef0610b
dataset/gray_blight/image_0_1679.jpg,2,gray_blight,256,256,5736,True,False,False,False,,a0bfcafba02dfbbf7ca60d732608289e0867b58dfae8f8969db76530d31ff4e9,ebbd94c21b2d6198
dataset/helopeltis/image_0_3282.jpg,4,helopeltis,256,256,6643,True,False,False,False,,ada0187cda151421bf16d9343d5f9ac06b27aa1507f30b896f369740136d60c6,feb1814e1f686895
dataset/algal_spot/20211227_110014.jpg,0,algal_spot,256,256,6241,True,False,False,False,,5fcd2a45bb1be86f32807fe1fef67cfcb353baa008a8f4ebcc1a855f457e5bbd,fe2b80d44b0a3c7d
dataset/healthy/image_0_819.jpg,3,healthy,256,256,4669,True,False,False,False,,00630f6f481c33bea716d011b0e4e6300398a3c4efbb30973664b72a61d261a0,e1cf9e30674a38cc
dataset/healthy/20220101_120520.jpg,3,healthy,256,256,5179,True,False,False,False,,5f324d044183e450d02b7aef26bb6317fecf37fa47597da17900f2dde2f466c2,fba4d40a2df412cb
dataset/algal_spot/image_0_94.jpg,0,algal_spot,256,256,8898,True,False,False,False,,5343cf8c8e75eabfe027a53a460be746d35f3f5bb530b0e38fc91ae36e48832c,bfc0841f5ef820c7
dataset/gray_blight/image_0_3070.jpg,2,gray_blight,256,256,5073,True,False,False,False,,b30133638ab59dd6c36459e1ee37689cd0d22e1cce5d3b1075c83722578d1364,bd3dc2c06d3f9430
dataset/algal_spot/image_0_3575.jpg,0,algal_spot,256,256,6494,True,False,False,False,,0d491d1bc8c4ccd48183303af5d0341588cc24c7876ed765f4070911c93eab16,bfc0d03e6ae0258f
dataset/gray_blight/image_0_1532.jpg,2,gray_blight,256,256,5923,True,False,False,False,,27d01310e9b6f5dcd333c23d6b8f8cc695e64400a54c14735839c9c9a56b494a,bd96c26134371b9c
dataset/healthy/20220101_102849.jpg,3,healthy,256,256,4459,True,False,False,False,,adcf46aa50888e70b69d47ed77f8da026e83f675fc3b7e58753a9c4803c3edf4,bac0953f6ac1a51e
dataset/brown_blight/20211226_100841.jpg,1,brown_blight,256,256,4485,True,False,False,False,,c4711a746d936dec0f1a3e4938e5ae1de971843804c60793be90606ccb9e5cf9,ff83c03c3fc2f005
dataset/algal_spot/20211227_153628.jpg,0,algal_spot,256,256,5733,True,False,False,False,,28d6a2e16e7d79a0efc76372b5abfa092e44edce81b9be603c4d7019d27b733e,febe80c06e4f213c
dataset/gray_blight/image_0_3689.jpg,2,gray_blight,256,256,4636,True,False,False,False,,45decc2ed8f740440bc40524b947728e3e10751750faf7fb8fd10162ddfd282b,abf2902d7ff2a900
dataset/gray_blight/image_0_385.jpg,2,gray_blight,256,256,5814,True,False,False,False,,07c4854edb1de608549dda4813791424b0f56cb04cf6130f60939289995ccd20,af6ac094356f7a60
dataset/healthy/image_0_358.jpg,3,healthy,256,256,5103,True,False,False,False,,f654686b28221cd393010fc420410ae585cfa2d70ce0fcf58270faf2478b123c,bd12c26d3f92e0c9
dataset/algal_spot/20211227_110301.jpg,0,algal_spot,256,256,5241,True,False,False,False,,edec3fcdfe3744727b7b2a01639f3e9aa2358dddd46fa20b1b87b4660af3e995,af2fc0d0960b1b3b
dataset/gray_blight/20220101_112659.jpg,2,gray_blight,256,256,5179,True,False,False,False,,543b3c96cd73df977fbc0bedbabcafefd21acf32cd6dd0518818dc97da72f814,bee1c01e6be0a48f
dataset/helopeltis/image_0_1772.jpg,4,helopeltis,256,256,4739,True,False,False,False,,f4036d1f6eb3727c30ac288b3483cad0ccf7035f0f38d8c36b6dc13a768202a6,fa95854a3fa5c05a
dataset/helopeltis/image_0_130.jpg,4,helopeltis,256,256,6304,True,False,False,False,,5ceb22c8e0a8daa24e2e50a7ef16463a841c50cef6e9ad323672406f1302e6db,efb5904a0f25709e
dataset/healthy/image_0_1703.jpg,3,healthy,256,256,4788,True,False,False,False,,1363940180a8e3dd76f57e06b6fb577f9333a80c14b77d37e17db143a819c43e,b49acb653a0fc5c4
dataset/helopeltis/20220101_104358.jpg,4,helopeltis,256,256,5058,True,False,False,False,,0aca8414e416fe0cdd7c65a2e79d40775a9476c97f50e7063e92fdfabf1427d9,e594d249393c66d3
dataset/algal_spot/image_0_2808.jpg,0,algal_spot,256,256,8761,True,False,False,False,,51515d374e8dba19fbc0b43a3aa3d6796883a85662a3c670aed7246d73e6f914,ffc095b58832f033
dataset/healthy/20220101_094600.jpg,3,healthy,256,256,5606,True,False,False,False,,ab93acd94fba43aa06b1a01c1c901334725481f2da697663d04acd1044d5e167,abc0943f6af0a587
dataset/gray_blight/image_0_2883.jpg,2,gray_blight,256,256,5494,True,False,False,False,,982c8545bfe5fe2cc793ebab50b1835ee51f5f669af4d4120c5e51609c5716f5,ab95c06a3d924aed
dataset/gray_blight/20211228_135047.jpg,2,gray_blight,256,256,4622,True,False,False,False,,04a6263bcecc87f69330f17974e2859f89a681325c0638989769d1e016407a9f,ee7991843e7ac0a5
dataset/healthy/image_0_1631.jpg,3,healthy,256,256,4416,True,False,False,False,,c5a6ea36bae05bb854737f168f397a87e7f7a984b6a3f93571d7703a08e7ef8a,f4e5cb9a3065cd18
dataset/healthy/image_0_1421.jpg,3,healthy,256,256,5717,True,False,False,False,,10ba763a2519951edeeb55a110b221fdc30edd0a6e5e0859821f10146886eac2,f8c79438d365ca34
dataset/healthy/image_0_1476.jpg,3,healthy,256,256,5149,True,False,False,False,,0c8cfa40fd1fc190fa475ff57b8ee190932e45da312e9cb14a8c8cd86776ca2e,e7339aca994c998c
dataset/algal_spot/image_0_917.jpg,0,algal_spot,256,256,5839,True,False,False,False,,e0e564473bc5cb86965aa28a246864d2f7a311e5ebd1c8eee304ca77e508dcd1,aac8d4370b7a65c9
dataset/brown_blight/image_0_5344.jpg,1,brown_blight,256,256,5018,True,False,False,False,,11d1b3557ada1d6afb34b72a5cf4ebffb7b3b8973e3e152ffb58e6419ce9275c,ea3495cb63b53c12
dataset/healthy/image_0_362.jpg,3,healthy,256,256,5187,True,False,False,False,,b8fb075c34bb0c78287dc0b9b5f5bd46aff3833dca4b36ca526915ccfa3acf16,e895c368355ae1dc
dataset/algal_spot/image_0_253.jpg,0,algal_spot,256,256,5818,True,False,False,False,,1b48485775713bb9862720a248fcfc5d96b3775bb271b1d327ec72cb4dbf08d4,aa95d56a2ba5341e
dataset/healthy/image_0_1610.jpg,3,healthy,256,256,4948,True,False,False,False,,169f377075bdb7c292c36793af1147ba9a4d7163e4ed8ba931bc0bb57500daac,e9cf9430674a64cd
dataset/red_spot/image_0_1555.jpg,5,red_spot,256,256,5244,True,False,False,False,,751ef8b21509a25d80021abf4da9e2e8e8f75e091de47906c0c0d288cbd01ae1,ab95d06a2f2572d8
dataset/brown_blight/image_0_5641.jpg,1,brown_blight,256,256,5023,True,False,False,False,,c7d442eba18ceedf9ea3c8d18abd0c04f38fd4324a08e84c6a528d1660ce4865,a0c79e3861cf32b6
dataset/healthy/image_0_1600.jpg,3,healthy,256,256,5477,True,False,False,False,,b5dec5b8c2f9be706e322f81883c70bb5d4dd73b94cfe0104ba657a70d2b1ac0,fc9ac3611e2f318c
dataset/algal_spot/image_0_670.jpg,0,algal_spot,256,256,5136,True,False,False,False,,d0a9895c89e8ef3fb1a23ae16c221f6d6038f6e000902eccd0886b2a82336386,e5659a9a30c33f64
dataset/healthy/image_0_1051.jpg,3,healthy,256,256,6431,True,False,False,False,,ec4260601990adbfa3990b187f7399c6d97a771bf63ad45fd457e23b99769e90,ba3f85c05a2f6174
dataset/brown_blight/image_0_900.jpg,1,brown_blight,256,256,4960,True,False,False,False,,6cd28513a423a74e6e127e1d855277e0132adbbfb34977fbe53836dc7a7cc0f9,e5949a6965869e39
dataset/algal_spot/image_0_3082.jpg,0,algal_spot,256,256,6359,True,False,False,False,,985d1fe0f2b43188a543a7d986bda0a0467291a95845b58f82458a129a9f7a9c,bd69c0968f9a1ec8
dataset/healthy/20220101_103910.jpg,3,healthy,256,256,4549,True,False,False,False,,b275dabd63d207fc91e571699acf59bc1257e339e7b73bde5f6e2fb3cfd0aafd,efc0903e6ae0a58f
dataset/helopeltis/image_0_129.jpg,4,helopeltis,256,256,5311,True,False,False,False,,195a3268d6338cbaba98e8d565ca622395f1e9eedf3b902e2b085a137276a4a6,bcc683786c97b0ca
dataset/helopeltis/image_0_3219.jpg,4,helopeltis,256,256,4758,True,False,False,False,,6485d66b64f1654bde4e073b11ae88d98fc82f7b7ea0b493a8eb00dc1911148b,bc81c33f2cc093cf
dataset/red_spot/image_0_3128.jpg,5,red_spot,256,256,5096,True,False,False,False,,9e53cc52c3231c446978a51cb6703fda9aa46c5e488ab964152992ec78ee0143,b1de86616e94b0cb
dataset/brown_blight/image_0_7403.jpg,1,brown_blight,256,256,5233,True,False,False,False,,26401804fa14d421f5736baa077a0cfad597087990a2aa6ee7d3d1cc11b9453f,b9c7c2382f95f04a
dataset/healthy/image_0_1015.jpg,3,healthy,256,256,4329,True,False,False,False,,808b6e418dfc6eef89e51624b53f52b0c0e3877704f2d250b2e0edced2708b62,b997c2683c974be0
dataset/healthy/image_0_811.jpg,3,healthy,256,256,5100,True,False,False,False,,57829663e08fdc774f973ca1d7b6584af62e01b09c93f78f9c735a05ba5fa1ca,f1ce9e30616b66c8
dataset/brown_blight/image_0_3915.jpg,1,brown_blight,256,256,6665,True,False,False,False,,327d76b5b3670c2267c2d44362065344b2ff9b77c8e6ed5135b79bd070129312,bee0c19f34784366
dataset/healthy/image_0_2884.jpg,3,healthy,256,256,5230,True,False,False,False,,65b72229aafa075c449295fc8e6bbf5eec52d9f7d329caeebadef294ada4d2e9,e83c96c3c98d6e34
dataset/brown_blight/image_0_8376.jpg,1,brown_blight,256,256,5625,True,False,False,False,,cc1bb8b5a8f48407542ed846a89f668e72333680993bc98e2e788e0c7396cb14,e696c961309e4fe1
dataset/healthy/image_0_1796.jpg,3,healthy,256,256,5194,True,False,False,False,,bb9c92ddf5fd682f187e88996700d150362682b6c78b315a00a37dbf46c7f622,ed94c2693592f899
dataset/gray_blight/image_0_3804.jpg,2,gray_blight,256,256,5731,True,False,False,False,,f49364cec8c4a3f06a67a46a9b1a1e1e91b9261d57c905c92c7c349589564836,bf9fc0603717489c
dataset/algal_spot/image_0_2132.jpg,0,algal_spot,256,256,5350,True,False,False,False,,4dce4734a47340c260d753c484f5e56d485dbaa04c03073b7936d2372075114c,bdc1923e616327cc
dataset/helopeltis/image_0_3739.jpg,4,helopeltis,256,256,4860,True,False,False,False,,76a567ac528a41b25f79b0ecbb6b20c11cd3f2a694c43cba4f1b8e772a5b6dce,e4999b678c65c992
dataset/algal_spot/image_0_4032.jpg,0,algal_spot,256,256,8356,True,False,False,False,,418f93abb040f4f2878356ad5a5c2f4196689d0223b371ffd36aabd6cb2e12a1,ea6ac4951fd2704b
dataset/gray_blight/20211228_151216.jpg,2,gray_blight,256,256,5406,True,False,False,False,,b0e745f42ab0e8fdc864edc3f0d250ab30d1503f056db1d34b12fedbbf02ff8c,fec0902f6af0a5c3
dataset/healthy/image_0_1049.jpg,3,healthy,256,256,5023,True,False,False,False,,bb3727912e09e38a4038a52aec86e501d16547ecc4ce6796625e9b53aacf9f25,f87c94c16a3ea561
dataset/helopeltis/image_0_1060.jpg,4,helopeltis,256,256,4208,True,False,False,False,,afae1e81b21aba51960f41665c27ace05d2a1d12b39a8921256da0f35804afab,e2998c663199ce67
dataset/healthy/image_0_3048.jpg,3,healthy,256,256,5748,True,False,False,False,,99934c3b6a3feaf7586b13b200946541a59abb31a8ef7e7533f462f30654e291,e1cf9a30c733664c
dataset/brown_blight/image_0_6037.jpg,1,brown_blight,256,256,5550,True,False,False,False,,b104a755633654dc16b88d9d643322dc645c307ed4fa62348accc62620713c61,fe95c06a2d14d2e9
dataset/red_spot/20211227_161102.jpg,5,red_spot,256,256,5183,True,False,False,False,,5ab8d7ec592e9c13f94c3ea14f04bd13358f416ef92840b6904c24022c036a4f,ebe894951ada6165
dataset/gray_blight/image_0_252.jpg,2,gray_blight,256,256,5845,True,False,False,False,,bdde0db073ae60db83dd8dbeff3ca4f7c9f8152e3bb8e91acb600d73cc30c968,eacb9634e1336649
dataset/healthy/image_0_1058.jpg,3,healthy,256,256,5873,True,False,False,False,,63f3e55a9c74cc9cb21ae46e4ae70bf84e4abf91e97eef7ec06b1b8c73e39df5,bf94c06a2f8570da
dataset/brown_blight/image_0_7297.jpg,1,brown_blight,256,256,6338,True,False,False,False,,36422c6df9f02d8517e57baed0f9a8f11f378f5272b3380bb090fcf7ba5bef9f,aa3195ca6a3de562
dataset/red_spot/image_0_816.jpg,5,red_spot,256,256,5180,True,False,False,False,,3e63d6c14a308210edd5786ab3a5333423b0636124d36c51ba0783f0a2504266,f892876838b5e4da
dataset/algal_spot/20211227_152156.jpg,0,algal_spot,256,256,5507,True,False,False,False,,d73372c016e4afc01b85866364f0b9d6fc5e8f8b917271205e3af8c546473418,ffa0809f6b78a087
dataset/helopeltis/20220101_104456.jpg,4,helopeltis,256,256,5725,True,False,False,False,,e376a2dae27509e19fa80c42c5be33e836b56c2aa8397eb9aba64f8c27a7bca4,fa3485ca7e0fa170
dataset/gray_blight/image_0_2239.jpg,2,gray_blight,256,256,6044,True,False,False,False,,eed2c91765437848b18e20fa3d1487d01e4c5ff9639e31499fbd335d341578f1,f8c39e34e13b6c48
dataset/healthy/image_0_359.jpg,3,healthy,256,256,5128,True,False,False,False,,5e76bc93cdabb2089ba44b7788718adee132b64178c4200a5726fd813b471e50,f8c1c73c60636fc4
dataset/algal_spot/image_0_4012.jpg,0,algal_spot,256,256,5364,True,False,False,False,,d89cb00aaedf26dd7b455680383e5e223a168c5e7bb0292edb5fce1b30b0a8b6,bde1c21e606967cc
dataset/brown_blight/image_0_9706.jpg,1,brown_blight,256,256,4680,True,False,False,False,,e12d2b31fa1618b11409f13c4644b81a329ae12dbbd96564b7d1649ea93382da,bbc1d42e6af1b182
dataset/algal_spot/image_0_2005.jpg,0,algal_spot,256,256,5413,True,False,False,False,,c47cd7b409e117a244306ba075be19c9b73322f842f0457f5bcadee9a74f208a,ed929ac964363639
dataset/brown_blight/image_0_1286.jpg,1,brown_blight,256,256,4969,True,False,False,False,,7324580b4d2414ca3db652703262d5f09f3f83e5345a0c53e250efd9fba23316,ea80953a7ae1e51e
dataset/helopeltis/image_0_1901.jpg,4,helopeltis,256,256,5732,True,False,False,False,,ffee94f066bc307eb10407f46659351c36ceede16e3fe1abe5929c8b4ebfce67,b4cd9b36606966cc
dataset/algal_spot/20211226_102721.jpg,0,algal_spot,256,256,6809,True,False,False,False,,c7e2fbd77492a88358e692e7c73d5f1d1f2eaef9e44bbf949a50215673f86276,eaa6950f4ef03817
dataset/algal_spot/20211226_102452.jpg,0,algal_spot,256,256,4442,True,False,False,False,,6707e659a6841b8e92b58bab684b39dcf73f33c3b6e1df11558e69aad353f137,ef90d06b3f84e05a
dataset/helopeltis/20220101_103012.jpg,4,helopeltis,256,256,5866,True,False,False,False,,e08d8ae9c9035341bfa4e5006c7f6c932fd2c1422ea69375372fe66d628c644b,ee8f91313e4664c9
dataset/gray_blight/20211228_153417.jpg,2,gray_blight,256,256,5477,True,False,False,False,,df78c1621c0f35820a27dd88f62fc98b1fdc08678a8054497385a03fda1fc164,ea8795783a27e194
dataset/red_spot/image_0_1154.jpg,5,red_spot,256,256,4659,True,False,False,False,,0f4090d515a9506544347476f7e49ba641e43c0ff582ffb5679f6360b981459e,bdc1cb3a644d1b92
dataset/red_spot/image_0_118.jpg,5,red_spot,256,256,5302,True,False,False,False,,1b947e57c4d937068f3b2d1faa9d0f7e3f37b79a1df344de4b38d3b0b0bbbde6,fec0c0972d4872e7
dataset/red_spot/image_0_1351.jpg,5,red_spot,256,256,6555,True,False,False,False,,c007bf677bb478e0731d17b48dca293176da664781c12f03aba794206bb63ede,afe0d01768c83767
dataset/algal_spot/20211227_132604.jpg,0,algal_spot,256,256,5032,True,False,False,False,,e90360ed7e073a09740e9e2f86b80677919544efcdb707b7e1c856a2c2ac18db,fae0851f7ae8a107
dataset/gray_blight/image_0_2646.jpg,2,gray_blight,256,256,6523,True,False,False,False,,1712e16f8cb4089a449cf5fa71fa54ac57c01db156460704618bd680c90974f5,afd2d42d0a74f186
dataset/healthy/20220101_085850.jpg,3,healthy,256,256,4963,True,False,False,False,,8ce950928239a9a68d6c6b86b60007d8d9e2cf98589da6d22fac0997ce4ec412,ff84d0322fe4b4c2
dataset/helopeltis/image_0_906.jpg,4,helopeltis,256,256,5642,True,False,False,False,,6311b0bf5e96e9ace098b8de832a105bbc2949ff556260444c453b1b0625ccb4,ad92c16936dae1d4
dataset/brown_blight/image_0_8176.jpg,1,brown_blight,256,256,5662,True,False,False,False,,6cb573efaf7dc1de6fabc353a8ae2399adbba684c71c13302dec8b64a733b4b1,f9c2c63d69609387
dataset/red_spot/image_0_2929.jpg,5,red_spot,256,256,4519,True,False,False,False,,62b6cc97746da9a8a672e571ad2200d176f229048151eaf5f4a7c64a4625ae77,f464cb9a32656d34
dataset/gray_blight/image_0_3091.jpg,2,gray_blight,256,256,4669,True,False,False,False,,4b978795e6674e2cb09d570a68efda11f39a3e9566a4b00184ddc9a45743a044,e5cb963869c73498
dataset/red_spot/20211227_160126.jpg,5,red_spot,256,256,4806,True,False,False,False,,a4b0cf091d99dbe0c1af030a3aaed11ce9b622e7154f3a2e5153be5b0cbaf552,afc3803c3fc3e09c
dataset/brown_blight/image_0_1845.jpg,1,brown_blight,256,256,6020,True,False,False,False,,e88340a2d409c48cb7bfe8d16871ee1968fbb6890e88ead280b13ab00bb95ca4,aa9795687a95325a
dataset/red_spot/20211228_123217.jpg,5,red_spot,256,256,4737,True,False,False,False,,c464e41ac30a937b00158488d9fb722af1a02cdacd02c0e65d7889c6cf91f4a6,fa80853e7ad0a58f
dataset/gray_blight/image_0_2979.jpg,2,gray_blight,256,256,6922,True,False,False,False,,04a8f71e8f0f4c60dc1b46554c7935784b387b5456b923690eacc0f12cae8ca4,e8cb9a34993385b6
dataset/helopeltis/image_0_3837.jpg,4,helopeltis,256,256,6013,True,False,False,False,,06856d9fe7832515ac271491dc5f6cd9b6ee18c5364671826ebc4addd0eac068,e192cf65343c3b98
dataset/helopeltis/20220101_113909.jpg,4,helopeltis,256,256,5892,True,False,False,False,,61be5cc3c1848a19788963d32213361b674c49e14d3b205eff02aeb9bfcce1a7,fe8c80722f95f0cc
dataset/red_spot/image_0_1104.jpg,5,red_spot,256,256,4977,True,False,False,False,,252da1f55baa7318a1cfcd175372890b97afcbdee750c72d7eef41d602c1b418,ec92c36d3c92c3e8
dataset/red_spot/image_0_1367.jpg,5,red_spot,256,256,4487,True,False,False,False,,8cca59ca13e633ad3e4927ca85b59a010179ecdaecd512e19e0d0111033f876b,e1c3963c68e3259e
dataset/algal_spot/image_0_2460.jpg,0,algal_spot,256,256,5001,True,False,False,False,,6229fe500e452c63cba9d785c8b7405504be1abea48152ee262aa86f9bba2e60,b99ec0616b9734d8
dataset/gray_blight/image_0_92.jpg,2,gray_blight,256,256,6710,True,False,False,False,,409ccc232a077b7d7e878f8553ef69539982b4f85cf6c63cd2014c6fd14e35d7,efe0841f58116bcb
dataset/red_spot/20220101_101137.jpg,5,red_spot,256,256,5502,True,False,False,False,,ee49266a12314d9965c6b227f525b4017d1f99104d7c944fd87a19a95cf54d85,eac0953e6af0b583
dataset/healthy/image_0_445.jpg,3,healthy,256,256,5544,True,False,False,False,,a4f452300005914552a4c4964d5de5035cc1b1b3e62ae097e52d84c61afc14ce,ed94d06a3d34f2d0
dataset/helopeltis/image_0_3882.jpg,4,helopeltis,256,256,4595,True,False,False,False,,047f3176fff817f789c2d93fc2762126f8c494fff03fc841847e16f065e8fdbc,b299cc64987799c6
dataset/brown_blight/20211226_000950.jpg,1,brown_blight,256,256,6380,True,False,False,False,,67880c86349303b61d2eacaebc4bbefde01ee08c5242cebb462c966643716056,ab60d09d6f68b435
dataset/brown_blight/image_0_5111.jpg,1,brown_blight,256,256,5162,True,False,False,False,,5313b23c79283f44c0f25ae8d2a1332631864836c90a0dd5c1c8df56f96b14a9,bf3f80c06a3f9550
dataset/red_spot/20211225_223855.jpg,5,red_spot,256,256,4746,True,False,False,False,,b0bb19f827684ca89ae09c277991b4b6055c4babd93fc6dc12b0b2d7cc10d9ca,a0d3876d7891874f
dataset/algal_spot/20211227_133246.jpg,0,algal_spot,256,256,8484,True,False,False,False,,8a7d703e4cdb5676834c21855c1f3b0428762831ff9d35054d9391658f2e5973,bfc1c41a1bb565c2
dataset/brown_blight/image_0_7055.jpg,1,brown_blight,256,256,4933,True,False,False,False,,c057d1c0f8f3cd49be9d24fa7786e7d740c0636c760c7edd44fd055913d30ff5,ed64c0943fe1626e
dataset/gray_blight/20211227_163341.jpg,2,gray_blight,256,256,4760,True,False,False,False,,93d9362410d5bba6fa94a3b88ce067c734715030bae4195037a482ff40788a9d,fa89853e7ac0a18f
dataset/healthy/image_0_2450.jpg,3,healthy,256,256,4951,True,False,False,False,,c62c96f98b4f56fc439299686edce6067d1e260a552d35fc5e20c7a7815988d1,bd9acb61301e3b98
dataset/healthy/image_0_1722.jpg,3,healthy,256,256,4814,True,False,False,False,,e3426728aa3c7522a1ea359beebc346453c9ac02b7b65d5b54d25afaca790582,bf98c0683f95e06a
dataset/algal_spot/image_0_1017.jpg,0,algal_spot,256,256,4774,True,False,False,False,,7d049e70781a883aff79f04a75ed4ba1c012aa0b5ec9fca62441cdf80cbbc588,e8b49e6b35904e87
dataset/algal_spot/image_0_267.jpg,0,algal_spot,256,256,7678,True,False,False,False,,a957c09095bf65cce6538524f6a3ac890fb94d97794518c44647af2a53363dc6,eac89435d832e52f
dataset/gray_blight/20211228_133437.jpg,2,gray_blight,256,256,5164,True,False,False,False,,cb7f181fefe3a75ad002eddb4a41dd6bcf554bdcf6e95dee75657a265bdad96d,fac1853e7aa003d7
dataset/healthy/image_0_193.jpg,3,healthy,256,256,6350,True,False,False,False,,486928c755e1c166f822c6294f7d569526702ac2924e5541e977226daec0d52d,eac2973de8326748
dataset/brown_blight/image_0_6496.jpg,1,brown_blight,256,256,4354,True,False,False,False,,b72503bd35450395f13b3c6be510e1f7cd7845bd8dc69a6f659dbfc226cd1227,ec0d97c26a3c8dc3
dataset/red_spot/image_0_1601.jpg,5,red_spot,256,256,5059,True,False,False,False,,4cb7f8d77edfe76570a09de446b569ee9fbe31e7f599ba51002ae5c7e9bea51a,ae3fd1c0683d2732
dataset/red_spot/image_0_1024.jpg,5,red_spot,256,256,5239,True,False,False,False,,0e5b9cdb26d91678f58f5f9ee5999d3ed2cbf5b9c2baff735d353614218d810d,f894c7681cb570da
dataset/red_spot/image_0_1624.jpg,5,red_spot,256,256,5458,True,False,False,False,,d8585efb4fadd8f9990fd58303c2386043df6ff07edd2e5ba7f5e574c88b2122,be3f81c2681d2772
dataset/algal_spot/image_0_3544.jpg,0,algal_spot,256,256,5579,True,False,False,False,,27de18baa7329abe71e09a9f4f7e9c41619f39950a4b1fced03397879f6aa1e3,afe0d015b5e222ee
dataset/algal_spot/image_0_680.jpg,0,algal_spot,256,255,5593,True,False,False,False,,6620af0e7d8fe97d9774d4bd878a1aff29a8ad9de1785ca6bf3893ace6a07568,f29bcbcccc2c8c34
dataset/brown_blight/image_0_9604.jpg,1,brown_blight,256,256,4687,True,False,False,False,,1a682ad6a257a05f448ac49a98826565520472b7d38b9f6ec034f30fcbc83e6f,e8cb923465cb3e4c
dataset/red_spot/image_0_67.jpg,5,red_spot,256,256,5592,True,False,False,False,,b83d9bac99f9b2e891291f9b46cd3ade78fb53a0ba51a0b8ddc7ef2c7a46375c,aad5c06a3592eaad
dataset/red_spot/image_0_1169.jpg,5,red_spot,256,256,5215,True,False,False,False,,c1e010d7410553fec66389e1ab736d4907e133223b5a16ee008b06af2ea5bbf9,f8cb9634614b1ecc
dataset/helopeltis/20220101_095742.jpg,4,helopeltis,256,256,3980,True,False,False,False,,26f3705effcfe88cb1973ec5b51dafec1b13e4071e6ae37055bdaf7942f95db5,e5cc9a636c98324f
dataset/algal_spot/image_0_1918.jpg,0,algal_spot,256,256,5699,True,False,False,False,,68fc1c2544b6cdfec08aa5c41fd39e67184f3702ba67abe6d1d7e3bdacb4e07d,ff6ac0958f983234
dataset/helopeltis/image_0_749.jpg,4,helopeltis,256,256,5112,True,False,False,False,,598157fca608faaf0b5380d6dd4a9b0de2c30729ad3afafc8da9452eb0625327,b49acb659e6731c0
dataset/algal_spot/20211226_101708.jpg,0,algal_spot,256,256,5264,True,False,False,False,,16f1f99a3be81b741df482d5ad37ff3e393f5a4219f97abf7d6dc226f94e904c,ffaa80a05f1768e8
dataset/gray_blight/20211227_164835.jpg,2,gray_blight,256,256,5048,True,False,False,False,,272b0a9198ffa3d45001ec645ae1924e5a52907d99baa85dafb20cb478d260ba,e89785985a6a69e5
dataset/algal_spot/image_0_3154.jpg,0,algal_spot,256,256,5518,True,False,False,False,,11c2baeaeb9c305cc935a2784a362a3e79cfc08e4fc10a5f9041d4a9bf73c0b9,eac285bd7842276d
dataset/algal_spot/image_0_2423.jpg,0,algal_spot,256,256,6211,True,False,False,False,,a09a124d6a9be8a257f02aa698619b2b32a2405718e410eb2c7163c45434df56,bf69c09487ca3a6c
dataset/helopeltis/20220101_105030.jpg,4,helopeltis,256,256,5417,True,False,False,False,,c0926a19fa95318a3fe38ac18b73a893958427d6d027379bd1fd7cb4ca9647e7,eb94846a3ea5e09e
dataset/algal_spot/image_0_2480.jpg,0,algal_spot,256,256,4852,True,False,False,False,,1de5db6dd81b800e4ec7ba3573b83af01f431ab15ffd88af99b2e8ca0c4c15c3,bd9ec261341e6b98
dataset/healthy/image_0_817.jpg,3,healthy,256,256,4996,True,False,False,False,,8b2ea3a55e34acfafa8fdcbebf481c531d540a47e54aed5539233b7fe4adf4b8,aaead1152d7a62c5
dataset/helopeltis/image_0_4345.jpg,4,helopeltis,256,256,5612,True,False,False,False,,314def5b1a17bf754b7fa67e9d688b4606258285886bea5d06bc752fe3685b5c,bd98c0613f9ee8e0
dataset/red_spot/20211227_160556.jpg,5,red_spot,256,256,5553,True,False,False,False,,e8a199aa4c998cb9ebd8b7bd8243ac6afddb9f656f69f9a27d209c7e82dea7fe,bf90c06f2bb434d2
dataset/brown_blight/image_0_1222.jpg,1,brown_blight,256,256,6415,True,False,False,False,,055274b7e3f7447b0d43674ebfbb56e8104e00677130539995b5b9f16d7bd164,bfc0d0376d6813c5
dataset/red_spot/image_0_2592.jpg,5,red_spot,256,256,5490,True,False,False,False,,802b23f0e5a1239e58fa5b3ecf4b2ddb15359170d9120107cd76745ff1bec36f,a83496cb61b56e36
dataset/healthy/image_0_931.jpg,3,healthy,256,256,4709,True,False,False,False,,f5327a5066b7f38177a4c46752bbea74cf0764f9b89ce2815be3403304c0f137,bc9cc361349e4b99
dataset/red_spot/image_0_2316.jpg,5,red_spot,256,256,4731,True,False,False,False,,4182135cabd3f4ecd525e08eb64b9b0f28150f793e629d9d287485c60b8f1a8b,f098cf65309a4f63
dataset/helopeltis/image_0_741.jpg,4,helopeltis,256,256,6287,True,False,False,False,,b8e52be84c685e6471a2d411cc0f50982c9c1f65c8bc74f2deb202c79872665b,af17d0e8ad65321c
dataset/algal_spot/20211227_140630.jpg,0,algal_spot,256,256,4760,True,False,False,False,,77e34b620debc0ec7b00fbb479c7a317e2c4d1a05887201e37c6492c83a2a8ee,ffc0c03f3fc0900f
dataset/gray_blight/image_0_3093.jpg,2,gray_blight,256,256,5508,True,False,False,False,,fe80fe898a74a3dc049a9e4087f7772c4c006daf875b5c2d8a0d45d450612388,aac0853e5ae0cf97
dataset/algal_spot/20211227_152900.jpg,0,algal_spot,256,256,5262,True,False,False,False,,e3a8e38f48362870a44d5766364cc2195346efbedb09f024a798fc41e5a1dc86,af69d0d40b0a7c3d
dataset/healthy/image_0_1710.jpg,3,healthy,256,256,5379,True,False,False,False,,e79cb679611f6d5a9a2fdbfc9e52ad962c72e0d786387dc87158768e44aac5e4,a4e6c32ccebccc38
dataset/red_spot/image_0_1567.jpg,5,red_spot,256,256,5693,True,False,False,False,,b2cfce8e6652885dbb956b3cee3779710379c233d4fd7b6f77d0c56c6f951729,bd9fc3603437198c
dataset/red_spot/20211227_162426.jpg,5,red_spot,256,256,5482,True,False,False,False,,bd11785fbcea402824b0f9bbc3834a3c8a7c812ccf71bbc6d418755d6bc0437f,fae085953e5af025
dataset/helopeltis/image_0_779.jpg,4,helopeltis,256,256,4726,True,False,False,False,,fff35d3c713cc90f1fa83813d7dd23c9ef57d5d0c5b1e8a5b84238b33df47f6b,b6a6cc1993c73866
dataset/brown_blight/image_0_2284.jpg,1,brown_blight,256,256,6881,True,False,False,False,,a46a6f0a0fdf91b33b4e2ec83d41c7fa67df79e630adea7233d899381a283a6c,eb5994671a0361fc
dataset/algal_spot/image_0_166.jpg,0,algal_spot,256,256,5508,True,False,False,False,,b02d6c3d440f9dc13319b8caeb6d4423b560d30dbc6b8a6a935f1165edb4dbed,bd96c2690f3632b8
dataset/helopeltis/image_0_468.jpg,4,helopeltis,256,256,5213,True,False,False,False,,c9da90f38dadf501955ebbcd0147d480d4b175d8e8acb3e1edfe1a39d19bd9d7,b498ce67b3383998
dataset/healthy/image_0_2250.jpg,3,healthy,256,256,5138,True,False,False,False,,dc2d92ab865716a2f750fbf1934c1bd72609c12410343e8594fa45426dc3fe37,aad0942b7ae581de
dataset/red_spot/image_0_1979.jpg,5,red_spot,256,256,5287,True,False,False,False,,0f471d5be5d89cc3529cb433ab1805631482a945ec11a838a3dc188979886399,e8e896973f7a6060
dataset/healthy/image_0_429.jpg,3,healthy,256,256,4567,True,False,False,False,,458d059c1112adb534373febd4aec0712b7dbd21e8945595fc4a88240fcdcc21,bc9ac2613d96f0e8
dataset/algal_spot/image_0_3030.jpg,0,algal_spot,256,256,5585,True,False,False,False,,4767c2c69c9c8da5612e9ecd141bc0901d38752c6742b0309a5acf098bbb3be4,f8c3863c69e3278c
dataset/healthy/20220101_100929.jpg,3,healthy,256,256,4831,True,False,False,False,,3b7e21767a3950775b769dc3f9cb6ccc0b067954664953ab384dfec67104f2cb,bfc0d03d2bd0b48b
dataset/red_spot/image_0_3131.jpg,5,red_spot,256,256,4611,True,False,False,False,,d4b1c937a585ea535f99f4fcacb7579894863c40e5c95cb9313be9a24f8d6f4f,a9c3963c68c3973c
dataset/algal_spot/image_0_2279.jpg,0,algal_spot,256,256,5592,True,False,False,False,,2cf356b51e2832842974583e4a4600caf5260d4a8433e55d2caeeafc5c731a4f,ffc0843f68c02fd8
dataset/healthy/image_0_1512.jpg,3,healthy,256,256,5447,True,False,False,False,,24e51d3322b7bdcb2aaab1d566bb66fc8fda7ccbf87a826dfd771b0801526c8f,e5cc983299b38e33
dataset/gray_blight/image_0_601.jpg,2,gray_blight,256,256,5880,True,False,False,False,,c2522e4e2d5cad98bdfa2b56d97177b9b910d75c740011bed0ba0383864fb5fe,eec0903d6bf024cf
dataset/healthy/image_0_1366.jpg,3,healthy,256,256,4139,True,False,False,False,,1c0896a5061de894ee7e63b58d04d32b5b0fbddf2909eebadb020eb3d47c0142,b299cce6ccc62333
dataset/helopeltis/image_0_2318.jpg,4,helopeltis,256,256,6571,True,False,False,False,,b82fcd33cba4876226673872a65847b31c8a30325e4857b7767fba61a7ac9b6e,e84985b73bc2668d
dataset/brown_blight/image_0_6280.jpg,1,brown_blight,256,256,5908,True,False,False,False,,08c213bdda2422d46bbb399246105d49ee923760ad9555c5bae7019c15a452a0,f8638f9871630e66
dataset/helopeltis/20220101_102954.jpg,4,helopeltis,256,256,4783,True,False,False,False,,df7b9d975531ccd24dfdb4f5d4653ac30fc6a5cb5ac7808f82d0a19827c7729e,afc2903d6bc0b48f
dataset/gray_blight/image_0_270.jpg,2,gray_blight,256,256,6631,True,False,False,False,,eb639be15bc796585ae8fcc52c25704b7cbe83429e4c5ab7f61619545d3dd10d,eac0953f52e81e95
dataset/healthy/image_0_1943.jpg,3,healthy,256,256,5309,True,False,False,False,,4e15e0a5f9cc6ead06a400762fb22b94f194ab0d3a40e1f01a8329b3ac6d5271,ed96c26d360ae0f8
dataset/gray_blight/image_0_2648.jpg,2,gray_blight,256,256,4585,True,False,False,False,,2eb8a6b4e8058a5c964b4a4acd4d43f53b5eea3c1735ae76886f074a7563593a,ae97c0683f85f05a
dataset/algal_spot/20211227_135134.jpg,0,algal_spot,256,256,7869,True,False,False,False,,35017027a7cb0ba6a1bec7f9107bce52d3bcbe5956aae69d9dc847beb0639820,ea92c5251e6d7994
dataset/healthy/image_0_3010.jpg,3,healthy,256,256,5122,True,False,False,False,,4aa918cc688d1ba681b7596a05a3df9c9bd822423af43dad389f32fa5f301738,a8cb9635cb3e4c19
dataset/helopeltis/image_0_2239.jpg,4,helopeltis,256,256,5300,True,False,False,False,,2af102af57ca400a4866d20b658c87806424443c3979f70cece19ee0cb69d2a7,ea3495c36a38a5c7
dataset/brown_blight/image_0_3378.jpg,1,brown_blight,256,256,6116,True,False,False,False,,edaf2bcd9e3fd2158bace0c4705861471ba6fb035a273baed421227e86d51745,ae97916a3eb5c04a
dataset/algal_spot/20211227_154309.jpg,0,algal_spot,256,256,5302,True,False,False,False,,de2a60d233c91c8b7cbb86896dd189f39b12790bbde3874e6819acc805ce0927,eae285953f6ae025
dataset/red_spot/20211227_160335.jpg,5,red_spot,256,256,4851,True,False,False,False,,f2d5d7a9a77fc2da1e8946514a5654a53deaae7bdd7dd68e989b6d0ce80c6563,afc1903f2bc0b41f
dataset/gray_blight/20220101_114908.jpg,2,gray_blight,256,256,6253,True,False,False,False,,649bd6f49ad7156772d8ccc84f1b3a2f2af132d0ae19439e46851dc16246d6c9,fbc0853f5a702587
dataset/brown_blight/20211205_153800.jpg,1,brown_blight,256,192,3386,True,False,False,False,,cf290baefb5e84e9cacd20b7452662e462a16b6600d155892b7a251625b50162,a59c9861679e3569
dataset/helopeltis/image_0_3829.jpg,4,helopeltis,256,256,4991,True,False,False,False,,ee04571bcb732497ca1fa0a294b6a391bf61a6204d9f942043b4bf951c472df5,a54f9a3267cd18cc
dataset/algal_spot/20211227_114130.jpg,0,algal_spot,256,256,5090,True,False,False,False,,0c0ac780a58df1a59bf184839fba330c6fa29da6b9201969ad69d85e5ee0c90d,fa85857a7aa1851e
dataset/algal_spot/image_0_3383.jpg,0,algal_spot,256,256,5350,True,False,False,False,,0c3e5124521864f04c5f50585e8857b242505b6123ff391d4d1c78fc9aa0262f,ebc2d43d2a7a3581
dataset/brown_blight/20211226_002041.jpg,1,brown_blight,256,256,6266,True,False,False,False,,1f2476d1999edd62f5d91ce802a89876d3ea15237157a82d56a0e475d9057cb2,ba60c59f7a68a496
dataset/healthy/image_0_607.jpg,3,healthy,256,256,4839,True,False,False,False,,8f1797dd4387284eea391a07bbc5da9f96fd1470c7bc99dedd0e097db901c4e9,bd92c02d96c9ed86
dataset/healthy/image_0_1573.jpg,3,healthy,256,256,5558,True,False,False,False,,c7e9c3167955e19074cdd8801d84acca3783bb8dee7ceb80257a14ea6c1e73e7,bfc0902f70a18fd6
dataset/red_spot/20211227_160024.jpg,5,red_spot,256,256,5128,True,False,False,False,,35291efcd446ff4b52d2cd96abf4c5a487ab056a0a3273b1309dc63b172d5757,aec0d06a2fb5f0ca
dataset/helopeltis/image_0_2170.jpg,4,helopeltis,256,256,5103,True,False,False,False,,a080ec4717391248461d24e02e4d267199ec7b3c50a9acaa5a7ecf7936959486,fcb1c34e3ca0e01f
dataset/brown_blight/image_0_2729.jpg,1,brown_blight,256,256,5370,True,False,False,False,,1f8d67f22b1cefd754e76b19450999dae9047554e0b530e21b1a7ed393e6bdd8,e14f92326dc93ac3
dataset/gray_blight/image_0_2087.jpg,2,gray_blight,256,256,4913,True,False,False,False,,0e1bec426d6531894ce5adf5d7bdea4c89f4dfea686e8eb97692ebeb4146486b,b0cf9f30614f6ac4
dataset/gray_blight/20220101_113148.jpg,2,gray_blight,256,256,5875,True,False,False,False,,8bb1a58550da73657526bc406bd2e6483b45ddabc4110fb041da7f59c04efa23,bf90c06b0fb43cc3
dataset/brown_blight/image_0_6199.jpg,1,brown_blight,256,256,5870,True,False,False,False,,bbab489598b826b2919d67c7c48576e545e1eac96efdc00e3929a549597f74ff,eab594ca68351acb
dataset/red_spot/20211228_123307.jpg,5,red_spot,256,256,5003,True,False,False,False,,4a8e8cac1f637a1408f3c9b90f1b2823a09bdd7686b1dfa5605f3b5e76b69621,faa8c4953e5af061
dataset/brown_blight/image_0_9341.jpg,1,brown_blight,256,256,4400,True,False,False,False,,7867518d512cbbffae98c18289c9c3fcac43c7c0f52878b494cbc68461d79e2e,bc1cc3633c9ed261
dataset/helopeltis/image_0_90.jpg,4,helopeltis,256,256,4804,True,False,False,False,,c22d6575d590cf9200a05cb84f14d23676f637f57123adb277fd60c869e3c962,ea4c9db87247ae28
dataset/helopeltis/image_0_3854.jpg,4,helopeltis,256,256,5316,True,False,False,False,,17b23c171941aadab2c7cf2ca1f3a01fa0816090ebced3c4d13ba565ec45118e,afdec0602b97e4c8
dataset/gray_blight/20211228_134827.jpg,2,gray_blight,256,256,5935,True,False,False,False,,ce9951d03a4b62e6ff80362ce27851c1f6225ff8d48130152320ae7b28642d8b,ec91c16a3ee0619f
dataset/helopeltis/image_0_2229.jpg,4,helopeltis,256,256,5233,True,False,False,False,,73003b2c15a2aa1aa7dbde744d2d305412868add371df4578ef36c0cce2a05a3,e8c3953c6bc23c99
dataset/red_spot/20211228_123027.jpg,5,red_spot,256,256,5737,True,False,False,False,,326c96f5e66d49a056bae665e9656946dc2f99037c1e0905820f0612cc3a5fe9,ebc0853f5af0298e
dataset/healthy/20220101_091210.jpg,3,healthy,256,256,4313,True,False,False,False,,4dcd6220409b396fce30710c2abdfaeb47b0c054ac39718109db5663cc2522e2,f38fcf2c8c330833
dataset/brown_blight/image_0_5724.jpg,1,brown_blight,256,256,4900,True,False,False,False,,3bb38fde79128ed265bd376ecd35885b83235ea0f276a49307fcc885f4641bf9,f092cb6d329acdb0
dataset/helopeltis/20220101_103905.jpg,4,helopeltis,256,256,5092,True,False,False,False,,8ceeff2e7be83691efa114e34c1f229e704582d9d4c5f7292b2c582750cdbc71,fec0943d68e0358f
dataset/red_spot/image_0_1538.jpg,5,red_spot,256,256,5224,True,False,False,False,,a65abd202d1f271e1a937d9a083ad8c84ed30056e069f5541d6b29aef33bdc30,eaca953d684227cd
dataset/algal_spot/image_0_2130.jpg,0,algal_spot,256,256,5743,True,False,False,False,,722a986d764dbf4c68f2747b7bf844a43754efcd630f430bee12a910a9f40589,afc0943f6a7005cf
dataset/healthy/image_0_3166.jpg,3,healthy,256,256,5199,True,False,False,False,,a2b993e2070fae92fa7d8ae0428017ecd8eb398e41af04eeafeeadb66c040706,b4e5cf1a98396326
dataset/algal_spot/image_0_1558.jpg,0,algal_spot,256,256,5817,True,False,False,False,,42a502aedab2351e6cdb58126ed9072816eec297dc01011681928574ac3404cc,eeea90956f4a7430
dataset/red_spot/20211227_155737.jpg,5,red_spot,256,256,4947,True,False,False,False,,66e5add77b2d5b609ac560e853d217bab344bc24098686f15d82ba03c5b2ea73,efc0801f7be0a587
dataset/red_spot/image_0_3117.jpg,5,red_spot,256,256,6391,True,False,False,False,,e8f231dd832359adbe49cda17d4441ed575201a5837313963da92ee553ab0198,fac3953cd132654a
dataset/helopeltis/20220101_095220.jpg,4,helopeltis,256,256,4935,True,False,False,False,,4e82d8ff2019f295fd532ce5afb917f26614fa22ee1459faa2aa9af95f05bcb5,ebc0943d6bc0a58f
dataset/healthy/image_0_444.jpg,3,healthy,256,256,6129,True,False,False,False,,59885ec454a7ebccd364323df49be0f622d41ba8406706d6e7b5e2db897ff2ec,f8ca97359832c31e
dataset/algal_spot/image_0_2834.jpg,0,algal_spot,256,256,6098,True,False,False,False,,d74fe3653e211126bc89eb4fa88e641c08a28b2f2cee145a6a9ecc036317c9ba,afc090176c7863ed
dataset/gray_blight/image_0_1033.jpg,2,gray_blight,256,256,5773,True,False,False,False,,db9706acdc2801f37df6e6febf10ab04a6439d4953d8ac0f83a524a511b884da,eec0933f684207ed
dataset/algal_spot/image_0_3873.jpg,0,algal_spot,256,256,7449,True,False,False,False,,178df5394135e467df4188059341bb86f030249d824a4bcb72ec7c38524784ed,fe94806817693eb5
dataset/red_spot/image_0_3057.jpg,5,red_spot,256,256,5538,True,False,False,False,,b1011e0760550fb8ae8ce2896fcbf11ce2077c0079bddf49bb12adafdbbeb083,b8d785684b3734d2
dataset/gray_blight/image_0_1384.jpg,2,gray_blight,256,256,6111,True,False,False,False,,fe37f8aa2c23501c9ecee7c72c7cef741c7ed10f204a43194bb64d4bd246a55d,ab95d47e0e21309f
dataset/algal_spot/20211227_103828.jpg,0,algal_spot,256,256,4794,True,False,False,False,,2876a11ac572755717af6ee04ecb9cc4ee098d9e3fba8e41eae0deeb791eb3f9,fa83943c6bc1b40f
dataset/gray_blight/image_0_2696.jpg,2,gray_blight,256,256,5905,True,False,False,False,,5394661249c26ad1ddf6e336506e358c3f98805644d2218c0771f2e492c9da40,aec5d03a2fa5609e
dataset/brown_blight/20211227_163740.jpg,1,brown_blight,256,256,4866,True,False,False,False,,fe8751ccd28b9c3355eb947cd2cc0a29fe3b0710fb5e3f2c6960cc438683ee12,ea9a85657ac2a599
dataset/red_spot/image_0_2408.jpg,5,red_spot,256,256,4407,True,False,False,False,,1fdf00b91763e2d1e8c099de791e680605f3f6dd93271380fbdf5aa366dd2f52,ad61c3963e3c61c3
dataset/algal_spot/image_0_2821.jpg,0,algal_spot,256,256,6011,True,False,False,False,,f82d444c0c41143b3ce28f7c773de8941e9bc7459860517e73e2cc0a2efab16d,bdc0c23e69e027c7
dataset/healthy/20220101_091654.jpg,3,healthy,256,256,4494,True,False,False,False,,29cc11eaf2b2c78b47661135f8f179bfe1b3908aeb7b9e0a3725bffee4bdfa7a,fe90816e2fb1f04a
dataset/brown_blight/image_0_2155.jpg,1,brown_blight,256,256,6217,True,False,False,False,,c764eb9ca74a26a4932e23ec446e25e16f15b234e1d5a75a1fca531e678bedb2,aac1813f7ef0814f
dataset/red_spot/20211225_232533.jpg,5,red_spot,256,256,6303,True,False,False,False,,840a7588c12aec157e54990d288fd994753c1861c4f38109d4fb4d9c710e6b38,ae94817b1ea561d6
dataset/healthy/image_0_3578.jpg,3,healthy,256,256,5303,True,False,False,False,,bb9bf77e24a469fba7586d60d48597a34b09fbcc7d3e419868c9f5f24dc16aa5,fac085bf6a40358f
dataset/helopeltis/20220101_092011.jpg,4,helopeltis,256,256,4905,True,False,False,False,,e5a5cb6c95599c497bf93ca7794781491efc79791843b5942cd544aad76abff2,e884977b38a4c3da
dataset/healthy/image_0_307.jpg,3,healthy,256,256,6294,True,False,False,False,,92c05db9f7bc06c19f54bfd727a8ee3d4ce839882edb690eb85c52c83ba52d93,ab15c0e0fce77390
dataset/red_spot/20211225_232544.jpg,5,red_spot,256,256,4956,True,False,False,False,,59a2a21c4db2cfa931383d1a5aac997316ae0fe09308980930554d860a4ce2f4,a0958f6b6896974b
dataset/healthy/20220101_113221.jpg,3,healthy,256,256,5858,True,False,False,False,,bbac29801b6dd9c9df1fdad091f7d97539956ed0b80eb498a64da1a97c4b0ecb,ea97956a1a656196
dataset/algal_spot/20211227_152118.jpg,0,algal_spot,256,256,5383,True,False,False,False,,9761d3c59f1d29ed97de36f8112608d70c9322d3c644fb51f73e1c8c4471c1b7,ea6ac0951f1fd270
dataset/gray_blight/20211225_234622.jpg,2,gray_blight,256,256,6461,True,False,False,False,,ee95253ec1eebcbb98f7f6c86f8b11da252591188111b8b46f4c21c755fc6327,aa6d95963a59e125
dataset/helopeltis/20220101_092303.jpg,4,helopeltis,256,256,5600,True,False,False,False,,e6a43e7545c1717166201111cb17a21f07e643334fac0557b3adb421efc8dee2,f4e69b389998c698
dataset/red_spot/20211225_231459.jpg,5,red_spot,256,256,5728,True,False,False,False,,c2a2f07e68f43e218e7c30fb91858e8f88e411c4885ddf93cdf0e437352aa8b0,bb1b84606e9f31b8
dataset/gray_blight/image_0_1074.jpg,2,gray_blight,256,256,5727,True,False,False,False,,6326d49a80e75aa2bd402c1cb3a896acc6f165f3018707ff107d79090af5f540,ebb794c86b270570
dataset/red_spot/image_0_579.jpg,5,red_spot,256,256,5633,True,False,False,False,,0a2deec6f8024e538ce7cfb7003125a9f3df852f3fb137a0f885090968b7ff93,aac1853e5a612f9e
dataset/algal_spot/image_0_1625.jpg,0,algal_spot,256,256,5825,True,False,False,False,,93d85195d7fbf6ff1b330c0bb2026949dda03b81964596e97cd3138143e0e891,bb68d4972a5a7425
dataset/algal_spot/image_0_2578.jpg,0,algal_spot,256,256,5316,True,False,False,False,,27aada9ec3fc93f919c5f1caab0a59bd4b3c61593b414f517c49eabef716fbe5,a8b096cb6ba53476
dataset/helopeltis/image_0_697.jpg,4,helopeltis,256,256,5945,True,False,False,False,,3342aecc43f1a80c80cc2559d3ec7dc991c1e1dc383e367db5e349aa761595c8,afe2d49d2afa1025
dataset/healthy/20220101_091202.jpg,3,healthy,256,256,4770,True,False,False,False,,5895f907c7cfac938c46e5165cf935817673f4432ec181e404ced5490c466891,ffa8c0942f4bb0b4
dataset/gray_blight/image_0_3110.jpg,2,gray_blight,256,256,6062,True,False,False,False,,df194087a69deae64d768cb01d1958df6aca3c4cd6dbc875729ece953930aa0c,eba0d45f0aa13dd4
dataset/helopeltis/20220101_103406.jpg,4,helopeltis,256,256,4742,True,False,False,False,,bae78ada9f3068392fad8b45807be91240f8afda63232f1fefd3c061c1c75997,afc0d03f2fc0b48b
dataset/algal_spot/image_0_3614.jpg,0,algal_spot,256,256,5859,True,False,False,False,,c60397ac6e5cbe517ec6cafdcf5b971a09515cadc6d91974780132673c68a388,afe9c09715d87a22
dataset/healthy/20220101_090429.jpg,3,healthy,256,256,5574,True,False,False,False,,878f9421d248cbb92549956e3114748e3e2ddeb53adfab98c94f90f328d0d789,bfc0d03f4b3035c3
dataset/gray_blight/image_0_771.jpg,2,gray_blight,256,256,5360,True,False,False,False,,7e6a7a626e1a3f85278c0ca41baac77fffd7fa5c9f7d595721fbe9aa5771feda,ac3fc3c13e1e6161
dataset/red_spot/image_0_2795.jpg,5,red_spot,256,256,4591,True,False,False,False,,0c6f0491125c4ae46348f9a12ba7deae577306b3724bcb127dc598ae806b80d1,ec9acb61349a4fc4
dataset/red_spot/image_0_728.jpg,5,red_spot,256,256,4706,True,False,False,False,,d12fc822f11e0966a955ecdbbb1e887f93d17f78f6ec37cb372a7c63c9b64968,e1cf9eb0654b7244
dataset/healthy/20220101_103933.jpg,3,healthy,256,256,4599,True,False,False,False,,cdf2e76b71d2a265d4a21295a0bd64b7b631ebbb929048c439ac69912f78c7ec,fec2903d7ec0a40f
dataset/brown_blight/image_0_1564.jpg,1,brown_blight,256,256,6226,True,False,False,False,,707af77403b33f0ae898a82a5eb65cb84e987b861c16b80221c45e532c381056,bac5c03a6be493c3
dataset/algal_spot/image_0_709.jpg,0,algal_spot,256,256,5476,True,False,False,False,,67b9b907876170656bcf5cebd4d0327e911f19010610849afa75704138063443,be97814038bf5798
dataset/healthy/image_0_2197.jpg,3,healthy,256,256,4880,True,False,False,False,,f4efa29b846cbca9ba540267b6ed49dcdcd96250daa16d9075fb41a9c7b8e36c,f8c1953e68a18fd8
dataset/healthy/image_0_771.jpg,3,healthy,256,256,5680,True,False,False,False,,309a8f9ef816f2d372d45be1e54f4e408e68b7626bd618f78016a92f95a794f0,ebca94350bda7485
dataset/red_spot/image_0_1542.jpg,5,red_spot,256,256,5608,True,False,False,False,,99af293bba43ee8d52b2aa4adf15ecd65f8066b92158d03e825bbd9218a8e87c,f1909acd65b23a39
dataset/healthy/20220101_092658.jpg,3,healthy,256,256,6645,True,False,False,False,,cbe9fac574b1906388eed4c4fff4a00bf109ae59a0deb1a03ea65d6fe1b33452,ea3596c3e164361b
dataset/healthy/image_0_1440.jpg,3,healthy,256,256,5436,True,False,False,False,,4c921a798f23a7223f80fe840355e655f4b8147cc06a921e3c10b9b1c85250ff,bac0853f78e0259f
dataset/algal_spot/image_0_645.jpg,0,algal_spot,256,256,5955,True,False,False,False,,b24ee2229187673fb0fccb3f7a4104036737bdd0f23c593983b3e798a0521808,fec080bd3f6062c7
dataset/helopeltis/image_0_2778.jpg,4,helopeltis,256,256,4578,True,False,False,False,,093daa0b027946560b33d20e3b16e736eb7f1167700a641b3576970afa107b69,e99697693896c398
dataset/gray_blight/20211227_164852.jpg,2,gray_blight,256,256,4655,True,False,False,False,,8be58631248de9e855cfc7bf604fe98c7dc8c5618cbd2e5b30b23ac6ac701bb6,bf80c03f6f90b1ca
dataset/red_spot/image_0_3124.jpg,5,red_spot,256,256,5032,True,False,False,False,,e702540f18f584e5bc6d9d4bc34f69528d57e2ea6ba10e9207ae052ece4c019d,e896c3693c966399
dataset/algal_spot/image_0_1825.jpg,0,algal_spot,256,256,5658,True,False,False,False,,0ea18b5adfe233940b99872fd81f808039745a27968dc6fa2f76a9864b728c37,e8c39e3c614b66cc
dataset/helopeltis/image_0_4054.jpg,4,helopeltis,256,256,4898,True,False,False,False,,4d38aa8d869cca5f1e905964b6e1b8f82f67599044f71d591aaa0e3d518408b6,e5cc9ab3614e662c
dataset/algal_spot/image_0_1306.jpg,0,algal_spot,256,256,6551,True,False,False,False,,f1a06582f1530e41a31e026840e02b2ad4218888898256eecc2488f58218f3fe,eccbc23c99b28693
dataset/brown_blight/20211227_164217.jpg,1,brown_blight,256,256,5201,True,False,False,False,,769f473bfa0c7ab4526f2a20448d54016f612fd838d97bd2409650d0cd7cc7ac,bfc3c03c6b908fc8
dataset/algal_spot/image_0_329.jpg,0,algal_spot,256,256,5763,True,False,False,False,,973593b0b36acae9e672261ee551c19f8af758daed2f377bad6063144636d816,eab590c86d3736b0
dataset/gray_blight/image_0_1869.jpg,2,gray_blight,256,256,5691,True,False,False,False,,4c1f2209d591105ebd7a91096d5e3a1c1fd74b9516941fabd66ed62f890b08bb,eac0953c6ac72dd8
dataset/algal_spot/20211227_140204.jpg,0,algal_spot,256,256,5150,True,False,False,False,,e8a551b0d39b44688f18537c227f81173d899ce6a6271ce91aca0a9dfa41c7ef,fb80c1376ac0b58f
dataset/healthy/image_0_1331.jpg,3,healthy,256,256,5498,True,False,False,False,,d90954d4e1b0223b364df7276339e513125d281fccc3a9297ca6cebe89979161,ab95c06a3f8570da
dataset/healthy/image_0_695.jpg,3,healthy,256,256,5071,True,False,False,False,,68d22049597129c1acf9a3a4552dc2c79bf81abd009e4750c02825a540d791ac,e996d669383433d8
dataset/brown_blight/image_0_6013.jpg,1,brown_blight,256,256,6586,True,False,False,False,,3f330e4cbffb6a8d02466d62bc5716d68c9af1bdcbe6983c1f1f78b3c7247f8d,f04f9e30a52f664c
dataset/helopeltis/20220101_122313.jpg,4,helopeltis,256,256,4536,True,False,False,False,,7443ac553c2e256d4bb1e9c839fdfda039cb174fcf48fa3bfc3a6a1daefd71d6,f283cd3c32c19b8e
dataset/helopeltis/image_0_2339.jpg,4,helopeltis,256,256,4900,True,False,False,False,,7b7342ea034117cc59fa221b6ea36cf63440aba304c477c88247c7ffa3ad8ace,e3969c6863869c5b
dataset/algal_spot/image_0_1666.jpg,0,algal_spot,256,256,6857,True,False,False,False,,1bcfbe01be67bd623d2a041d0635144cb3ce5f876d6903133e4a22ede4cc0b72,aeb5c04a1f2770bc
dataset/brown_blight/image_0_2904.jpg,1,brown_blight,256,256,5399,True,False,False,False,,e7b0a033f8d4f57f64efd71e8b86a270f759ba6cd6ba7ce6d53368b3840fafc5,a9cb963469c33c8d
dataset/algal_spot/20211227_113738.jpg,0,algal_spot,256,256,6449,True,False,False,False,,1dff42f1daa63197957418cb2a98c8cdaf22c0d5c89efe28ba5765014e7ce98b,ea94857a3ea5e096
dataset/algal_spot/image_0_95.jpg,0,algal_spot,256,256,5724,True,False,False,False,,8aa779d60614f9ac63187f5da103ff07a931e4357deddd6c3c18e30281fdb183,bf9fc0e068173358
dataset/brown_blight/image_0_2812.jpg,1,brown_blight,256,256,6148,True,False,False,False,,17d4c6ed205c2429ca9c15a900ec10bcc1228fc5114b2ecae64900b8434c1acd,bebf80c0698f6634
dataset/helopeltis/image_0_2588.jpg,4,helopeltis,256,256,5224,True,False,False,False,,ec8d809f6528d39db77b2fd4d2a3aba4824b084099964a3811d7b1cee4140c88,f41acf6530984d97
dataset/red_spot/image_0_2338.jpg,5,red_spot,256,256,5579,True,False,False,False,,da5a53aa06e1e82336894983eb83b99a3fd2ac216439fcb412e50a2f14efa83f,bebf814068a5733a
dataset/brown_blight/image_0_4044.jpg,1,brown_blight,256,256,5167,True,False,False,False,,b144311450a73714d0a8b97df250ef3f80f34fe012019084e986218cd95b0dfb,a99794697a93856a
dataset/red_spot/image_0_1806.jpg,5,red_spot,256,256,5910,True,False,False,False,,028915a1c317592bf562f990f280600b9969aee11458631991efb8f91448c334,a192cfcdcc668663
dataset/gray_blight/image_0_3078.jpg,2,gray_blight,256,256,5420,True,False,False,False,,0e2c37e1f081e791eb937844ade4fab53f6281802176d4a78936f97afff01a8c,ad96c0683fa4f08f
dataset/healthy/image_0_83.jpg,3,healthy,256,256,3885,True,False,False,False,,8aea39db5426778e44cef5826adc55fb0cd98bb606f22e1e7bd69c42d0e9f450,b465cb1a34e1cb1e
dataset/red_spot/20211225_224727.jpg,5,red_spot,256,256,4617,True,False,False,False,,dba8ae36308fcb94c096a11c603a29d98238bf3616342fedbb7032014b8867d7,a09f9761689e9761
dataset/algal_spot/image_0_600.jpg,0,algal_spot,256,256,5090,True,False,False,False,,84650661e9808f34d8be44159cce84f3cb1146514b96877191375c8f1a876021,aa3c95c26a3d3732
dataset/red_spot/image_0_2063.jpg,5,red_spot,256,256,5327,True,False,False,False,,f8390914e4930e8de699036b3b25fd7998ed24e50bdd0d4dc56d75681d25bb90,fde0c21e34e11bc6
dataset/brown_blight/image_0_8656.jpg,1,brown_blight,256,256,6546,True,False,False,False,,76d7fb32666cd2e78bf5f5a09e2bbca9d676537044607ca5008220f71387dbe6,b132c3639cccd3c9
dataset/gray_blight/image_0_2973.jpg,2,gray_blight,256,256,6034,True,False,False,False,,de90175b6908c976035c78f22d79ac6f99ea0ead270b387d69d71567216c5b10,ea35954a683c7693
dataset/red_spot/image_0_2761.jpg,5,red_spot,256,256,6662,True,False,False,False,,8dfea2881f2f5ba794df8a096ed57b0b78ae30a741804bdcbfbcfb0ac4b53a5f,bd96cb60b6271b0c
dataset/red_spot/image_0_179.jpg,5,red_spot,256,256,5125,True,False,False,False,,0f189e12ec7bdf3ce3a8b61218cc187d8242cfc021329bcaca94d3610993c541,f49acb6530926d99
dataset/red_spot/image_0_856.jpg,5,red_spot,256,256,5015,True,False,False,False,,4ddf04e8108d6a3ea6689b01de9418355584648e0d1366c88de8a72a3500383e,fac29d34616bca98
dataset/brown_blight/20211226_001130.jpg,1,brown_blight,256,256,5688,True,False,False,False,,bffcc3f1eea951d168ef4f2721a6ac341302e8cbb38b04b766b9b76efa368b86,aa2595da7a35c54a
dataset/helopeltis/image_0_4166.jpg,4,helopeltis,256,256,5817,True,False,False,False,,88b97d87272cb5d8b5c5f28f1f7420fc4a50db03bd99cb12faed9e3704119001,eac1953e4a618fd2
dataset/healthy/image_0_791.jpg,3,healthy,256,256,5248,True,False,False,False,,2a6373c414a23fcdc261f3c017e14315b39429593f8024b0310715d77ddf4672,abd5954b1a3561d2
dataset/brown_blight/image_0_8858.jpg,1,brown_blight,256,256,5107,True,False,False,False,,b2d0f8428c4f93b465b10b7c715d87e835b5b835437d472ff0a81d8bc36bfd01,ea3d95c34221bc5e
dataset/gray_blight/image_0_1862.jpg,2,gray_blight,256,256,6462,True,False,False,False,,85970e6af220df89b9c1766ce61f8f128dd6d94bf5c09040165590e61c8090c8,e8cb96359b306563
dataset/healthy/20220101_094009.jpg,3,healthy,256,256,4726,True,False,False,False,,081c128f01eedef728c9550337185b4ba827a51b5f559715263407dcea8aa272,b299cf64cc66cc26
dataset/helopeltis/image_0_569.jpg,4,helopeltis,256,256,5032,True,False,False,False,,fa224424b6552e41866dedf6cc549c2d34a5e3d443f2419c68e1c32df56973e2,b4cbcb3c65c3921c
dataset/brown_blight/image_0_506.jpg,1,brown_blight,256,256,6028,True,False,False,False,,f6024bb6da20ab8b491a5be38eb01a9b2c4a3e01df04bf8612265f77186cf98a,f467cb1a62642dc3
dataset/red_spot/image_0_1473.jpg,5,red_spot,256,256,5572,True,False,False,False,,4f58e15b6a4f253d31ce589367caf3a8c5de4fc5f7f7548d3d795e95021911bf,bbb3c0e82e971178
dataset/brown_blight/image_0_5998.jpg,1,brown_blight,256,256,4655,True,False,False,False,,260169a2af00a65970ecdf3edf6a368f3abed985fe732d909fc138bf824f50ea,bfe0c29f3c610396
dataset/gray_blight/image_0_4076.jpg,2,gray_blight,256,256,6481,True,False,False,False,,63c0315104a9a9307fcb2bf684481eb6f502cf5ac765210d6164538e9cba3d7b,fb90c46a1fb47883
dataset/brown_blight/20211227_135106.jpg,1,brown_blight,256,256,5564,True,False,False,False,,45ad6a61772c6afba51cfc513183cdb9a256ddbf28101c0bf2ddedca0d8405db,ebe2c0953adae161
dataset/brown_blight/image_0_6984.jpg,1,brown_blight,256,256,5678,True,False,False,False,,fb6255a1b44baae17ebc1be65b616bfe3f67f6bdcf789c6f111ca23792901c29,f539c0843f79c0e6
dataset/helopeltis/image_0_616.jpg,4,helopeltis,256,256,5704,True,False,False,False,,950be88517876943b8730dcadc6438d165cae8b427d7ae531c1a2600e7b1db7c,bc9ec36134363399
dataset/helopeltis/image_0_3156.jpg,4,helopeltis,256,256,5440,True,False,False,False,,fe57458fc521628f3c8db3f9ac0b35ff72f5e6ca8b8b1964eda5110a2f2e6476,e895876a3c2f3392
dataset/helopeltis/image_0_3323.jpg,4,helopeltis,256,256,5144,True,False,False,False,,97dc19b448999a3001f0c1723f4944402833c57c653c5c5188f30d9a709763ae,e2959d6a31b4c699
dataset/red_spot/image_0_334.jpg,5,red_spot,256,256,4904,True,False,False,False,,eba8e954cf4618b055dff21dab34dd303d7883e992fa4435f3f6d3d6ad34bc2d,bb95d06a3f95c04a
dataset/algal_spot/image_0_1284.jpg,0,algal_spot,256,256,5416,True,False,False,False,,651238907aed9fd6fe188267d0af3a2fa4191eb4ff1c67daef934fdbebf11c7e,bd9ec269341e0b99
dataset/helopeltis/image_0_2323.jpg,4,helopeltis,256,256,6684,True,False,False,False,,e4292c777b553c85b1f4ca0c6bd1e108563d7456096ec97f043968d7f8bdc14a,eac2973dc832654b
dataset/red_spot/image_0_1671.jpg,5,red_spot,256,256,6446,True,False,False,False,,8bb9a6495a6dc7fec875fc7fae82ca0acac7cf866b641c82011ab80367dc350f,fa62859d3a70612f
dataset/helopeltis/20220101_121129.jpg,4,helopeltis,256,256,5938,True,False,False,False,,c4927acb8df967b229a23b7ae0de5d3bde9e5bb5312083c4d734295b1dac3cb6,ed88d2362de8f485
dataset/red_spot/20211228_124137.jpg,5,red_spot,256,256,4733,True,False,False,False,,d9d8fae3b30baad8a6f2e2bca629e1a449599bdc6263f95ce3b5fabfe00ad154,fa81857a7a85e05e
dataset/helopeltis/20220101_104616.jpg,4,helopeltis,256,256,4447,True,False,False,False,,bf6adef06af9b6fd5292701207b262beb5d9b9ed12b49602ef4a6b23d2f1eb3a,e7339c4c63b38c4a
dataset/healthy/20220101_091313.jpg,3,healthy,256,256,4510,True,False,False,False,,85528243adaac980265c92c4de40946dddd06cec1f396257836bb79979dfcdd0,f897976a3a85c21a
dataset/helopeltis/image_0_4170.jpg,4,helopeltis,256,256,4792,True,False,False,False,,cede6ae646f602ffc94662ac39fa250b64669e6c85ea165e5f6c78cb04fc27af,b41ac3653e9369cc
dataset/red_spot/image_0_1145.jpg,5,red_spot,256,256,5061,True,False,False,False,,26897e5e81b1a61ca3f29b0e2ef8de31b21c593649b86f528bd151a0886d99ce,b11d8e4f313ccac3
dataset/brown_blight/image_0_7010.jpg,1,brown_blight,256,256,6110,True,False,False,False,,df646f789d2fb84805b3edafc05303fd9b60b529516b1dd54d738768303f04aa,aa2f85d07a2fa5b0
dataset/helopeltis/image_0_3477.jpg,4,helopeltis,256,256,5938,True,False,False,False,,eea5a15792c7c085857781071dbb3525f20b55fba20c0f42d508f4473ff67368,bf92c02d1630d9e7
dataset/healthy/image_0_1369.jpg,3,healthy,256,256,4913,True,False,False,False,,f1c2f0dda29c096741eb9015a0576cb042babf376ae47ba2de76a1da734e8a70,efc2943d6ac21d91
dataset/healthy/20220101_094522.jpg,3,healthy,256,256,5119,True,False,False,False,,14ba73f8362336927ab33d74979246c8924170a51d57a6fbf85a3b022498a1c4,ea80953e6ae08f9e
dataset/brown_blight/image_0_6056.jpg,1,brown_blight,256,256,4736,True,False,False,False,,04ffdfeeec76b766e566175d81d694a57ea3cede4e2fdbf7196499d61b013d1a,e5929a653398cc67
dataset/algal_spot/20211227_132047.jpg,0,algal_spot,256,256,4661,True,False,False,False,,0a1fb86fbe8d7f66ccdc3a5a2c44bff8f56782cf068598270541e0da452f26e1,ea9e95607a87a19a
dataset/healthy/20220101_105055.jpg,3,healthy,256,256,4974,True,False,False,False,,739b2149d47075f7ae9037910d19c4886f74fa6be30d6b6699a83b2416e6204f,fa35944a2b3dd0e2
dataset/healthy/image_0_2726.jpg,3,healthy,256,256,5007,True,False,False,False,,fe8f040d100a3526810d1c4880af52801a4ac5c075b7c1413c96291cb67bfa88,afc0923f69c2179c
dataset/red_spot/image_0_381.jpg,5,red_spot,256,256,5870,True,False,False,False,,b0faba080d4a8e82ee10f37d543c78b9550636a0887a02e7c9032542e1546d22,bac0853b5ff4a08b
dataset/helopeltis/20220101_105215.jpg,4,helopeltis,256,256,5060,True,False,False,False,,c0b62ad8316403ffc563d2958c0426c63ba4f7a34b1d2f5291e78515bb0fb5f7,e59ace659c663318
dataset/algal_spot/image_0_2231.jpg,0,algal_spot,256,256,5880,True,False,False,False,,00dbd000a466fa652cd8e18d71ab9ac2b736c3c64725570de7c3d1d2bb4d0b5b,ab2ed4d56a4a303d
dataset/algal_spot/image_0_3996.jpg,0,algal_spot,256,256,5519,True,False,False,False,,97d91079692a901d088281731c6d17d34a6a981b4c3e98db2a7e5393cc67b2bc,ef94d06a0b3534da
dataset/red_spot/image_0_249.jpg,5,red_spot,256,256,6286,True,False,False,False,,f06f2bc63fd5f839cc2bcce68271bead66a02379aeb25631c98cb0e3e4d27e1e,ee95d06a3f0560da
dataset/gray_blight/image_0_341.jpg,2,gray_blight,256,256,5711,True,False,False,False,,265e5b114e082f738c750acf817c120d48fb636cf53c7b0c5a0cfb759b65d18f,bf9fc0689633198c
dataset/red_spot/20211227_155746.jpg,5,red_spot,256,256,4840,True,False,False,False,,05ebc98ce1e8c4c4a1a0d4ef9eed12569c36be0dfd98ee154ec8b4e653fc373e,bfc0801f6ae0a5cf
dataset/healthy/image_0_909.jpg,3,healthy,256,256,4662,True,False,False,False,,e9d8503e88bda8348ab4339bfb19194895b2dd8c04c7cd803f7a0c71e9f5da60,e1949e6934966b99
dataset/brown_blight/image_0_8328.jpg,1,brown_blight,256,256,6029,True,False,False,False,,ccd560ee2207d3aa9db268a82bd56c9c108770e6095457682d1393cf96bb424e,e8b0974f68b43653
dataset/red_spot/image_0_308.jpg,5,red_spot,256,256,5051,True,False,False,False,,f307b71f1ce1f391e58345c0531977ebcbd5fa2b198369591e64432f9e81cf59,ea6a85953dc83267
dataset/gray_blight/image_0_470.jpg,2,gray_blight,256,256,5052,True,False,False,False,,9fefa7f9782cba5d4ca4f6e0cd2acf10c62aa33f442c1d49e2357eaa2ae32e1d,bc3c92cb61341e3b
dataset/helopeltis/image_0_1143.jpg,4,helopeltis,256,256,6048,True,False,False,False,,f2f75df77ccd9f7ae55147879cc441a802bb2a0c7c2406f475740371dafac318,fa81973e68218ff0
dataset/red_spot/20211225_230056.jpg,5,red_spot,256,255,4699,True,False,False,False,,a9f6576652b3d0f3a4958f50cbf925bf34294563db14887e5db63e22945cf9ff,b0c6c9cece66c632
dataset/helopeltis/image_0_1854.jpg,4,helopeltis,256,256,5235,True,False,False,False,,63a45da4d05ff7744b903bb5e858dde825885fc90fc7dc26f46ec9deff5a59eb,f3989cc5cfc63130
dataset/healthy/20211231_175110.jpg,3,healthy,256,256,5078,True,False,False,False,,b9f66cb391ab1db1b0bf2c12be9f2c235f648288940e62a8ddb119ce263b3b0b,afc0903f7ae0a48f
dataset/brown_blight/image_0_2848.jpg,1,brown_blight,256,256,5023,True,False,False,False,,0c59d1a99840357b8b6a8e6da6c79775cb76faa7e1f95b04ce55abf613fa6313,e5968a69309a4fe5
dataset/algal_spot/20211227_152405.jpg,0,algal_spot,256,256,5689,True,False,False,False,,bd901154f38a602f79bc72823738292aca4903b564e33acfdde13c54300eff68,ea6ac0852f1ed47c
dataset/helopeltis/image_0_56.jpg,4,helopeltis,256,256,4822,True,False,False,False,,79d04d7c324c88166f854046676149b5fe6f625c6ae3778a7b6f9759fe4c6986,b4dbcb64329bc464
dataset/red_spot/image_0_1762.jpg,5,red_spot,256,256,5125,True,False,False,False,,d8c24b1c529da82a0429aa38737cef347edacf930c65074472ab3902fb358263,ea3f95c06a1a2d65
dataset/healthy/image_0_1494.jpg,3,healthy,256,256,4694,True,False,False,False,,0df40d61bd089b8e3dd523e4cda678d73ee8779bff7e4d29f3d4b48ae4b46ac4,e8c3973c68c3969c
dataset/gray_blight/image_0_3725.jpg,2,gray_blight,256,256,5690,True,False,False,False,,34ebb27280067b757bc5fef85861f0a74d47c6379f32d5f723570411c4dd57d0,e8c3963c9932e563
dataset/helopeltis/20220101_105737.jpg,4,helopeltis,256,256,4458,True,False,False,False,,5441e883a5e9e3aa2a45cc5bfe5e35e5876c31a8478cd4218996ccf8d1ec84dd,e6669816999967c9
dataset/brown_blight/image_0_5498.jpg,1,brown_blight,256,256,6368,True,False,False,False,,9bc0f1929e912a41130d0361f0a29b821484fe7c1d17fbe81fdd7a2796330469,ee9b94e45a4625b8
dataset/gray_blight/image_0_1728.jpg,2,gray_blight,256,256,6487,True,False,False,False,,1fad4821aec0718d691203cccf0703252eef1f09ff316f132b28fab6b9351b19,aa4885bfb9903765
dataset/healthy/20220101_094920.jpg,3,healthy,256,256,5460,True,False,False,False,,b5dbd9efe34c99eda81789375fc59f94014984c2061abe9c8a788c3b8047aa81,afa7c0942f4b34b4
dataset/algal_spot/image_0_2271.jpg,0,algal_spot,256,256,7581,True,False,False,False,,bfec3c2591f5f1d8f33bda5ecb41df7053c1deed4fae15e1aa3aa2009e9ad6e3,fac0853ee073674a
dataset/helopeltis/image_0_1736.jpg,4,helopeltis,256,256,4581,True,False,False,False,,5d10991f9bfac683b8a99dc8a17c3de8c54d53af48eb61c525a916235810cd99,e40d9b326ccf923c
dataset/brown_blight/image_0_5373.jpg,1,brown_blight,256,256,4547,True,False,False,False,,d8432cc39544b3dfdc952b9fd209e6e467bfbd8045c2f08ddece494f3467102d,bd9ac061369f69b0
dataset/healthy/image_0_3078.jpg,3,healthy,256,256,5346,True,False,False,False,,d7862c5933cf320716be6a13010b4f580d24e0576d9e067db6049fa1d0195314,afc0953d604b6ecc
dataset/algal_spot/image_0_395.jpg,0,algal_spot,256,256,5545,True,False,False,False,,19768d04a2680f041924455e70c26a494695668c7f20cc5896e078b16271aef5,f8cf9834656ace18
dataset/helopeltis/image_0_3758.jpg,4,helopeltis,256,256,4598,True,False,False,False,,013a92eeea8e15e45a2defb363f8766b0b0d871f4b6eed72758c53406eb20e39,e78c983364cc9337
dataset/algal_spot/image_0_24.jpg,0,algal_spot,256,256,5575,True,False,False,False,,30ec7789b2b76a53d669a6c436a2e45f281356d39913b96d3ca3514da4a4c1e4,b895c7683cb57298
dataset/gray_blight/image_0_1727.jpg,2,gray_blight,256,256,5722,True,False,False,False,,7b0b2bda5a71dbda489159d49f7f00a4fe70fe00af83e2e1b692be01bb9e3919,eac0953f5a608f96
dataset/algal_spot/image_0_3742.jpg,0,algal_spot,256,256,7002,True,False,False,False,,9ca444fd2ef4c57d9e4d88f4d132cfcdb955367e5670aafd69f4862ee6d074e3,fe95c068ad67321a
dataset/red_spot/image_0_653.jpg,5,red_spot,256,256,5809,True,False,False,False,,cf1064a015ece0c0d24a9a873ab5d8b97628b66e430254bd8fe8294c718541f3,be68c0972f7a30a5
dataset/helopeltis/20220101_102541.jpg,4,helopeltis,256,256,5549,True,False,False,False,,43ad3c92e570869ec0bd3626d788d6fc0670558db233d388eaa3d69e77601b44,ab9894606a95f5da
dataset/red_spot/image_0_3163.jpg,5,red_spot,256,256,4846,True,False,False,False,,5b5ceeba1264e67b4753cde0d841b1a6460365ae26672640d06f101c66a82c20,a9c796386bc7b488
dataset/healthy/image_0_3560.jpg,3,healthy,256,256,5170,True,False,False,False,,0c09c3733a9f5d22024d034c4c64238449f31a35111a3e5cdf72b7a4d0b2c941,b0b3c96598cec6cc
dataset/algal_spot/20211227_130533.jpg,0,algal_spot,256,256,6199,True,False,False,False,,0a831b427e763b5e7fdc21a07c075d95b8b1e3f9d52ebbb835c404e0225b0725,eb84845f3ee06596
dataset/red_spot/20220101_121413.jpg,5,red_spot,256,256,5554,True,False,False,False,,76b78edf74f679a808071d17699a84ccef438e46ac053d2af9f00e5386272e96,e19a9649d96c9c66
dataset/healthy/image_0_565.jpg,3,healthy,256,256,5841,True,False,False,False,,eb481dae2b632170d601fdbf808999ec73a210e8910b9f1faa1b9d10a5e3200c,e59ac7651867b1c4
dataset/healthy/image_0_1568.jpg,3,healthy,256,256,5208,True,False,False,False,,bb7822560476458f85389a58d496568998ecfb770eacbcb5e95f34e54b740cd8,b963c29e24e93366
dataset/healthy/20220101_103401.jpg,3,healthy,256,256,4896,True,False,False,False,,d39947eb9579387eb1538ddc1da9d8c2a9d5ba5a15f523ef39e186100e0ec427,eac2953d7ac0258f
dataset/algal_spot/image_0_3595.jpg,0,algal_spot,256,256,5326,True,False,False,False,,b64822aac946c0ea66a6e935e48ae6ca0147f4ad45fdc96b8bce85aed18c7e28,edc9d0362dc8708f
dataset/algal_spot/image_0_120.jpg,0,algal_spot,256,256,5334,True,False,False,False,,318b47aebf1ca5500e51bdb83c459e1a43923c8f0afba3e3d4f607db97930d3d,ad69c29e34e13366
dataset/healthy/image_0_186.jpg,3,healthy,256,256,4957,True,False,False,False,,df6dd6ec61c1de779209feea9190ffb2e7c97e82307c843e70ce6a3882038e0c,afc0d03d2bd2f485
dataset/gray_blight/20211228_135428.jpg,2,gray_blight,256,256,4502,True,False,False,False,,f37bd0fa519ad833a53d67d7f1a222ac1d6243e581d569bec5192ace7c7df9d5,aa95c12a2ff5f00b
dataset/brown_blight/20211228_131114.jpg,1,brown_blight,256,256,5692,True,False,False,False,,d042601e853c07a370f4e18b427fb2db8fb1edfb6823105f00f19a081da6bd6d,ea94853f3ac0e19e
dataset/healthy/image_0_3157.jpg,3,healthy,256,256,5403,True,False,False,False,,5c42cbf592b07997db33dc0e30f607c2b49d0c1964d7bb8f2a725c3894b29aa5,fac2953d68622f8c
dataset/helopeltis/20220101_105416.jpg,4,helopeltis,256,256,4995,True,False,False,False,,a2075038949a20c4507f378a4f21c9838e67aedc3f272c5dd289075529c9f618,e3359c4a65b15aa6
dataset/brown_blight/image_0_8833.jpg,1,brown_blight,256,256,4978,True,False,False,False,,bb3033ef248ab3940f55444314e9caf99408ba9c0f8d4db0b7f730aedc051419,bc98cb65329b6d30
dataset/gray_blight/image_0_584.jpg,2,gray_blight,256,256,4799,True,False,False,False,,3f860e574d8af50d8b3978f23b56af2cee990f7f02a81f2f46c25d05b9a234eb,eb6890952f5af0a5
dataset/red_spot/image_0_1970.jpg,5,red_spot,256,256,5964,True,False,False,False,,ace37468364dc082f276be68d5a4872310e6a2fd50c4e80101eb70faf6005270,edc8d2970dda304d
dataset/brown_blight/image_0_197.jpg,1,brown_blight,256,192,3705,True,False,False,False,,b71a9412c53584feda2b39b5f716c9184af5dacaec1da83d14de1b609c9278c9,e5cc9a3364c9b386
dataset/brown_blight/image_0_7508.jpg,1,brown_blight,256,256,5964,True,False,False,False,,8518ee348a2538666cf9fffa9828236519eba4f95b016aec4c8c9e47d97f0a75,bdc1923665694ace
dataset/algal_spot/image_0_4075.jpg,0,algal_spot,256,256,5723,True,False,False,False,,248ac40eac0deac2e8fb401aa0a6f8331875a432de75aadd701c12d6413750ca,fa6ac0953f5ad230
dataset/healthy/20220101_100913.jpg,3,healthy,256,256,4830,True,False,False,False,,a18a2bef3ed6419dd27042be267a50771dcfb67117ee1891f6bdad3f54e23818,bbc4853d6ac0a58f
dataset/healthy/20220101_090923.jpg,3,healthy,256,256,4777,True,False,False,False,,2e25896c0aded581db60fb9ca87d0752441a4a7737ab3f70460beff348d34bf3,efe894a46b5aa485
dataset/gray_blight/image_0_1927.jpg,2,gray_blight,256,256,4476,True,False,False,False,,4d7e0ae7830fa9dfc730f07e04b05ce9fe72c63266a4bc7d40209a7be8e7729e,e18e9e316d9634c9
dataset/healthy/image_0_2966.jpg,3,healthy,256,256,5661,True,False,False,False,,c28a18e77363e8cd8f37d4b55a6776bf398f978320b72722f45b95d60450eb70,eac0951f7a6125d6
dataset/healthy/20220101_094835.jpg,3,healthy,256,256,5536,True,False,False,False,,cf146c031df2256374c852f92813514785d1031c36f1867d9d334804fcb889bd,eb95945a7a25e1c2
dataset/gray_blight/image_0_2702.jpg,2,gray_blight,256,256,4359,True,False,False,False,,d84eed19c5b5c8a311d10517c6fe3c28b24a9dee04ce595082da013c2ba6edb0,be3d86c2683c9653
dataset/brown_blight/20211228_125545.jpg,1,brown_blight,256,256,5352,True,False,False,False,,cd129860da908b152a7c28c55d338c234a61f4a8ae7db5750be8a9a45b483d79,ff94c04a2db4d06b
dataset/red_spot/image_0_2686.jpg,5,red_spot,256,256,5510,True,False,False,False,,bc8c2b5e8b498b79924e258b1285ed86f249995b41edf0e29745ede13199e99a,f49acb61343e9bc0
dataset/algal_spot/20211226_102949.jpg,0,algal_spot,256,256,5126,True,False,False,False,,404338eed7f92a581a9cb5bcff52fadc5fbeac5174b1047fa646f233a34dcf82,fe2bc1906e4bb03c
dataset/helopeltis/20220101_105511.jpg,4,helopeltis,256,256,5564,True,False,False,False,,a6b496022c142c61cc78648b9fd0ccde86c49a8848d9c3c0a45862c825b0257f,eb14956878c76798
dataset/red_spot/image_0_1990.jpg,5,red_spot,256,256,5520,True,False,False,False,,43c2314a617c499f50ff2c13fd4067ffe542ffda2ad0ba16ca2947c3d86b17f3,a1ca9e3169c7969c
dataset/red_spot/20211227_155502.jpg,5,red_spot,256,256,4581,True,False,False,False,,2ad62d067e6d0a7687c28fdbc97363616a8067321ee752c07d986b1421e24f82,eac0853e6ae1a59e
dataset/algal_spot/image_0_2154.jpg,0,algal_spot,256,256,6248,True,False,False,False,,204b3c569aaffeafc98011bf6af33d9ecd4eb4f53ae293185f25b35acaf20fa4,ba1f85e07a0f31d4
dataset/algal_spot/20211227_154734.jpg,0,algal_spot,256,256,4928,True,False,False,False,,a8372968bd2ba73a2efa86ca9521ad2f7045734090369e9e51ea648252d00e0c,ea80953e7ae0a59e
dataset/helopeltis/image_0_2681.jpg,4,helopeltis,256,256,6354,True,False,False,False,,898f7d3c577e218c9a867dbc6c4f5977b13cebb925fa0599d4e924affde8bb07,af96c0693770d2c9
dataset/gray_blight/image_0_690.jpg,2,gray_blight,256,256,6202,True,False,False,False,,c75636aaf2a628e44a3b95a27db87386ec8541a99bcb765beebc6d059941dedd,bf92e83f12188f62
dataset/brown_blight/image_0_7804.jpg,1,brown_blight,256,256,6286,True,False,False,False,,b6353c05c19d56e1de36e8f27adfc80a17632a86ab25e4db18adafdaa4a8ffed,bd9eca6170923f18
dataset/brown_blight/image_0_7822.jpg,1,brown_blight,256,256,6747,True,False,False,False,,931ae9fcc6e7a5db52e085ccf6a9b0065072403b04b3691aa5a330fab5da58a8,bfc0c03f6ac835c5
dataset/algal_spot/image_0_3366.jpg,0,algal_spot,256,256,5083,True,False,False,False,,579f4ae11479879aa3de319dd541a14e20ea06b6a54a352ea22f4dd0585d7450,acc2963d68c2979d
dataset/helopeltis/image_0_1585.jpg,4,helopeltis,256,256,4897,True,False,False,False,,aabea159456302c99cfb66fb234fe984de68c6f9cc8b07220da78723644b3df9,bfc0c02f3af0a54b
dataset/healthy/20220101_104303.jpg,3,healthy,256,256,4487,True,False,False,False,,1ef3bb4bd980fc8ac8dfb5b05e2eb27dfa19edc15832a215acdb66cc70547f21,e41b9b679b642564
dataset/gray_blight/20211227_164036.jpg,2,gray_blight,256,256,5151,True,False,False,False,,e9bf4fd5023fdfeb3a3ceb8478d593a3577690943a367e1bd833080a668954a9,ff80c09e2ff8b007
dataset/gray_blight/20220101_115605.jpg,2,gray_blight,256,256,6014,True,False,False,False,,dc647d5baa1f690b5ed60b0e3d9b091b5b51a059393f25965bcf8a9e2440473d,eb80943a6be1b49e
dataset/red_spot/image_0_139.jpg,5,red_spot,256,256,5291,True,False,False,False,,6ee4451997aeac30450e5f267589f546a44086556263ca5d455b8b6ab922fb04,a0cf9e3065cf9a94
dataset/red_spot/image_0_3224.jpg,5,red_spot,256,256,4704,True,False,False,False,,879e81c47fb27ccdd66b549546a7af9ed090108aa73501f683410f6d1e02b41c,e86bc79434614b3e
dataset/algal_spot/image_0_2641.jpg,0,algal_spot,256,256,6080,True,False,False,False,,42851346be93b5ea274ec5e38fd32a0bbf247a7a9f48405a01ea19c81c8718ed,bc9acb61349e6b18
dataset/algal_spot/image_0_3221.jpg,0,algal_spot,256,256,5414,True,False,False,False,,a0c4f9ccc5d11ff501a2c92ed8071047d713ee322a153f29949213c817becd98,f8c39734694266cd
dataset/brown_blight/image_0_3317.jpg,1,brown_blight,256,256,5894,True,False,False,False,,cb04b9eabb78b9ebba1c787a68a39a70091e0096c7079ac3b4369630407755d7,a9cb963465e166cc
dataset/gray_blight/image_0_3264.jpg,2,gray_blight,256,256,5193,True,False,False,False,,e8448a6be4a49b1012e5cd9483dfae86c1fd8e1523dd88543da76b3e914cb350,eecad1353b4a640d
dataset/gray_blight/image_0_4138.jpg,2,gray_blight,256,256,5082,True,False,False,False,,ce67b201eb05497eb09fcd49b3b66fb9b25c42184716d11e0e6a974a48f9f35c,bf90c04a2fb5f05a
dataset/red_spot/image_0_2498.jpg,5,red_spot,256,256,6202,True,False,False,False,,213e4691162d07336a23bd2561001f429510a6fa57a151ebf627de61d014f1ea,af96cb60b467130d
dataset/algal_spot/image_0_711.jpg,0,algal_spot,256,256,6339,True,False,False,False,,4e6edd6d6c1d037e5687d8e829e145dd2d36399d6ff7cae7f68755cae91892d7,aa6ad5b580da166d
dataset/red_spot/image_0_2194.jpg,5,red_spot,256,256,5411,True,False,False,False,,873b3cf4c55592e325a84241e5140bc33e2556fd82c197eebec90741ed736601,ea3795c06a0f25f8
dataset/helopeltis/image_0_532.jpg,4,helopeltis,256,256,5332,True,False,False,False,,cf845d3bee0bb5ffa9e6e9c13ee47d4ac7ff5eb0385d1a9b8e63412c6ae8ba66,e8c2953c6ac63d99
dataset/healthy/image_0_3192.jpg,3,healthy,256,256,4859,True,False,False,False,,19ddd9dcd4acc27bdb90693a2b3003fba69497761ca1e76cb4d4c264f64a0d80,aac1953e6ac385bc
dataset/healthy/image_0_2387.jpg,3,healthy,256,256,4659,True,False,False,False,,95d1e1ed25fe540aa55afd6e0ab609530580274e759b5d391a2f4b23f138c3d6,b4e7cd18d31323c6
dataset/algal_spot/image_0_3422.jpg,0,algal_spot,256,256,5756,True,False,False,False,,3084ce030a87735d9f77d4924b059a3fb897c6425a05aa08e02c966fa6653d0d,e9cb9630634e6cc9
dataset/healthy/image_0_3557.jpg,3,healthy,256,256,4803,True,False,False,False,,d1ce1383f7dddeb6826829405e25618a70c9bce10d3fcd2140a4f6224f096815,bdc1c23e69c1368d
dataset/helopeltis/image_0_4251.jpg,4,helopeltis,256,256,4520,True,False,False,False,,eeefa0049f015a889f99a1640e310bde9ca31690dadbd40681cab721b8a2ced6,b067ce3861e79899
dataset/healthy/20220101_101528.jpg,3,healthy,256,256,5754,True,False,False,False,,ed7a6d4af2a52290b89a431356af4d94c3c28bd360389a883cedb192d3bf0234,eac0943f5ae02b9e
dataset/red_spot/20211205_154758.jpg,5,red_spot,256,256,5076,True,False,False,False,,8d1df06dea1ebc2dbb1640a7addff5173f1474ad1611f755e7d660b0f8cb4600,f8c2c7383826b5cb
dataset/red_spot/20211228_123823.jpg,5,red_spot,256,256,4995,True,False,False,False,,809b674988edef7070df02b0dfb164531a0bdabb068cbd799909067521b7a3cd,ffb2c0cc2f13b034
dataset/healthy/20220101_120231.jpg,3,healthy,256,256,5321,True,False,False,False,,a2611b514a5971c697ea01186799249d9f9319353ae5e183eeb7423b51cdacd5,ff90c06a0fb530da
dataset/gray_blight/image_0_3862.jpg,2,gray_blight,256,256,5748,True,False,False,False,,4a484af2e2d6d7ef32866a9b6a29c2115c2a715077314e7ffcea5122f7b333a7,fe8dc1722b85d05a
dataset/gray_blight/image_0_1225.jpg,2,gray_blight,256,256,5467,True,False,False,False,,3d1d26f3bf4e9ab727cdcdea4d68d0a6167e1e3b84e44e77691aa230bc55ed63,bf97c0603d975258
dataset/brown_blight/image_0_5768.jpg,1,brown_blight,256,256,6140,True,False,False,False,,0470367d693c6c5fa819c6ced309d26e0b5d4170ecdfb633796ca441719c2221,ffc0903f4bd0a583
dataset/algal_spot/image_0_2138.jpg,0,algal_spot,256,256,5800,True,False,False,False,,5203021cd2df694d447047753635d700d6b48eb29d9c1b246cbcda53126ed7fb,fe80853e6ae025cf
dataset/gray_blight/20211227_164209.jpg,2,gray_blight,256,256,5244,True,False,False,False,,f3f0f779145ffe494feb4023dc0a51d0b0b44cc58ead5188200c005d9b25b99a,bec0c03f6ab095cb
dataset/algal_spot/20211227_154003.jpg,0,algal_spot,256,256,5153,True,False,False,False,,60f071f95e36416cd992e28e1b526651e5554ddf8590cec0334d13c700a5cc19,bfc0c03e6ff0b0c2
dataset/brown_blight/image_0_7430.jpg,1,brown_blight,256,256,5720,True,False,False,False,,d5e3d37d651c3e7c7f3c678033338f19259435f507ff4a497ed0f6df824447ef,bce1c33e24c91bc6
dataset/helopeltis/image_0_3684.jpg,4,helopeltis,256,256,6941,True,False,False,False,,a7869964c0203f3005f86a11c0aab65a867e9058f2e9de67040de66b0882b762,fec0803e3af064cf
dataset/helopeltis/image_0_660.jpg,4,helopeltis,256,256,3732,True,False,False,False,,e17a816b910c01691285f4825ea0d10e183c88ffd10ae8cd55c9f38c984f5b4b,b4348bcf643438db
dataset/helopeltis/20220101_103918.jpg,4,helopeltis,256,256,5258,True,False,False,False,,035a168d45ac6defce6390ce4e5269c919dedbfb30bffc45d24818f73fd6c6b9,fbc085167ee0b187
dataset/algal_spot/image_0_3508.jpg,0,algal_spot,256,256,6328,True,False,False,False,,bedd16d3682c12b5f5388b0cf1b5501787f307ac31a31362c94686250e9b4d8a,eac79d31c364c81b
dataset/red_spot/image_0_295.jpg,5,red_spot,256,256,5249,True,False,False,False,,b2cca5a48a6d85bb5b90fae149236d147fb51816ce092d7d6cbae66eea5639e1,fac2953d6a62078d
dataset/healthy/20220101_092625.jpg,3,healthy,256,256,4973,True,False,False,False,,e18869e9f9957071ede80b26fbac5058dc3d1c60b47e7124bd96d0b7d50ddb96,e74c9e3299731913
dataset/gray_blight/20220101_114437.jpg,2,gray_blight,256,256,6409,True,False,False,False,,6a2f2a4d410fe3f610d05f2e60ba3287e4c49f9e6e74ae851f5815ad8603f217,faa8d5c34a003d3f
dataset/algal_spot/image_0_363.jpg,0,algal_spot,256,256,6144,True,False,False,False,,d1eec941a7382e2bb4c14c9f83249d34233af2ef0fdd84ffda20496d97465a7f,ba9dc0603f3770d8
dataset/red_spot/image_0_49.jpg,5,red_spot,256,256,5326,True,False,False,False,,dcdd281fc71c5b0655791dc123eba1819f88ce42a83587d470744bba4b4d8747,f4d5cb65309ac361
dataset/gray_blight/20211228_155101.jpg,2,gray_blight,256,256,4951,True,False,False,False,,ba05ab0a188405acf93119d5238ae4747236b1d638c4a3e99fb3c0b24272c784,ea3c94c17a3ea5e0
dataset/gray_blight/image_0_1279.jpg,2,gray_blight,256,256,5247,True,False,False,False,,5422c5f71ecceb36b450579891d21c7f9dfc420248e18f8eba4328e6d035d7d8,bcc3d23e4b782585
dataset/red_spot/20211227_165050.jpg,5,red_spot,256,256,4901,True,False,False,False,,8330db1711ed7f3af743e384dd0ac2c0d6c7ffa96e4ae33a4473f421ff8b2b4a,eaa5951f5af82921
dataset/algal_spot/20211227_110136.jpg,0,algal_spot,256,256,4782,True,False,False,False,,86484b2218a6efae8a36992e1799e3cbd4f9ee5316c1af855022de7073cde29c,ff81c02e2fd1f00b
dataset/red_spot/20211227_161334.jpg,5,red_spot,256,256,6211,True,False,False,False,,18b8f6fdd53d3e73daa91ed2c5b715ea7c3ed17b1e29c984ab38948756ba3ac3,fe90c06a3fb4528b
dataset/algal_spot/image_0_1144.jpg,0,algal_spot,256,256,5617,True,False,False,False,,21b5cfdbe3f6231c7ff6e0f5a71e532592a4f1f97da4ad4f74547f3ef29c2948,af96d06b25043a9f
dataset/gray_blight/image_0_387.jpg,2,gray_blight,256,256,5192,True,False,False,False,,531769350aa9fee3c5bfab3b775273b9525586ce099866bd2a59b2adf04fd3af,febf80407aaf2590
dataset/algal_spot/image_0_1518.jpg,0,algal_spot,256,256,5659,True,False,False,False,,5237dc14fceea5e9163aeaa1b525305cfbb71b69770dc9bdea19ac6d52fc55d4,adc1943f6ae025dc
dataset/brown_blight/image_0_2763.jpg,1,brown_blight,256,256,5517,True,False,False,False,,a7b57c340bd22185a6f3b667af2f38c35c18f243236d29390a2eb5b39215bfcf,e5969a696196ce32
dataset/helopeltis/image_0_1527.jpg,4,helopeltis,256,256,4646,True,False,False,False,,f3ee143ddc59efd4c19a01ff097ad0c4dbc3799bfdf7ee73cce66db9ab695ce8,a6cc9933649c33cb
dataset/algal_spot/image_0_3396.jpg,0,algal_spot,256,256,4745,True,False,False,False,,ee7019827d467ab668f4ee1bae8ba4daa51e286d3d11a1670c164f18fe687711,fac2973c614b1ec4
dataset/healthy/20220101_092904.jpg,3,healthy,256,256,5022,True,False,False,False,,2c1fad93e4afb07aff87367aabd484eb5accefd55e0563cca6553c021b20d4c3,e712986d9964366d
dataset/gray_blight/20220101_120153.jpg,2,gray_blight,256,256,6131,True,False,False,False,,4e5e528d29634fd94d3245e5143982d36227798b1891e56b2c30cb771da8ffbf,ee91916e2f718683
dataset/gray_blight/20211228_151716.jpg,2,gray_blight,256,256,5348,True,False,False,False,,8f8f812106c937ec024d76d82ed9913c59dfddc82045bd14976b534ca6ea54a2,fbc2942d4bf0a583
dataset/helopeltis/20220101_122146.jpg,4,helopeltis,256,256,5251,True,False,False,False,,93d21e54c6b6605bd5dec7a7cd3e2311d532ce3f937965bf122ce3ac19c410e9,f99c866b3894c34b
dataset/healthy/image_0_2147.jpg,3,healthy,256,256,5025,True,False,False,False,,9cd99a93cca4199f20f6b431139c32f048cbab570282c4006e658bbe7cdbe71a,aec1953e68852f5a
dataset/algal_spot/image_0_3893.jpg,0,algal_spot,256,256,5740,True,False,False,False,,0bd92f5363d1139b6cd16f555794580a88028c333d47bbe40edcdb93b4fda1ba,b86cc7933a6a6135
dataset/healthy/image_0_2191.jpg,3,healthy,256,256,5862,True,False,False,False,,7b472685b0600761c57eb6d10c8a205d439f099f7ec167c78bcabf481bc7ce19,fefcc0835b7c2c80
dataset/gray_blight/image_0_1807.jpg,2,gray_blight,256,256,6711,True,False,False,False,,ad6db6ff92f687e40b6f9b8cd7b2b1430ab97fc200b34be3fbc29f08000d5637,ee6ec0952182d63f
dataset/algal_spot/image_0_3903.jpg,0,algal_spot,256,256,6359,True,False,False,False,,ff7858210e2229f712172e59494072748b5f7bebcb623b1b19bf685b35ce442e,eaca963dd133a690
dataset/healthy/20220101_092129.jpg,3,healthy,256,256,5086,True,False,False,False,,b0ba78b15f1a87478b08505c8d6ab4c151c911c22c965c4b18752270b8ce8153,fde1c39e38612326
dataset/healthy/20220101_101533.jpg,3,healthy,256,256,4948,True,False,False,False,,6c4f19faee0423b85c980b1650ef94065d2e2acc71aacfb722b1dc42fc11a03c,b4c59b32653966cc
dataset/gray_blight/20211228_152858.jpg,2,gray_blight,256,256,5138,True,False,False,False,,a4163feddcb67b8efedb7daa3e9346feb7a6d08036d7d80a1c367afdaf8f812c,fa85956a6a85b1d2
dataset/brown_blight/image_0_5664.jpg,1,brown_blight,256,256,4413,True,False,False,False,,a74aba3a9b7707e89e242f35cd56c7668f05d156b33b984c73a76d512bdd19a2,e8cb95346bcab485
dataset/helopeltis/image_0_1244.jpg,4,helopeltis,256,256,5245,True,False,False,False,,7f5fadf608c04978adbf41e0d6c22ef92f7005c72a0b71417eb5b7dc0afd6ae6,e5929e4d996c2696
dataset/algal_spot/20211227_101655.jpg,0,algal_spot,256,256,4394,True,False,False,False,,51945b1d5255670f4c8c8942b9727dc8df8c4f76c917e490812c9bcc60dd2806,fa80953e7ac1a51e
dataset/algal_spot/image_0_3359.jpg,0,algal_spot,256,256,5253,True,False,False,False,,173dd016440c1261d90843666b9667264556ceb98f1c994f3f3088d41f50fa2e,febc90c0683d1772
dataset/red_spot/20211227_163538.jpg,5,red_spot,256,256,5066,True,False,False,False,,53fc2d75dc198ec649edd9790e1139e6fc97d2444c84ce006480590878138f8c,ea8a95347ae0619f
dataset/red_spot/image_0_2134.jpg,5,red_spot,256,256,4988,True,False,False,False,,e13e84710380d4936b761c093b80887fe8fc0b180acb5e90b6b601fbd4e4033e,a1cd9e90614d7ae6
dataset/algal_spot/20211227_113453.jpg,0,algal_spot,256,256,5024,True,False,False,False,,f6d58d324b6a7da53cf8f027da404e3c9d2d0fcfb12e80a0c418e3a93385cb2b,bf8ad03d2bd0b489
dataset/algal_spot/image_0_3670.jpg,0,algal_spot,256,256,6204,True,False,False,False,,c7f47f2caba870b83afd6358bb9e7cd58814c595fad20bc41f47c96b0ca98b7f,fcd687e0689534d2
dataset/algal_spot/20211227_133542.jpg,0,algal_spot,256,256,5249,True,False,False,False,,2f5c24edc9f42a92377c9e4f889641a45d21ec1085cde10bc355c56aa80dd579,ff80c07a3fa0e0da
dataset/algal_spot/image_0_2035.jpg,0,algal_spot,256,256,8048,True,False,False,False,,345bfcf7c9279dcb5aba5b2e19b2ee22a5fa51c43ff5b64fcb82984487420ee0,fa9f8548ac27329a
dataset/brown_blight/image_0_8204.jpg,1,brown_blight,256,256,5080,True,False,False,False,,2abce6ee3d8cd7c807e41d0220bcc71a8b7c805dc198a9cc5aa7af665e7b8787,eaca95356ac2853d
dataset/brown_blight/image_0_2844.jpg,1,brown_blight,256,256,6210,True,False,False,False,,71ea4c54ed60b6f7081b27f275406122dc98af53ec7512d6feadd3b92a95348b,bb95c268351e4fc1
dataset/red_spot/image_0_2525.jpg,5,red_spot,256,256,3896,True,False,False,False,,2bea3dfd7b81bbdbf7eb2508924436800e3296a416f9028961f6f4eebd57a5e7,e68c99b266cc9933
dataset/algal_spot/image_0_1895.jpg,0,algal_spot,256,256,5456,True,False,False,False,,f6060b8f0b621440b5fcb53a4e28d3d43b358887ed6d8e01c21a97833e506636,ffc0d03f6a702589
dataset/helopeltis/image_0_4006.jpg,4,helopeltis,256,256,5340,True,False,False,False,,bac99461d2ae6713dbbd9ecde01b122a3570c779b9bcc97f0707f1b98493634a,b992cf6532193639
dataset/gray_blight/image_0_3790.jpg,2,gray_blight,256,256,4953,True,False,False,False,,dd546ab45e5b5d2677da203db70b72e10f3ac63afaf1f9c1198bbf90492ec8e6,ea95c46a3d95c29a
dataset/algal_spot/20211227_153637.jpg,0,algal_spot,256,256,5785,True,False,False,False,,3f5dd0855d5fbee04fd61e3bcba1e09adf8ac937052d0b5b013b6fb402acfb75,ff82c03f0f703487
dataset/algal_spot/image_0_4285.jpg,0,algal_spot,256,256,5733,True,False,False,False,,0514dada87d3ad808ff0dea53b4ec9291285a54643b3a036f98254a44c5eb589,bcbec3c1e4866331
dataset/brown_blight/20211226_000042.jpg,1,brown_blight,256,256,5599,True,False,False,False,,1efc561533cd88e62f24948216626470593e1b9d20c9727df5730fa00dbf2f82,aa4e95316acf8378
dataset/healthy/image_0_3472.jpg,3,healthy,256,256,5723,True,False,False,False,,129ed4df939d3a3bfc147b394e7ebb2ab924df143ad672e1ceba6d963a7007d5,bf3fc0c00e4f253c
dataset/gray_blight/image_0_124.jpg,2,gray_blight,256,256,6792,True,False,False,False,,3cdd6160efb05dc03c776e439f328ffa5422d7e099ff41870f664b126d5f029f,bde9c092877d3a48
dataset/healthy/image_0_438.jpg,3,healthy,256,256,4889,True,False,False,False,,0fcbe90ef955113d4f9d8690d6526419c0a9b693850cab5035b2a7767882e77d,b5e5cb9a30e12764
dataset/healthy/20220101_091944.jpg,3,healthy,256,256,4875,True,False,False,False,,84560610e777a04e5142f3764e318381fad7031f9b0d7dc419864cfbe0d5ff29,eae885973af0e107
dataset/red_spot/image_0_1002.jpg,5,red_spot,256,256,5748,True,False,False,False,,b3a21dd95ece1243aca6c62f01f30b88bf20ec09b7ad0be8497e83b83553d136,bd9ec0602f3730da
dataset/gray_blight/image_0_2869.jpg,2,gray_blight,256,256,5805,True,False,False,False,,b3f9f2c268853d9fe8a2654a2465c4117a8f459da8df0abf6e6c6c47db26e3a8,e93496c369bc8c66
dataset/healthy/image_0_451.jpg,3,healthy,256,256,5488,True,False,False,False,,e84f0e65bd89c677ebbc7cd53125cf3ec2a031cabec4f1f2b37a5f605c28c02d,bed0c0683fb570ca
dataset/red_spot/20211227_163331.jpg,5,red_spot,256,256,4405,True,False,False,False,,4da241045beaec343ef687a506870bd3047a1e6503d9c0616797d474eb5a08e5,fc90c36c3ee0b08f
dataset/gray_blight/image_0_2795.jpg,2,gray_blight,256,256,5809,True,False,False,False,,b618fd0be17ccf4b50d121d143eb26010c666a250163f10e3bf23ab40190a9c0,e8b687c97a3c6170
dataset/algal_spot/image_0_1683.jpg,0,algal_spot,256,256,4506,True,False,False,False,,65c14e6f00a125f1f39dbb5feb14370cc87bed6a1ea10ba35d6517851cc43092,f4a4cb9b386d6132
dataset/red_spot/20211205_154944.jpg,5,red_spot,256,256,4137,True,False,False,False,,a113051052425cc9198250f95fb0dddaf06b2761e1d1ece90c93fed5f5dfd4a6,e1d19e64619ec639
dataset/red_spot/20211227_161943.jpg,5,red_spot,256,256,4901,True,False,False,False,,a30a4dd0fe104c35923354e4b8096fe29f4309a28ca1d43d20505dbb4c6139da,fa8e85a13a5ee0e8
dataset/helopeltis/20220101_121044.jpg,4,helopeltis,256,256,5264,True,False,False,False,,7f4798223e1c91022d6016719ddc2e003edf68db9b30f1dbe33abac86894fb70,fe80c03f6af0a48f
dataset/healthy/image_0_2046.jpg,3,healthy,256,256,5130,True,False,False,False,,d95afd4edad03b54327bbf0d8eeab2d2b1c496d5f8559b247fb7b4410939c7b9,b6dbc1641b3998e4
dataset/red_spot/image_0_1481.jpg,5,red_spot,256,256,6031,True,False,False,False,,1b92be55b37c248bdb569e006bbd5ddf461be74fdbaf9d628365757fd0ee32df,ea94c56b1e6530d6
dataset/brown_blight/image_0_1000.jpg,1,brown_blight,256,256,4541,True,False,False,False,,f2ed9f66cbc8ccf4782aaf3492dd5f1c56a8dc3ee276c096d5dcfce9ec00951f,bcb8c3c164369b69
dataset/brown_blight/image_0_391.jpg,1,brown_blight,256,256,4966,True,False,False,False,,edaa9c8fbbb0c5eb3f655192be663f3978528cb558c7245c877ef0a093cbf127,b898cf67b28b6590
dataset/gray_blight/image_0_896.jpg,2,gray_blight,256,256,5391,True,False,False,False,,702ead07ea94dbe103a79fa15d28d6bd757021ec793d01f73c4e84fd4eb174e8,ff80c03f2bd0934b
dataset/red_spot/20211227_160534.jpg,5,red_spot,256,256,5720,True,False,False,False,,0974949a676f8260e782c7909cfce40f608bd88c8d6ee7b22c65cd657b33ed3c,ff86c0510f693cd4
dataset/red_spot/image_0_1939.jpg,5,red_spot,256,256,5331,True,False,False,False,,2f0f7ef0cb44236ca33ad24f14c2ed49f54147f259ad4ce35eb049ee226bfa31,bf95c068351e3399
dataset/red_spot/20211228_123550.jpg,5,red_spot,256,256,5174,True,False,False,False,,cf2d137f9ef62e39e711dd5f076a0562e00d1b9d8eed261530a5ae1a82e0226b,ff2bd0842f0bb434
dataset/red_spot/20211227_161258.jpg,5,red_spot,256,256,5401,True,False,False,False,,4b80d0571f05747e9db209e6d2dd2ef840d2e82904259119b80827ebea29a0b1,eeb0914e3bb16456
dataset/healthy/image_0_1531.jpg,3,healthy,256,256,5408,True,False,False,False,,2be15459eb29728d63d71720f87736888e970846651b12bbd26e800a41bb6b87,f498cfe58c668346
dataset/red_spot/image_0_2705.jpg,5,red_spot,256,256,6451,True,False,False,False,,3cede24d8eaed9c00b427d05e928c58d2723c0afce1e8eebd909f392f101b64d,ffc0d0176d6826c5
dataset/gray_blight/20211228_153707.jpg,2,gray_blight,256,256,5935,True,False,False,False,,392a0dda74f90f36039f8cab11b8b1a9f0081e8d24b5ed1369833a20c4f2af24,fbc984b61e4961a9
dataset/brown_blight/image_0_6544.jpg,1,brown_blight,256,256,5584,True,False,False,False,,3d3311598d68822f1de1ae1d73d8c7f032d3d2a1fa4ffc91c024ea630b43553d,a285c47a3f97c269
dataset/gray_blight/20211228_141007.jpg,2,gray_blight,256,256,5429,True,False,False,False,,4d585d4931d9ec0d4dd211f6023d664c0422e59e789dd5601b876a5e40f65043,ba95c16a3ea5e0d2
dataset/gray_blight/image_0_3878.jpg,2,gray_blight,256,256,6665,True,False,False,False,,87ea0318a75cf07097ff3408547dd79fcb5aa802b8c67af5acece08aa173a761,fec2813d5e7021e3
dataset/algal_spot/image_0_396.jpg,0,algal_spot,256,256,6545,True,False,False,False,,25d444042a53f5e3ba92120cb4fe7a81c2125bd18be70616411cf7dc2a2721c2,af979261301e5b99
dataset/brown_blight/image_0_7827.jpg,1,brown_blight,256,256,4032,True,False,False,False,,d6b52c900690f1710266f30cd402b68b9016de3f3952b15790c92ad2e2f7b22c,f0ce9f3064cf9234
dataset/algal_spot/image_0_2065.jpg,0,algal_spot,256,256,5182,True,False,False,False,,f80fb9a44886701a5d101adb89185964fdf28731f5d5d972c621cf93b52373ab,edc1923e69c73498
dataset/algal_spot/20211227_114149.jpg,0,algal_spot,256,256,5200,True,False,False,False,,1daa8497a07a3c9bcefac9806c2d091c31f4288391b262df624aecaa88f284db,b3cdc98ccc36c433
dataset/algal_spot/image_0_1218.jpg,0,algal_spot,256,256,5630,True,False,False,False,,32d5dff5f7da5139404d7affded1db7db12cb25e2c9d12d8ae9987a54ebdf7b4,bf9cd2c16894363a
dataset/gray_blight/image_0_5.jpg,2,gray_blight,256,256,5844,True,False,False,False,,336f2577727e2be31b81dcf22056b2f17e6e03e59d7509f6c7c613cbb217f352,ee3595ca60bc4633
dataset/helopeltis/image_0_267.jpg,4,helopeltis,256,256,5288,True,False,False,False,,dca6fa31fd13b43937db306a92a1cb551cdbbc785fb6dec7635ca0e36989db6c,a8cf9568cb9cb063
dataset/algal_spot/image_0_651.jpg,0,algal_spot,256,256,6010,True,False,False,False,,6f1ccf6de37fa0edcd191ec71d32e1e52de1686cbf3197bd79bc97bbae8dcff2,bf3f91c14a4a0f25
dataset/healthy/image_0_776.jpg,3,healthy,256,256,4854,True,False,False,False,,17b9983895371c8e62a2e6786a8bd50495b25b173eed4405f0c18506310255af,bac0953f68c2b78c
dataset/helopeltis/20211205_160758.jpg,4,helopeltis,256,256,8160,True,False,False,False,,0283c2748965b6923f8e7dd4467135a04a97cfcb1abf9e9dd5dd6cef5fe43a53,e9d6853b5e602987
dataset/helopeltis/image_0_2242.jpg,4,helopeltis,256,256,5645,True,False,False,False,,35ef65a5d10dd7fa1e64ca487d55572aef8c116545d2ebc055bf2f17a3f650e6,a09ecb65927b994c
dataset/red_spot/image_0_2647.jpg,5,red_spot,256,256,4829,True,False,False,False,,f4370f3bfb0bee923effffa9a50f9f88736d5e13ae95dc8d437125dbfc041c8a,a41adb65313e3399
dataset/brown_blight/image_0_3122.jpg,1,brown_blight,256,256,6368,True,False,False,False,,ae7624e1317e2c62db21cc7ba3a26523f5b5ef4e70ad38a6468d3a0e896eff48,ab94c0683f85f0de
dataset/algal_spot/20211227_101632.jpg,0,algal_spot,256,256,4724,True,False,False,False,,44b078b1a493b15cae733aceb2c257034a0bf26aa0dbd2af8bc21ca5f51cef4d,eaa8952c7ac0e59e
dataset/algal_spot/image_0_3063.jpg,0,algal_spot,256,256,6902,True,False,False,False,,0ca733c0007e7bea973cd8768852fdba9723c191add7afbdfb3197886873e2bb,aecad4b50a503d6b
dataset/healthy/20220101_120811.jpg,3,healthy,256,256,4869,True,False,False,False,,6362c90ab76a0f2a0559f3edab556773c0a752a907bb002a6335da3a806e52dc,ff80d06e2b90b4cb
dataset/healthy/20220101_093230.jpg,3,healthy,256,256,4916,True,False,False,False,,8be2b208208a1e42f56eeb61fc5c6f883fda251e959549022af33ff297c8637d,fa15857a3a85e09e
dataset/helopeltis/image_0_4233.jpg,4,helopeltis,256,256,5317,True,False,False,False,,5e3f2993d482a70a502b62bc023137eef37ee8e029285d1d3d34c308d95fdc1f,e1ce96714f249d92
dataset/helopeltis/image_0_357.jpg,4,helopeltis,256,256,4417,True,False,False,False,,801fa93bc27ab9e5b30db73fdcd6dcadd92c71a783ab3c9f15a975caa3b61e71,e3399c64319ace65
dataset/helopeltis/image_0_3375.jpg,4,helopeltis,256,256,5577,True,False,False,False,,a28acf6dcaae6af47665733dcc80952e35823860a9b01d426ba4046ec630bf19,b4e7c31a0d36706b
dataset/helopeltis/image_0_1074.jpg,4,helopeltis,256,256,4053,True,False,False,False,,c33bd6e2c3c78802857e35bc8678e1ee14b7cef3b9f831b0c92de2179a9dbb13,e06997963c69c365
dataset/brown_blight/image_0_8697.jpg,1,brown_blight,256,256,5485,True,False,False,False,,8987bdbda6385329e2747b7d6c40798efca51781c2b70bebc1146b35d166d7b0,bb9fc4e078971348
dataset/algal_spot/20211227_132410.jpg,0,algal_spot,256,256,4892,True,False,False,False,,de7cc118dbf29f214572a9b20f1da54b81ccc54ba1875782b5de6a0fbd73021b,bfc0c03f2fb0c0cb
dataset/helopeltis/20220101_105600.jpg,4,helopeltis,256,256,5608,True,False,False,False,,31de3bb52c04d489eac56fea146b66f19f553aa931eb0592246b47a6621a96fb,ea71954e1aa97585
dataset/brown_blight/image_0_8824.jpg,1,brown_blight,256,256,4857,True,False,False,False,,d19bfe2cdaf1e95d95bda9b7d83f23de25208d4dcff49a434ae14232736f88af,fab7854878b59740
dataset/red_spot/image_0_220.jpg,5,red_spot,256,256,4290,True,False,False,False,,f9ca0e05b734dfa0bcd431df4e5717b0dfdd9b45a06a0f0a18fd34a7f2c14b81,e56c9a3365cc9c32
dataset/healthy/image_0_1940.jpg,3,healthy,256,256,5585,True,False,False,False,,3619b09f12d8e9fe32b01cbc4b275105b390f13060c66e45cc11c173814b4226,b8cfd2306f32a4c9
dataset/helopeltis/image_0_3980.jpg,4,helopeltis,256,256,5259,True,False,False,False,,8114f409e476bb0ad19db839949182a3b847bd97ea7c71f66bd73b7339cc6cd9,b2c9c76687339c38
dataset/helopeltis/image_0_1695.jpg,4,helopeltis,256,256,5188,True,False,False,False,,7e6b382a7e6108fa89e8cc734edfe7436053bfa75352ec726ec6c76f0aa7a8c6,bf96c268349e4399
dataset/algal_spot/image_0_4133.jpg,0,algal_spot,256,256,6609,True,False,False,False,,b4427235bcc0341377457d793805fc0606122663e5d7e101dcd4a6ec83928a09,ffbfc060a827311a
dataset/helopeltis/20220101_092205.jpg,4,helopeltis,256,256,5637,True,False,False,False,,75cae9c6b5ea61df433145621cf9cde77d03d2fda14cc59b9cbb5e9ecdb25ff2,fa84853a2ae1e49f
dataset/brown_blight/image_0_4410.jpg,1,brown_blight,256,256,5214,True,False,False,False,,e7258a2dd32fb20e4dd25ce9942cefc9068267b221affdd003beb03a6f693498,bfc0813f7ab025c3
dataset/gray_blight/image_0_1486.jpg,2,gray_blight,256,256,5147,True,False,False,False,,f16146b4b7292d2c2d3166ce7f60a873728b55a13a9d9ecd184c2531040d8c2e,e9cf9e30631a664c
dataset/brown_blight/image_0_7687.jpg,1,brown_blight,256,256,5255,True,False,False,False,,a4eae5c8a816cbf417f7fce06ce8fb755d3e9bf15e98181bd37ea4dddee934f9,ba3b85c06e1fb131
dataset/brown_blight/image_0_1690.jpg,1,brown_blight,256,256,5936,True,False,False,False,,c58aab073864f58bbea5958e9395f40a2ee878a654f6cdea8da20d931c25331d,fd96c269369bc1c0
dataset/algal_spot/image_0_1034.jpg,0,algal_spot,256,256,5865,True,False,False,False,,7cc03035c3f55b922f31daeeac10b7f94a857f9b42f1d7829f9dc7c0ba0cfc1a,eaca953de11a664c
dataset/gray_blight/20220101_120714.jpg,2,gray_blight,256,256,4735,True,False,False,False,,c1ce6516c1e65b4af4a38a1a4145b5b11002ecf2ff2f68d243937c143b05a0b7,bde0c21f2de03707
dataset/helopeltis/image_0_2547.jpg,4,helopeltis,256,256,4946,True,False,False,False,,43fca4b9615b22277e86ec93ace79acd55aba4eb9af558177ecf6024ff8d7941,f0c79e38679e9064
dataset/brown_blight/image_0_7373.jpg,1,brown_blight,256,256,5682,True,False,False,False,,df5063a163c57cfe15fcc1c4caf35d281da1ac07f9e082204a6c09f9b9980d2f,fc96c361349e4b85
dataset/brown_blight/image_0_5155.jpg,1,brown_blight,256,256,5787,True,False,False,False,,e5a846971d13c0adda0740d5432d76bf2ca6640a913ab6754cc9c2867c88cad2,fd49c0363dc9c236
dataset/gray_blight/image_0_1746.jpg,2,gray_blight,256,256,5561,True,False,False,False,,5691a982157bbc9fe1721062c038fb51ca0157a0f83697c960f11a893ec26dc4,adc4d2696d90d2cb
dataset/brown_blight/20211227_163047.jpg,1,brown_blight,256,256,5116,True,False,False,False,,a796e1e64c21bc32f4998947852378483e74f95a0e4a2aef1b6b2f3db22ecccb,ee6ed0b03a0a64ed
dataset/healthy/20220101_093325.jpg,3,healthy,256,256,5060,True,False,False,False,,da78e7fbeefa8458f8da43d106361aec3ba533b7c50344f8c239a2550a155b98,f807973c6a81b55a
dataset/healthy/image_0_0.jpg,3,healthy,256,256,6588,True,False,False,False,,18c707fa3d37de366ce32543bd354c2fc96144185735ca844a9ba4db4982eff0,afe8c095dd9ab091
dataset/gray_blight/20211228_153620.jpg,2,gray_blight,256,256,5042,True,False,False,False,,c756c6734c4bfa0603e944bc524d2a051c19d5e7b8bf81bcb40dbad6e51d96a9,ef3bd0c43b1b6064
dataset/helopeltis/image_0_1853.jpg,4,helopeltis,256,256,5029,True,False,False,False,,f5781cfc78ecf84d98eeb0583d2c7c6a4af3174f4f91075997f9789df1f33f24,e996c669341e8bd1
dataset/healthy/20220101_094645.jpg,3,healthy,256,256,5148,True,False,False,False,,687c073937cfce3ff69930ed34549094f3ec922b39017802287508af1bd9b0ee,bf95c0682f95b05a
dataset/helopeltis/20220101_113942.jpg,4,helopeltis,256,256,6416,True,False,False,False,,ee212fc63504139cd970f4ce054d8ffa1dec5ab5f56d06d9bbcf4a56e7614bd7,ef94d06a2db570c2
dataset/red_spot/image_0_3099.jpg,5,red_spot,256,256,5229,True,False,False,False,,2fa889bfce1b4e39369ea607bedebea9169838e8b0c897f4f7b1e8cc1c242988,af96c0693d2633d8
dataset/helopeltis/20220101_104758.jpg,4,helopeltis,256,256,5269,True,False,False,False,,02146e807221eb041dec2ad76270c3fd004abe324352952cb839fdb78ae6029e,ea959d6a3194c693
dataset/red_spot/20211225_231906.jpg,5,red_spot,256,256,4473,True,False,False,False,,3a2869770a218059a2d8e4ae3640d75c4fcbe1c310afe8f8fd8db406f760c439,a0c79f3869c79658
dataset/helopeltis/image_0_1108.jpg,4,helopeltis,256,256,6336,True,False,False,False,,9cea86c16f1a8cd77f07db31e694fa71ba379a566fc992a3e370177172125575,bf9fc2618466b06a
dataset/healthy/20220101_104503.jpg,3,healthy,256,256,4439,True,False,False,False,,e192dc3b0a39d0d64c20c5800c618dd46bef4c67b1e7dd9d48c50d5dab97b338,f896c7857c5e90a1
dataset/gray_blight/image_0_4269.jpg,2,gray_blight,256,256,5779,True,False,False,False,,51fb0f1f25d17ee8d9d5ed56dbb8f4f743d23ae69cfe594f5a60a68c8ba2c91e,fe95c068b53298cd
dataset/brown_blight/20211225_233427.jpg,1,brown_blight,256,256,4928,True,False,False,False,,28cf59492f8bc9a704bfffee75acd70be360e46f89785e5cd32437617c4fb715,aa91c46a39c56a3f
dataset/red_spot/20211225_232008.jpg,5,red_spot,256,256,4868,True,False,False,False,,9b3570ecc6dbe570bcd6df37dfa3b6276d399dc001265039795cc174de183b4d,aa85957a6a95e45a
dataset/healthy/image_0_1079.jpg,3,healthy,256,256,6050,True,False,False,False,,484da80873422c734bac8e67cb4eb967c9c8a11a6982ca5a0580dc01ed547f6b,af97c2e9c4663078
dataset/gray_blight/20211228_152456.jpg,2,gray_blight,256,256,4731,True,False,False,False,,7b29a5a9139bc2f1363029b61bce99462ce79e986fee6bb0606abe30650705ee,fec690396ec4b05a
dataset/red_spot/image_0_25.jpg,5,red_spot,256,256,5804,True,False,False,False,,b8f9a64b4d9042c9e21126c88db43acd98795018061c732857fbdb26742630c8,ac7e97c2681d2574
dataset/gray_blight/image_0_4127.jpg,2,gray_blight,256,256,6110,True,False,False,False,,89e22dbe61a488ef453b9d1c3feff79c3cdc3956a2bdfd8cabc7616f71ee711d,ff96d0c92d862331
dataset/healthy/20220101_101211.jpg,3,healthy,256,256,5222,True,False,False,False,,561f449d88a05759605e0eddf8adfb026ad6cec207302062ae0728ac22b614b6,afc0d06e2b91f5c2
dataset/red_spot/image_0_1923.jpg,5,red_spot,256,256,4738,True,False,False,False,,5165f4867508b56c00624122dfcd760f7e1819bec33b6a4567551f701bfa761d,bd96c0693f9268cc
dataset/helopeltis/image_0_1142.jpg,4,helopeltis,256,256,6105,True,False,False,False,,6682692629bde89346d19789a402c892d8b317fc9a2d1960abe8d3a8595892d5,e8c7943ccb32662d
dataset/red_spot/20211225_224744.jpg,5,red_spot,256,256,5369,True,False,False,False,,d5abe404ead6b864393fafae32664bca9ce0b47c36d41d4328d9fab6ac2a1f15,a09397696897a5da
dataset/gray_blight/image_0_1442.jpg,2,gray_blight,256,256,5583,True,False,False,False,,0309bc6e8911fec53b4723a28630f91ee4b454587df2dec95e825e306b6956fe,b49acf61b03c3399
dataset/healthy/image_0_745.jpg,3,healthy,256,256,5864,True,False,False,False,,0ab10d755ca75dc0d3eb67148e3c4434b91efa668fb28c5202c6a46f3d01d26d,ea95976aad653218
dataset/red_spot/image_0_2284.jpg,5,red_spot,256,256,5550,True,False,False,False,,f486ad6619765a188613b06cb97ec76f9053bddcb820985a89dac0b2bf0b77fd,eac0953f5a610f9a
dataset/helopeltis/image_0_1872.jpg,4,helopeltis,256,256,5030,True,False,False,False,,fe36129ece080f187005d1cfbdd79ad7cea273979bd4eec313e204991721a04f,f018cf65309acfe1
dataset/helopeltis/20220101_093913.jpg,4,helopeltis,256,256,4680,True,False,False,False,,71d2a9613ba7a45c66701674747cf4241c5c85c84083d514156a1947d1b038d0,bfc0d23769c0268f
dataset/helopeltis/image_0_1461.jpg,4,helopeltis,256,256,6885,True,False,False,False,,43bcac17ee2d250480d2ddc957e2e4c4f92d92644af4719f10db3eaf3e414c67,bf9fc06084e2d8e5
dataset/algal_spot/20211227_133333.jpg,0,algal_spot,256,256,8228,True,False,False,False,,26754400a131c485ee650df1066959f9944e383627def4387c779148ec94d51d,faaa85811e9f706a
dataset/brown_blight/image_0_6597.jpg,1,brown_blight,256,256,6812,True,False,False,False,,405dd2f29f5aee6544af50df149f39bbf596ab2a4e870b210a8f02128d146058,a8c787385ad325ce
dataset/brown_blight/image_0_4961.jpg,1,brown_blight,256,256,5453,True,False,False,False,,0a36dba27932cbe0123b3feff24f16b9eb7789782ed15da8a8a5e24d85b7415a,abc2943d6ac2959d
dataset/red_spot/image_0_3064.jpg,5,red_spot,256,256,5495,True,False,False,False,,35bddbc73acf272a8cfcf81dbfeff4ff34c7ff415931be99d506512ca1841a7a,fdc18b9eb033264c
dataset/brown_blight/image_0_5501.jpg,1,brown_blight,256,256,4999,True,False,False,False,,71c890a04d8e1086cfc21b77e9824a024bd1fd858c61c0b0de0b7050abea4cbf,bbc0c43d6bc2970d
dataset/algal_spot/20211227_153524.jpg,0,algal_spot,256,256,5408,True,False,False,False,,7381091a3f3fc52857b7aaba3834c120f7eb287dd4a42b5616564ad31e3a69be,e8eb85953e5a6069
dataset/healthy/image_0_1406.jpg,3,healthy,256,256,5058,True,False,False,False,,e91d3201de1c1d12dea78e1abe480419ba796b9d85fce1cdd3dffe58d3d1af66,fec0813f6ad0a58b
dataset/helopeltis/image_0_2566.jpg,4,helopeltis,256,256,5309,True,False,False,False,,a1f630a3bf22c2f1c455c8ffa4215628162c429665c7dbff032797d8e7f7d79f,a898ce67b158bd64
dataset/helopeltis/image_0_122.jpg,4,helopeltis,256,256,4606,True,False,False,False,,df5a5429067817e2b17c18fb27ae7c94e422f26ff5402442a946ab4f5e5de3dc,acd1c13a5ec47a1e
dataset/healthy/20220101_095109.jpg,3,healthy,256,256,5420,True,False,False,False,,2bbabf7725dcd5c1758057169a80ace24b61af596ddea768722838cb0b48c5d1,af90d02d2bf4b48b
dataset/algal_spot/image_0_1011.jpg,0,algal_spot,256,256,5758,True,False,False,False,,42cadfc4ac3b7e5b85a46548c5362e5a71215f0fe90d3e63a6e1f62e5a1f491c,af68d09735687266
dataset/gray_blight/image_0_1005.jpg,2,gray_blight,256,256,5369,True,False,False,False,,8638048e861d3038bacc7f697544dcb51aa6401676be924552d38a01472fffb0,aa3d95427abd2552
dataset/healthy/image_0_221.jpg,3,healthy,256,256,5718,True,False,False,False,,ab73741996cbf745538178f953e96edc8056b05ef46d0362c9ad1706fa6efe88,af96c06984721e3f
dataset/gray_blight/image_0_1740.jpg,2,gray_blight,256,256,4836,True,False,False,False,,ab59b38855eb4853c1dea1b309e1b1d98bb81e2f1429f6b317630cf023d41572,fec0913e60cb9db0
dataset/algal_spot/image_0_4059.jpg,0,algal_spot,256,256,5522,True,False,False,False,,8be393516144c31dd8634942cc3beafb23345300d472bd07d9a8789a66972243,e8b4964be16472b9
dataset/red_spot/image_0_1986.jpg,5,red_spot,256,256,5736,True,False,False,False,,fc0d57bdce599ae2140f3197c499e2ba59b57aad0c2914082991faa6ab2f188b,a8c3973c5a632d8e
dataset/gray_blight/image_0_763.jpg,2,gray_blight,256,256,6516,True,False,False,False,,a8baef24a3cd05946836bbfde7634733dffe6379bff09761203ccfc61f8282e3,eb6995b61e527029
dataset/helopeltis/image_0_1536.jpg,4,helopeltis,256,256,6207,True,False,False,False,,129ee359f9fc9f42721bb33e0bf7e43465fb97b34cc94ea4cea5db58a72ea822,fb97c2693c0e13c8
dataset/healthy/image_0_2004.jpg,3,healthy,256,256,5067,True,False,False,False,,51b1997b17024e2fb19404579f92d4a8634963ce9fad113c85aaf03360160496,f8b88743703c7791
dataset/healthy/20220101_092854.jpg,3,healthy,256,256,6168,True,False,False,False,,6ed47fb2a6276ed5da9b2796de27b480a9c6554f8d80b201f433596d5701562c,b019c16ccf66ce63
dataset/algal_spot/image_0_4260.jpg,0,algal_spot,256,256,6771,True,False,False,False,,8ada756c5e64164a8ff4e0c53fa6c6a52738641294db9de14db0fa9a4e74d0b0,fec0853f687047ca
dataset/brown_blight/20211226_001718.jpg,1,brown_blight,256,256,4930,True,False,False,False,,efe5eccdb1485462446f2e55a5766ddf9e403b25d2e6bf2f556062b15587b196,aa94956f6ad0851f
dataset/red_spot/image_0_1975.jpg,5,red_spot,256,256,5521,True,False,False,False,,4cc558dd2858b03ff3b0bdad747abf83c1a1013c7a8565ed8ddbc5fdac4c5470,a1b09ecb65956c36
dataset/red_spot/20211228_114830.jpg,5,red_spot,256,256,4384,True,False,False,False,,2443bd4460b087b3bf99f46f1f05497e09f728e1206a2a699d48ff0a6d05c52c,ea95856a3e85d05e
dataset/red_spot/20211227_160326.jpg,5,red_spot,256,256,4594,True,False,False,False,,d361498ddd74e95e53635895341e7d5d6cb0bc1b7113ce24e7b6ae2da0b01037,bcc0c33e6cc0978f
dataset/red_spot/image_0_589.jpg,5,red_spot,256,256,5410,True,False,False,False,,49060278b2169eb502404541566f0a7c0d6e6692eaeb3938dd7368c84dd4cf82,ea95d56a1eb5e082
dataset/algal_spot/image_0_2596.jpg,0,algal_spot,256,256,5154,True,False,False,False,,98a9b9b98cd81c2df3363dc93c0fe34099a7faacf1599b27d793ebede439b040,fc83933c69c3368c
dataset/algal_spot/image_0_4178.jpg,0,algal_spot,256,256,6507,True,False,False,False,,f9015568f9da3474a30bda708dab8aeaa02ebe8e4eb13deb85808bce4268ecc6,e843973c6b4266cd
dataset/helopeltis/20220101_102325.jpg,4,helopeltis,256,256,5148,True,False,False,False,,cd98a47fbc87d983550aa80e8cafe6bc5645dc1059118caa063df5eefeedca5f,ee84917a5ec5a09e
dataset/brown_blight/image_0_6695.jpg,1,brown_blight,256,256,5130,True,False,False,False,,2961db633ec6296386eff4b184887ebdb458a6f62a6d283bc16fb6a158e9da55,fc93cb64341a0f95
dataset/helopeltis/image_0_642.jpg,4,helopeltis,256,256,6333,True,False,False,False,,c3f017baa6965a19e7e0a48940a24c0ed02f440b864ac568276288def4859bf1,af95d44a09253f96
dataset/gray_blight/image_0_1678.jpg,2,gray_blight,256,256,5262,True,False,False,False,,1d14e4fc52828e9dbad90dbbcc45fcb14b9a19feada7b90fb1c3d986b60b0da3,bfc0c02f3c90d9cb
dataset/healthy/20220101_093752.jpg,3,healthy,256,256,4707,True,False,False,False,,769f5326ddb9f5e42c0ed4bd7f038a908e370dea939781d7095b6d055101bac6,bac0953f68c2979c
dataset/red_spot/20211227_155657.jpg,5,red_spot,256,256,5359,True,False,False,False,,097d602cbe6279e40e9d7ca8603bc18162b74010fdfad40399a0cecd49e0eddf,bfc0c03f0ff03487
dataset/algal_spot/image_0_3818.jpg,0,algal_spot,256,256,5332,True,False,False,False,,de6c600daebb7eda3d7af1faaf660caff4751f23c178c7ea07eb2739daedf276,b432c3cb2d36f033
dataset/algal_spot/image_0_2696.jpg,0,algal_spot,256,256,6153,True,False,False,False,,4e7187211d474e3f1fa4503868db44f11a452ebe0e97009fb37c9ce666694de2,af94d06a0ba53ed2
dataset/gray_blight/20220101_113637.jpg,2,gray_blight,256,256,5969,True,False,False,False,,dfb69f0ffd35bc26f65ef84c6eef9ddc93956a26100c7d5118445b543f49b3a7,e8ba97851a5a6363
dataset/helopeltis/20220101_115043.jpg,4,helopeltis,256,256,5307,True,False,False,False,,c8de3dc9023fe6dbfecc11a4d6a7e7db8ea4c733d8d8e024fdb4d0640b8c0549,fc82c33d3dd0908f
dataset/red_spot/20211225_230038.jpg,5,red_spot,256,256,5218,True,False,False,False,,954c242023098efb4f0fd182139aa44b11be0f68b2006b71cb236e4b4e32edc8,b186c6396db2b08f
dataset/healthy/image_0_3316.jpg,3,healthy,256,256,5178,True,False,False,False,,bbd4364e6c8a2082d10f03101d3f9c3f9b5487b89bccd53afdd84702ed6422d5,e89497693895e1da
dataset/brown_blight/image_0_5069.jpg,1,brown_blight,256,256,5127,True,False,False,False,,efbc753e9b8a11376b485b16b8018e3d2e2e76297cd35363934652603cc8bdc7,e8c3973c68c78c3a
dataset/algal_spot/image_0_3303.jpg,0,algal_spot,256,256,9230,True,False,False,False,,a21f569441f1b6934eb957cfbf1a1f65a8bda7457e9497c91a346f932bf95653,ba2ed0f04a032dbf
dataset/algal_spot/image_0_2902.jpg,0,algal_spot,256,256,4705,True,False,False,False,,1f9cf0501b385823c74ec654be3f87cbbd9bc142c55e47ac8d9f2e58ab958bd5,aac0953f6ac0959f
dataset/algal_spot/image_0_4227.jpg,0,algal_spot,256,256,5621,True,False,False,False,,47ceedc3d4a0d951016d4047efdd49b9b6b6b06ab57c206eb5c1c85c687c8e01,bd9ed2c06d873238
dataset/red_spot/image_0_337.jpg,5,red_spot,256,256,5746,True,False,False,False,,b41d8d850b6ca045b288868e37121e7252b77524b009fafd4fa9f2475dbbab67,ed699236e0c3366c
dataset/healthy/20220101_120453.jpg,3,healthy,256,256,4681,True,False,False,False,,82563ed30f98d4ca3be4e1714504427ac7598955e87e12f5b243265a314df804,fa95857a3c81d21e
dataset/red_spot/image_0_2140.jpg,5,red_spot,256,256,5719,True,False,False,False,,473f90e54c1533b825a1413d2bb3571167a585f5ff01b4f269f2f04a12735216,a8cb9634696b9695
dataset/red_spot/20211227_155453.jpg,5,red_spot,256,256,5087,True,False,False,False,,1f923985c5d69ccd5826e86b058863feb5d63d99524f3dd441a488080964c8c3,aacb91953f4ae0a5
dataset/red_spot/image_0_2982.jpg,5,red_spot,256,256,4487,True,False,False,False,,1f71438f2e2a5c9bb0ce8d88322de79d4c29835ff331077f93e7717aa05abadf,e1cf9e30614b66cc
dataset/healthy/20220101_100921.jpg,3,healthy,256,256,5523,True,False,False,False,,db83f57825d07c3fb3b2db16a7d95412cfebe236e8b3f1f0f2f71ebf49d478da,ab6a94943e1ef161
dataset/gray_blight/image_0_45.jpg,2,gray_blight,256,256,5612,True,False,False,False,,452cff09732bf2d61927ba8a53f5537dc5866f3b7977f50b626503d10d01d251,afe0923e64c3336c
dataset/red_spot/20211225_231220.jpg,5,red_spot,256,256,5764,True,False,False,False,,dad4c5152d26165e5ee432a82d62bbf3c5002066f871ecf6d86e5e9ff68d700a,abab94946e2eb1e0
dataset/algal_spot/image_0_3458.jpg,0,algal_spot,256,256,5441,True,False,False,False,,6a5e663a688c6a3989fae752a2dd8b12f39390e83f250b02ebce1821fd6e0d5d,bdc0d21e6d6836c5
dataset/brown_blight/image_0_1664.jpg,1,brown_blight,256,256,5498,True,False,False,False,,0e60e2a2e42d811f9fe46197f3b81bcec5acc1cb101b2c1589e38e458bc9b68f,bdc4933b64c91e94
dataset/algal_spot/image_0_3999.jpg,0,algal_spot,256,256,6076,True,False,False,False,,2557b23fd513b0558425950f8aa8a0dd5361077715af899d457d4ae712b01980,b2c9c9cccccccc8e
dataset/algal_spot/image_0_638.jpg,0,algal_spot,256,256,4967,True,False,False,False,,17ff150b463d014861744ea573458ebf0d04aaf9af3d11447858d6e3e886c8e5,f1cf9e30216366cc
dataset/red_spot/20211227_163232.jpg,5,red_spot,256,256,4849,True,False,False,False,,301bdd5eab44a4adc5b6856b6068c82ac163ba6b82e5ea572f0c2f90bd87766e,ff80d02f4bb0a5ca
dataset/algal_spot/image_0_3847.jpg,0,algal_spot,256,256,7498,True,False,False,False,,77fffcb18f4e9c4d2adb3479545ac2722ec16df4bfdf6882edbf1070652dcfa7,ba95c06a0f257e87
dataset/gray_blight/image_0_481.jpg,2,gray_blight,256,256,5855,True,False,False,False,,0d1b3130afd8a2a9295515580aebb9219f555e415f17cc669b0d2d0c4c2594f5,ecc99b3691332267
dataset/red_spot/image_0_648.jpg,5,red_spot,256,256,4802,True,False,False,False,,89182bde69ba5dce1c5d3c6a10d26653e4393eb249a4f1f9627ac77952947e9f,b0c68e386dc79e38
dataset/brown_blight/image_0_5757.jpg,1,brown_blight,256,256,7157,True,False,False,False,,79e28ba1114e3b2afc1b2e00f9cc0537c0242f25ae4bdab17f12d373b3e1dbff,ffca80157ee8e103
dataset/algal_spot/image_0_2242.jpg,0,algal_spot,256,256,6009,True,False,False,False,,546cbb845d126c501567bb7739b2a0e5210de57963b594ab93c427a20a3c48be,aa95d56a2b8560be
dataset/red_spot/image_0_1029.jpg,5,red_spot,256,256,5296,True,False,False,False,,f505cb98748e5c4ed1f924c5f0ce29b6a52179ca79c09a2db059b3d80c519848,b09acb6594e67319
dataset/gray_blight/image_0_1333.jpg,2,gray_blight,256,256,5101,True,False,False,False,,33e8d055e8116496cd7ac3d534d7235d5e1e853188b185a7d75d3836aa35563f,ba3c85c26a3db5e0
dataset/healthy/image_0_1320.jpg,3,healthy,256,256,4988,True,False,False,False,,ab0d68d98f9bbbd8be89f22f1443dfa653727b89e7715c138e8f39c0ba6556f8,b8c3873c6963668d
dataset/red_spot/image_0_1105.jpg,5,red_spot,256,256,4396,True,False,False,False,,98985ce6591ff212e2b5a2f7419c7e749c6e4b6c0bd9efd3d28106def11d0272,bc9cc2693d9670d8
dataset/helopeltis/image_0_3347.jpg,4,helopeltis,256,256,4929,True,False,False,False,,4be2f9ae922b40142e3fe247313486c0d6a1b11878dec069ae1c15c14aa1c8c4,b4dac32e92711d96
dataset/healthy/20220101_095339.jpg,3,healthy,256,256,4946,True,False,False,False,,a7faa55f4abacff2414e84351d1e9bcef5d2f776e29b629ab847aa12dd1b4b95,ef90d0692bb4e4ca
dataset/healthy/image_0_2291.jpg,3,healthy,256,256,4133,True,False,False,False,,75a00115e056c711184f8b5749d86ec5e54f6a099c9e2c923228ac50a1777765,bd2cc0d12f2fd0f0
dataset/algal_spot/image_0_744.jpg,0,algal_spot,256,256,4564,True,False,False,False,,cf694ed0178ce8ee954a75e4845a4977d4accb49a4e5c9a2fbf72af899071209,edcb92346dc26c19
dataset/helopeltis/20220101_101827.jpg,4,helopeltis,256,256,5760,True,False,False,False,,cef03d5280447a6f53f8d7c343bcd8638d8531643f91cfddb384b26d699ecfb4,b09b93d9cd648c66
dataset/red_spot/20211227_155821.jpg,5,red_spot,256,256,4816,True,False,False,False,,54cdc8892509191c3f0d498a23b6b1e56969634ff8f30e3dd328702c2f4254b3,ebc1843e6ac1b51e
dataset/healthy/image_0_3180.jpg,3,healthy,256,256,6187,True,False,False,False,,2b045f63de96a717d5f0b565b7a2df4563e385d249eeba61d44de63ab7e85446,eae1951f5a706983
dataset/algal_spot/20211226_101224.jpg,0,algal_spot,256,256,4954,True,False,False,False,,94876cef94aec987990d02615a1b6942aad8c02e60af5143a7ebfb5f0455fe07,b2cfcbcccc648c32
dataset/red_spot/20211225_230246.jpg,5,red_spot,256,256,5011,True,False,False,False,,268da1d1c61c796e65f9339fdf363033f6300fe25137424682d294c7058be471,a986926939b6e59a
dataset/algal_spot/20211227_154708.jpg,0,algal_spot,256,256,5504,True,False,False,False,,27e65f770f4aec6b2e49192339992f9cba3b32f352865033565d7b44657f831b,fa8e85e12b0eb4b8
dataset/helopeltis/image_0_4108.jpg,4,helopeltis,256,256,6669,True,False,False,False,,ddf755e3e8354e6e43336233f24715a81f6dab1981f17aca461d5c57a245f8a3,bfc0901fc878674d
dataset/healthy/image_0_1798.jpg,3,healthy,256,256,5622,True,False,False,False,,c5d0b3bcda587e3ec5f437665eb18ae22f2f16d48537d72c0f645fb4e4d78913,bb9f84e07895621b
dataset/red_spot/20211227_160225.jpg,5,red_spot,256,256,4839,True,False,False,False,,e5aedb865a8183599b7bf7e2689438f51983e048b9eb44b9a44968acc455e3b5,bec0c03f2af0a5cb
dataset/brown_blight/image_0_2911.jpg,1,brown_blight,256,256,5804,True,False,False,False,,9ddd264b397b380d084f91a7b3f12e2bc906d72b5e4532053a2bb772957d6219,ea52952d3af2610f
dataset/red_spot/20211225_224919.jpg,5,red_spot,256,256,5272,True,False,False,False,,497c111cac0c930f5e99c7ae958e3be765f7f479d9bb75c88e14cdca438cda53,a88787687ab5a1da
dataset/helopeltis/image_0_3168.jpg,4,helopeltis,256,256,5369,True,False,False,False,,036d95a1675984a0e337b736d40123ae554a1f09a8c028f430949c8761e3336c,b41ac9e4b26f3319
dataset/brown_blight/image_0_7703.jpg,1,brown_blight,256,256,5570,True,False,False,False,,5d8c6956a881b1bc4d66da68d262c1711a1cacac314bec939621d34a355bcea5,fe22c1d03a2be5d4
dataset/algal_spot/20211227_101139.jpg,0,algal_spot,256,256,4541,True,False,False,False,,a45e98aac801d9c2b9192f7e0cd7f80298ff03591e869dc3f33ba78b98df6804,ef90d00f2bf4e40b
dataset/gray_blight/image_0_2052.jpg,2,gray_blight,256,256,6327,True,False,False,False,,c085d88d84f53c41bee842f31501c856b28a38259ec949bb0cf67f5927064496,b689c3705e27b19c
dataset/algal_spot/20211227_135523.jpg,0,algal_spot,256,256,6869,True,False,False,False,,f9737e1ce2b981b36d6044651de1d7ea1d094aa952649b8e4b62cd1014cf6923,eaead5950ac23d29
dataset/brown_blight/image_0_5689.jpg,1,brown_blight,256,256,4678,True,False,False,False,,bd9846dab6511cd125b0b3cc2ac6a7629f0c8326d8f95a6ea50317f0d52ed32e,b5dac361349a69cc
dataset/algal_spot/image_0_415.jpg,0,algal_spot,256,256,5046,True,False,False,False,,e91f69674aaadf99774b0866d442e6787c8594fa408ba04d3352d3922e2f6df9,aed5d0c86e3792c8
dataset/helopeltis/20220101_095922.jpg,4,helopeltis,256,256,4894,True,False,False,False,,3e3f1af54841a1558612743adc4068039727ac709873f0b878c6fb65dbe7579d,b49acf65123939cc
dataset/helopeltis/20220101_103754.jpg,4,helopeltis,256,256,4140,True,False,False,False,,eab41525f51bcd809252b71301df42c5b73c346093e9e0741115c20626b6617c,f4c5cb3a66cc18b1
dataset/helopeltis/image_0_3064.jpg,4,helopeltis,256,256,6709,True,False,False,False,,3d390860a65ce24bd9d3bab20f5a9c7934d73bb2262b77a22bebcb7befa13759,e4cdcb4d98929365
dataset/gray_blight/image_0_3320.jpg,2,gray_blight,256,256,5442,True,False,False,False,,4cc50f7392eaf68499dfe49c0c10033b85d4ddb254e7cef8537515567ae5a695,fec2953d60421fcc
dataset/brown_blight/image_0_8264.jpg,1,brown_blight,256,256,4801,True,False,False,False,,0d9c4fc232138beaef59217039e89306b2145751fd6653354930a8dfad822e3b,be1dc14a3616cbe1
dataset/helopeltis/image_0_2833.jpg,4,helopeltis,256,256,4570,True,False,False,False,,b03ca49602085891ffcf85e00e6323aea1da4b73b165f66253eec5fd55638dab,e1949e6f6194866b
dataset/red_spot/20211228_123139.jpg,5,red_spot,256,256,4432,True,False,False,False,,f8814bed74233354a559ebdb206670e2cba9c9c2bd3a199a644ada3f0fec7de3,f8ab87987a65a161
dataset/algal_spot/image_0_610.jpg,0,algal_spot,256,256,5896,True,False,False,False,,d16573dc669def47db4c01a8fad005f0c97ece0dcdf75c7e2aa07f4daf32c7b5,ef94ca69341ae1d8
dataset/helopeltis/20220101_104053.jpg,4,helopeltis,256,256,6107,True,False,False,False,,802937e6c2d00d5baa7f79f24232d88e134e45c073d801dc60ad6e15280ad600,eb8b84e47e1ba3a0
dataset/brown_blight/image_0_4953.jpg,1,brown_blight,256,256,5477,True,False,False,False,,a2ac0cc51db8e7d1bfcbb148b3c43f42fd4adce955528452176b150d916ea47d,e9959662689dc7c2
dataset/red_spot/image_0_1971.jpg,5,red_spot,256,256,5253,True,False,False,False,,9e5beaaec70a7393bfb4463556995e5e297cd27bc904d160ec8467b204ac65ff,eec0813d7ac027e7
dataset/gray_blight/image_0_2969.jpg,2,gray_blight,256,256,6255,True,False,False,False,,077848b4983263e90ac61d3b8bdf13040c8d86cd3e130dcce8daaa6543e69fa4,fec2813f1ff06242
dataset/brown_blight/image_0_7206.jpg,1,brown_blight,256,256,5236,True,False,False,False,,99d7cf3dab96c302462e81ddce25d79a3d26d7553b2d990de3ab0203fe2409e1,b499ce663339992c
dataset/gray_blight/20220101_122117.jpg,2,gray_blight,256,256,5517,True,False,False,False,,74e4393d6995a89ef5714af52cf3811f74e91fca9978bfeaa71452a0fe526ad4,ff91c06e19b0ea49
dataset/red_spot/image_0_314.jpg,5,red_spot,256,256,5647,True,False,False,False,,ac473595b6f637e90b313488f12157f404984ee819de6f1f734a7f3833a9a4cb,b01ccf6731984e9d
dataset/brown_blight/image_0_251.jpg,1,brown_blight,256,256,6042,True,False,False,False,,20ce652364614e0ca2fecf549f641bfbf83ec48e2e098742c27e2a9f5a2363f5,fac2953548da17b1
dataset/healthy/20220101_104119.jpg,3,healthy,256,256,4931,True,False,False,False,,4175a4352efb4a7c5a9d69ed9302ec2aa7b517121dae9bf6f7e4b90ca195c5fd,a6719bc7c9cc09cc
dataset/healthy/20220101_100908.jpg,3,healthy,256,256,5199,True,False,False,False,,deba6980bc42f0d7d0aeb9719637f7b3c252229aff7db6a3b8f7c8b6a705d086,bfe0c0172f7ab481
dataset/red_spot/image_0_1311.jpg,5,red_spot,256,256,5695,True,False,False,False,,5ca5af363d660176b028e4f55941792df26f485e109f02f351f04ffe5349e460,e0908f6bb56472b9
dataset/helopeltis/image_0_1474.jpg,4,helopeltis,256,256,3370,True,False,False,False,,9f010fcb745702408c44e2a36694058dadc9591244fcb369920a768a6a900322,b399cc6633996c26
dataset/gray_blight/image_0_537.jpg,2,gray_blight,256,256,4924,True,False,False,False,,9e536a0dc7ef20fceed56da1e83083e64f7418c53f8a69c9b3c5b3dbb49996ea,ea95956a3ab5e0d0
dataset/helopeltis/image_0_990.jpg,4,helopeltis,256,256,5215,True,False,False,False,,c766e21028c21122be391fed1890a3360534624ed3379f6267d40ca08d3b1307,aad795687a85a51a
dataset/red_spot/image_0_990.jpg,5,red_spot,256,256,5459,True,False,False,False,,5922574932c2470c1400185f34ead1ff35bdc243a2490961a265f6f947083a3e,aaff95c0683d87c0
dataset/gray_blight/image_0_180.jpg,2,gray_blight,256,256,5601,True,False,False,False,,0e407656a9810f1266ee8a705031105644279b2f7c5fb548ddd2c86065a682ad,bfc0843f686843cf
dataset/healthy/image_0_548.jpg,3,healthy,256,256,4189,True,False,False,False,,124b588ba43c3720fae195a8748f0348e276509dac097f949e1eecab63e59f50,e9a992963d6ac0b5
dataset/gray_blight/20211228_134928.jpg,2,gray_blight,256,256,5849,True,False,False,False,,cf9e744bc53d010207b198c9e4ad123508886df21401aecc34f0dfa18046f3bb,fe80c53a0f656c87
dataset/brown_blight/image_0_8374.jpg,1,brown_blight,256,256,4954,True,False,False,False,,3bc67f9ebbd258f46339052bc4a4d24a395052ffc5a9a695dffb98fd49370eb1,b0c3db3065cf9ab0
dataset/red_spot/20211227_155609.jpg,5,red_spot,256,256,5452,True,False,False,False,,612344d67703f6006c0c322eed96f42e14665aa81d7f69e480962e941c266e12,bf84d06a0f343dca
dataset/algal_spot/image_0_3045.jpg,0,algal_spot,256,256,5547,True,False,False,False,,527d396df9d467367db3078fd4b1283dd3db293f73f2c532cb140218a8347689,ac9acbc9c466f360
dataset/helopeltis/image_0_4312.jpg,4,helopeltis,256,256,5443,True,False,False,False,,afd8c4021f06ea189dc3654ac80b7e0a45a58df62c3752c71d014fbc497f9382,aec8d13f4ed03589
dataset/algal_spot/image_0_3168.jpg,0,algal_spot,256,255,4974,True,False,False,False,,1a0308071584af20b9b42a27f0edf8299c23bf2314f1f773645a26c669f05936,e59bcc6692663331
dataset/helopeltis/image_0_100.jpg,4,helopeltis,256,256,6408,True,False,False,False,,9b2bb0aa3fd3632b319b5fed658794863a446b66cef71c0c5cc15ac190968089,ebce94614a5c9936
dataset/healthy/image_0_939.jpg,3,healthy,256,256,4637,True,False,False,False,,f3114c751857c41aa93a88803140907a38a24c95c49753d88e6cd62fb2e626b3,bcc3923c69c2963d
dataset/helopeltis/image_0_22.jpg,4,helopeltis,256,256,4515,True,False,False,False,,6aac662ccfd4b33d3951f926e12bd48dcbe55892d0b6df31b66be1ddf3987eb3,e592cb6532c9c7b0
dataset/brown_blight/20211228_125526.jpg,1,brown_blight,256,256,5362,True,False,False,False,,877cee6566105f4952e240b510b29703b5b032aad012f5a4e62e925fa2a7360f,ea8895b47a4be538
dataset/brown_blight/image_0_9008.jpg,1,brown_blight,256,256,5500,True,False,False,False,,3b74cb8f25486f10a91ac1ebafd2c558d2ce0d1ab0c08e860f3b084c04539754,aace953168cf9331
dataset/healthy/image_0_101.jpg,3,healthy,256,256,5177,True,False,False,False,,a5bc893db0740a023a20423fa2cc136a050f89e3594b17a8ab0751ac3101d8bf,b098cf67321e3399
dataset/algal_spot/image_0_581.jpg,0,algal_spot,256,256,5622,True,False,False,False,,b860193c4481df2efe0b52fb2e6a7c3441afec4da3a3eb8af38762fc40cd272b,afc0953f6ac025cd
dataset/healthy/image_0_2249.jpg,3,healthy,256,256,5046,True,False,False,False,,f66ba00bf4723242814231583d3b9f2878c7eb2c6c6a1a6fbeec442ced80c6f8,bf9ec261341b398c
dataset/healthy/image_0_1224.jpg,3,healthy,256,256,4823,True,False,False,False,,9d43bd0a589748b0792f64aca4edbfa1f62a38480f7984024a17a23f1404ef0d,af68c0973f68ea12
dataset/healthy/image_0_2872.jpg,3,healthy,256,256,5398,True,False,False,False,,f024a7d15ac564a9a5313b12ec056854307eb4bbeb2ba4977341e72379b7165c,ea95856a3db55298
dataset/brown_blight/image_0_8831.jpg,1,brown_blight,256,256,4726,True,False,False,False,,1bf8e58acd569a7b50c9bbb110153bb0f8c1c7db38a49f4e8175a0da2c4cef7c,bfb6c0c02f65b232
dataset/brown_blight/image_0_8410.jpg,1,brown_blight,256,256,5235,True,False,False,False,,f6ee1b2a27246607f787e73b2bd19046bf0129b386ca1a9f929cede4db01ee18,eae991946e4ab135
dataset/healthy/image_0_2658.jpg,3,healthy,256,256,4525,True,False,False,False,,e7c82bfa2ed8097e160df8d2bfee23bd4aee85807da672819c4fb2cfaa3aa730,e84397b4614b766c
dataset/algal_spot/image_0_1021.jpg,0,algal_spot,256,256,6394,True,False,False,False,,f3ec78840ea5bde5a1a992b51a0646ba5e64c0a684f164cff9dbea4d9f139d66,bf41d03c2bc0b4cf
dataset/helopeltis/image_0_2363.jpg,4,helopeltis,256,256,5019,True,False,False,False,,b900615bc43356b32a561e5655bfd6d63d023d5c3aa68609525548777d2529e1,e592da4d343c66c3
dataset/healthy/image_0_1300.jpg,3,healthy,256,256,4995,True,False,False,False,,15312e398a4300745c6ccf98c39256c2985a31fde1a1a3a549fc8a08ecaa4eef,f8638e9c314b6a66
dataset/red_spot/20220101_104435.jpg,5,red_spot,256,256,4897,True,False,False,False,,bd52bd5deeb60e1a69c832fddb1cd82bd8dadb2f2b8a064df3d88fdbfed32b12,fa95856a3e85621e
dataset/helopeltis/image_0_1604.jpg,4,helopeltis,256,256,6377,True,False,False,False,,39bb1626d3de4ded0b2b5c455d909cc34da13cd65c3158b794d66580eea42942,bf90c06f17361ac9
dataset/brown_blight/20211225_234729.jpg,1,brown_blight,256,256,6729,True,False,False,False,,9c36eddf5aa8e17451e5d979b7d821637d5c6a8388f498847753e968b2e77feb,bec8c1374f5a3485
dataset/brown_blight/image_0_5815.jpg,1,brown_blight,256,256,6711,True,False,False,False,,9dc9eccda182df34f23911e11a5e4bdbae7672cba61abc8f8de9ad1b8de68ff5,f030d2cf2f07b07a
dataset/red_spot/image_0_1331.jpg,5,red_spot,256,256,5219,True,False,False,False,,cda5f64469d5ae088a335bce196422ea989006537b3018b372d32ee1d7e969ed,e8349ecb61b56632
dataset/brown_blight/image_0_1684.jpg,1,brown_blight,256,256,5323,True,False,False,False,,666cea53f692d5e0bbfaccd9bf4e5209286ab6d8a5c8de072c8f62ffefbd8d6d,f9c2963869c1b61e
dataset/red_spot/20211225_224936.jpg,5,red_spot,256,256,5594,True,False,False,False,,beb0f92de7e8184bc6c2f2ed2fe6de91b4dc93750e9471db37cc97cb0f0179b5,a88e85397a87a1de
dataset/algal_spot/image_0_2349.jpg,0,algal_spot,256,256,7409,True,False,False,False,,e2a1258f0ae65f5e0acbe2f4756c3e9bec854095768e31517b3a336476926c46,fa4281bf5f506a4a
dataset/helopeltis/image_0_2029.jpg,4,helopeltis,256,256,5432,True,False,False,False,,edb60356e7913907503b05565776f331180879e36b100bb224180103b10d4c08,e4928bcd9c66e331
dataset/healthy/image_0_1414.jpg,3,healthy,256,256,5479,True,False,False,False,,b61a2c6696f0c25cc7613cf2cb244b78f912a38c824ff85e210abac626157ea3,bf37c0e8ad876230
dataset/healthy/image_0_1318.jpg,3,healthy,256,256,5435,True,False,False,False,,e85e8a4f7593145c84a1191b9327af2091b400f3fb1cf076d2cfb84dad10d373,af3f90c04a0ba57d
dataset/brown_blight/20211228_155121.jpg,1,brown_blight,256,256,5095,True,False,False,False,,d65bc7ddae99a2017bec976a0f204dfeba75d155a5a59a4682d964b46f29fa32,e98a9685785ae3a5
dataset/healthy/20220101_101033.jpg,3,healthy,256,256,4883,True,False,False,False,,172748741c408f79fddcf555884f12c065d01d7dbaba3670702d23fac10ec341,eac0953c7ac1e58e
dataset/helopeltis/image_0_888.jpg,4,helopeltis,256,256,5553,True,False,False,False,,57b57c8095014c3f216e312c92faf102f30314949424b535f4600f3782695213,bc9ec36134263b99
dataset/brown_blight/20211226_003208.jpg,1,brown_blight,256,256,5735,True,False,False,False,,dd1d0d7197971ff8174256f2256751925a9886c38277d642834b6b9662764b36,ad84927b3dc4e22e
dataset/brown_blight/20211228_153745.jpg,1,brown_blight,256,256,4688,True,False,False,False,,73a1e563f868603e4b3ad3dcd48eb9ee0332df50daf1ac2492810ad4087484e0,fab5c0ca2d35d2c8
dataset/gray_blight/image_0_3137.jpg,2,gray_blight,256,256,4909,True,False,False,False,,271ed95625bb41a9b43fde530fc6d6145acb9059621b0f863b59000809a28123,e9c7963c69433c94
dataset/healthy/image_0_224.jpg,3,healthy,256,256,4759,True,False,False,False,,a5b6984ab69c4f4f0b7182fcff7b851c6be6c3781b11dd7b1bdea0dbeb5dff36,bdc2923e69c3169c
dataset/algal_spot/20211227_151309.jpg,0,algal_spot,256,256,4756,True,False,False,False,,726faeafb482bdae6bc209dbe93f00cfc1dd7f34afd6316a16886941b1489c97,ff89c0942f6af085
dataset/algal_spot/image_0_3019.jpg,0,algal_spot,256,256,6044,True,False,False,False,,75c4c27de1690f4f3c9a1267f5e1f2aff7b99e46e306cdd1941721a2497e172a,ea9f95681a2761d4
dataset/healthy/20220101_103939.jpg,3,healthy,256,256,4373,True,False,False,False,,e8f3a5e1134a81608d5b7c04f51900361ddc334c8948842ed41538916a654407,bfc0803f68c097cf
dataset/helopeltis/20220101_100137.jpg,4,helopeltis,256,256,4728,True,False,False,False,,4f017cb0e622642ce3caed5a75f72290c225ea160dd7f94266dbaa433e89dfef,e98996b6309ac36d
dataset/gray_blight/20211228_135006.jpg,2,gray_blight,256,256,5361,True,False,False,False,,4a3aaf3d9107fdc1dbc0d481ce033a02edbab9f953c82440c1c0179c6133d83d,fec081b52ee0638f
dataset/healthy/image_0_3352.jpg,3,healthy,256,256,6691,True,False,False,False,,2524e44e6c7c781b0e8b540fa6dc643c47461c6cbb91d100aa3f928060987fb0,ab97c0ea8d65142f
dataset/gray_blight/image_0_3166.jpg,2,gray_blight,256,256,5261,True,False,False,False,,2c5c098fe72a5f62e40c320e5a7f30a2b371c67d65b941dc139301524f0fd964,ecc2953c68b6a5d8
dataset/healthy/20220101_103610.jpg,3,healthy,256,256,5357,True,False,False,False,,c92c9ec4611975e41758a6fa3efabf16ae062b51ced87f1ee930d28dfed0ee0b,eac0953f4bf0308f
dataset/red_spot/20211227_162112.jpg,5,red_spot,256,256,4807,True,False,False,False,,d2b5387e0bcf9cab3d9c2a4b5835846d78fa08327505b48c19e6d9a44962cb81,fb84c53b6ec0851e
dataset/red_spot/image_0_1842.jpg,5,red_spot,256,256,5660,True,False,False,False,,0777a40c2cb32577b84d9530d6fd997ce2360899787772f92b613cc6c68635cd,ea4085bf3ad0476d
dataset/brown_blight/20211228_131310.jpg,1,brown_blight,256,256,4719,True,False,False,False,,8faff8fd8b06c81d907ab2a2383e464dc427f82a25af5638a4c16d40536598a9,e9c9963469cbb438
dataset/red_spot/image_0_1649.jpg,5,red_spot,256,256,5523,True,False,False,False,,399c13658b4b9e3a19df1f6a3a0adf71f6c4ac6f7b03ab10ec65146db0cfaac0,aacad4854a563dea
dataset/red_spot/20211227_162002.jpg,5,red_spot,256,256,5625,True,False,False,False,,ad43f9ccbf339d4679d09bd5601db4725a5f1be2b14826a487818f385a78c842,ea91856b5ae43197
dataset/brown_blight/image_0_6526.jpg,1,brown_blight,256,256,5420,True,False,False,False,,41c91d38329b788e412e876081f5f564326ee42b72ca75332c42c3e611c28f15,bd9ac1601e8f61f2
dataset/healthy/image_0_1733.jpg,3,healthy,256,256,5474,True,False,False,False,,6622eaa8ab106694914f43d6f6d23f6bcd0204175a2baa2aa36e724b7624000b,e4ccd930cc33c799
dataset/helopeltis/image_0_3031.jpg,4,helopeltis,256,256,5511,True,False,False,False,,509a877830639a248551e4a4967c0c5090f5921ea838850bb3f9b303a47a02e8,b8c39b34656b469c
dataset/brown_blight/image_0_4527.jpg,1,brown_blight,256,256,5201,True,False,False,False,,f4e2709f34dfb2f09176356ed37e6c7e8445ef0a7fc52835e71495711edc0971,a8cb9e3465cf3ac0
dataset/healthy/20220101_091835.jpg,3,healthy,256,256,4667,True,False,False,False,,d6ecbd7acf8138d2fafc1fff3fd7b765eefb382902ebe791f51c4e79de6a972b,eabcd5c04a05357e
dataset/brown_blight/image_0_9496.jpg,1,brown_blight,256,256,5809,True,False,False,False,,819f685b4076e730b6ca0a00d12be5bde384436a8f0cb84ca8c55b68131086da,f8c3963c694b36c4
dataset/red_spot/20220101_104105.jpg,5,red_spot,256,256,5465,True,False,False,False,,744a86efdfdf1fac319f065934493ae4b2d1c25481fd41347c92c634663f086d,b0d9cbcccdc4cc26
dataset/brown_blight/image_0_4470.jpg,1,brown_blight,256,256,6250,True,False,False,False,,ed814ac9725a5efbd5f493ce8f237b99b6221733136c972b9ecd6875cef0a833,eec9993460cf3c68
dataset/helopeltis/image_0_3123.jpg,4,helopeltis,256,256,6030,True,False,False,False,,7a89da92adcfeb00e814837f28a7b5bd63deb7c0a8cb2de481f3de84411cfdb5,fec0811f58706b8f
dataset/red_spot/20211228_123253.jpg,5,red_spot,256,256,4756,True,False,False,False,,97b167bc109cca1cc7343539f0ad1df5b06b19683f0ab3f14b4755b2c8f76dc5,bfc0d02f6bf034c2
dataset/gray_blight/image_0_1932.jpg,2,gray_blight,256,256,6170,True,False,False,False,,29d92d38c15cf176bed6f627d2b698f2bfcbe8cb1f2cdb06cc2e508428271ca0,ff37c0c86d271232
dataset/healthy/image_0_3.jpg,3,healthy,256,256,5434,True,False,False,False,,cb91cb9352e10b55b8b2864f1acebeca35c4b5c4094912fa32231b27963b5fb6,af2f95d56a4a022d
dataset/algal_spot/20211227_135753.jpg,0,algal_spot,256,256,6231,True,False,False,False,,e2816ea13e1b32f0945cea2cbabb78a06c1c52c0bcd262f38c931ab021ce96f6,fa90856b7ab0a11f
dataset/brown_blight/image_0_6062.jpg,1,brown_blight,256,256,5523,True,False,False,False,,f8183584210329d18abd4bb04ee06fd49533499d20717481e034c89187d38f90,a1cc9a32666d4d79
dataset/helopeltis/20211205_161247.jpg,4,helopeltis,256,256,4403,True,False,False,False,,d45619b0ee7e5438291972ed7a7c3aa0762498c9fcffba8c8f1eab4e1e116051,e1869e7968968769
dataset/healthy/20220101_120611.jpg,3,healthy,256,256,5287,True,False,False,False,,6696859043a8c6aef97979c5e565a6d7a0a6baf81754a447947ecbebb39e767e,ff81c12f12b5cb42
dataset/brown_blight/image_0_6679.jpg,1,brown_blight,256,256,5731,True,False,False,False,,8c012ffb64fe90d64f34b4113ee2019d5ca4189832e3ad937a5a1a80da5643ce,bb1cc4633c9d93c8
dataset/helopeltis/20220101_104647.jpg,4,helopeltis,256,256,4343,True,False,False,False,,52f4e86c0e9455870fcd2532c4d1b0a7655fb16affc8fd9ff7b8a08f6f38b453,e1219e9761789e87
dataset/algal_spot/20211227_105637.jpg,0,algal_spot,256,256,7849,True,False,False,False,,7df981c284c56d0259fcb072d258b2ca2b3082d3c92c767f1a688b2806daf621,ef92912d1a746587
dataset/red_spot/image_0_1341.jpg,5,red_spot,256,256,5978,True,False,False,False,,6ddbdddf0fbbc9c3fcdc1c03b1cb74bfe1ff750854bc28bb773bd6614fc4fd01,bf95c0683d173299
dataset/healthy/20220101_104144.jpg,3,healthy,256,256,5694,True,False,False,False,,f1d450d8f703e5e39c32346005b9d211ffd470193cc1dbdb455a183e36dfac2f,bac0953f6ad00fd8
dataset/algal_spot/20211227_101555.jpg,0,algal_spot,256,256,4182,True,False,False,False,,6c2f92b9a3514f835c0454ae650311dff45df2f76a412b2ec89a9e3d8043438b,ea83857e7a81855e
dataset/red_spot/image_0_1618.jpg,5,red_spot,256,256,6167,True,False,False,False,,9fddf223ecebb5ffecbe6b535e4faf0642a5b2bdd71bf79b3cb4967607169d1d,ad96c2693c9772d0
dataset/brown_blight/image_0_5339.jpg,1,brown_blight,256,256,5602,True,False,False,False,,d1089f8f2009cc2ee473c6cb0ad21025d7684e37faf135a984ec37c89d33ef81,f067ce9831676c68
dataset/algal_spot/20211227_113251.jpg,0,algal_spot,256,256,5345,True,False,False,False,,740a0f76c67ca5c808c0fe1b326698969c611e790d7f9d46ab8edda6d2ce8ed1,ea9295395ae4e18e
dataset/gray_blight/image_0_2925.jpg,2,gray_blight,256,256,5600,True,False,False,False,,229b1788741391c90589ad5f38c11adee59ee6bde3ed4bc3c8bae9e0f9c1406b,f49acb618c663336
dataset/red_spot/image_0_3146.jpg,5,red_spot,256,256,4758,True,False,False,False,,8b23d59a85058523b16fa1713e0b364f1ccdf51d84983a4eeaa7ca5051434af5,f499cb253c92c32d
dataset/healthy/image_0_2586.jpg,3,healthy,256,256,4946,True,False,False,False,,5a34af2d825ecdbc8f59bb55d34f26117a89c259c8b3634465f6d5fad39a180c,af97c268341f13cc
dataset/algal_spot/image_0_3342.jpg,0,algal_spot,256,256,5924,True,False,False,False,,8a788d6476d3cec5cce1414e4b1b6d4400ecad2c465d23f61185fa2be4083319,af14c0e87cb67319
dataset/algal_spot/image_0_2188.jpg,0,algal_spot,256,256,5224,True,False,False,False,,0d591de6a9e1bd5816c1c07172025f7b9aa6623b54eb4a56a884075e499d123c,ed69c2963cc93265
dataset/red_spot/image_0_881.jpg,5,red_spot,256,256,4796,True,False,False,False,,1b4a83429a392fc7fc555cdbfc581bc80ebd957f0fe49254df0d5150b353c8c5,ad64c2963e69e932
dataset/helopeltis/20220101_105339.jpg,4,helopeltis,256,256,4810,True,False,False,False,,dcdc716b3dab118bbca5767be335a31eb690645aefcfce8a2cd9d53c90925525,fc1ecb60309b3b2c
dataset/algal_spot/image_0_1928.jpg,0,algal_spot,256,256,5509,True,False,False,False,,900cfdbc011eaa3959b8f09aa40b769737019a0ef9c63db54b334c4e923552f1,abc2953d69c2178d
dataset/healthy/image_0_2059.jpg,3,healthy,256,256,5146,True,False,False,False,,4d6ad87d9eba9489f64eb20b0c00588cd5bd874c99bd23383ff2a1411d986775,aac0943f7af0258f
dataset/brown_blight/image_0_6266.jpg,1,brown_blight,256,256,6802,True,False,False,False,,4bac68f9d750e4ab9a2c581f4668fc8949f27757124eee6cc601998d514c9de2,b737c0c82f8d346a
dataset/brown_blight/image_0_7249.jpg,1,brown_blight,256,256,5809,True,False,False,False,,8bba14e3beada739ca23bc1facfec74206d4322d85e63ca8aa91a31f858a8b67,ef96d0612d96c2e8
dataset/helopeltis/image_0_1553.jpg,4,helopeltis,256,256,5507,True,False,False,False,,11107f802fab2cdaff3c6a2eef4edfd7ef195e50d0b312cbc86d8ccd9e7e470d,fdc9c23624c9ca8e
dataset/gray_blight/image_0_3183.jpg,2,gray_blight,256,256,5330,True,False,False,False,,b3ba1e1e278e402dbba578c89fadb98227b9d9e8fa29e6fe715f439423c68184,abca9497386a478d
dataset/algal_spot/20211227_114209.jpg,0,algal_spot,256,256,4782,True,False,False,False,,c43fbc315d681c8aff4c0d84d6d28a56ff2b60cd1ccb0b45e9e1cf8a97eee2d3,eaaa95953e4ae0a5
dataset/brown_blight/20211225_232938.jpg,1,brown_blight,256,256,5345,True,False,False,False,,9ac216d96aeb5fcdeb50753a124188d526fee90c43027d26716abeb162f93678,aa9495686a97b4da
dataset/helopeltis/image_0_1501.jpg,4,helopeltis,256,256,4035,True,False,False,False,,9df55c07d983842dcd1a392ba14873915ecfb9921ddc88d52f9734188411277d,a61b9864679bcc66
dataset/brown_blight/image_0_7085.jpg,1,brown_blight,256,256,4682,True,False,False,False,,ce1c59e005b9809eff5ba77f1e9507d53a4de09233127bb21921ec1c560a33d5,ea95856a3a9dc172
dataset/algal_spot/image_0_496.jpg,0,algal_spot,256,256,6748,True,False,False,False,,36cdfc8c00012c1433570d6c1c70ebc32fced0edb381691836845a39bdd70920,ffc095259a33644b
dataset/red_spot/20211225_225900.jpg,5,red_spot,256,256,4982,True,False,False,False,,aaf8d45b5dd3297794bcb21ea4ce80a3044d3e24c7708cff1f7ea9071a38daf5,b89c85637a95b1ca
dataset/algal_spot/image_0_282.jpg,0,algal_spot,256,256,5775,True,False,False,False,,9d7fad1d7723c1b883900d6c833948ad1b9b29a0b66b321773dbce7554495df4,ff8b80a01f57e0e8
dataset/brown_blight/image_0_7727.jpg,1,brown_blight,256,256,5691,True,False,False,False,,b5b4297d25ab626cb88ebe20d1d682ecd8fb79f2cd1e3513c1cf32e7ba5761da,bf9ec06113936d8c
dataset/algal_spot/20211227_140226.jpg,0,algal_spot,256,256,5699,True,False,False,False,,4bb01f82aa6bf5c643e4e36ab1ecb1ca2baf7295842a24a0647e954c3f4a6692,faaa85953e5a60a9
dataset/helopeltis/20220101_120201.jpg,4,helopeltis,256,256,5844,True,False,False,False,,8988e228b2c86a6bd00626806ecaa185abd91dc8638a4acea99b0e6a564b2337,ea8691783ee1e09e
dataset/algal_spot/20211227_152438.jpg,0,algal_spot,256,256,5501,True,False,False,False,,61450709cf11254b34dfc6f4965c658c5b147f598869c647b3f181b64ecf3142,eac0853f7af068c3
dataset/algal_spot/image_0_3284.jpg,0,algal_spot,256,256,6300,True,False,False,False,,0f4d195a95de4cc64c4fb7706f1bba7da525047b9ca21f10be1b1aa4dec16d20,fac0853f5a606bc6
dataset/gray_blight/image_0_2369.jpg,2,gray_blight,256,256,5752,True,False,False,False,,e4c5e9179c897acba384cb2b6e5ebd570e93c9f9f5028f6bd2ecdbe868a6a0dd,e8b49f4b213c3693
dataset/algal_spot/20211226_103354.jpg,0,algal_spot,256,256,5485,True,False,False,False,,163d73ad62c65d2caabd7450feb11f70e87b0db3833dc1794f86a3c06d72153d,fa90812e7ee1a19e
dataset/algal_spot/20211227_104417.jpg,0,algal_spot,256,256,4138,True,False,False,False,,93615a812394bfc16aed529c15e309f15c871b1acbdb76de61e236853a7aeffd,f883973c68c1975a
dataset/gray_blight/image_0_1705.jpg,2,gray_blight,256,256,5572,True,False,False,False,,e7ee8b7a0c46ce3d8344860eb95f43b399b6affcf1fb6e37d402ab6fc328615d,eb4a9535614a1eec
dataset/healthy/image_0_422.jpg,3,healthy,256,256,5415,True,False,False,False,,48870fa0791bc5e9199a49d9dd319194993530c0c35ccb4b16131299986d69f2,a1ce9eb0d913666c
dataset/healthy/image_0_1971.jpg,3,healthy,256,256,5551,True,False,False,False,,dd2f61f4b646de94a982105a4fd96f3e3084489116d29ebd1799c7159d212432,ae97c1683c177398
dataset/algal_spot/image_0_2666.jpg,0,algal_spot,256,256,5386,True,False,False,False,,aabbb43724455a25240fed6c72ce1c82b851e1f7f415c59f63de604e6ffbc782,eae8859518d2636f
dataset/brown_blight/image_0_7984.jpg,1,brown_blight,256,256,6410,True,False,False,False,,d842a0e30f2e7e1fe86f8b64c9bf2299b749435cc5b35aa54ba60769551f28a1,aac0d53c6ad3b5a8
dataset/helopeltis/image_0_3809.jpg,4,helopeltis,256,256,5110,True,False,False,False,,d618313fadda3d3e89eb56fdc1edc98097966b420a8f15c84700dbb78c4f19b2,b4c1cb3e24c19b9e
dataset/red_spot/20211227_160622.jpg,5,red_spot,256,256,4962,True,False,False,False,,7b8fb8f2d43eda69c755e631d36a255b248d4bfc2118deaf90a0a92edd033eb7,fe80806a3fa5f0da
dataset/algal_spot/image_0_4298.jpg,0,algal_spot,256,256,7621,True,False,False,False,,78f6bb759efff06e320b7f9eb24a9e7f6960cfda06dd7b35aa7021583d89f2c3,bd69c025cf368c99
dataset/gray_blight/image_0_3104.jpg,2,gray_blight,256,256,5042,True,False,False,False,,8fa3b584ce3e9acc63739c8e3b200c67e792a9eaf7feecb0b85aa8fa8c26b248,abccd4622a85f55a
dataset/gray_blight/image_0_849.jpg,2,gray_blight,256,256,5989,True,False,False,False,,b75c9a76bf8b1a216a446d6837b76cce816796f934c192bf1eb57261e492eb95,e9cb9634c93266cc
dataset/algal_spot/20211227_102403.jpg,0,algal_spot,256,256,4809,True,False,False,False,,473ad212dbec4a4a368698d9b3fc3e5634b32332ebeef8058c5fe570462d00a1,e895876b7a25a196
dataset/red_spot/image_0_173.jpg,5,red_spot,256,256,5313,True,False,False,False,,9199d84b812b84063c254946c504df64f78d37ba9ea11d0f45e888dc916914ca,fabd85c068ac6732
dataset/healthy/20220101_104113.jpg,3,healthy,256,256,5692,True,False,False,False,,9aa1d234bf7aa089631eba742227ebc90d99f7fdb0c1814ee4ca057f9d231f47,afb590ca1e2571d2
dataset/helopeltis/image_0_535.jpg,4,helopeltis,256,256,5673,True,False,False,False,,95304b2d80bca9916a4e957ccae4a750eb6e2101f37cc73715c823bc052b23da,aad1c06a2fb570da
dataset/algal_spot/20211227_140046.jpg,0,algal_spot,256,256,5983,True,False,False,False,,378c568f4349142b43ccbf09b602c1ed351ca1bbead69f8f629fd55f7503d1ed,bfc0c03f2fd0b087
dataset/red_spot/image_0_1243.jpg,5,red_spot,256,256,4480,True,False,False,False,,ee0b4d762bc7551983245114b17bef6f8828b1cacde1ded20ed30222be64c43f,afc0903f6ac0973d
dataset/algal_spot/image_0_3070.jpg,0,algal_spot,256,256,6325,True,False,False,False,,145ff443551295b43b6aaac51a39718d818669e0fad4b8980a8d143dfaaea04e,eac297b5e10366cc
dataset/healthy/image_0_3096.jpg,3,healthy,256,256,7363,True,False,False,False,,1b5830b8014a7946a6c7fcf102df83f89ac9b3508cafad5419576aaae3e6b790,fac3953dd8346162
dataset/gray_blight/20220101_113200.jpg,2,gray_blight,256,256,6161,True,False,False,False,,b43748eab20ffde003e18d180f6c121253922f3f3f46f02e6dfd5272931967b3,fac285ad3ed0706a
dataset/gray_blight/image_0_944.jpg,2,gray_blight,256,256,5495,True,False,False,False,,854f5de60f0b5d00d382ce71d40e53302476e60877daf564737f8c0756459f42,f8c3973469ca268d
dataset/healthy/20220101_104154.jpg,3,healthy,256,256,4190,True,False,False,False,,db9a55e7b3fb10a991fe5c6293520fa15aacf4507d22ed2fe49ecc328f1fb34a,adeb92b06dcb9034
dataset/helopeltis/20220101_095455.jpg,4,helopeltis,256,256,5919,True,False,False,False,,ecc0b9eb896d1ba93815984806d96c31b78fdd352db31a0bb68f9a00da5bd138,bee8c1973d68c207
dataset/helopeltis/image_0_3428.jpg,4,helopeltis,256,256,4737,True,False,False,False,,ea48ae9fb2eed3a7d7d52bcea1b44aede244d709f0271ef87c0375f5a135ca17,b42bcb3435c3d23c
dataset/healthy/image_0_3302.jpg,3,healthy,256,256,4660,True,False,False,False,,1d12146252149118098737398b1e8431c70c3f16bdf2960aedea8b4d196a23f1,bdc3923c69c2368d
dataset/red_spot/image_0_2685.jpg,5,red_spot,256,256,5176,True,False,False,False,,3d21c2f40a245119e4e0eae74593751efa3852313d3c35d62ca5cb2cf297bc11,e1e58e9a30c37e64
dataset/healthy/20220101_091250.jpg,3,healthy,256,256,4296,True,False,False,False,,0f94a17e5b26d97e763281ef65adbdc607b05c9ec25e7c1bf44bd3f6fdbc7303,fd82c03d2fd0b40f
dataset/helopeltis/image_0_3755.jpg,4,helopeltis,256,256,4932,True,False,False,False,,b97d2497f101ae23dfc1b036ba84aaf27e2c7a9dbe2dc5fa9d614b89edc3abf3,a5cf9a3065cb3c98
dataset/brown_blight/20211225_233713.jpg,1,brown_blight,256,256,6298,True,False,False,False,,0a7465a52413fd066887507c25d1353ffe9fe432cf5f9c0691285a474ce55a9f,abc4d43a2fe1e08e
dataset/red_spot/image_0_2326.jpg,5,red_spot,256,256,5787,True,False,False,False,,0c90d1ca248c548ad858f056e740f964c04ab7dc18d8f9878a31909711c0a163,ea6ac6949c9933c5
dataset/gray_blight/image_0_2619.jpg,2,gray_blight,256,256,5104,True,False,False,False,,66050dec2bdb54f279755a42345687f4b939b77dff2ccdae8cce12da589329c3,fac2953d60c24fcc
dataset/algal_spot/image_0_3420.jpg,0,algal_spot,256,256,5630,True,False,False,False,,76efc9e03518f727772bf279b81c448cdfd5e7671fcb2e513c31e59b50fb974b,ffc0953fe0018fb0
dataset/brown_blight/image_0_707.jpg,1,brown_blight,256,256,4512,True,False,False,False,,9136cce47524c6172e62d7d2a86a0e9ba02e2752d12c5c3cfd96004d36b41473,afe5d81a27e10a1e
dataset/gray_blight/image_0_3939.jpg,2,gray_blight,256,256,5199,True,False,False,False,,279d1552f3bba64c52bf7306d6d3feccb0490df196a202e4ce37bcf952beacb3,af97c261b41e391c
dataset/helopeltis/image_0_2957.jpg,4,helopeltis,256,256,5560,True,False,False,False,,496a9737fe6b2afa7413d0a21c4b0f8edb9510882663381280f1870b412d8b57,ad96c269361f33c8
dataset/algal_spot/20211226_102108.jpg,0,algal_spot,256,256,4591,True,False,False,False,,1ef60268f5afb84a782d2416fcbb56c140eeb78f16f5a81507455b37c03b4762,eaaa954c7ab1a156
dataset/brown_blight/image_0_5187.jpg,1,brown_blight,256,256,5338,True,False,False,False,,5c0be2e960ddf58364cd24673cb70f5742293bcf4e6afb8ad1352182885d9b70,ff96c0603d9eca60
dataset/helopeltis/image_0_807.jpg,4,helopeltis,256,256,4429,True,False,False,False,,d435f649cd349bf4777f47c3eb8de1b0e8a9cc187d704e5afeecb99e9a134c11,b09acf65309acdc5
dataset/healthy/image_0_342.jpg,3,healthy,256,256,4778,True,False,False,False,,50fcf87f25374f0d4c19c5c320ac4f04c964e97a04bff21092d2e014c663ea0d,aec0913f6af0a58b
dataset/helopeltis/image_0_2763.jpg,4,helopeltis,256,256,6345,True,False,False,False,,b625d99606841fd30c289b2150bdbb70ac6f7d4f7e052922fcd8a6344e3ee1ff,fa85957a68a11e9c
dataset/gray_blight/image_0_2206.jpg,2,gray_blight,256,256,5669,True,False,False,False,,81ca1fbb74c7751504e7e4b1b25e53a139330a5171da192b608ac46628c05c0d,e834964be5ac6633
dataset/algal_spot/image_0_4271.jpg,0,algal_spot,256,256,7315,True,False,False,False,,ac492843bb995bdbc9bf030b4520aed7ea0febab345e7161b1ffa614ee7b42eb,fa4285bf9ab05551
dataset/helopeltis/20220101_091041.jpg,4,helopeltis,256,256,4768,True,False,False,False,,a1978bce20cb86fb56f0b0f35a851045d61a8d462978af5b140f9c50cb838fbf,eac2953d6ac0a59b
dataset/healthy/image_0_2755.jpg,3,healthy,256,256,5548,True,False,False,False,,470788082bf19ba7f1201d51dbee91b417ea43ca899f4796a19f516dfc7b9bda,b896c3693c63f984
dataset/healthy/20220101_085808.jpg,3,healthy,256,256,6959,True,False,False,False,,b0e15769d57d425a4c9977dc202a6ecb1b39b784ec55d7af22e926d403c55360,efd1d52e4b2594c0
dataset/red_spot/20211227_161212.jpg,5,red_spot,256,256,5008,True,False,False,False,,47a61b1c6c142a641a0958f4b40c7ee847f92ae5a8b92ea37564cbfced700f65,ebe2941d6b62a98c
dataset/algal_spot/20211226_102544.jpg,0,algal_spot,256,256,6815,True,False,False,False,,e4afde27993b3802bb5e2edf2ff8c254f6813dc422adaa198039d071754932d0,fea0811f5f7828c5
dataset/healthy/image_0_416.jpg,3,healthy,256,256,5324,True,False,False,False,,4605a1020237cd8f0b2d0d1c4b9b54dd741e7110f6207b5754e8a418ba2f592f,afbd90c06a2fa570
dataset/algal_spot/20211227_140533.jpg,0,algal_spot,256,256,7672,True,False,False,False,,2e8455dc4883f3eac60f72df4440f9b2b62b66f43adb47311d90e642431a2325,bfc0d03f4a34a5d2
dataset/algal_spot/image_0_1874.jpg,0,algal_spot,256,256,8214,True,False,False,False,,7fb309376c4dea3f73d24f17bfb49b40071a9990f2300e38b80fe0d84fbd10f6,ba95916acb253c96
dataset/gray_blight/image_0_2623.jpg,2,gray_blight,256,256,6423,True,False,False,False,,99ea825224b495751b0b84fde55b487681d1fae6ae44bf85b11e1dac4e1f38df,ab52d4a881b55e5e
dataset/brown_blight/image_0_7705.jpg,1,brown_blight,256,256,5495,True,False,False,False,,108f8c15ea941ca85804d84795e3fe51fbc63ebb0098c2f45b751e48812c3b58,acb1974e60b79e48
dataset/gray_blight/20220101_120702.jpg,2,gray_blight,256,256,5067,True,False,False,False,,f99142bd5414a648ce53ee8cc589bbf89115bbeee8c0a47147b6bd3fc3492e00,ef86902fc7941b61
dataset/helopeltis/image_0_2910.jpg,4,helopeltis,256,256,6413,True,False,False,False,,15e8f458f6e2000e54aa450475e1fa26de8693b7916463f70810b51861e24692,b219c3e1c9f1c8e3
dataset/brown_blight/image_0_9767.jpg,1,brown_blight,256,256,4431,True,False,False,False,,3ddf152925acc5dfe39e6fec668c2ad8596bab5536832d99b207e5fed062d6ed,f1928e653098cf67
dataset/gray_blight/image_0_848.jpg,2,gray_blight,256,256,5703,True,False,False,False,,e4c30ce22687c04108c9b99e467d655646c734c8d7ff9748d7faa52fa2c3dbd2,e1b09a4dcde46693
dataset/red_spot/20211227_162304.jpg,5,red_spot,256,256,5454,True,False,False,False,,e974cbc83548466bac5aec2de3e2040fee2a34ee202968122c560cc3806618ad,bfc0d03f68f0258d
dataset/brown_blight/image_0_8448.jpg,1,brown_blight,256,256,5488,True,False,False,False,,b818c0ed9d68f30006a81c0dfbe0874f4e33b372ae50126135b079ba895b5301,a996ca69349249fd
dataset/healthy/image_0_3690.jpg,3,healthy,256,256,4437,True,False,False,False,,6559e7c0be5ec862c3e23a062e43059a80266c7766fb2e52440bb1867064db36,be9ec0613d967258
dataset/helopeltis/20220101_093338.jpg,4,helopeltis,256,256,4581,True,False,False,False,,0e9398bcedfa2737f00854f0a922082b3c9ff1149bba07dcfaf88cdca8442242,fb04c47a2e95f04b
dataset/algal_spot/20211227_132727.jpg,0,algal_spot,256,256,4863,True,False,False,False,,db7ec9cde10d91e89395158a269d10a186fb0cb05ab424b36e15847a088be2c2,fab5c1c06a2fb1b0
dataset/gray_blight/20211227_162914.jpg,2,gray_blight,256,256,4701,True,False,False,False,,d58005c9059a5adafefdaee7f87dad602c97a9f117f4ec13607af93f8faa3534,fb82c4b52b4af0a5
dataset/brown_blight/image_0_4633.jpg,1,brown_blight,256,256,4867,True,False,False,False,,4b06c4efce77b2049f277ba0b36927b13f9ddf09e2b1d563f86858992090394d,b49acbe5361e3330
dataset/gray_blight/image_0_3039.jpg,2,gray_blight,256,256,4505,True,False,False,False,,ae9647233e411dd58ea656d8a0154e333a842617bb1b90cd9ea0399970581246,eec0953f42953d62
dataset/brown_blight/image_0_3139.jpg,1,brown_blight,256,256,5577,True,False,False,False,,c72f964e6c0415f9ac56d81bcacab01f3bbe1b5c230f6101f0a5db6c083b4f76,bc96c3696693389c
dataset/algal_spot/image_0_3377.jpg,0,algal_spot,256,256,6137,True,False,False,False,,ff5f50649867dc2963fd98eb2ab9c2edb7a59a3759e2629e9ef1c7a370153566,aa9d876231bc7299
dataset/healthy/image_0_2132.jpg,3,healthy,256,256,6140,True,False,False,False,,a6a622d8c4cd7371b9de6f00c2a9093b1c80ab9b62ffd5d72d5c0b2d914abfa3,ee97c14a2f27309c
dataset/brown_blight/image_0_606.jpg,1,brown_blight,256,256,5466,True,False,False,False,,d20e5c3a59b4df40c583969407e278e8207e1007194b7182362d2abaaa5adadc,fbc2847dc2872ed0
dataset/healthy/image_0_1929.jpg,3,healthy,256,256,6371,True,False,False,False,,6d06d73cd6a6e26f94dd13a4b232a2e7d1d9c31009bc2a9cd1e4aae866cd5ceb,e8c3973cd0336b4a
dataset/helopeltis/image_0_4110.jpg,4,helopeltis,256,256,5666,True,False,False,False,,645dd5343c7f0b7401f56197956cbbe8aa193e8ae69256ea1b7144b82bd750e5,bd9ac1619633996c
dataset/helopeltis/image_0_2811.jpg,4,helopeltis,256,256,6267,True,False,False,False,,0b84cc6513bedb859339451d29d36a4747c3e61d0043f5a54d334681d50a9dde,e8cf95b4c332474a
dataset/algal_spot/image_0_601.jpg,0,algal_spot,256,256,5591,True,False,False,False,,dcf264aa533bb8207bc31aaeeac8061626f87d1ecf15db9427530d540d152a52,aa95c56a3f27309c
dataset/red_spot/image_0_2944.jpg,5,red_spot,256,256,5215,True,False,False,False,,d90179afaffc408f67f9b004ec092ecec5324b1a7ac0b21edb7db8f75f77f104,aa95c06a3fb5d08b
dataset/algal_spot/image_0_2499.jpg,0,algal_spot,256,256,5891,True,False,False,False,,40653d8d09c2c1b3f1ba4a904df32f6acba82ae31255d47621f70be35cdb0416,af9dc060b5673299
dataset/brown_blight/image_0_1283.jpg,1,brown_blight,256,256,6050,True,False,False,False,,a2f05d273e6139c6ed82f6ea6782de604d9a1f606251b0726f96898154a13468,eec3903f4b602d99
dataset/healthy/image_0_1479.jpg,3,healthy,256,256,4964,True,False,False,False,,a8000959d4253af77f0c52c312388ee22880dafd0880146b38502d612053adf6,e7b39acc994c2598
dataset/gray_blight/20211228_152851.jpg,2,gray_blight,256,256,5615,True,False,False,False,,728feba5793cf2a01094234232e3e58e283d1dbdb5a2d501c78cca4b1ed16484,ee93816c3ea1e09e
dataset/healthy/20220101_122012.jpg,3,healthy,256,256,4968,True,False,False,False,,e9b70fee34724b9145e61faf23699e0ec536b96fa27823c347eae672bbdef65c,ff81902f6ed00f0b
dataset/helopeltis/image_0_673.jpg,4,helopeltis,256,256,5467,True,False,False,False,,3dae360a08a6737da901ab0000cb07ddf65f7160d6811d43f7fcfccc70943661,b49acb653633c9c8
dataset/red_spot/image_0_1867.jpg,5,red_spot,256,256,5544,True,False,False,False,,e1b9c735b1d199ba43b9df23e65d8e34c52ce5dfcc2bed38db60a218525607eb,af9dd0602d1772b8
dataset/brown_blight/image_0_6214.jpg,1,brown_blight,256,256,6431,True,False,False,False,,8645db01cc7c3de96d0b3f4e7c569ef76128eb6604f14c1ee153486201f06037,f9c0973f693134c8
dataset/gray_blight/image_0_179.jpg,2,gray_blight,256,256,5667,True,False,False,False,,a4bc4cb036c50a2278f1943504839e019c2108a03137932305f90669579a4ba4,aa95d06a3f81d2ce
dataset/gray_blight/image_0_134.jpg,2,gray_blight,256,256,5025,True,False,False,False,,f273c519c8af5cc200870d8dd5eaf22003414e51e84b4c83d0d036e9d8fc0d16,fa60819f3e68e187
dataset/algal_spot/image_0_1980.jpg,0,algal_spot,256,256,5687,True,False,False,False,,d75ddf98d3943a104d17529ddba01870fc63ce338d1ca56fe71ce5cd580b31db,e792c6599c9998c9
dataset/helopeltis/image_0_1324.jpg,4,helopeltis,256,256,4208,True,False,False,False,,5c8bf94763b8034eb7002d5902a87028c50269f1e304c3e1f41535b73898cbcd,b3cc9d33666624cc
dataset/algal_spot/20211227_114623.jpg,0,algal_spot,256,256,5227,True,False,False,False,,33196bae84701eabe0fd4f2029d057a38e59164be847b6681d7494503c75d8eb,ea93853c7ae0619e
dataset/gray_blight/image_0_2328.jpg,2,gray_blight,256,256,5759,True,False,False,False,,3db92ad56acf5596f252ae4ac023ba86ff3e5ddf5074c939271abda4217d0ecf,e86acb95349991b6
dataset/helopeltis/image_0_2143.jpg,4,helopeltis,256,256,5169,True,False,False,False,,599db7036ed888b1f73a2fac9b886a822bee532079371c9b0a8a9c38fbbea7aa,e9cf9630654a6cc9
dataset/algal_spot/image_0_3753.jpg,0,algal_spot,256,256,5974,True,False,False,False,,a1a6701d854d8d9ca3f520168d4a5199b273f67df5920073fc97398e8b9395ef,f4e5cb9832652d46
dataset/algal_spot/20211227_151700.jpg,0,algal_spot,256,256,5308,True,False,False,False,,2c24afc50576bc42993d065762c97d49cd479263048ec2b9f3cec108dbb796cc,fe80853e6ae0a58f
dataset/helopeltis/image_0_1154.jpg,4,helopeltis,256,256,4645,True,False,False,False,,6b0c4d96106b91a5b77206c4535f148c657ffe30c987a857e4c88eb149bd7e09,e837974864b7ca4c
dataset/helopeltis/image_0_695.jpg,4,helopeltis,256,256,4776,True,False,False,False,,d3c6ebcd2707d5ef43c2c7a1624c5ac4a025814416cd4fc99594c3db70bc2b08,bdc8d03e6dc0968d
dataset/helopeltis/image_0_1697.jpg,4,helopeltis,256,256,5938,True,False,False,False,,266cc3b839d32818e695ca9ede20e012ed63dfd1c12269e9e55b5083c9cc34e2,b49acd61b06f994c
dataset/healthy/image_0_1758.jpg,3,healthy,256,256,5792,True,False,False,False,,ca78591ba8e59682c439d5eb33850ec81ae0dc6b16c5e6c0a92f3538b4bc7a30,bd9ac1609a399c67
dataset/brown_blight/image_0_5382.jpg,1,brown_blight,256,256,4403,True,False,False,False,,db464570ddfc5921c03a2a615bf735d2f4dccc3742c28609e688e508ea0c8253,e86a879c31634e7c
dataset/helopeltis/image_0_676.jpg,4,helopeltis,256,256,4599,True,False,False,False,,5a27e109a50536ec8cb9fb99b6d389abcdf8f621eb2ccba2a4b2b19b399321dd,e3b5984a65b35a86
dataset/healthy/image_0_183.jpg,3,healthy,256,256,4863,True,False,False,False,,dd86fde2dcc9ebededc2c7352434218afaad6259971402c3df6cda99ad26add2,ea6a859d38c2476e
dataset/gray_blight/image_0_986.jpg,2,gray_blight,256,256,5591,True,False,False,False,,c9068a80142139d9c4683a4ac1894085934138365ed791f5e9fb2c6a6f3c8015,ea97c4683c9752d8
dataset/helopeltis/image_0_13.jpg,4,helopeltis,256,256,4397,True,False,False,False,,2d6d2d099c01f4eeeac70ddc07e24da9ff928b7055c2c4a65905c948b76f1ca8,bd9ac2613f96e0c8
dataset/helopeltis/image_0_4127.jpg,4,helopeltis,256,256,5926,True,False,False,False,,821fc53817bc9e8e234579bb6a0069b4c3c8eafda7a92917b30deb037c1cbf04,b4c5c312cf389bc6
dataset/red_spot/image_0_1195.jpg,5,red_spot,256,256,6319,True,False,False,False,,785aacc5b3741f989bd15f1894ebdceb92a0b85623452231629074479e67e233,a2c2953d6ac2b5ad
dataset/healthy/20220101_101054.jpg,3,healthy,256,256,4920,True,False,False,False,,3661a3b3300794a42ad10830d9a761d8b6ea6b8fb973af3a0486de140b57b811,ab6bd4940f1b1e70
dataset/algal_spot/image_0_1146.jpg,0,algal_spot,256,256,5995,True,False,False,False,,22f51e7be36e8e50251afa0aacaff72803acdd1a02f04b8da568e0f462579238,fbcac0951d7a7043
dataset/helopeltis/image_0_3661.jpg,4,helopeltis,256,256,4831,True,False,False,False,,0a29292ac67c67f06cd2641626b49ae99279b2c85a713fe0d894b4837d04efb5,a1cf9a30674d2ecc
dataset/red_spot/20211228_122751.jpg,5,red_spot,256,256,4902,True,False,False,False,,d46dd32038310b2935dd3231adb008f8d5148898e990e5e7397833789a397c88,fe80c13f6ae007cb
dataset/healthy/20220101_094425.jpg,3,healthy,256,256,5072,True,False,False,False,,4141dc0df817d244b2ce5d3f70ac8af31873cc259948d7ff3f31bc82e7e4f31c,aac2853d6ed0e18f
dataset/red_spot/20211225_225839.jpg,5,red_spot,256,256,5487,True,False,False,False,,d30efcf1e84a44ae5263bde1f578c41eb520e35b4b9f24e9846d792e7e3b3ab3,b882853d6bb0b4cf
dataset/brown_blight/image_0_3180.jpg,1,brown_blight,256,256,5338,True,False,False,False,,1a717cbc1a5566f9c548c4f547d76987d2f5f85e30c9153a8f25ad9b1e7cfe58,ffc4c0193be4911b
dataset/gray_blight/image_0_2441.jpg,2,gray_blight,256,256,6110,True,False,False,False,,2d3b0768cf372a451068497f6883c7d9254c091d415c4aff1ec59628f3cc89ec,bc3ec3e1c8cc269a
dataset/helopeltis/image_0_2261.jpg,4,helopeltis,256,256,4001,True,False,False,False,,1955a41d74e7ad9ef058b04574e94f05e1e047e338c8080d484d65ecdcb3d663,e69b996c23934cc9
dataset/red_spot/image_0_1890.jpg,5,red_spot,256,256,5664,True,False,False,False,,0113b77e02ba635cbba8d75e2f47bf1c5e5dd6d2f6be9b2f86ad4ab0da4238e5,be9fc0e00b27343e
dataset/gray_blight/image_0_3898.jpg,2,gray_blight,256,256,5075,True,False,False,False,,3599ac733d478974dec610cafe4d229bd09e2e343f102a485065c45ca6440ebc,f5cd8b30a4c73664
dataset/red_spot/image_0_1553.jpg,5,red_spot,256,256,4982,True,False,False,False,,5c1f1c99b238c03b6f49f814f5306c75815be6dc94a0969357f2de55ade5314f,e1c79eb0616366cc
dataset/helopeltis/image_0_2079.jpg,4,helopeltis,256,256,7561,True,False,False,False,,8ef3e47db160342befb54a4c9bea875642cecfcb66e7e0666acfea40e4444359,fac5956a7027ca94
dataset/algal_spot/20211227_135939.jpg,0,algal_spot,256,256,5945,True,False,False,False,,bc43be5025146d5320c3dc31a206f73b20544a559d3b6f6744e5cfd427271ebc,fa95816a1fa1e895
dataset/algal_spot/image_0_1030.jpg,0,algal_spot,256,256,6576,True,False,False,False,,09bfbb80d846255c61759952493bff1a3c9c6c314233b8a267b6fb9f5ddba54f,fac0953f6ac0078f
dataset/helopeltis/image_0_3983.jpg,4,helopeltis,256,256,4827,True,False,False,False,,b92a35929265752d38bd364bb80b0b115b385e73444528397d8c85aee32f570e,e1ca9e3065cf9e30
dataset/helopeltis/20220101_093941.jpg,4,helopeltis,256,256,4538,True,False,False,False,,09a6dbe843c11b5c3ad48ab1c33d317f777d4273e0abe71292f16a7b34cddb0a,e8cb943463cb3c95
dataset/gray_blight/20211228_134806.jpg,2,gray_blight,256,256,4508,True,False,False,False,,fe240070feb85fa633afbbe289d90130eab77c2bce59c31bdcb4e7255e057609,fbc4843b6fc0910f
dataset/brown_blight/image_0_8611.jpg,1,brown_blight,256,256,5450,True,False,False,False,,dd6918ad4de0024376614a25ed8af5e441fbf869e4693b2fc2c5168162828dea,ebc8923564cb4ecc
dataset/algal_spot/image_0_2282.jpg,0,algal_spot,256,256,7435,True,False,False,False,,a2f71c9dbff2259ea19acc009530675d72c648f5f365621862ef2eeaefb3bdb8,fec0813f6a7064c7
dataset/gray_blight/image_0_1080.jpg,2,gray_blight,256,256,5491,True,False,False,False,,15f22efb3469fb5bbf64a8ad7ed9792993b936b70b1d698fcec118bb9689e2e1,b2c6cb9cc938c933
dataset/algal_spot/20211227_151410.jpg,0,algal_spot,256,256,6588,True,False,False,False,,852533601e50585543b59feeac8ba2c95cec31b32aedf58816c870598149d96e,ebaa95b04a822f5b
dataset/gray_blight/image_0_2318.jpg,2,gray_blight,256,256,5122,True,False,False,False,,a1c188fa924d2c1e22c0215092fba9c24e99c17313b2fa92052aa99ea4503c98,e897c36895c3d82d
dataset/brown_blight/image_0_9527.jpg,1,brown_blight,256,256,4958,True,False,False,False,,8684c7ac8856a88c39ffed00e38815e799934ebcb767ef674efaa8aa04874b9b,f3ce8c3068cf9394
dataset/helopeltis/20220101_094358.jpg,4,helopeltis,256,256,5871,True,False,False,False,,96af891b61f4a63cbb1cc8f144255382bd68e0117c55308dc7fe19b6cf0449af,abc6d0394bf03587
dataset/healthy/image_0_497.jpg,3,healthy,256,256,5133,True,False,False,False,,f3637c5152cfd8f3785e97acd8da32944f267d58014c24402ad96f158c848555,e8c2953d78c2672d
dataset/brown_blight/image_0_5795.jpg,1,brown_blight,256,256,4972,True,False,False,False,,44d6178ccb718b3009eca088b02d380ccfcad3ca78d69b98b84724fd3ee7f788,a8b49f4b25b66a31
dataset/gray_blight/20211228_140946.jpg,2,gray_blight,256,256,5954,True,False,False,False,,bd3035365847b0ca56142c01beb885725fab47e0e2ebab42d801bca6aa05f682,b88f94604e3e27d9
dataset/healthy/image_0_2657.jpg,3,healthy,256,256,5405,True,False,False,False,,9e2e7aff235db0482a32170c5919b051d859cd92aacef59489614ca17aaefeb2,ed96c269341f499c
dataset/healthy/image_0_2633.jpg,3,healthy,256,256,4495,True,False,False,False,,6a0f76f9f5c4b93de901babb23e196d995b256ac5a91077c009633e9d929e995,e8c296386bc6bc99
dataset/gray_blight/image_0_114.jpg,2,gray_blight,256,256,6946,True,False,False,False,,d58a1b944c95eada82a77f489fd227bab466c05404c16577f135aa80dbc403ad,bf9fc0682736184b
dataset/red_spot/20211227_155722.jpg,5,red_spot,256,256,5526,True,False,False,False,,183a2996e95a9b276a3a1370ac253d02294f60196195d3cb2ee3a9a32c7b2161,afd1c02b0ff5d282
dataset/gray_blight/image_0_2284.jpg,2,gray_blight,256,256,5773,True,False,False,False,,8635c410fcc5b08c309cc98cb84c6767f319727f31e4236bdee3490b4c7a262f,b4c79b3ccd30c133
dataset/brown_blight/image_0_6690.jpg,1,brown_blight,256,256,5024,True,False,False,False,,0cce6e9f77b423a2a23c9cce7fa5a137cd3e4c06838cbcaa3729dde951f12a68,e9309ccf67b1183a
dataset/helopeltis/image_0_306.jpg,4,helopeltis,256,256,4756,True,False,False,False,,adbebc44bd3bc2f05fa2ea17b6a179983759f748db586782c2833f8be4e441ae,e092c7693ce6d38c
dataset/gray_blight/image_0_943.jpg,2,gray_blight,256,256,5442,True,False,False,False,,347f63e4bec6a502b66bb717b4451816a8cc74fd209bba2255ded7f4adab25f5,fc9ac3643a1d31d8
dataset/helopeltis/image_0_4109.jpg,4,helopeltis,256,256,4641,True,False,False,False,,06223087e7065d8e9454e396249807d1a15c0bbe63784a0edae993939383b256,b6c2c93c36c3996c
dataset/helopeltis/image_0_1532.jpg,4,helopeltis,256,256,4252,True,False,False,False,,9cfe4f6ba9404302b2fef223f2309ed7552e883f4521ccc262ad6819808c0305,bde1c21e3de1c216
dataset/brown_blight/image_0_8827.jpg,1,brown_blight,256,256,4764,True,False,False,False,,a0e9c10ad3b7f07b5428d047b584a1ac75d4c22120bd8c6bb35aa59cc19daea2,ea6ac4953d796a42
dataset/gray_blight/image_0_2368.jpg,2,gray_blight,256,256,5567,True,False,False,False,,7af0104b171eb99074b09b33d42737301dd30dd0bc37d953a382d5f0bcf8dd32,af9ec2613c1f07b0
dataset/algal_spot/20211227_152456.jpg,0,algal_spot,256,256,5337,True,False,False,False,,606a181c55c77a71be44d4a1fb4aa4d6edb1f1f4ce82e2ff21c44a1cd264b797,fbc2943f4af02983
dataset/helopeltis/image_0_1394.jpg,4,helopeltis,256,256,4598,True,False,False,False,,703f3144b486a9185ef7c5b7d4c5d622773b78fda2edaa3688a767dd731cab88,b067cf3861e69899
dataset/red_spot/image_0_388.jpg,5,red_spot,256,256,6403,True,False,False,False,,bc3b181ab0824af04c8dfe973a70d65a46199459f8d00c185b4c60ceeec24497,e894c763303e3b99
dataset/algal_spot/image_0_3643.jpg,0,algal_spot,256,256,7380,True,False,False,False,,b41ef16f366f2940e47f740f86abd264d0a15bc525ce017b198b313d88a3c1cd,be9d85604a37399a
dataset/red_spot/image_0_3028.jpg,5,red_spot,256,256,4976,True,False,False,False,,d406ff57463c62c9b0613e1b66ffc312bbeee3682e2cfbfe6d3db7f85aac8344,ec6387963c4b6325
dataset/gray_blight/image_0_1859.jpg,2,gray_blight,256,256,5894,True,False,False,False,,e3e8de043fdcee421687bca14baeb6a24cea0e183a80a304662f534abb0815f5,af97d0c86d872730
dataset/brown_blight/image_0_9428.jpg,1,brown_blight,256,256,6979,True,False,False,False,,640d90fb7316503a215ba3998d48844b44d932abf0a14a067ab48c7c170200ea,af35d26a2d8462b3
dataset/algal_spot/20211227_130246.jpg,0,algal_spot,256,256,4800,True,False,False,False,,8b4ae092b6fd1f35b5b78060be17575d539c1c581b3cd89fc4c549e2f6aeed25,fa84953a6ac1b51e
dataset/helopeltis/image_0_3081.jpg,4,helopeltis,256,256,4589,True,False,False,False,,21c2200e993c377db504d801a77ff22db36c5a5c0a9626b06ad8fa65ef367704,bf92c0693f92e04e
dataset/healthy/image_0_1333.jpg,3,healthy,256,256,5013,True,False,False,False,,5900693558e17030dca821f27545a5edea7df40292dffe4ac49b5c8c767c138c,b59ac1641e0fd8e6
dataset/healthy/20220101_100953.jpg,3,healthy,256,256,5152,True,False,False,False,,f5b750768b74a643bccbd8c8e8ef3d02897a1af413b91e9fa8d619836201666f,afe294953f5a6025
dataset/red_spot/image_0_1802.jpg,5,red_spot,256,256,5397,True,False,False,False,,e88e3aadc9ac3f68c4e2786878aa1a6fc711ea0fb8a1e4da21f4a2f99a1668a8,e8b09ecb619c6633
dataset/healthy/20220101_103501.jpg,3,healthy,256,256,4280,True,False,False,False,,92073fc8709bd62f01be322910f5fe4cbf76ef13577f32a4b7d1148dc0b0b5c0,bde8c2922d69f096
dataset/gray_blight/image_0_3533.jpg,2,gray_blight,256,256,6717,True,False,False,False,,3590348f1fc008c5e6c24bf7fa709fbd89905ae6a0aa958e90d86360ef967430,ed61c2968f9a38c9
dataset/helopeltis/image_0_1488.jpg,4,helopeltis,256,256,5484,True,False,False,False,,41d66160e1ccb6db6239261a15ee442ead709ef9a0db7ba846ff9ac66dcf67fc,bd98c265371e68f0
dataset/healthy/image_0_1681.jpg,3,healthy,256,256,6377,True,False,False,False,,7429d20cbad5a79155d773235236605321bf06652ca27f89f90e1c39cb2a970f,eac2953dd832433e
dataset/brown_blight/image_0_2511.jpg,1,brown_blight,256,256,5071,True,False,False,False,,c326d6d0902c327660eeb4e3339222d3a7099b63e30cd40cd4634494aebe96c1,bec0853f6872278d
dataset/algal_spot/20211226_101553.jpg,0,algal_spot,256,256,5697,True,False,False,False,,ca883560cf88894222dc07412c42b7c1894aecf6f7726abe17127e9e8d663cba,eb94d06a3bb5e482
dataset/red_spot/20211228_115220.jpg,5,red_spot,256,256,5016,True,False,False,False,,3a5a569325bb8e174d7e50453c1a136935a96392fcc0460a1f514de82582c8fe,eb54857a3ae1609e
dataset/red_spot/image_0_2445.jpg,5,red_spot,256,256,5428,True,False,False,False,,86a5f5080d4e9c7fbffdb0fcad640d2ebaa9fca15d29308f9c9c5f2fc7958f15,fa95c06a3d975298
dataset/brown_blight/image_0_225.jpg,1,brown_blight,256,256,6873,True,False,False,False,,5efc7ab3ce42e0747bcdf3e663b3c09d713e40f777c1ae2594e550bfcc6a881c,ff8fc0602f1750d8
dataset/gray_blight/image_0_1196.jpg,2,gray_blight,256,256,4945,True,False,False,False,,c1a7a7dfa28eddde10da4ebdf62efb342f844cf874dbb424829ea52cd66db5db,f7e4c8923660cb1e
dataset/healthy/image_0_367.jpg,3,healthy,256,256,5722,True,False,False,False,,982f262c8afca1ce1e723ebfe59a5a9a5b6858c3aab66fa267026b12d2cbac78,bb94c46a3d9552d8
dataset/algal_spot/image_0_2841.jpg,0,algal_spot,256,256,5621,True,False,False,False,,e8e1b72976d3d385669a6d82da7944f1abd87c45cd3011464ae6d0ad7f2cdd37,eac6953c7ac0658e
dataset/brown_blight/image_0_3292.jpg,1,brown_blight,256,256,5053,True,False,False,False,,b06ae06a28e434d4a848c6aba765901c058c19064c7ff62fb2397b55d740b86a,bac085377ae0a58f
dataset/gray_blight/image_0_2680.jpg,2,gray_blight,256,256,4841,True,False,False,False,,e787a68f0885d599a001170c0a09203551050947d41a3e7d2d6fea5467c5ce0e,e9cf9c30674890b7
dataset/gray_blight/image_0_1213.jpg,2,gray_blight,256,256,5575,True,False,False,False,,f4463ba6e1f45c0b8bf54de2dd1c69b00db0373a1e5dbab35fba5c8911179f7a,aad4c06a3de1d28f
dataset/algal_spot/20211226_100944.jpg,0,algal_spot,256,256,4417,True,False,False,False,,1c82147ebfe1b625bf16a8cb56cb925c6492625cffcb392671a45a046afb0e93,fa81c13e6fc1b01e
dataset/healthy/20220101_090626.jpg,3,healthy,256,256,4876,True,False,False,False,,d58f89b2f4656eb8461837993931d26be34c3056ed08c644e5ffa6835f025db2,ff80c03f6be0b40b
dataset/gray_blight/image_0_2632.jpg,2,gray_blight,256,256,6398,True,False,False,False,,8157b320e295d3d1b2d4d221b50d03f9dae5949e7efeed9d9caa6ec84c3ac5a3,ee9f85403a2f2794
dataset/algal_spot/image_0_3280.jpg,0,algal_spot,256,256,5756,True,False,False,False,,c912722f9289af4600252b75d97a0a85c1b5edcf95071d552bee36f892382a5a,e9c3963c616366cc
dataset/algal_spot/20211227_133030.jpg,0,algal_spot,256,256,5921,True,False,False,False,,5da03cdc0aed3f86d82a1181e4aaac37feaf1d52def0393871010b61608a14c1,bfc0d02c2af4b5ca
dataset/healthy/image_0_2831.jpg,3,healthy,256,256,4790,True,False,False,False,,9989b723740401f42a78b81a0bf46bd22b4482c067dd079b91071489bbd501e5,ade5ca9a30e12b66
dataset/healthy/20220101_094926.jpg,3,healthy,256,256,5215,True,False,False,False,,023887e41ce3d32498cfe16b1e38fbc25f7318a77e02a8b0490401370a5e1643,eae0c5953e5af025
dataset/brown_blight/image_0_2607.jpg,1,brown_blight,256,256,5073,True,False,False,False,,f8dc08ff2283e41422af6ea61726bd1b9f16040e4a0ad06295f619b4335f46b9,f498cb64309acde5
dataset/healthy/image_0_2745.jpg,3,healthy,256,256,5221,True,False,False,False,,ef0d0e3709d2a0bebe51071870bab622021bb26038b3566251d89cf7c8d63182,bf96c260341e3b99
dataset/red_spot/image_0_1504.jpg,5,red_spot,256,256,3942,True,False,False,False,,429919edb254bc260d654afe9b1d824a8f4b3fef2c3f3bf941ac67d423852a51,e48e9b3165c79e18
dataset/helopeltis/image_0_2162.jpg,4,helopeltis,256,256,5301,True,False,False,False,,f17f9bdb3167823802ed025217626ea6e24c2785e5ca937fda727cbfdd8bec1c,bfbd90c069341673
dataset/algal_spot/image_0_287.jpg,0,algal_spot,256,256,6896,True,False,False,False,,0a26812280f0f57ab64a77cf71b3ea98d34e99fb2f480f36bb17d028c4d73521,aa9d8762bd673218
dataset/algal_spot/20211227_151139.jpg,0,algal_spot,256,256,4529,True,False,False,False,,3bc1b60e1e3394b2dfd6d8289becd639fcacdf4d475bc77173f72664c330a82b,feaa81943e6ac0b5
dataset/brown_blight/image_0_9074.jpg,1,brown_blight,256,256,5377,True,False,False,False,,4c3d3700f1097a8dce8cb80fadced61f1dbdc95c9a7b600c20f1575f5ebb1a78,ad1ec661389e6770
dataset/brown_blight/image_0_3003.jpg,1,brown_blight,256,256,5089,True,False,False,False,,a2c40a0da85ab23b9e959920a83ff2f8daf6b4e0dbfd1337c8caa27c9b7c03a8,e899876e399c4bc1
dataset/gray_blight/20211226_102932.jpg,2,gray_blight,256,256,4790,True,False,False,False,,6f64db589222145154bfefcbd1da5a954ca801951eb1a411772b0a63e45ae6e1,eb84d43a6ee5a186
dataset/algal_spot/image_0_3129.jpg,0,algal_spot,256,256,5358,True,False,False,False,,2627ffbebcb906c8f2c3db65e21a69a1dc535792d9e08408db10d0f9456ca601,bcca963c68c3369c
dataset/brown_blight/image_0_5166.jpg,1,brown_blight,256,256,5721,True,False,False,False,,8fe67905170ab6f30ddd3d374842cd5a25a680c610be44275994d5923a336c85,eb9fc0681e27dac0
dataset/helopeltis/20220101_105526.jpg,4,helopeltis,256,256,4533,True,False,False,False,,7672a22a9b4a7d19f3084a0b13960ca4f9e534509049e7953567828f4f3c11bd,e3309cce6f31b06a
dataset/red_spot/image_0_2019.jpg,5,red_spot,256,256,5150,True,False,False,False,,fca7ddfc4723afb306881da8656fa02adbe4e0477700b6622ed2f72f127cd8be,f8cb9634614b2ecc
dataset/helopeltis/image_0_1558.jpg,4,helopeltis,256,256,4743,True,False,False,False,,bb7ffab2f18588e7449592cf352fc510e5a1d672cafe912cd586773225ab0cc5,b894c36b3c94d34b
dataset/gray_blight/image_0_2489.jpg,2,gray_blight,256,256,4288,True,False,False,False,,19203e066557bebaf451f4f9eae9cf1a37281ae037408cbd1f7c6a8c0c3abad9,e9ce92316cc7934c
dataset/healthy/image_0_3508.jpg,3,healthy,256,256,5378,True,False,False,False,,9a98118b8a21ae51c41a46ce77ee4a022e6b9ad767950274846cf65d00fda03d,e83497c2699d6e32
dataset/healthy/image_0_1227.jpg,3,healthy,256,256,3894,True,False,False,False,,358eea2dfbd83343e79f276ac1601babaeaa415e6f38f5d01c90cf228244b54a,e99697693897c318
dataset/red_spot/image_0_778.jpg,5,red_spot,256,256,5228,True,False,False,False,,0c1df139ac767783b5a5b5820a8e63ac387dd2280a749fe2e67ae38d72fa4982,eec891356ec831b5
dataset/healthy/20220101_104101.jpg,3,healthy,256,256,5675,True,False,False,False,,300e9f2a5f08cc6a7cfd71f5bbfdd49d5f04a9d8d2175c681666237b0b986477,ff1f84e06e472138
dataset/helopeltis/image_0_3010.jpg,4,helopeltis,256,256,5070,True,False,False,False,,5a9eec302239125c847b9521b3ede0a9fbec7973eec2b16278f8ecb2bc9c4517,eac0842f7ae0a39f
dataset/red_spot/image_0_2799.jpg,5,red_spot,256,256,5754,True,False,False,False,,a19790617322765b1e2c4ab9b312efc7bb8679e4a9d015e178480fc25e19f060,e8ce9431c36cc9b3
dataset/helopeltis/20220101_093739.jpg,4,helopeltis,256,256,4890,True,False,False,False,,4122d94294cff8e2653d03d97908e347582c36fff8cc114d20950a6ba81fde51,bfc0903f6af0a583
dataset/helopeltis/image_0_912.jpg,4,helopeltis,256,256,7499,True,False,False,False,,9b79c6f452bfa48b653eb31a3cd9161d9ff7b287b5c5f2c9c7ecb50e2df1c8ba,ea42853e95e57a8c
dataset/red_spot/image_0_724.jpg,5,red_spot,256,256,5353,True,False,False,False,,c69728c0a7572dd6158d9ff253125a6e8c0a3761e3fefcd912cf8a748fd08b08,eec0953d62c58db8
dataset/helopeltis/image_0_1381.jpg,4,helopeltis,256,256,6285,True,False,False,False,,d69c0f99398a40e27e991c06ee37a5182d842112bf9bffb672157171187179cf,af91c06a3ba570da
dataset/helopeltis/image_0_3079.jpg,4,helopeltis,256,256,5205,True,False,False,False,,f4123d02a4b69da6f060b1011aa9403190b1c58b4824f3a3676e7640d2467c88,f19acf653218699c
dataset/healthy/image_0_15.jpg,3,healthy,256,256,6611,True,False,False,False,,ad47cffec5562191b1300aa2dd8a26204ba3a6ec997248294284ed2a3b18dc7f,eb9495535a286d95
dataset/red_spot/image_0_194.jpg,5,red_spot,256,256,5221,True,False,False,False,,432a81365981f8872c33c585efaf5e6f800ec6aade8773add4068772229834f8,b83c97c3e9846633
dataset/helopeltis/image_0_2516.jpg,4,helopeltis,256,256,5152,True,False,False,False,,c9de9de57ae84a37af6531d376f9df2b81968fb260f36c0919ee1f8699266708,a9d7c22c6fd0904f
dataset/algal_spot/image_0_3279.jpg,0,algal_spot,256,256,5220,True,False,False,False,,4f51bfb7e59157764d2286dfb3b01ead6be745944d1d46e1bc64b47fb4b51bea,eac2973d68420f9d
dataset/gray_blight/20211228_154016.jpg,2,gray_blight,256,256,5096,True,False,False,False,,580b874a7193672431cebfdc9e2201271ad88059947e449d2cef5f80ebfd2b6f,edc290357ac0a59f
dataset/gray_blight/image_0_2212.jpg,2,gray_blight,256,256,5229,True,False,False,False,,1d80d8a0d57c296c3f9a36d962e829df1edbe3a1e0d1727eaa3e6c06c84f7929,ef97c068178368b5
dataset/algal_spot/image_0_2102.jpg,0,algal_spot,256,256,5073,True,False,False,False,,e9e1292d52fa9901b1f4ae3857d3ef7cc181e209d17519a74bdb057f95d3210e,bcc0d72f68848f5a
dataset/red_spot/20211227_160754.jpg,5,red_spot,256,256,4782,True,False,False,False,,a1fd52d4cab9e622ba170d57fa4a5cd701204f091ae8e48057ff47e5a554f2bc,ea8e94e07a1fe4e0
dataset/algal_spot/image_0_1948.jpg,0,algal_spot,256,256,6917,True,False,False,False,,7ff58882da4376bcadbe4a715d81b5a8bf3d44b5dbc9915472d009e1c8352270,aa97956a3f8d60d0
dataset/healthy/image_0_1024.jpg,3,healthy,256,256,4804,True,False,False,False,,0974261e1f6ca1da5122e8a2f53db9fb8610db12b361853bec95c6c1117d512e,e733984c996d994c
dataset/gray_blight/20220101_115440.jpg,2,gray_blight,256,256,5327,True,False,False,False,,af03395fd0065f7ca554939af70f041f0d011e4acf414ecf023cc65b3a63b653,fe94c06a2f905a8f
dataset/healthy/image_0_3730.jpg,3,healthy,256,256,4772,True,False,False,False,,b1e3deb6d033d1e5d87486b3faea63fd28e4e4edc3f2e8a451252a99022e6d5f,fe94c0683f94e0cb
dataset/healthy/image_0_3288.jpg,3,healthy,256,256,4966,True,False,False,False,,c8ce5ceb8df1a8604a0464e7329de6c461bc8dab033f137c40d37bc59638e57d,ffc8c0172d6822cf
dataset/helopeltis/20220101_104130.jpg,4,helopeltis,256,256,4954,True,False,False,False,,3250154ef86bd3cdb1d2c519eb0b9989560eda86c9df4172cbaab4b3526322fb,faf085a47a5ea1a1
dataset/brown_blight/image_0_3809.jpg,1,brown_blight,256,256,6486,True,False,False,False,,f6114eb657cda90550cd2b1c80d4dddaada683747ebc1c52692d792bbd77cc5c,aab5964a1bad7170
dataset/brown_blight/image_0_4326.jpg,1,brown_blight,256,256,4582,True,False,False,False,,12df03c6703c5c31489a7b5b2a03ed80708e79746834e4c057b5bd5b81e4ef20,f0cc973068cb973c
dataset/algal_spot/20211227_105320.jpg,0,algal_spot,256,256,5359,True,False,False,False,,62cfc8ca1c931d124544fa0a743333141415dbbcf6093b183159c7b49bcd0623,ffa1d00f2ff03403
dataset/helopeltis/image_0_1628.jpg,4,helopeltis,256,256,6191,True,False,False,False,,762219be5bcba721d09b9e5573410c501e83ff29af0950d4119cab99d2ff0a98,bdc1d03e6d31c598
dataset/algal_spot/20211227_135820.jpg,0,algal_spot,256,256,6815,True,False,False,False,,aaae86d3fe0e117c7b5cc7f3f6b834b79c79609ec307fb5100f5352f13d0ed8a,ffca80a52b5a34a5
dataset/red_spot/20211225_231437.jpg,5,red_spot,256,256,4821,True,False,False,False,,01a16aca20c6615acd486a0bbb18d9557a652680d7c46c40cfd9b5e00c8a146b,a895956a7a95a55a
dataset/algal_spot/20211227_105548.jpg,0,algal_spot,256,256,4922,True,False,False,False,,ccc80b1f547ced30a0aea3205c9f3b5c55e66aa5378b2489c717b054ed2adf79,ffa0d0352fcab085
dataset/helopeltis/image_0_3540.jpg,4,helopeltis,256,256,4789,True,False,False,False,,994a8612efd65edb9d82481e731d687960d668fd79ba434880d41d822b0c4deb,e82b9785785ac761
dataset/healthy/image_0_1000.jpg,3,healthy,256,256,5438,True,False,False,False,,a5c8d0593afc7f7d0b5d6471616c07f7cb656ed7855329ce3c6d4ff37e1324c6,e8cf96349b32664a
dataset/algal_spot/image_0_3390.jpg,0,algal_spot,256,256,5126,True,False,False,False,,3bc1e2c97d36d7855b941b3977e8a62eedaa19a742a6d4ad6865602e3bb98e68,afe0d0973f686225
dataset/healthy/image_0_3694.jpg,3,healthy,256,256,4306,True,False,False,False,,8c35666e5ad01f07eee07613d84a0185098e3b9006ff55761e30b40f67f0e4e4,f8cb963c69c33489
dataset/brown_blight/image_0_933.jpg,1,brown_blight,256,256,4587,True,False,False,False,,6cee61b615aaed351fdb45794460f0931039900c43a14e55ce806d3ccdb59eda,bb3f85c260b59a4a
dataset/red_spot/image_0_2371.jpg,5,red_spot,256,256,4842,True,False,False,False,,a8ed41eb126dff71d81e20f9f9ec6f48228ae62d8e11a825ba20e47529d03035,fac5953a48c73e88
dataset/healthy/image_0_1642.jpg,3,healthy,256,256,6245,True,False,False,False,,4a9eea96dcabe51e96197774f34631ba5344b4ddf91a015d74b7f758fdfeb4db,ea97856a1f2938a5
dataset/healthy/20220101_090309.jpg,3,healthy,256,256,4645,True,False,False,False,,53e8b65264ad19136945aa31315b22e3da15c6aff2576706fafe1b3c223c58be,f299cf6d9c263122
dataset/algal_spot/image_0_59.jpg,0,algal_spot,256,256,5794,True,False,False,False,,e351687fb979803c9b43df33c7e979a44e7e523e234af4a2d973ae7d603d1879,af9ed2e1ec862312
dataset/healthy/image_0_774.jpg,3,healthy,256,256,4839,True,False,False,False,,1a1932dd177397563a953ffb7b406da6c8692a6ef5371b291076870f04174538,b3c7cd3c0c31c731
dataset/gray_blight/image_0_955.jpg,2,gray_blight,256,256,5302,True,False,False,False,,e04d0fd166861423c31b03c67fe4a684c1d023cef3dd1b53f33d93dce9555ca9,fe3c95c16a1e2570
dataset/red_spot/image_0_427.jpg,5,red_spot,256,256,4795,True,False,False,False,,a89e88e97a17e84ee6f1061dc592964886971e03bc80017afb941dac64811b07,ea3095856a7ab595
dataset/healthy/image_0_3395.jpg,3,healthy,256,256,6362,True,False,False,False,,9ef635d8df2f41928fa4af0dbc99e13efb513e435bd90e7d25a8a2015670f688,aa95d56a0aa5769a
dataset/gray_blight/image_0_424.jpg,2,gray_blight,256,256,4640,True,False,False,False,,145a8e2dd55ea52892534744bceb0fb34673d07c889f68c1d223933efc95ebb6,bde0c21e3d60c997
dataset/algal_spot/image_0_9.jpg,0,algal_spot,256,256,6000,True,False,False,False,,9b621d89f8c7a508bcb64e71572be67b06bfca04bfbd904beefb76c4dd150331,ff95c0602f2330de
dataset/algal_spot/image_0_4212.jpg,0,algal_spot,256,256,5007,True,False,False,False,,3c9e72d005f7690243c5f340a6b0d0f76184d87660dee419ab68ae980e06e883,fbca80b52f4ad08d
dataset/helopeltis/image_0_450.jpg,4,helopeltis,256,256,5275,True,False,False,False,,3a86bdf2b5d93967bcb56730cb42c48e3f21ed6628e761eb948c6765cbbd43c1,ba22c19c6f6a92b5
dataset/healthy/image_0_3593.jpg,3,healthy,256,256,4806,True,False,False,False,,718d888086426a7d33da44b1879cb0162cda8a1fbb1fd24d295a543db064eadd,a8c295386ac79dda
dataset/helopeltis/20220101_104728.jpg,4,helopeltis,256,256,7041,True,False,False,False,,9c1fa2eece89d25ffe337ec6ec3e84a8e2e754b3c83ce154bd4453d1d5fed659,eb94c02bb5f89ac1
dataset/algal_spot/20211226_103528.jpg,0,algal_spot,256,256,4998,True,False,False,False,,390afd930588064e5fbd993bde00e893a136a404874296c7e4cd94ac6f18618c,faaa85975e5a6029
dataset/healthy/image_0_506.jpg,3,healthy,256,256,5059,True,False,False,False,,0ef45d2637fe649bc6b7485dc0a18bd0e7ef934d20358e25d1a1168360834f68,bbe3cc1dc41ce11c
dataset/gray_blight/20211228_132855.jpg,2,gray_blight,256,256,5191,True,False,False,False,,c245e6966c20d17e087dd9270cf5f19e2882ae33152ebcee49792d7cafb77e40,fac5c51a3a61a517
dataset/gray_blight/image_0_1606.jpg,2,gray_blight,256,256,6254,True,False,False,False,,955cb714d208281ed1599ff0799a0dc0c7d8d204eb84b311139b6ea87fe79fd7,bfc2c0156f5a34a5
dataset/brown_blight/image_0_498.jpg,1,brown_blight,256,256,4821,True,False,False,False,,f7d92caa597a6a89828336ea4f01c2fef0446dbc637384997525e82c7d3c32cb,e0b0cc4fb71269b5
dataset/healthy/image_0_2634.jpg,3,healthy,256,256,5332,True,False,False,False,,0e4921c80c56c7d2d4d66ec4e5253744c29720ea3baaff3c4ea84259b6f415ba,bf90c0683fa5f056
dataset/healthy/20220101_091355.jpg,3,healthy,256,256,4803,True,False,False,False,,63f6beff88ab368c7a2a72303d367dd988bf902dc1f6ea72579b6a7740878908,ff80c03f6bc08d4b
dataset/brown_blight/image_0_2473.jpg,1,brown_blight,256,256,6004,True,False,False,False,,c3ec9484d55291753ebaf403885cba874f7878f5641efaf26d8e052cdc8739cf,ea95914237b8e6c5
dataset/gray_blight/image_0_3000.jpg,2,gray_blight,256,256,5202,True,False,False,False,,fb28d24200a1e722d8e141ea3dd89ab89ac4d4c87176823df9516e730e6d0bc5,ea95956a3c9d62d0
dataset/red_spot/image_0_567.jpg,5,red_spot,256,256,5561,True,False,False,False,,a4eba2d401bc9029005e0e29c6231e664bc17466b1ae9d79073db202fbb4bec3,af9fc2e134362319
dataset/helopeltis/image_0_1799.jpg,4,helopeltis,256,256,6042,True,False,False,False,,26390e25eeff0243350a534cca702488f8487444546f69a5cba00634434042eb,abd4d06b2ee1428f
dataset/gray_blight/20220101_120114.jpg,2,gray_blight,256,256,5750,True,False,False,False,,6344dd1966f4d7f4ca4f7c612fea2953764dc451b953f3f0ad037c7215c7dd7d,fb8894076f783487
dataset/brown_blight/image_0_5365.jpg,1,brown_blight,256,256,5441,True,False,False,False,,1636f835e98f9ca3ff93b7940a8077f82dbef7457fcce171b95e213404280ec4,eab491422b3d76d2
dataset/red_spot/image_0_3053.jpg,5,red_spot,256,256,5831,True,False,False,False,,bd20ac72a7c72d479117feaf4cb12714402e9ec0b09295918954d654eaf768dd,ef3991c046fa2b25
dataset/gray_blight/image_0_2822.jpg,2,gray_blight,256,256,6228,True,False,False,False,,d94c5e3033d8163516cc5a77241540b64efa4125054d1d7f94bc35f1a6138a8e,ae95c06a3fa5709a
dataset/healthy/image_0_1107.jpg,3,healthy,256,256,5408,True,False,False,False,,53e73a93e7f9deda8c91bc2fc4befb16fd98a7b129a8c08d92edbc4259f34fae,aec0953f6af0258d
dataset/healthy/image_0_2962.jpg,3,healthy,256,256,4445,True,False,False,False,,d2b3beac2721725542acb5e75d686d2ed863a823a62b84fe4a5322c67488a919,ebc0943d6bc2d42d
dataset/red_spot/image_0_841.jpg,5,red_spot,256,256,5285,True,False,False,False,,8db4952ee282e4952bdffa894051d806763e3773532b470aa1027a2ceca2c2a5,aef691c87a2f84d0
dataset/healthy/image_0_2512.jpg,3,healthy,256,256,4868,True,False,False,False,,263e5e7336c5a2e08004f58d4111daec248076f681ebdad9045f4643e14dc6ca,bac1953c6a93bd48
dataset/helopeltis/image_0_3999.jpg,4,helopeltis,256,256,6114,True,False,False,False,,e05bae1f314fe5f57f23f1729e3acfa6f25d6af0e147e7913b9ad64d24e35aa3,e8ca963c697266cc
dataset/helopeltis/image_0_487.jpg,4,helopeltis,256,256,5469,True,False,False,False,,a53da89cd927f69d2136bfb1499061890bd76b921a60f70437750e28322bf6dc,e83c95c363b82c37
dataset/red_spot/20211228_114907.jpg,5,red_spot,256,256,4476,True,False,False,False,,d4b44d0f09df716ab8514143eebe63016c34b4002590f2055d1edafc915d0d9f,ea95917a6e85311e
dataset/brown_blight/image_0_2948.jpg,1,brown_blight,256,256,5202,True,False,False,False,,f3a2e047e823d48aed48f5d9bc27d6ec283a0266e94a6d8777c08da8ae2df92e,acd2833d3ec0a51f
dataset/red_spot/20211227_162237.jpg,5,red_spot,256,256,5650,True,False,False,False,,2b76bff91a78c680af1638486ebf80bc4fb1a76ec4c1536aa368ef95c97a8588,afbad0e00b423d3d
dataset/healthy/image_0_753.jpg,3,healthy,256,256,5233,True,False,False,False,,5e10b3a3d5355bac619bf797df25ba267618ffd7013e4a393736e227e0a03fe3,bfedc0926f69b004
dataset/red_spot/20211227_160346.jpg,5,red_spot,256,256,5631,True,False,False,False,,6105b2aaaf2c1fa847acf8aa28fe04944a23ee54162b5ec64f507db41bd0ccb0,bfbec0911f4a7034
dataset/red_spot/image_0_2039.jpg,5,red_spot,256,256,5562,True,False,False,False,,eba7499c4491da2d3449abb05dc43bc1144b37197d6653dfdd0017ce8367c643,a87c97c37a1e2561
dataset/helopeltis/20211205_160857.jpg,4,helopeltis,256,256,5246,True,False,False,False,,37e1b72cf1fc9661a3cf2dc7923600db0ee608e219ebea8b83980e7cd551b763,fa81856c6e91b18f
dataset/brown_blight/20211226_002639.jpg,1,brown_blight,256,256,5284,True,False,False,False,,d8600a9967b7ebe1ed528dd6a9176d26ee046f18df04dbe7a75f94df98a234ed,bbf4c08b2ff4900b
dataset/brown_blight/image_0_10.jpg,1,brown_blight,256,256,5630,True,False,False,False,,b22bd887f2b6c4c409c1adc415e1d90ee05f5e2d4ceb5a10ff309bf62072325b,bfc0c02f41b5afc2
dataset/algal_spot/image_0_413.jpg,0,algal_spot,256,256,6530,True,False,False,False,,c9b566286f626e7f6f75d65c0fc1986812e5eee49e7edaef20beda879459aa04,fac0813ef0b12fca
dataset/algal_spot/20211226_101153.jpg,0,algal_spot,256,256,4835,True,False,False,False,,bc61eacdae4da24e1310fb4704555de737746d9ff978460398ebd066d70fa34d,ea81857a7aa1e19e
dataset/algal_spot/image_0_3889.jpg,0,algal_spot,256,256,5406,True,False,False,False,,879fdf3dabcc34d492e417ef2765003c1b1c3bc59701b91f59bd76bbfae69f5c,babd85c068b5363a
dataset/red_spot/image_0_954.jpg,5,red_spot,256,256,4729,True,False,False,False,,8021f9d4c91774e9f86cca413f50aee7ae5b9fa7cd7384efd12d4ec8c744c765,ad61c29e3d616336
dataset/helopeltis/20220101_113947.jpg,4,helopeltis,256,256,6473,True,False,False,False,,017c3e8836a68d47d87a3cacf41e80e256a81fe292a2521f5d497afe1eb66ae7,ff90c03f94c09d27
dataset/helopeltis/image_0_3943.jpg,4,helopeltis,256,256,5302,True,False,False,False,,c8264980df3a9f3bad1a827aae11e6092bb5b39d8967bf2c53aec56127908b66,b4e7cd1873246746
dataset/brown_blight/image_0_4948.jpg,1,brown_blight,256,256,5512,True,False,False,False,,a412962906d987c4a51f92306af33b3f4ff0c7f5a7f92ef652c6f09c7c4df29b,f896c7692c96d168
dataset/healthy/20220101_090713.jpg,3,healthy,256,256,4463,True,False,False,False,,b4999ee5f72eb8033944c1305dd772c706510b825d59177cf1c3fe5d1f353c5f,ea81916a3ea55a9e
dataset/healthy/20220101_094553.jpg,3,healthy,256,256,5214,True,False,False,False,,2da97c276b10157e6e8d6ac18acdfa9a1621800c2c6747e2d0ec545afbeb4687,e89acb65b44e3319
dataset/helopeltis/image_0_1038.jpg,4,helopeltis,256,256,4275,True,False,False,False,,a27373f478fe037805d5e6192296ce9681f24853adea3eae622e9461278a081b,e896c3693c96c3c9
dataset/brown_blight/image_0_2084.jpg,1,brown_blight,256,256,6200,True,False,False,False,,52492ba45257ea7694abadd694d548d53688a0771e23a8e2a839abb2d570f096,ab92cc62b2381bed
dataset/brown_blight/image_0_2512.jpg,1,brown_blight,256,256,6620,True,False,False,False,,2594e56f574fac2c69544ff14dc4726234bda7725fe7e280d5f1ce7bd3d82ab1,b4c3c33c6d6126c7
dataset/algal_spot/image_0_2723.jpg,0,algal_spot,256,256,4967,True,False,False,False,,f41909de0560cc42c9d40cecb6b82b55f69984c22e67e6aaafa72238f5e985a7,eac0953f6ac0853f
dataset/helopeltis/20220101_101747.jpg,4,helopeltis,256,256,4988,True,False,False,False,,c6d9bebe376cc5ff0f0abfe91381c4dea216056321ce2938f735ca44845bd542,ade1921e6de13706
dataset/helopeltis/20220101_105036.jpg,4,helopeltis,256,256,6729,True,False,False,False,,ea14b1a2ea6b935581fcbe6ab2fbaf65a62bef0799747dc124a340f66c7ac4bb,ea9d85623867e19c
dataset/gray_blight/image_0_4170.jpg,2,gray_blight,256,256,6659,True,False,False,False,,03706949069547239adec9e0d07aa2f3d17704f8fc918540fdbe6b924c941d94,eb3687c1504f2f31
dataset/brown_blight/image_0_1915.jpg,1,brown_blight,256,256,4937,True,False,False,False,,92761b5f8f1f093f89d8c696b0c00c25dea7d3b8f3ee2023dbeea4baf164db33,afc3d0782b83b4cc
dataset/red_spot/image_0_1222.jpg,5,red_spot,256,256,5521,True,False,False,False,,5df4d596593f9d14fc1425e4b1dcff45d86d27e8fb3e8730667503615070aac7,bfbdc2c8ad866230
dataset/helopeltis/image_0_1755.jpg,4,helopeltis,256,256,5128,True,False,False,False,,0573ef3afe7d118a1993e29bbdcd6977aaf3c26d7af2c4af8191c8e67512cc4b,efc0973c6843668d
dataset/algal_spot/image_0_3623.jpg,0,algal_spot,256,256,5564,True,False,False,False,,f9c8cce49ba551b8a0566a70db93d1b98beb95b28a1bf29b581ef886e685ce99,e8cb9eb4a18336e4
dataset/helopeltis/image_0_3535.jpg,4,helopeltis,256,256,4407,True,False,False,False,,0496a874e85402b5934d3f90a04896d19093070ad9eb845612beaebaef36940f,e733986c36936c32
dataset/algal_spot/image_0_2239.jpg,0,algal_spot,256,256,6957,True,False,False,False,,58a1fcb756244b91a51a2f38cb22b1a3cfab869a7fcd4e59bd8897403298cfb6,ee94d06a0bb534da
dataset/brown_blight/image_0_1083.jpg,1,brown_blight,256,256,5493,True,False,False,False,,eca97a5b887ba0fce994289836e4d97e19799f081d510a57a013679d9b65ab24,bc9ec361369a68cc
dataset/brown_blight/image_0_1762.jpg,1,brown_blight,256,256,6180,True,False,False,False,,9c4a49c5dda718d3f24a01424026f73fe06c9cbe983ab38bb0181473d1b835c9,a59acb65382cb3d8
dataset/brown_blight/image_0_9457.jpg,1,brown_blight,256,256,4582,True,False,False,False,,6c7258c0b2f4b6797883d5ec797701feb98dc0582b60222fce40710b87b16603,bcc3963469cb9435
dataset/gray_blight/image_0_2863.jpg,2,gray_blight,256,256,5600,True,False,False,False,,8c9ede99489c2416621d935efec88e1982174476a43711dee9ff590bf6194feb,bd92c02d1778cd66
dataset/helopeltis/20220101_103638.jpg,4,helopeltis,256,256,4986,True,False,False,False,,a774c2383e0aaf866991b7e19c2489eb19edc3e75e2dae5340b688db394cc35d,fbc0943fc8950f52
dataset/algal_spot/image_0_1657.jpg,0,algal_spot,256,256,6312,True,False,False,False,,4d205e1f5f2ce3d90d5d60997d08942b4684058fc9b81b45157d2f724ea9ac3e,bbbad4f04a002d3f
dataset/helopeltis/image_0_2626.jpg,4,helopeltis,256,256,5129,True,False,False,False,,abe223e92b6735e3cdc7bbeb0f475e34ff3597da0168884b879ee2a73e5c69bd,a89687693c9663d9
dataset/gray_blight/image_0_4180.jpg,2,gray_blight,256,256,5144,True,False,False,False,,c35a0c6cfb234d212da8db05edc9ff4856c3ea00d4594670b0be990960a913aa,ebc0943f6ad0858f
dataset/algal_spot/image_0_346.jpg,0,algal_spot,256,256,7347,True,False,False,False,,b69f28b85270be511de7354cdfec27d18057d9e28780a640eaa1dacb2b69943a,fe95806a4f253cd4
dataset/algal_spot/image_0_411.jpg,0,algal_spot,256,256,6720,True,False,False,False,,ada4607c343d0df011fae405b50df415cdb34f326335f88ec22e021057d7be0e,eaca94b503957d4a
dataset/gray_blight/image_0_4088.jpg,2,gray_blight,256,256,5805,True,False,False,False,,1a8bab165ab114c9927e2dbb30e2a2ba7631f735d558c359c5076aea3d6a6003,fec0953d68724798
dataset/helopeltis/image_0_2875.jpg,4,helopeltis,256,256,4018,True,False,False,False,,19d15cfbecb3b8bbb02653b44078f282c3c359ff80ac61269953f47e39d8b3c2,e2959c4a63b5cc4b
dataset/algal_spot/image_0_1286.jpg,0,algal_spot,256,256,6510,True,False,False,False,,a29469d79ace7a9b6a85010f501db3d7b242da9504d4ca64df1b55b5d1042f18,ea3894c04bcf6769
dataset/algal_spot/20211226_102049.jpg,0,algal_spot,256,256,4253,True,False,False,False,,1a7188e1174aaa18c036b9de7a711efcc886021a6424d736537ab777b668f102,ea90956b7a94a55a
dataset/healthy/image_0_634.jpg,3,healthy,256,256,4203,True,False,False,False,,1bc12bf081417506f6521360cf89e1366dd5f3afa33c3c5a6cebb1380f0c06c6,b3cdcc323823d3cc
dataset/helopeltis/image_0_1187.jpg,4,helopeltis,256,256,4595,True,False,False,False,,28ca4257d66a50a5f6cb963a5bf6c23413edecc615b6d2f2e522f396b238eb5a,b49acd65b22c3399
dataset/healthy/20220101_101500.jpg,3,healthy,256,256,6036,True,False,False,False,,9ca012f506ab86765eb372abbdf8f6963d00d620ef0af56bd1511b8a7d590fca,bec1c03f4b7035c3
dataset/red_spot/image_0_2293.jpg,5,red_spot,256,256,5666,True,False,False,False,,2047bff646763b4ef2708def414f06139443ffb978d05805d2946491319201d6,aacb95956c6a32a5
dataset/healthy/20220101_104345.jpg,3,healthy,256,256,4998,True,False,False,False,,6686ce48a360b54a8824408492b73f2ab1ac7f592a9b480d124b3477039ac91e,bf95c0683f0770d8
dataset/red_spot/image_0_1467.jpg,5,red_spot,256,256,5989,True,False,False,False,,2eda9b45828f15422dec6cc8e34ec5f1fa3b43d88dd8107dd56d308e2d749148,f772d0842f5bf024
dataset/red_spot/image_0_1323.jpg,5,red_spot,256,256,5417,True,False,False,False,,9c53c5924f516f27119af0e49199e0cfd56f559658ff90237caa3765a484135f,a09797787887875a
dataset/gray_blight/image_0_1827.jpg,2,gray_blight,256,256,6169,True,False,False,False,,b68fc4da83ada62c1b07947a2013d28691876fbd461da0b54bff0d9bf07880ca,bc9ac76196679161
dataset/helopeltis/image_0_4259.jpg,4,helopeltis,256,256,5332,True,False,False,False,,256dd47547527f9791002d96d18dae9f97f64aaf68c46bf06ce1b8ecae8afa7a,aad5957ac2a51f50
dataset/red_spot/20211228_120527.jpg,5,red_spot,256,256,4968,True,False,False,False,,2f32e53cd58e7c48f919f0ce76961bb75cfd6a6d7926690895e97ef8ff3efd9a,fa6a84c46a7a1eb4
dataset/helopeltis/20220101_102335.jpg,4,helopeltis,256,256,4997,True,False,False,False,,a25c3e3e52ea354ac02e7c0e15048a9405466e89c51ae9bf4d2db9b4e70c822e,af94c06b3be4e09a
dataset/red_spot/20211227_162322.jpg,5,red_spot,256,256,5373,True,False,False,False,,dc5f44f7f647c94243c0d3b4b0a8f162e140ade82dc518fede32978f1d49950d,fe80c03f4bf0a587
dataset/helopeltis/image_0_2895.jpg,4,helopeltis,256,256,5110,True,False,False,False,,9cfbe42e6cddf76ac477b91640899d7fd1feb31bfd00cc97f0764bc522afeaa3,ba94c1693c9672d9
dataset/red_spot/20211227_160525.jpg,5,red_spot,256,256,4957,True,False,False,False,,724550eef72caaa7bee0d1d7548733047640b548635b1fbf2382886aa38f9c12,ee9190622fa5f0da
dataset/algal_spot/20211227_153106.jpg,0,algal_spot,256,256,5739,True,False,False,False,,787335f3b375417a5129ebb693aa005503fb25390395ad27f558d11724bf8d45,fae4851f5ef06007
dataset/gray_blight/image_0_2679.jpg,2,gray_blight,256,256,6420,True,False,False,False,,3f6e3ebb525034611c106b2102daeaf606ac51fe667c1ffe60baea80c4c9f447,bf94c0690d267ad9
dataset/helopeltis/image_0_4048.jpg,4,helopeltis,256,256,4689,True,False,False,False,,61231def609e25c983f2dd06dcadf0ee2b27b786f3f684aab4e9c1f3fa8864f6,a49aca6530363f9b
dataset/algal_spot/image_0_147.jpg,0,algal_spot,256,256,5779,True,False,False,False,,d6a1a5bcc339f4c3befd7618204685beded155b0531480dbbef98d64cbde3087,af3f94c06aca8725
dataset/helopeltis/image_0_6.jpg,4,helopeltis,256,256,5930,True,False,False,False,,886aae2a6d24c4c13ef862c666f380783b5591b37e1376ae11ea48181398c2c5,e2cf95306a87bc98
dataset/gray_blight/image_0_2486.jpg,2,gray_blight,256,256,5604,True,False,False,False,,043d293c70286f351ff7d80d884a082e715cde6638a765e027677478d929229b,efc995146aeaa505
dataset/gray_blight/image_0_3074.jpg,2,gray_blight,256,256,6488,True,False,False,False,,7c0b1324ef91fe1e7fe0c14ad19b40a50820bfe6faf1bb4611a0449430313b20,ea9e85681e2731d6
dataset/healthy/20220101_091532.jpg,3,healthy,256,256,4884,True,False,False,False,,0612d924dbfff3359e64e167495c29139466659259c4509f6ccb52e84fe72c66,fa94c52b2cf45a0b
dataset/healthy/image_0_1935.jpg,3,healthy,256,256,4714,True,False,False,False,,291d108d1cb46b5e3d3cef6b5619959a2d40149ac736d54cdfffd05d0f8f6dd3,ee95c06a2da45a8f
dataset/algal_spot/image_0_1505.jpg,0,algal_spot,256,256,5019,True,False,False,False,,1b05cdfe443e7636d8033c0091e2feb0d57fc159385978c0119787700f2b8a41,faa1854e7ab1b152
dataset/brown_blight/image_0_5011.jpg,1,brown_blight,256,256,6904,True,False,False,False,,c46349e6a76838ac2a4cba0fb93c9383cdbbeb88da7b6a104c4978bcd7d55f0a,aad695ad6862c61b
dataset/healthy/20220101_085747.jpg,3,healthy,256,256,5149,True,False,False,False,,9d503ff187e0f19bee684c127ae25f1e674bb69e415e1e67edf9aba774457312,fa85853a6af007ce
dataset/algal_spot/image_0_2627.jpg,0,algal_spot,256,256,5184,True,False,False,False,,0ab0649d652b0d28983affcd7c5d29a5d77bf02aa49d62191255d403e57de630,ade8d0973d68c227
dataset/helopeltis/20220101_104430.jpg,4,helopeltis,256,256,4715,True,False,False,False,,876c20979a06753310eaaa40028b3603602788cdb5892465a031f620becc8da1,e83a97c56a3a95c4
dataset/brown_blight/20211227_163621.jpg,1,brown_blight,256,256,6105,True,False,False,False,,6c8bf04d9bd34029feb92a74265917c28b7408057035620a5a791c7facd452f0,fa84853a7fe0a097
dataset/red_spot/image_0_2243.jpg,5,red_spot,256,256,4435,True,False,False,False,,5ba1b370a3c4cde47f53b98408a2cf42174edfaffb0b7bfc2b5900ebbac00684,a4e1c39e3de1d216
dataset/helopeltis/image_0_3190.jpg,4,helopeltis,256,256,5555,True,False,False,False,,e09b9e8d1058305f21a52c68a010e8130d5b340c8203aaa05e531307e81c991b,a897d76934c5c29a
dataset/gray_blight/20220101_115558.jpg,2,gray_blight,256,256,5993,True,False,False,False,,3d4099774eafdfc87629044d9cad048959ee0db65c18be1ea6524050371b13ba,fb94846a0fa570da
dataset/algal_spot/image_0_1689.jpg,0,algal_spot,256,256,5331,True,False,False,False,,19cbb618049d2aa2c331635eac070a70a1ce74aa06c7b25f767a5ab21a6a7811,e8c1973c6ac2a58f
dataset/red_spot/image_0_2007.jpg,5,red_spot,256,256,5112,True,False,False,False,,6627d9bd395537475024caf905e8e1fe313f471a8954923bcba5ff66b5c36012,a8d4876b3c9653c9
dataset/brown_blight/image_0_3974.jpg,1,brown_blight,256,256,4960,True,False,False,False,,fb3bc0d6f61cecc7bdfe1661c982737d6f2e7bb598c18c3aeeac74ea1a8cbe84,bde5c21a3fe17006
dataset/gray_blight/20211227_163638.jpg,2,gray_blight,256,256,5364,True,False,False,False,,65b18718d557f78ab5728137b0805de6970e4935672d0e0ae948f72755aebc14,ef80903f7ae06587
dataset/helopeltis/image_0_165.jpg,4,helopeltis,256,256,5080,True,False,False,False,,27a5a6cf925e9d4d520c596a32149e2254d9bb3418f56c321106752c33a764be,ea35954a6ca5d934
dataset/gray_blight/image_0_3367.jpg,2,gray_blight,256,256,4838,True,False,False,False,,9c93af8fc5226306a4b4c55c0baa2751ddc75b3819a79ea45c84cdfa83a8a0cb,ab6ad4952a6af0a5
dataset/gray_blight/image_0_1861.jpg,2,gray_blight,256,256,5849,True,False,False,False,,587a033b32a9764c14ff8a1251706f00cea9498c4b2c55b0288bae2832207539,ec92c1683eb1d88f
dataset/red_spot/image_0_300.jpg,5,red_spot,256,256,5254,True,False,False,False,,058305d081b9a6292bcc1679232e86e9ba878f6abb2e54bd3d835604b9d76690,ff88d0952f4a70a5
dataset/red_spot/image_0_1148.jpg,5,red_spot,256,256,5267,True,False,False,False,,747c88add871db0767954422c338a3714029b436df9eba3fc582b893fd1f6f4a,aad8d5e40a423dbb
dataset/gray_blight/image_0_2994.jpg,2,gray_blight,256,256,5532,True,False,False,False,,e2d12dd01f660160f90833e27b088cfb27cf8c611616a20ee1d5e4f79b0393cd,a1cf9e3067624ec9
dataset/algal_spot/20211227_105608.jpg,0,algal_spot,256,256,4545,True,False,False,False,,ecab9536660d93b4bbfd36bdf7326a5c6f4d5d8f0eb5f484de548b02055cc534,ff80c03f2fd0940f
dataset/brown_blight/image_0_6401.jpg,1,brown_blight,256,256,7029,True,False,False,False,,f2574dd55e4348fc7cdea387101982affdd74ef2e403d71285b9d1bda0451b44,aec0953f786247cc
dataset/algal_spot/image_0_2410.jpg,0,algal_spot,256,256,5346,True,False,False,False,,4acee78911d340f96279e0d7a73d459cb9b1a80ae2934ed8eac4fb78ee90504e,ab95d46a2b85f01e
dataset/algal_spot/image_0_4111.jpg,0,algal_spot,256,256,6294,True,False,False,False,,7bbbbe8c6234fd278636b270b754a964da37649eb55dd581e1491d3b703da127,febf81401eaf6190
dataset/gray_blight/image_0_1083.jpg,2,gray_blight,256,256,5875,True,False,False,False,,c177e9c066971f012ae82040c0d657a49e3567721c808be4bff34a8f608efb60,bbc0952f5a74419e
dataset/helopeltis/20220101_102926.jpg,4,helopeltis,256,256,4984,True,False,False,False,,73519ff6ccc7067ec56b3d6255e6318a696716f97f68d81bb19edffc8b245979,eac5953a6ac18d1e
dataset/healthy/image_0_2702.jpg,3,healthy,256,256,5099,True,False,False,False,,757cdfa45169d20815d17a4834612a8fffda8d1478fed52757d53d2d7e5b7c75,e0cf9e34616b668c
dataset/healthy/image_0_3400.jpg,3,healthy,256,256,5208,True,False,False,False,,cf15742cc7dd2adb591c8beff6f08a4ef9fa99d2db2d2c696df6d2438bb55a2c,e9c98a36f03366cc
dataset/helopeltis/image_0_2216.jpg,4,helopeltis,256,256,4037,True,False,False,False,,e2d2b12596360248b4e1e66ddfe8475d94c2c23ef3a2932f44b6c5256c7e339c,e4b29b4d663299c9
dataset/gray_blight/image_0_3366.jpg,2,gray_blight,256,256,5115,True,False,False,False,,4aca7f8d3526b529c7525b340e4769f92c66c1cb325535941f068f14529b1406,bd9ac061361b69dc
dataset/brown_blight/image_0_3971.jpg,1,brown_blight,256,256,5578,True,False,False,False,,3bf1e521a9d32500d5e04e15b2142b936683260cd092727e44406c2c9f10bac1,f890c36b3f94f049
dataset/brown_blight/image_0_1371.jpg,1,brown_blight,256,256,4822,True,False,False,False,,421fcc0a182afc58ca99cd5cd8480c11039fc469f1dbf57f8c539c1d298294c8,b83c96cb6134363b
dataset/gray_blight/image_0_3715.jpg,2,gray_blight,256,256,5810,True,False,False,False,,fcf51fea3700159d011543c9fd375b3ff01a6e8d27c7ed9516d69d59b4d7b24e,ebc0943d6a5235cd
dataset/red_spot/image_0_1548.jpg,5,red_spot,256,256,5666,True,False,False,False,,0a53dc7e7282dbb6f47c5bb72acf22d6ce9b1821773258f7200ffc6823de0505,f5459a38e16366cc
dataset/helopeltis/image_0_254.jpg,4,helopeltis,256,256,5282,True,False,False,False,,7ea61af04da048aa2f60b4c7b3bc492e05ccf65de8e544928c949bf52c0d5eb6,ad96c0693f96c09d
dataset/brown_blight/image_0_7699.jpg,1,brown_blight,256,256,6398,True,False,False,False,,4a7b457dcc6b644bfffa009e0aaea452cddc7e88d8c7860abcf7e56b63ddfff1,b8bcc34b8dc66296
dataset/red_spot/image_0_2666.jpg,5,red_spot,256,256,5824,True,False,False,False,,9a85fbf7bdc959eb5a942f57eab8f9c8c885fdb5571b1e3bf871921dfe116873,ea6ac095373de912
dataset/algal_spot/image_0_792.jpg,0,algal_spot,256,256,8221,True,False,False,False,,e7072f8cb5512c413bb741ceaa13882c3659e643fe3932dfb4ef6d65386937ea,bfc8d0b50a5275c9
dataset/algal_spot/image_0_271.jpg,0,algal_spot,256,256,7911,True,False,False,False,,e28115e546c56f17db66c73bcb953863fe82627e41820cf4ceb6bf478e405cb8,ee6ac1950fda3261
dataset/algal_spot/image_0_2043.jpg,0,algal_spot,256,256,6842,True,False,False,False,,cf8c29c35d6fb28f506473625154a633bb50fd4db4d84e364d4ce7b2c9ec84ea,ae1580e8edf762b0
dataset/helopeltis/20220101_094018.jpg,4,helopeltis,256,256,5005,True,False,False,False,,f244d23bc5ef772a04c33493fd62ff91095178ae8c198a22b553dff58b958878,b0b9cbc5ccc662c6
dataset/algal_spot/image_0_203.jpg,0,algal_spot,256,256,5863,True,False,False,False,,e1baa287f6937697fae2d99f7e937c1d979d46f8b03ac5ce8d1da99b959fc8ef,bf9ec060d663192d
dataset/helopeltis/image_0_164.jpg,4,helopeltis,256,256,4666,True,False,False,False,,00f4697e0189219b9f26263399e820c8308eab466b9af0b6c5bc263eddeccda1,b2e0c98f3660c99f
dataset/brown_blight/image_0_2983.jpg,1,brown_blight,256,256,5751,True,False,False,False,,1fe2791c89cd95a3f1ffd68e0dbb7e259fa1b74ffcea5fb570749809162cd823,fa95c360351e23d9
dataset/red_spot/20211227_161719.jpg,5,red_spot,256,256,5465,True,False,False,False,,8d708e2047bcca732b9b5c1ba842f7c3c0513c803a852bd28342566de6955c0b,fbeac0951f5a7021
dataset/helopeltis/20220101_102245.jpg,4,helopeltis,256,256,5089,True,False,False,False,,e4068c1c87079b93d769a13c45a62a022a758489ed069e22f1fd953ec6618d67,bbc8c03e29d0b4cf
dataset/red_spot/20211227_161817.jpg,5,red_spot,256,256,5519,True,False,False,False,,f629032c71ede2372f2e1cfa1f4a85696433a3cd50252ee81c46a4949e6f5dab,ff80c0972f7a3485
dataset/gray_blight/image_0_3257.jpg,2,gray_blight,256,256,7372,True,False,False,False,,f653a0aa3e38b7e1f14740f74301a155157b3e5997cd927abb4a859f80800732,bfc0c04f4e3c7cd0
dataset/gray_blight/image_0_789.jpg,2,gray_blight,256,256,6819,True,False,False,False,,82035c0901993438c11b0545240b4b8a8b86db1fe52a1b00611462f459fe2652,eb9494688f253cb6
dataset/brown_blight/image_0_975.jpg,1,brown_blight,256,256,7555,True,False,False,False,,a7f3cd9f1f417e0a74cd5f55b7db97503adbcac30a8875f39583601096e3525d,ea3295c1d89e4e1b
dataset/gray_blight/20211225_235520.jpg,2,gray_blight,256,256,5558,True,False,False,False,,10acd68ba948d87c7ef1a785c093c9058d460393f66e6342397c51c10a670290,a88d957278c5e19e
dataset/healthy/image_0_3007.jpg,3,healthy,256,256,5106,True,False,False,False,,345d8b27280c1a5ab2e3dd84ecdf52aa574ede37c01cbb54cd5678c93685741a,eac2953d62c72d98
dataset/red_spot/20211205_155013.jpg,5,red_spot,256,256,4599,True,False,False,False,,1da97d0fc70a468b8c39217c59c4004a4e701163b24b32fa99ba27e806e0579a,f5c6c2392dc6960d
dataset/brown_blight/image_0_9843.jpg,1,brown_blight,256,256,4761,True,False,False,False,,1cef5862144c61291659468d30061c8781a39c5769ec249d86f7228ecc7f7fda,b43a9bc5e4f06233
dataset/healthy/20220101_120401.jpg,3,healthy,256,256,5535,True,False,False,False,,2132aae8a6bbf72be40848bfa88ef242b21ac922b487f090a3cfda1a360b27b1,fd94c06b2fb43283
dataset/healthy/20220101_102330.jpg,3,healthy,256,256,5828,True,False,False,False,,fbb05a8efb006f83006853fafa089e488e2094e00ef734c62ffe33e69a2809fa,afc0903f6be4a58a
dataset/healthy/20220101_100816.jpg,3,healthy,256,256,5156,True,False,False,False,,53c1cf0c7717056a404baf80abaaab7552b9a45d490a077a58e78fc46ae6a990,aac0953f6af2258d
dataset/helopeltis/image_0_3729.jpg,4,helopeltis,256,256,6571,True,False,False,False,,cee6f717d87a489417452fa20499fe68efbe1112377e06f8ce2e8fc80fe7cc08,e894876bb43792cc
dataset/healthy/image_0_1899.jpg,3,healthy,256,256,4913,True,False,False,False,,59f47299127f1f7879d19715a1b0f3ee4d8ec6d658a4a6a36ccfbff8d407fb05,bad685683ea530da
dataset/helopeltis/20220101_102534.jpg,4,helopeltis,256,256,5308,True,False,False,False,,081c50a10df45efa53bdb8b112799a82471b7d7e71c81606444d12ce6cd6b608,bfe0c01f68e03787
dataset/helopeltis/image_0_395.jpg,4,helopeltis,256,256,5441,True,False,False,False,,97020f362916c9e164cd735cf910cfd2f2ff37e0bb09d6342ad7f1b065823b08,bf60c0972f68f035
dataset/algal_spot/20211227_135546.jpg,0,algal_spot,256,256,6461,True,False,False,False,,8233bb9b53c0a20c14068a359ec43a756b95ab928b11c35b3f30e9732ca9154c,eae8d5b50af27501
dataset/algal_spot/image_0_3265.jpg,0,algal_spot,256,256,5088,True,False,False,False,,ab4e1bc2aef5eb4fa38118843865248e437c407e08a7ad37fb64782f00cd36d4,a9c1923e69c3a51f
dataset/healthy/20220101_102840.jpg,3,healthy,256,256,4664,True,False,False,False,,dcd33a4b39878ecb6cc5c9eb1e931e0d77fe7f862c289dc7b829509053329e80,b298cdc6ccc6c666
dataset/brown_blight/image_0_7702.jpg,1,brown_blight,256,256,6174,True,False,False,False,,72f010f4f02ea4c6157aa4d0b31c499f15f3978f0eff2635370c900ce203b8b6,eb95c06a373dc2c2
dataset/helopeltis/image_0_3899.jpg,4,helopeltis,256,256,6359,True,False,False,False,,038c8a3ffdd44a533e22866742c9247f6bacee088bbd1df268ef1978cd3d9157,f895c369c466b26a
dataset/gray_blight/image_0_382.jpg,2,gray_blight,256,256,4725,True,False,False,False,,ea5729f4f84914cc0353deee526799a42be02925420802224897af14477b1c1f,eeca913566cb1a94
dataset/helopeltis/image_0_601.jpg,4,helopeltis,256,256,4706,True,False,False,False,,332aaf1ffa892e2d6653bace2a513577960f1a178f46bdb0db235ce061a0c500,a1cf9a3067696ccc
dataset/gray_blight/20211228_153435.jpg,2,gray_blight,256,256,4702,True,False,False,False,,d7dd44321e7d255a330a7439636bb4ea0fc51912abf0ecdf5a4243a21417797c,fa3485c16a3cb5f0
dataset/algal_spot/image_0_2434.jpg,0,algal_spot,256,256,5219,True,False,False,False,,e68d2ebd8307555098857cbc04f4de4099271b4d857a9cd549152ac45d28611d,ebc2963561cb0ecc
dataset/red_spot/20211227_165116.jpg,5,red_spot,256,256,5054,True,False,False,False,,bce5aa4e4865ff107fca2842a05df576079f0f83480cab3cccb3c7651acd2340,feb4c14a2ea5f052
dataset/helopeltis/image_0_528.jpg,4,helopeltis,256,256,4873,True,False,False,False,,2f32ea91f4190e18e103caae85a629a867208989daa7d9ff8724597de0d8aa0a,e3999c6479922799
dataset/red_spot/20211227_160248.jpg,5,red_spot,256,256,4208,True,False,False,False,,957296c38f84a07569a15310621100ca149a196428bf5816d777bfe617ceb3c8,bfc2c02f2fd0d00f
dataset/helopeltis/image_0_1300.jpg,4,helopeltis,256,256,5150,True,False,False,False,,d3e39f35bf24494a47e4c7797a68f559c53e2dcadf1088aba1044b3a898d48ec,bfc0c0376f90b4c3
dataset/gray_blight/image_0_2705.jpg,2,gray_blight,256,256,5361,True,False,False,False,,8557c92e000d123323e382711ea6900bbcb2eb31fb8485cecacca2acafcad8a4,eac295397ae0859e
dataset/red_spot/20211225_225013.jpg,5,red_spot,256,256,4927,True,False,False,False,,2686ecfc237afaee1506e4ddbdc0145d52edb2a002368c857faf212a4f244e3d,aa85955a7aa5855e
dataset/gray_blight/image_0_3398.jpg,2,gray_blight,256,256,5608,True,False,False,False,,afa19d29d1380897c2f62caac359517b3290354ae427e08ae9db3e1d3707cc18,afe0841f7ef0218b
dataset/gray_blight/20211228_154449.jpg,2,gray_blight,256,256,4965,True,False,False,False,,0351b4c4810bf97bf56bba52a61b9b20ee4e2c5c455d3e56d5e2b465683dedad,eb60949e6b40b1bd
dataset/healthy/image_0_1633.jpg,3,healthy,256,256,4149,True,False,False,False,,c60608707fd294908053e3d64f2d4f8859b89bd27986f8690e3bc5441934cb0d,bcc3d33dc0960fe0
dataset/helopeltis/20220101_102234.jpg,4,helopeltis,256,256,5465,True,False,False,False,,d51dc7c5c74439ce319acda7a5c643c9d7e283ef4dc1173eb4b0f58e457b1434,af81913f6bc4961a
dataset/helopeltis/image_0_3721.jpg,4,helopeltis,256,256,5397,True,False,False,False,,953c4c9e1d25f8060addcb9ea36d2e07bf0d6b01b0916cae3cf34157cefdcc29,eab5954e3aa14c9a
dataset/gray_blight/image_0_1208.jpg,2,gray_blight,256,256,5776,True,False,False,False,,da86ca0ccf6162428ee56017d8b1694567adba4cdba0720e28f81ede6eafe08d,bfa2c03f2bc5b428
dataset/red_spot/20211227_165142.jpg,5,red_spot,256,256,3797,True,False,False,False,,ffb34e0a3c3fbe93bc29f87421c85090362f4083197411b24a17134e3bbd8cf7,f196c7693896c368
dataset/helopeltis/20220101_103631.jpg,4,helopeltis,256,256,5667,True,False,False,False,,6e78aaad88214068b0794523c9948c719dcce7f737378b21f278852a9b3d37e8,eac3953463ce3c89
dataset/helopeltis/20220101_092212.jpg,4,helopeltis,256,256,5200,True,False,False,False,,d66b09366f48beb82da28b2fe79dedddae6fea4610791f6c66cb588d96eef831,eaca953d6ac2848f
dataset/red_spot/image_0_527.jpg,5,red_spot,256,256,5558,True,False,False,False,,b90cf451e15fd3e6d677da8a977e35c283393d54cbb64f17de502125108e8ae8,fec2c11d69fa24c4
dataset/brown_blight/image_0_8769.jpg,1,brown_blight,256,256,7084,True,False,False,False,,7bed80e1e08bfb3f09b6d969ec44878f1ff3795b69af00017648543d215fa374,b963c5358e987c98
dataset/brown_blight/image_0_9376.jpg,1,brown_blight,256,256,5427,True,False,False,False,,3c195adadc8038fab1dfbd13a5081112f58a3750e262145a0a14795d85159aaf,b8c0873c6ac1979f
dataset/healthy/image_0_2058.jpg,3,healthy,256,256,5435,True,False,False,False,,593df14a770e380409a17d05098a8057c07ae82623f2de335e28f7011070185f,ea94c06a3f95d0da
dataset/helopeltis/20220101_113315.jpg,4,helopeltis,256,256,5072,True,False,False,False,,d89cf8db32148a20f43d6e4341bde95573fe4290df4631361a869c20fcd39cfd,eeb7954a3a25e450
dataset/brown_blight/image_0_813.jpg,1,brown_blight,256,256,6249,True,False,False,False,,5842e1c4138dbe288d3163a1699acd08c970059c78f5b3db40b6907f668a84e3,ee8b80f41f0762f8
dataset/brown_blight/20211227_163722.jpg,1,brown_blight,256,256,4808,True,False,False,False,,542aba5aef670bd8d9b580669d9a065c33e1f90d02192a7eabcea8a931862a77,eaa0959c7a62c59d
dataset/helopeltis/image_0_1483.jpg,4,helopeltis,256,256,4661,True,False,False,False,,d8a3cf28e1c2b82ca54ed9ffda41fca1997052bcafbbb89ac6103edd3a00a851,b465cada352dc1d2
dataset/brown_blight/image_0_939.jpg,1,brown_blight,256,256,5786,True,False,False,False,,2f7fac206e772f78c3b1be62fbc74bcde216b9415d6adcb55e2dd361c8cbf0ff,fc9ec361349a6938
dataset/helopeltis/20220101_093558.jpg,4,helopeltis,256,256,4938,True,False,False,False,,86a53afbd4c369bdc2dff3bbd2492a61e6e340ca30923195ab81269c3a64310c,ea95974a39a5c25a
dataset/healthy/20220101_091134.jpg,3,healthy,256,256,4593,True,False,False,False,,652d2704a86dccfc422b031ad3c433517d47d67cef57a8f6c87ab7f838299419,ea80953e6ae10f9e
dataset/helopeltis/image_0_2251.jpg,4,helopeltis,256,256,4360,True,False,False,False,,a1540509920d61059e17524c5150473dafe73434f0f4d695d160abe97fb9ba2c,e34e9c3163ce9c31
dataset/algal_spot/image_0_2106.jpg,0,algal_spot,256,256,4615,True,False,False,False,,bb9cd06783fe7cbffb9245bcaa2e379b1941d0a9d9dd84ba96b535aedb84013e,badfc1603a97c168
dataset/healthy/20220101_095045.jpg,3,healthy,256,256,4780,True,False,False,False,,bb4fc92992fae60a988cc53f55b6996d4fc420248a76a51ba7f4516464aa94b2,ba97c1683ea5c84e
dataset/algal_spot/image_0_4262.jpg,0,algal_spot,256,256,6317,True,False,False,False,,2e30a07988dbd1828661709217b4ee1e6c5b7cb6e784d8db5d72d87b2d4ed504,bb2dc5c01e9a333c
dataset/red_spot/20211225_225552.jpg,5,red_spot,256,256,5317,True,False,False,False,,fe2087edbb6c4cd3ebf3c998cba70f524dacc7ea2eab5392f1fd44e4bdf651df,a895855e7aa1a55e
dataset/gray_blight/image_0_3911.jpg,2,gray_blight,256,256,5677,True,False,False,False,,682a450585dd8645cdb82cf7f776d331b2d497819941be4830cc1b5016a8814d,ef95904a2f25f452
dataset/gray_blight/20211228_141523.jpg,2,gray_blight,256,256,4281,True,False,False,False,,b6cfac76a4f24b1c443a972005edd05cf79a4253ab85790a78cc6cc803c90a34,b88f873869c7b458
dataset/brown_blight/image_0_3976.jpg,1,brown_blight,256,256,5105,True,False,False,False,,e02a72bb0bdd6f628cc6e6b5377cbe12d87babfc0a71fff2fc3df9611abb0695,bb99c4e42b1b95e0
dataset/red_spot/image_0_2632.jpg,5,red_spot,256,256,6276,True,False,False,False,,f4d4199f0bf2daa7c406c3090ff644f3ebebd283349232d57145a9aadf6db258,aad5952b5af52982
dataset/helopeltis/image_0_479.jpg,4,helopeltis,256,256,5325,True,False,False,False,,8a337ad6df3baf849ba47b1ada6c5f050c240bb6adabf6be7277eec785b29ec9,edcad2352fc0b483
dataset/brown_blight/image_0_719.jpg,1,brown_blight,256,256,7187,True,False,False,False,,974152a489508a1693101b36bef3c1a9d5043f4ff7ba3541047e0b4b43df32dd,bf62c0948dcb1b78
dataset/algal_spot/image_0_855.jpg,0,algal_spot,256,256,5514,True,False,False,False,,98049c6afa2e55848b9b80377b44bc94e55f84af6c44a90fa73f36561d200201,bf9dc0c06f0f3438
dataset/helopeltis/20220101_095608.jpg,4,helopeltis,256,256,5460,True,False,False,False,,5d57454932bc76a4bad6975dba81cc7d1401962b936945f49f0131f4b43e4342,fe80913b7ec18d16
dataset/algal_spot/image_0_2416.jpg,0,algal_spot,256,256,4769,True,False,False,False,,cdae1d7ff4f0fddffd4d6c02e2a8151c379cc1acead96446f59a99751d60f06c,ed94c2693d9662d8
dataset/brown_blight/image_0_4057.jpg,1,brown_blight,256,256,4555,True,False,False,False,,7c4c08c90095efe059807b21474e75d173d82b8af1b24d08b83ec188e8364aff,be3c90c0686c1fb7
dataset/brown_blight/image_0_3719.jpg,1,brown_blight,256,256,5165,True,False,False,False,,35ac9c85e897276021faa96d4347cce1762f3bdf9e183adbc121cf08d7fdea9f,fdc9923661c29e91
dataset/healthy/image_0_494.jpg,3,healthy,256,256,6261,True,False,False,False,,a173a683c96636a587bbce284ef90c4ef1ccad4dd6f7c2c6d91d150f81881b08,af68c097bdb812e2
dataset/red_spot/20211225_223359.jpg,5,red_spot,256,256,4450,True,False,False,False,,1f68e90675c812fd59c9044ae73e3c0d45b707f9c055abda86bc13b59615fa54,a19c94636b9e8579
dataset/gray_blight/20211228_151935.jpg,2,gray_blight,256,256,4677,True,False,False,False,,6cae8ce43cf5c8431c7a392713d526a13b42d4f4d6b3d11830a1792c68634e28,e8c995b47ac3e11c
dataset/red_spot/image_0_1691.jpg,5,red_spot,256,256,5318,True,False,False,False,,dfb33baf8f62909104772a6bd029a0da39bca43c3c7ac0043e88d89556b81a21,f596c2693d96c0c9
dataset/algal_spot/20211227_132822.jpg,0,algal_spot,256,256,6680,True,False,False,False,,422296c43a71357d413baf7a03cdeda2cae816c38a5f735215d1dcb553046665,ea8e853d5e706887
dataset/gray_blight/image_0_3047.jpg,2,gray_blight,256,256,5174,True,False,False,False,,e31a5b26ac8156bf15dbe07fb48f5d2c53f1d48b1d78adbd1cfc3d413421d452,bb2cc0d06b0fb5f0
dataset/red_spot/image_0_2619.jpg,5,red_spot,256,256,4041,True,False,False,False,,7d89642b576b88b4793741b6c38650d229070edcfb37aafe19f1867babb9e73a,ea90952f7ac1a51e
dataset/helopeltis/20220101_095652.jpg,4,helopeltis,256,256,3786,True,False,False,False,,004f8b1040145094f2ee4eba26b40c9b8a241e806eb0da7c6b67fcc38d739965,f2cc993366cc1993
dataset/healthy/image_0_980.jpg,3,healthy,256,256,4601,True,False,False,False,,46c3f13b2f5f04ee5b47765d38c0c2ec75917e21a313444714bc1bc250283891,afd5c02f2fd4480b
dataset/brown_blight/image_0_1585.jpg,1,brown_blight,256,256,5822,True,False,False,False,,8f3a2f12024d792db815141a050e4b3b3d021ee956a71dc544195dc83ec10e6c,e8b5974a25548adb
dataset/healthy/image_0_902.jpg,3,healthy,256,256,6359,True,False,False,False,,74b427659295d5279e79078442fce9181dd4d9e552f01035fec31565c6e732f1,e9619634cad235cd
dataset/healthy/image_0_2347.jpg,3,healthy,256,256,5914,True,False,False,False,,0cbc03e2e07b26ddf6ae10f029738a066274a0e381e88f31490e07aee6f8fade,ea95956a1e2570d6
dataset/algal_spot/image_0_3092.jpg,0,algal_spot,256,256,5466,True,False,False,False,,e2603d02a075cf840db44f45d0392614eaca060048870019067ee5a312c22fda,e8cb97344b564cc9
dataset/healthy/image_0_2346.jpg,3,healthy,256,256,5249,True,False,False,False,,2b68ab027aad4fb7c6372c4a2f313699d4a18bf25b08749649b99c1af277523c,ff80803f6ea0075f
dataset/helopeltis/image_0_3777.jpg,4,helopeltis,256,256,4958,True,False,False,False,,66444613dacf426302e68fb315d3344415edda65940194a86166b89c8245b2a8,a6b3d90e996c32b2
dataset/red_spot/image_0_1884.jpg,5,red_spot,256,256,5961,True,False,False,False,,67c7c0d020fbef7f6f499fb5b2b16d9de88ee10ee0757a23c5b599e6a81c4b86,ac9ccb61b4663399
dataset/red_spot/image_0_1680.jpg,5,red_spot,256,256,5654,True,False,False,False,,e2aa92779b70602469e991bae0514e3e8d4c86e57363587cb2fbcdfa5477bae2,bfd0802b5af5aac2
dataset/helopeltis/image_0_2756.jpg,4,helopeltis,256,256,6425,True,False,False,False,,7e4efc6a8b94da112a78fe4cf4cee7d84fc77bd7925400600c91a8602e2f1213,bd9dc2e275a5221a
dataset/helopeltis/image_0_2166.jpg,4,helopeltis,256,256,4801,True,False,False,False,,292ebd7de202514da432a7702114ad42b9c7e494e89735509339fbd43a64d031,e192de6d30966399
dataset/brown_blight/20211227_164350.jpg,1,brown_blight,256,256,4842,True,False,False,False,,3f4f976d82009082917afd2c669608742bf656d82d9f47085de2019e3b326bee,ea9295396ac2951f
dataset/red_spot/20211228_125253.jpg,5,red_spot,256,256,6046,True,False,False,False,,b4f2de5ac6c112aaf3d72a445f1bebd243f7fc27038367a8c41ef2ef5f449001,ea95857a1e616897
dataset/algal_spot/image_0_823.jpg,0,algal_spot,256,256,7080,True,False,False,False,,685f09799415814b9d06cc81bc3bbe933f8e686732932e83766ecf47e5a70c52,eac2953d5a700f9a
dataset/red_spot/20211227_162531.jpg,5,red_spot,256,256,5617,True,False,False,False,,5e4bcc67f5ed013bd262238247d690bd6a78dba799313a95179457547d0b359f,fac0953f40cf4e98
dataset/red_spot/20211227_161342.jpg,5,red_spot,256,256,4835,True,False,False,False,,65e1a79ebecd9d8a6fde31abd1cc5cfbececbca3938b4c0df5c4edaea5a9f325,fe80843f7aa4a55a
dataset/red_spot/20211228_123930.jpg,5,red_spot,256,256,5366,True,False,False,False,,eb03cb0cdaddb29b79a31f7dc72dd75600b63a97377a4626d7fdbb7621db23cd,fa80943f6af0258f
dataset/red_spot/image_0_495.jpg,5,red_spot,256,256,4908,True,False,False,False,,416fbfcfba037bbc1e289b132864d5d735199a605cc46c355906cc63a21e48b2,a53a9a6d7192ce43
dataset/algal_spot/image_0_4295.jpg,0,algal_spot,256,256,5497,True,False,False,False,,0f8d3beb6443b5a2e3dc7628988c8ffab89c1fb24f71126fdb1e045d858b59ad,ad96c2693c26f1cc
dataset/gray_blight/image_0_333.jpg,2,gray_blight,256,256,4909,True,False,False,False,,29a96b7ba9464726487e546b6981ece943b25fe2f60970de7a92a168ee446bc6,ea95c06a3fa5528b
dataset/red_spot/20211228_125314.jpg,5,red_spot,256,256,5301,True,False,False,False,,00c9e13acad896eebec4020b40554e52de1a0badafcde2f18bc5b67de785364f,ffb0c04a4fa5345a
dataset/helopeltis/image_0_2040.jpg,4,helopeltis,256,256,5116,True,False,False,False,,c1ec0a2b8c07d632b2420d7dcc98f96812f938964acdf1a2cc067fca9f5bb515,e8c5963c68c3a59e
dataset/healthy/20220101_094657.jpg,3,healthy,256,256,6047,True,False,False,False,,bf6c7313a98abeb64eb526eeb64058c0c3de340cd4923d2db8991318a6929715,af3ad0c14f4a34b5
dataset/healthy/image_0_3480.jpg,3,healthy,256,256,4517,True,False,False,False,,405b721b7dffa4345ce8d197f9a8e3d0f72f307e6895d56c1e66d3da472a45a8,bdc1c23e2cc137cc
dataset/gray_blight/image_0_590.jpg,2,gray_blight,256,256,5348,True,False,False,False,,9c87c9e24b93087699df40e34d944c2d7c0b7eafcf9df1b2ad7606651c763394,f58dc6326dc4920f
dataset/gray_blight/20211228_120308.jpg,2,gray_blight,256,256,4826,True,False,False,False,,b56c0f8d7dec06da102b64c25ed06006fe0117c77322b53359cd416be077353d,ee6891873e78c187
dataset/healthy/image_0_2821.jpg,3,healthy,256,256,5204,True,False,False,False,,758c547f6fc962726d38e29208f8f87d88b26563148171838319b684e88e1f74,e7cc9a3899331966
dataset/helopeltis/image_0_2241.jpg,4,helopeltis,256,256,4029,True,False,False,False,,dd8dcdd28aa274eb78911d316cea4922814704f15fb3b556bc943ad64c67afb1,e63699c9643693c9
dataset/gray_blight/image_0_2849.jpg,2,gray_blight,256,256,6280,True,False,False,False,,72ebde84751ac59689fc400c7e9f20432aff1441ef20d386c11fdc64bdee1027,be97c0680fb67099
dataset/helopeltis/image_0_1413.jpg,4,helopeltis,256,256,5486,True,False,False,False,,7addb6afc088fb9fc8000490883fc56b534dd6054b25cfc1a2885891073701af,f80f953c7ac3851a
dataset/red_spot/image_0_2353.jpg,5,red_spot,256,256,5384,True,False,False,False,,c012a63df4366594f3e113411a3551e359caf78edb177ebb0babbc1c31cf2b90,eac2943dd87067c3
dataset/gray_blight/image_0_1828.jpg,2,gray_blight,256,256,5501,True,False,False,False,,6ba8cc0db5b5d67164699f602ddb67aac725368815492c97cca5090729b9ddb6,bfc1c01f3fe03425
dataset/algal_spot/image_0_3885.jpg,0,algal_spot,256,256,4697,True,False,False,False,,7f881b6fec79318af12efffb327826f82c043ae28b343201a45bee8c35041bb1,a996c2693c9ecbc1
dataset/gray_blight/image_0_3092.jpg,2,gray_blight,256,256,5919,True,False,False,False,,75ce1ce38022e1fb6938abc96adc8dbc39744be392577ecd9f8cf1c4c7e12402,ab95d06a2f0572da
dataset/gray_blight/image_0_562.jpg,2,gray_blight,256,256,5864,True,False,False,False,,33161edcd8b8cd81ee29019cc2d131b3048a8faf12757fa0a85fd6930530a634,eec0813f78d027cb
dataset/brown_blight/image_0_609.jpg,1,brown_blight,256,256,3772,True,False,False,False,,298f6baafca1f869e9c6f48bf621be62e8582018dae405422d834dcbfc0ae404,f192cf653098cd66
dataset/brown_blight/image_0_5182.jpg,1,brown_blight,256,256,4312,True,False,False,False,,ac5484d2784d7fa6fdb479098caa7c60f8670c43613d4f0595eb70c05ccbe0d5,eb69c0963469e9c3
dataset/helopeltis/20220101_101833.jpg,4,helopeltis,256,256,5868,True,False,False,False,,7f1d59f083b3ca9897d6fdcfa67f122b3483172ffb2559a3fd7ef4ee96eaf246,a5939ec3cc6c8cc6
dataset/brown_blight/image_0_1995.jpg,1,brown_blight,256,256,4645,True,False,False,False,,7c2f5602150cbdff9535a1d04b43696278e531ab52c7240ce9292c02bca9b669,ece5cb9a32c70e24
dataset/algal_spot/image_0_924.jpg,0,algal_spot,256,256,5063,True,False,False,False,,a4cae38ededa312b04b4aabb17bbe9d5f8085dc71b10836f7c6e144843f5fa4c,afe0c29e34610b7e
dataset/gray_blight/image_0_3038.jpg,2,gray_blight,256,256,6054,True,False,False,False,,80692bc09b0b93df57dd8cbd078b36a7eeeccdeded7048487d417936e2a18f72,bf9fc060341f2798
dataset/red_spot/image_0_3119.jpg,5,red_spot,256,256,5040,True,False,False,False,,585d2e85cbdb401c80cedf46c6342f29fce104f2abae437e0da44632b0c63265,bee0c19f3a602da5
dataset/red_spot/image_0_1616.jpg,5,red_spot,256,256,4967,True,False,False,False,,b14dbc3c44ddf1f51ff7da80439ead2c0c094f204ff10722d3c53abc83529da9,bfc0923f68c316cc
dataset/gray_blight/20211228_141133.jpg,2,gray_blight,256,256,5141,True,False,False,False,,b5078ce3877fd8d203c42c65b7bbcfef8d52419ceb58603fdf98a2d6b394b233,bbc0843f6af085cb
dataset/helopeltis/image_0_3818.jpg,4,helopeltis,256,256,3709,True,False,False,False,,d176c1b0bc8f2b88cf9ee611be265f707a7e2d0427971a22eaae034c65920bb8,f089df26609d9761
dataset/red_spot/image_0_294.jpg,5,red_spot,256,256,4488,True,False,False,False,,fa71fd0bb20ea3ee913f429c4a2a71f91e8bc90a118eae723dbcb02132434373,b0ed87943c69c3b4
dataset/algal_spot/image_0_1296.jpg,0,algal_spot,256,256,5770,True,False,False,False,,a0cf3e40ebf38d6cbde7ca8009c4bcd759e34eabdac1620886aa952ea096a7a8,e8bc9dc763a82436
dataset/algal_spot/image_0_1342.jpg,0,algal_spot,256,256,5313,True,False,False,False,,c6e8d95be59b1e78a62350163d487330c95d79cec45c83c6f7963979d630c74f,bd9ac2613e1f3198
dataset/brown_blight/image_0_4226.jpg,1,brown_blight,256,256,7143,True,False,False,False,,9457f0c8ce38830be1295abf70b4c1cab57a2c93d3ee882c4eccd31f6c444541,bf1fc860b643698c
dataset/gray_blight/image_0_3801.jpg,2,gray_blight,256,256,6136,True,False,False,False,,6aceff248971602b8348f1b91064bb90466952d4395ff0681268df44dfeaa563,bec0c11770696fc6
dataset/brown_blight/image_0_6353.jpg,1,brown_blight,256,192,3801,True,False,False,False,,06ddac0cfe0780d2c0d3d81c768d5ef00225739e7fbb81af544dc83a79ff5f2f,f0ce9930669833e7
dataset/healthy/image_0_1272.jpg,3,healthy,256,256,4888,True,False,False,False,,8af453a6589a2eaff3138683859d2c573ad79f84e03861786b4854e5a0974936,fc92c3641ec3e986
dataset/helopeltis/image_0_3120.jpg,4,helopeltis,256,256,6532,True,False,False,False,,72417e909868f5442294518f992bfddf3a2ac9ae04717a94587991228e0deed8,ea4285bfd811674e
dataset/gray_blight/image_0_2098.jpg,2,gray_blight,256,256,5193,True,False,False,False,,bd9f9da177a4fba73ea3121ea0b6274c2e61b6a03ffb5b7d814a2b989450710d,ebc895356aca078d
dataset/brown_blight/image_0_270.jpg,1,brown_blight,256,256,5512,True,False,False,False,,1987b8cb93b1562ee62c2c6974122d698000faefef86a73370ef836461f73351,eb6ad4952b62c295
dataset/gray_blight/image_0_3114.jpg,2,gray_blight,256,256,5586,True,False,False,False,,34fd481beccb501aeb5b90bcca59ad794f3628b472b104994b906ec2733854b9,fe84817a1fa0e8cd
dataset/helopeltis/image_0_350.jpg,4,helopeltis,256,256,3221,True,False,False,False,,51b3f7cd2eafbb3e1e565eecbf9295d47559fbac795840022c87dfc8c7f7a23d,e6889b666c99b346
dataset/gray_blight/image_0_2523.jpg,2,gray_blight,256,256,6324,True,False,False,False,,132a2e8652e613af3733205b868127dc304f86778c3c579a8c4df0ae20fb58a0,aed1910f4ff92c84
dataset/red_spot/image_0_2689.jpg,5,red_spot,256,256,5186,True,False,False,False,,8a5892ce3a4f4597bd290a8d95559e3c1d0a04f9be24dbf233ee99b23089d73a,ea6a95855a1ea969
dataset/gray_blight/image_0_3741.jpg,2,gray_blight,256,256,5454,True,False,False,False,,9ef794671dc87c6f319a6631734fb7db257f144c5760fe4c567bd54bea8c4e2d,bd9ecb60b03b191c
dataset/brown_blight/image_0_1178.jpg,1,brown_blight,256,256,5669,True,False,False,False,,ba34f3d0feabfff1dae7bd6c93824f45061427cc218f69f1b9f043fd70931127,b9c69e31e52f4a48
dataset/helopeltis/image_0_2097.jpg,4,helopeltis,256,256,5789,True,False,False,False,,b326681ca0d7148912dc27ad7e201324ffed06a6590a52d519ce4242375fe37d,e994cecb85663239
dataset/helopeltis/20220101_104654.jpg,4,helopeltis,256,256,5446,True,False,False,False,,47b38fe7580e50152b75c3712cd3e4600c392f6f1d36a9cc59bbfce4bcdd2cf0,e8b5974b3c346391
dataset/algal_spot/image_0_1416.jpg,0,algal_spot,256,256,4911,True,False,False,False,,c10bb8e364c3c55b1209c7844da9fbe5a01fd71c02e8598d59fadb17e3467486,afe1d0942f69d494
dataset/healthy/20220101_090202.jpg,3,healthy,256,256,4668,True,False,False,False,,0a0e781a93c5cb6a9079fcf7d1243022157b17ce6f741a107c295fa7e32e6c8f,ea95856a3aa5e09e
dataset/helopeltis/20220101_104612.jpg,4,helopeltis,256,256,5882,True,False,False,False,,550d02bed7b49cb7b528537a3d80dc032c5d48f0b60bd931613d609304d75bfa,ff31805f3be00593
dataset/brown_blight/image_0_4668.jpg,1,brown_blight,256,256,4947,True,False,False,False,,353268b33c5334471f2ff8f55458252d5f2bad6a7dcdc3457bf1e61834f9a445,e971968f68c83527
dataset/healthy/20220101_091511.jpg,3,healthy,256,256,4927,True,False,False,False,,9fff1f3a7f9c8f51e145571e2a0f8567ddd76623c9bf5425a1854a4c757d9fd9,b299cf65cc2618e6
dataset/brown_blight/image_0_145.jpg,1,brown_blight,256,256,4667,True,False,False,False,,01c373eeb7b56d0753383b13ee43b41e7caaeb6999f982115a2a176deecdcfe1,a4d2836d3c92c76b
dataset/red_spot/20211227_155943.jpg,5,red_spot,256,256,5367,True,False,False,False,,a163c2c9d94ab870a71fb72dbebe14d23e394f16826bc51f9ea6322b87e7181c,aaf891856e5ab5a1
dataset/healthy/image_0_1100.jpg,3,healthy,256,256,4418,True,False,False,False,,570c467b54e7891a493fdce902ab7b15e42f74bd9e780067a55c9ad9dad1734c,e7cc9a328f264c69
dataset/helopeltis/image_0_3707.jpg,4,helopeltis,256,256,5035,True,False,False,False,,c92fc39ceae4c8fd522e83bde40ca6e20aed05e308d05915e6f5194666d72449,b2ddc9660e333899
dataset/helopeltis/image_0_14.jpg,4,helopeltis,256,256,5291,True,False,False,False,,7b28ca151c460b89cee476c48aa74873dac6a559c9fcae2934620ddb6abed05b,ea9a956c5ac3259c
dataset/helopeltis/20220101_095421.jpg,4,helopeltis,256,256,4642,True,False,False,False,,7b3a17393f884724cad207d24203912ef5230c59d49f8273868b17485620658b,fcc3923c69c3169c
dataset/healthy/20220101_101040.jpg,3,healthy,256,256,5009,True,False,False,False,,8e25b4abac5679a7dd44c77375ebe485a440056d8a24bf71f47a478148e69eaf,bfc0c03f6bb034c3
dataset/healthy/image_0_1325.jpg,3,healthy,256,256,5355,True,False,False,False,,d70c8318a3d6a41434a20dd096e158cb4979556817f5c58dade82716ad43994a,bf9ec0603e177898
dataset/healthy/image_0_2616.jpg,3,healthy,256,256,4848,True,False,False,False,,eb54a4a06e9fe9511cace506ac4043c3a6ca47bcfdcb0496d4908208096c8592,aa97c56a3e9542d8
dataset/brown_blight/20211228_153754.jpg,1,brown_blight,256,256,4359,True,False,False,False,,84d366a51e0c5c7fcd899fae332c70bcc55ccd6ca2c19f3f84c06bdd2ce105d7,bfd0d02e2af0b5c2
dataset/algal_spot/image_0_1931.jpg,0,algal_spot,256,256,7135,True,False,False,False,,4ddb136f0a5e276913de3d488ceae56e9b6ca0ca48e137a71d56d27fefe970e9,bec0813f5ee02bc5
dataset/brown_blight/20211228_125619.jpg,1,brown_blight,256,256,5031,True,False,False,False,,a4bbc05e41faf22925aa5c96dd7547f5a60e12ee0a147250e2f2a04068543bce,ff9ec0601e87e138
dataset/red_spot/image_0_909.jpg,5,red_spot,256,256,5785,True,False,False,False,,07bcd1be2ca523e6001a2f2cd3d913ad779ff6395b95bf24bca5ca4e253da892,aac5957a1ee16097
dataset/red_spot/image_0_2201.jpg,5,red_spot,256,256,5170,True,False,False,False,,1da89011581bf059f162c8e3e8b951c448934f2716e435e5fb4cde5c799717e8,eaca953561ca3cc9
dataset/brown_blight/20211225_232840.jpg,1,brown_blight,256,256,5036,True,False,False,False,,faec2d71c65b1b8e513be82fe7dd40198835c7732f9523ad71e3fde88b984a4e,aa87857a7a85915e
dataset/helopeltis/20220101_121427.jpg,4,helopeltis,256,256,6249,True,False,False,False,,c3709359e01f661a524eb38b85ca61014eedb442297d993e7acd44533183df8a,eb9dd02a0ff590c2
dataset/gray_blight/20220101_114145.jpg,2,gray_blight,256,256,5300,True,False,False,False,,7ad8b7dd90c6aa7381317dc5ea0604e894426b0e4db97f75c87573a5235d05f4,e1b09e4fa568361b
dataset/helopeltis/image_0_624.jpg,4,helopeltis,256,256,5802,True,False,False,False,,4239ea1e560d378db41e4b1260db8dd743d6d23b6588c789cb9ddc9b4d59c8be,fe91c16c34b3499c
dataset/algal_spot/image_0_3116.jpg,0,algal_spot,256,256,6245,True,False,False,False,,68a389087c441643d1c7d19a805ba73e7c7c53e55483b5275752080ae7005527,eec0853f78c0076f
dataset/brown_blight/image_0_8384.jpg,1,brown_blight,256,256,5016,True,False,False,False,,c3a08a0703666078b3f44a9f1271b1b18cf42392971307f4c7bdc8ba623262bf,bfc1c0783f97c068
dataset/helopeltis/20211205_155223.jpg,4,helopeltis,256,256,4149,True,False,False,False,,059cfab8c14e565bab3c15be23c8eaa7c8fc347197adce33cd5c212eef4957f9,e5d89a64319ace6c
dataset/brown_blight/image_0_4241.jpg,1,brown_blight,256,256,5625,True,False,False,False,,fd9e63c516e42d7c47e4a67fe0ff71e2ec0e41a9f4094217eb409b7151546801,b0c7cf98326d4996
dataset/helopeltis/image_0_4047.jpg,4,helopeltis,256,256,5544,True,False,False,False,,4160c35c48a123ae3491ee5788e1f1e48fcad1623899525d251f8be1396ad1d1,bf96c060369f6994
dataset/healthy/image_0_330.jpg,3,healthy,256,256,4892,True,False,False,False,,e58edad850dbd495f0096ab4f28fa9aec0135f464e707be94e09576e82c3d011,fd65c3921e8c9839
dataset/red_spot/image_0_1756.jpg,5,red_spot,256,256,4904,True,False,False,False,,b7916ef9c5094118e9e834f31a0ccfcb7a05dac870c96eeadc275742c2a61ab7,abc0903f6ec0f50f
dataset/healthy/image_0_2017.jpg,3,healthy,256,256,5533,True,False,False,False,,a12866909e0b6fe7c08e617ffb55f4c2b20a013b5e7c87c4e41c87c054482a75,e8c3963c69624ed9
dataset/healthy/20220101_093514.jpg,3,healthy,256,256,5192,True,False,False,False,,9ae4b6c316be529aa3655f721b559f0d9ac6f8beda06bbfad62141c3dfe02ece,ea42853f7ae0258f
dataset/red_spot/image_0_2150.jpg,5,red_spot,256,256,5920,True,False,False,False,,e12ceb240563bd97a0963a6bc71a4d91ca0ee65a79dfa8b6675d308b2ddfca9f,ea6a85a59f94bc90
dataset/gray_blight/image_0_3905.jpg,2,gray_blight,256,256,5312,True,False,False,False,,25b7bb800e7c2e8c841b2a05377a5ed5b638b1ad518a40169494f20d2be8c652,bfd2c02d17d24d86
dataset/algal_spot/20211227_153225.jpg,0,algal_spot,256,256,5543,True,False,False,False,,744b528c82a073d2d8ac72b967611324421d65c49ca8af93c7b5a6c43d63942b,ffbf80c06a1fa520
dataset/healthy/image_0_2561.jpg,3,healthy,256,256,5013,True,False,False,False,,4122d81ce226c8b522046f09bc881b34dcca6774c3f109bf250415828e9c20b2,a1cf9e3061cf34c5
dataset/healthy/image_0_1931.jpg,3,healthy,256,256,4581,True,False,False,False,,893ca136065b64aeda637353035dd409c7ef36652e5346944e0bc0ce790057b8,e8c3973c69e3249c
dataset/helopeltis/20220101_094301.jpg,4,helopeltis,256,256,5131,True,False,False,False,,69db0c09f2231ab8666618772979480db87348d343c4c25711e636284d96e399,fe2c95d04a0fad34
dataset/helopeltis/image_0_1622.jpg,4,helopeltis,256,256,4629,True,False,False,False,,ead3aa5b21f14bcc3a904153466329b3bccf017293443121b6bb4080c140374a,edb69249d8656626
dataset/red_spot/20211227_155754.jpg,5,red_spot,256,256,4968,True,False,False,False,,94b4b8608456b4bf6b916d82937f6af9acb99ef4af101909c084261b0555ba1c,eee780913f5ae025
dataset/brown_blight/image_0_2957.jpg,1,brown_blight,256,256,5898,True,False,False,False,,2a1a43845f2955749b5cda2eec96bd453fbb154a6882a66ee425f4218223e9df,ea97c56a16239965
dataset/red_spot/image_0_896.jpg,5,red_spot,256,256,5315,True,False,False,False,,6c6f3f53ef668749cc04acb2ead993fab7a1cf811f9e710063809811503455dc,b8c3973dc93a6261
dataset/gray_blight/20220101_122229.jpg,2,gray_blight,256,256,6345,True,False,False,False,,894696ae5ef6cd28ed6cb50de14ccb8908cb64fadff24166fe8b4bd45c430c75,fa8781684d3536da
dataset/gray_blight/20220101_114826.jpg,2,gray_blight,256,256,5430,True,False,False,False,,979fa9e5d36641b8eb722718bdf637607978840a6dc3283cc0a856be0c0a56af,fb84c02be4f00b6f
dataset/red_spot/image_0_2480.jpg,5,red_spot,256,256,4866,True,False,False,False,,3e0e153ce81c8a8cddccf0b5af39b2f48c9c7ebb0d39a9e6969f25fdc3d1c23b,eca992b439cb622d
dataset/algal_spot/20211227_132844.jpg,0,algal_spot,256,256,4742,True,False,False,False,,915a362cdf11f35ec3ee68e44549be976b99011c76e842919745280bee40f81b,fa9785c87a3785c0
dataset/brown_blight/image_0_7937.jpg,1,brown_blight,256,256,5947,True,False,False,False,,4399b68727492c6521fa886a024cd9778257ed659d0b5d668b1bcb82ddbfdf72,f53cd0c02d3fb4e0
dataset/algal_spot/20211226_102226.jpg,0,algal_spot,256,256,5035,True,False,False,False,,4edb4270e47cbc6956926782b4e85f08d58a67bc9660ff4cfdbb6cbd332a0753,ff9dc0606a0538de
dataset/gray_blight/image_0_52.jpg,2,gray_blight,256,256,6168,True,False,False,False,,376aef48dff4ce51228309a5cf2e194bcf77d6e24b1a33225e06a171e42def7b,e86b86b49d9132c7
dataset/brown_blight/image_0_5767.jpg,1,brown_blight,256,256,5300,True,False,False,False,,bdf7080e02b4741a6493d61c5e2dc3837ef82d892c0384e82ce94e775abae0ac,ed96cf6330263319
dataset/red_spot/image_0_2651.jpg,5,red_spot,256,256,5587,True,False,False,False,,bf2d69e721a4e41410e0795742ee5465073aa60a2635d44ddf1777379e3bcca8,ff8cc0c03b0fe4f0
dataset/red_spot/image_0_1329.jpg,5,red_spot,256,256,5252,True,False,False,False,,8a0f236feb9d3b8ffa2af6a6b79c9a6d35781a4e6aae99cca0e3546af61b08e1,b8df87606d9730c8
dataset/red_spot/image_0_1128.jpg,5,red_spot,256,256,5090,True,False,False,False,,550a62941198bc3ff8f1f28a391b1e54973ebf094180cbcf281ef3892064b284,afc0903f6af0258f
dataset/algal_spot/20211227_154649.jpg,0,algal_spot,256,256,5935,True,False,False,False,,2585b6122bf833536adc590a7afb9c415a06c8b2a91763c152bab135d6003e7d,ea2b85d41a1f0f69
dataset/healthy/image_0_2606.jpg,3,healthy,256,256,5677,True,False,False,False,,d9b93a63318ca5cda8092f1d41c200e5944a2c31b53af6fd0c3b80983c1d4c08,eb3f95c24a0f2570
dataset/brown_blight/image_0_3913.jpg,1,brown_blight,256,256,5363,True,False,False,False,,c37fee485e68b4e158b28f8dfdfa4899c358d737682da17cc7763279e2381d46,b635c14a3695cae9
dataset/healthy/image_0_3059.jpg,3,healthy,256,256,4426,True,False,False,False,,27c6cb60d3c766d31c9b9242672446a04982db163153040573d80e5b7de0fdb9,e9c3963c69c29699
dataset/brown_blight/image_0_3690.jpg,1,brown_blight,256,256,5499,True,False,False,False,,bbfc592d7032ec636d11f6eaf4840c280f44432e9735c912ef25208db9d41e1f,fcccc2313dced031
dataset/helopeltis/20211205_161031.jpg,4,helopeltis,256,256,5153,True,False,False,False,,1611e2e73e70f01e126271a80bff3142182933a2fb3b21fca560a3ad40c3a3d8,ed9a922d39c2c51b
dataset/red_spot/image_0_833.jpg,5,red_spot,256,256,4931,True,False,False,False,,0c2d7742a1054e251eb17fdf74c8c8c21a20f4039f212e71a90539e7056fb6e7,b4ecc3c33c3c7261
dataset/brown_blight/image_0_4727.jpg,1,brown_blight,256,256,5525,True,False,False,False,,bad442f424a5e6cc4b48da86d0383742fce7afcbd7efbee9a61ccff2be686faa,bc9ec361369b68c4
dataset/red_spot/image_0_1642.jpg,5,red_spot,256,256,5865,True,False,False,False,,af79c08a698c138591f5437aa1e94afe8bf844b4f3d9f0cd9c33cb7277766ac4,fd9ec2613c9e2311
dataset/gray_blight/20211227_165026.jpg,2,gray_blight,256,256,4669,True,False,False,False,,37861f91fb8eec9137d93f323c2866f1f3c3fd9d52885588a99ba9ac52cc124c,fa85c13a7ee1a18a
dataset/gray_blight/20211228_140414.jpg,2,gray_blight,256,256,4419,True,False,False,False,,043a1a1b0a960b90f0297c8ff9b8389b10f7ceb797b941800afd3ece477838be,aeb2916e7ae0a516
dataset/gray_blight/image_0_953.jpg,2,gray_blight,256,256,7026,True,False,False,False,,da0d615533c1dc4e0819d01664640bd98991f0c4b56c67bcebc6e82254806857,fac0852fda7061cb
dataset/helopeltis/image_0_3569.jpg,4,helopeltis,256,256,5255,True,False,False,False,,9fc967585ac8f9dc9081ffab7c789e06246083fe41d828773d6d6a78b521d670,ad9acb61946e3319
dataset/algal_spot/image_0_4301.jpg,0,algal_spot,256,256,4880,True,False,False,False,,ab162847574e1988606b914e498cf6941c382fc26ecbaae9291077045d28d318,b8c3c71c3c639396
dataset/red_spot/20211227_165202.jpg,5,red_spot,256,256,4198,True,False,False,False,,6e63057dd55e84231378507db9dd7a80375a26e55dbf3be9cd0874ce31cadd36,ec80953f6ae0a58f
dataset/algal_spot/20211227_154506.jpg,0,algal_spot,256,256,4865,True,False,False,False,,3746f9283010593db7171d23eb80f8eafc7d8cec1cb08fd726b6ea5d7139d220,eac4957a3aa5e05a
dataset/red_spot/20211225_225053.jpg,5,red_spot,256,256,5540,True,False,False,False,,d604ca769843069c1619405413709377e241433170d6ce514cddf92b998f19b8,aa94956a7aa5a19e
dataset/algal_spot/20211227_151921.jpg,0,algal_spot,256,256,5082,True,False,False,False,,badc1745130c184de8730fc453ad12124fe2de12807a748ed5a79c7b3e95c6b2,feab81847e7aa031
dataset/brown_blight/20211227_163456.jpg,1,brown_blight,256,256,4322,True,False,False,False,,ddcc329485b7d13878b7914f1ade75394f543a4d30c9fecee0f61d72012ad792,eb8895973f5ac0a1
dataset/algal_spot/20211227_125751.jpg,0,algal_spot,256,256,4464,True,False,False,False,,947fd5ceb72e35f0a9fb73c5f9a87a298b01bee940791092105462587b03c946,ea15956a7a85e51a
dataset/helopeltis/image_0_3111.jpg,4,helopeltis,256,256,5288,True,False,False,False,,40dbda1d8e3cb97354c59438119bcdba903a67827d01970529ed4676da124c7d,fec0953f68c2278c
dataset/helopeltis/image_0_1200.jpg,4,helopeltis,256,256,4957,True,False,False,False,,31e36254f812ce8d531d2cdb00c96da6a20deb447a682edfe6f7c254d53c06c8,bcc1cb3e61c31e68
dataset/red_spot/image_0_897.jpg,5,red_spot,256,256,5936,True,False,False,False,,d8451b56f55c1317255762d333e35c53bd4c2be086bdf74791d7d847a5446369,e1b09e63994c9b8d
dataset/healthy/20220101_094842.jpg,3,healthy,256,256,5173,True,False,False,False,,24a31b40e2ccd68125a84958f448fa9f108adc190bc263750ee7dae92e9946be,bab4c54a3ab5f052
dataset/red_spot/20211227_162225.jpg,5,red_spot,256,256,5203,True,False,False,False,,1dcfc8928951368782c84814c62839ea32ac6e29b80e87b658e249ebbc5e59ea,ebc2943d6ad2258d
dataset/healthy/image_0_1620.jpg,3,healthy,256,256,5253,True,False,False,False,,3e114c3fc0472791b386b1dea3f13ed4461a820e3005a510a94e61ceedf9d2ee,eac2973d614e8c99
dataset/brown_blight/image_0_1303.jpg,1,brown_blight,256,256,6129,True,False,False,False,,4603178ca087e77eec62018d462fac2f3ea9c5e61acb084a36251b2e21932113,f897c66829b6b0ca
dataset/brown_blight/20211225_235207.jpg,1,brown_blight,256,256,5195,True,False,False,False,,6eea543bf915218b73f20d923ebcedf179c59204260cdc2efce9e8584592365a,adc3902d3bd4c51b
dataset/algal_spot/image_0_4231.jpg,0,algal_spot,256,256,4769,True,False,False,False,,ad9757f3ca98d5a63606b54bacab17907f7421f37d248d5618ab702bfa9bdb00,be1ec1603e9fc168
dataset/healthy/image_0_2625.jpg,3,healthy,256,256,5931,True,False,False,False,,200863adf82dbd103a23b2641446e84adc1a50d800ea41a1b761859831bf8b88,fabf85407a2d6590
dataset/algal_spot/image_0_1990.jpg,0,algal_spot,256,256,4259,True,False,False,False,,0547e2d251d9eed97e94bf609cb039c86b297b379d34160c3b8dd817fb5dc2fd,a916966968969779
dataset/brown_blight/image_0_3204.jpg,1,brown_blight,256,256,6035,True,False,False,False,,48a68ce2e07b397424be9d320c034f4d8a94ee216386c0f70cb1cda43d7eb79d,ffccc0322ec8911f
dataset/algal_spot/20211227_133841.jpg,0,algal_spot,256,256,7548,True,False,False,False,,90a50ff41ff5dea40cb7735d0f5f22b8eeeb527682a9c8fc8f296ce3f5fd50c0,bf2ac0950fda342d
dataset/brown_blight/image_0_5281.jpg,1,brown_blight,256,256,4976,True,False,False,False,,3f20e33bee7f0d4bc113aab6a1606116ced652fbf84d17b7b9c6433101776b0c,e994936934966b95
dataset/brown_blight/image_0_2884.jpg,1,brown_blight,256,256,5627,True,False,False,False,,37f695d7f55d8d5ec8587b1ce550b3d3de7e2f9e0d46e5c2700ae932c12bd223,b598c067369ac96d
dataset/healthy/image_0_1259.jpg,3,healthy,256,256,5946,True,False,False,False,,9016e520ec2111388a4c648fd5e43f1be05131503cafaf3fac5017342a75ddf8,ac9ec7698527329c
dataset/algal_spot/image_0_81.jpg,0,algal_spot,256,256,4737,True,False,False,False,,e619b97e2c2152f2c13407e028df1c0514a714cf47027b32872198eaaf5cf090,fa40853f6ac2972d
dataset/gray_blight/20211228_134637.jpg,2,gray_blight,256,256,5571,True,False,False,False,,7eda313d6f7e997af8094429441ecfb22d0b78bc37f6f0202cb7e8e8a4a03b66,ffe8c0940f4a706d
dataset/helopeltis/image_0_383.jpg,4,helopeltis,256,256,4686,True,False,False,False,,2de61d2aa33438383d4315da3f25ccbbf0030528d44ecea10c3d89a965f67b60,f98c863738d0b70e
dataset/helopeltis/image_0_3682.jpg,4,helopeltis,256,256,5185,True,False,False,False,,c5988d85d302974d0c60710079ee259bbeee5a1de1d7e4a43554ce6e11534829,b7e1c8122f7d30e2
dataset/healthy/20220101_090248.jpg,3,healthy,256,256,5225,True,False,False,False,,6aabef83792ea7599d8390e53038fb62385fbcf2043de659824084df87cd5c27,fa87c47a0fb0c8c6
dataset/red_spot/20211227_162121.jpg,5,red_spot,256,256,4671,True,False,False,False,,26012447e660ef4c81730ea24f0fbd2dda4b72651f1ea8d8ad028bb7176f18ef,bfc0851f62e0979c
dataset/helopeltis/20220101_105334.jpg,4,helopeltis,256,256,4010,True,False,False,False,,34e583799dbb2fddb20dc61fa3c2455ac1dd7e314d80622bf17f9b85cf62e36f,e1279e9861678e9a
dataset/red_spot/image_0_1276.jpg,5,red_spot,256,256,6219,True,False,False,False,,77db06cee4594a9a5c4d77d563be00a7ecd081102e56cabc0aad39d24b0589b0,ac9ec2683c3772d8
dataset/algal_spot/image_0_847.jpg,0,algal_spot,256,256,5723,True,False,False,False,,19f208c2af8193357455c42ecf78843f5e429d7d1da077b1b93c4047b3fc6567,e1cf9a30c9336669
dataset/red_spot/20211227_162208.jpg,5,red_spot,256,256,5170,True,False,False,False,,49723d5d33cac609ae69f4e066071d9396294f512495c08e10bb9c224fc8131c,fdc0c23e2de0a48f
dataset/healthy/20220101_102000.jpg,3,healthy,256,256,5044,True,False,False,False,,62e578a99db286aee7f3fdf56f0c23ce5d8a3afc2a5b7e66f75a58a08b387fe8,afc0903f6ac08fda
dataset/brown_blight/image_0_8442.jpg,1,brown_blight,256,256,5223,True,False,False,False,,918fad4d43720e97f05d79381f0f3b16680d5e04503815975e25441470c9295d,bc1acb64301b3f9c
dataset/healthy/image_0_2933.jpg,3,healthy,256,256,5614,True,False,False,False,,aea17c97aa00a333e61b1dbc172bca7fceba9a59b1384bc0d8ff57be29bc9f81,fac0853f7ac0278e
dataset/algal_spot/image_0_1886.jpg,0,algal_spot,256,256,5319,True,False,False,False,,6a43bb8b3d58f8c761f151b374a50cb271118edfcc4f878e113a5a73c511c733,efc2903d6bc2059d
dataset/algal_spot/20211227_154811.jpg,0,algal_spot,256,256,5072,True,False,False,False,,6852b92f59389cb17bbb8969ec90009e996a9036cfed4a30221e5af98090fcd7,bfaad0d02b0b6535
dataset/helopeltis/image_0_1499.jpg,4,helopeltis,256,256,5698,True,False,False,False,,7da678c6dd80433275c1937c89b79a155d2f73dbce25508502a0848cd41bdb13,bcd3c36c3c924b0d
dataset/algal_spot/image_0_259.jpg,0,algal_spot,256,256,7150,True,False,False,False,,ab435d5c8b27220b85f31be69a7f05a9c658aa0194ee5bcbcbd806190c865f0e,e8c3973ce9324c59
dataset/gray_blight/20220101_113228.jpg,2,gray_blight,256,256,5867,True,False,False,False,,25e6d7928eafc33f8a64a75b3ff262f00d239ee7fc48460f526763345c62535b,fe85913a4fa48c93
dataset/helopeltis/image_0_2374.jpg,4,helopeltis,256,256,6318,True,False,False,False,,ff303847f6a300da3d3374ecfc90b6af9ddf5703b46fc835ee6b125fc00e5c48,be95c868361be1d4
dataset/gray_blight/image_0_1977.jpg,2,gray_blight,256,256,5767,True,False,False,False,,cee7fd5a578fcd30fee1b6382df13626dc8c8adcca1ad09edc258f76ac74dfe0,afe0c01f7b70a487
dataset/brown_blight/20211226_000254.jpg,1,brown_blight,256,256,5412,True,False,False,False,,1f27d4f2419f2a050d5a839429bb022c844f82407c17de06e6d6988cf4146eaa,aa2595da6f25945a
dataset/red_spot/20211227_160638.jpg,5,red_spot,256,256,4667,True,False,False,False,,344e95024124ff711b06a92ae464f3f5de1e85672e0ec80610e60f1b48a5a39e,fb84803b2ff0b04f
dataset/healthy/image_0_1727.jpg,3,healthy,256,256,4632,True,False,False,False,,7e0217659700caeac67e80b7baf21e314711ba77f9a9ae3e312b841d242f1844,e1b09acd67b26833
dataset/red_spot/20211227_161229.jpg,5,red_spot,256,256,5418,True,False,False,False,,7e2d7398481155475c50969d0cccbbbcf53ca69fa5974219c032ff9613249e22,fbad80f05e0f286c
dataset/brown_blight/image_0_8571.jpg,1,brown_blight,256,256,5090,True,False,False,False,,ea891e1436c8908e25be355479b8d383c7a966cc92d3fb4dc09b1eb443ca9721,e1cc9e3163ce34cc
dataset/red_spot/image_0_1417.jpg,5,red_spot,256,256,4908,True,False,False,False,,1373299bfa59823c5ff0cb05781aaa4b37a82786f0ecaed9505d3d6d86e0755a,eac3953c6ac32d8c
dataset/healthy/image_0_2443.jpg,3,healthy,256,256,4814,True,False,False,False,,076da7f715ecd1596880e471e80711c4a6981fc53f3e97b52026486ee7d6e631,e895c7683c377298
dataset/healthy/image_0_1485.jpg,3,healthy,256,256,4841,True,False,False,False,,2ba9f76e5b5418d8eb5fefe2bf62dd08e3afd224b979583f0565739321b44220,fbc0853f68c08fd8
dataset/red_spot/image_0_715.jpg,5,red_spot,256,256,5540,True,False,False,False,,253cc0882edcde13f903ad5df144a7730f844d4813f39fd843afa92fe21e30d9,ffe0c0953f5a5025
dataset/red_spot/image_0_2074.jpg,5,red_spot,256,256,5429,True,False,False,False,,8f51e12999b055795e2ca8b3c566989b1c52678a04a2a117247a0f5c284268d1,eabc95c2683c3c36
dataset/helopeltis/image_0_443.jpg,4,helopeltis,256,256,4321,True,False,False,False,,307af45d01538eb72ae37fa53a69b6a8d508d68d4579d84794d25ac32939ede3,e1cf9e3069c7941c
dataset/red_spot/image_0_1577.jpg,5,red_spot,256,256,5196,True,False,False,False,,df25a0efaddb76487f9ce22d97891187a60ec45f133a2eba125944f794b745bc,b41acbe5343e3319
dataset/healthy/image_0_167.jpg,3,healthy,256,256,4547,True,False,False,False,,05811391f62123b390ac3f0eebcd1224cbe5ba39db63effbf93817fce5b00cfb,bc92c2683fb470da
dataset/red_spot/image_0_344.jpg,5,red_spot,256,256,5451,True,False,False,False,,504b1e1b47b04fc5cf34da6820654e5fa6e55830580daefa6a01150906a88910,afc0942f6af405da
dataset/red_spot/20211227_155535.jpg,5,red_spot,256,256,5598,True,False,False,False,,043a18a1ed4934145c862d2e87de21bb93bb255f205012e3f3d8beb8ea9edee9,bfe0d0950f4a7c2c
dataset/gray_blight/image_0_1911.jpg,2,gray_blight,256,256,5673,True,False,False,False,,f59dbfe23425d76a49163c61706af2583dacd0cf92362912bc614aecda29e095,bd96c160360f33cd
dataset/red_spot/20211227_161236.jpg,5,red_spot,256,256,4946,True,False,False,False,,94dcbdffda95deb55c549bf65dbb86fdaa68173af9fc18b91f236399dfacb2fc,ff95c04a0fa570d2
dataset/gray_blight/image_0_2655.jpg,2,gray_blight,256,256,5421,True,False,False,False,,a102bce3f9c3271cd274f89016ccd2bfdb160557caf13f04708f71282ddb8dfa,ae91d06a2b857ada
dataset/algal_spot/image_0_1379.jpg,0,algal_spot,256,256,6601,True,False,False,False,,3b72786ea64d0c5233f54f9c299ea992825663e35fa744f91e2a10f05bd99abc,abc0d43f4af025c7
dataset/gray_blight/20211225_235451.jpg,2,gray_blight,256,256,5782,True,False,False,False,,114a50debe251aa63606f3cfafee1abb7e71f577bd22e249f7ca62b81680e0e8,a651916e6f91b44e
dataset/gray_blight/image_0_3583.jpg,2,gray_blight,256,256,6418,True,False,False,False,,7408e6e59fc0655f1b037372a4a609c1c7980e1aaa5406a32f91790342627fe6,eae2851f5af06163
dataset/algal_spot/image_0_3249.jpg,0,algal_spot,256,256,5621,True,False,False,False,,4c057ff671783f62eed07235227f328afd4a15d9cebea7362f79bf62c6b55a02,aad5857a0be1d287
dataset/brown_blight/image_0_404.jpg,1,brown_blight,256,256,5234,True,False,False,False,,17327f9f62f3156a304c035d0f3788bdb590ebff6caade8643e9b2959ae866fc,f093cf65349a6171
dataset/gray_blight/image_0_3831.jpg,2,gray_blight,256,256,5776,True,False,False,False,,87cf0783e74d5275dcfe22846a5fb156d0fd16eefb650567fdbbfb9a1cde88e6,aac2973d78c2674c
dataset/red_spot/image_0_57.jpg,5,red_spot,256,256,5242,True,False,False,False,,69b7c8590f41d4d971c9e4065872a309ef8a779eb945894ed7031d6e3a8e64db,bec2c0ac2b52f4ad
dataset/algal_spot/20211226_101742.jpg,0,algal_spot,256,256,5303,True,False,False,False,,20c3deafd7f952ebd16e14570892d01ea5ad4bfe3bab06b20333a9eff652bc6c,fa90856b7ab4e093
dataset/gray_blight/20211228_151820.jpg,2,gray_blight,256,256,5427,True,False,False,False,,cba514a70af78475e87438ae587322667514ded06a861ac1fdcb1ed78c82a57e,bfd0c02f2fd0b04b
dataset/red_spot/image_0_3207.jpg,5,red_spot,256,256,4413,True,False,False,False,,2139401af49591c4b9581046521bf5be9e302e7037dcc15063bdaa0c9b9b90ed,f498ca673198cc6d
dataset/red_spot/20211227_165009.jpg,5,red_spot,256,256,5098,True,False,False,False,,3f9ac87fef1cc2504063e5467dad56ad717939c301aab108d9f260f8fab57912,ebe8d0963dc86227
dataset/helopeltis/image_0_994.jpg,4,helopeltis,256,256,6242,True,False,False,False,,5421f559d47c2a668b51452fae38bdd2bae3451a5f91d38b79524ff2a6733426,b83c974bc1c46397
dataset/helopeltis/20220101_104543.jpg,4,helopeltis,256,256,5479,True,False,False,False,,dacb15be1bf971bdb8ad8a2f89f156e1811bc66294587f1c8ab459a96cfe21ce,ec3c91c36b396526
dataset/helopeltis/20220101_095746.jpg,4,helopeltis,256,256,5436,True,False,False,False,,c92696dd726eb96d5c316b3584ab4562c7e56c95affb918d4753b6d9d81d05cf,eac0953c4ae1af9a
dataset/algal_spot/image_0_3123.jpg,0,algal_spot,256,256,6259,True,False,False,False,,7aed5d72f41cdbcc212be5a4d736bb3321b9d0ea4447835d972bcc3fc8061e90,afc09217ed3a624d
dataset/healthy/20220101_093025.jpg,3,healthy,256,256,5021,True,False,False,False,,d84c2820d6266dd9eed31e1703947daf97d4960d411e5654afc6d80060cc5b78,ea4a95356ac2b52d
dataset/helopeltis/image_0_200.jpg,4,helopeltis,256,256,5546,True,False,False,False,,a02c61fca566a7adbb198ddff281458f679abf2a6fe5fe1d53cfca0e3780ca26,f834874b303ccfc3
dataset/brown_blight/image_0_3090.jpg,1,brown_blight,256,256,6200,True,False,False,False,,8a28053de997c9e76978dd978553b602914901be1c5146813c364f9a3dc407db,ece1939e6961e434
dataset/gray_blight/image_0_2874.jpg,2,gray_blight,256,256,5395,True,False,False,False,,2d6cdac5443b5dfebf485faab6fdd7ca79528e0f9cf5c87012405842648c79e6,fb9e84606b9fb060
dataset/healthy/image_0_1730.jpg,3,healthy,256,256,5737,True,False,False,False,,feb20e83feb158414f9914eaa12ed6f61a1797dc88f57b1071b660ac6f1e4867,bd9fc2688d25381e
dataset/helopeltis/image_0_4318.jpg,4,helopeltis,256,256,5515,True,False,False,False,,86ae13c1808d770d193fd4ec07eda5f04a588e5927689d0b7dde7135766d9e35,a192cf65b4723939
dataset/brown_blight/20211228_154026.jpg,1,brown_blight,256,256,6593,True,False,False,False,,6c20fe868c86877ca90f14d09f7ea9fdd47794a1aa4f3dda46575ffffd82d262,ebcad2159db021c7
dataset/gray_blight/image_0_1176.jpg,2,gray_blight,256,256,5306,True,False,False,False,,7e7890b5dd860b7818c7c2d74e5f5c0995bd7e4c45873e375316ae8fe0270fc5,af94d0492f365ae1
dataset/algal_spot/20211227_135151.jpg,0,algal_spot,256,256,6548,True,False,False,False,,cb6dbf8f32736fa99022f05ccb1811e873deba7bd27569d56c3b5da0c4decb63,fec0c02f6af0b48b
dataset/gray_blight/image_0_3802.jpg,2,gray_blight,256,256,6126,True,False,False,False,,c85d00cc1c995decfd40b4cf2cd0bea91c49966f193ad28d6bdf0af2279b0b4f,bf64c09b16dc9833
dataset/brown_blight/image_0_8699.jpg,1,brown_blight,256,256,5468,True,False,False,False,,300cb6e6e539a83fa8870dd78b5950826fdb71ccd8c7105717c08b73610aff1d,fc618b3e614f1a92
dataset/helopeltis/image_0_2896.jpg,4,helopeltis,256,256,4981,True,False,False,False,,cab3fb048784c5d5710f3d169c7ac68d607d5b89488d8a168ce433fa3dba3ebd,f499ce658e669b08
dataset/gray_blight/image_0_1774.jpg,2,gray_blight,256,256,6018,True,False,False,False,,3205a548fdd9664aead0c126c4769b9735e17246525c2991b25e7f1a08738773,fac2963de913264c
dataset/red_spot/image_0_575.jpg,5,red_spot,256,256,6608,True,False,False,False,,1500c7383893a4b8cb52d9d0e244bf51abb63b8a36fe7649412fc828c26bdb96,ee6ad0958f9234e1
dataset/helopeltis/image_0_2801.jpg,4,helopeltis,256,256,5543,True,False,False,False,,2b069903a382f973ced054e6e5883c49ba7cbcb735abb52e16fb3a4af220ff49,afc0903d6af2b48d
dataset/gray_blight/image_0_929.jpg,2,gray_blight,256,256,6193,True,False,False,False,,aac657a1bbd06822378a1577f1e03d0a706afa458d69580010947cc52f667ab7,bc9ac3619c663a6c
dataset/helopeltis/20220101_102913.jpg,4,helopeltis,256,256,4722,True,False,False,False,,057885002f5dde1422ae9654f2a914e36cbd1e108db97a1da4e0675ecf2d0671,a8df86786b93b00e
dataset/helopeltis/20220101_113856.jpg,4,helopeltis,256,256,4228,True,False,False,False,,df737b0c42ffb48ef8a1d410b85991642d4a1532f36eb06ccdbf93493809db6e,e7b6984967b2984c
dataset/brown_blight/20211227_162750.jpg,1,brown_blight,256,256,7033,True,False,False,False,,914336bce714d88b8dac6215cd0acdd95c65439ae213b63b677bbac63a404076,ecb883c79bc2988e
dataset/healthy/20220101_100806.jpg,3,healthy,256,256,4833,True,False,False,False,,41a40f021e7697ecfc4e7eb0b3c455803094ffeec695bfa96e556a9edb20dae4,fec0903f2be0a48f
dataset/healthy/image_0_230.jpg,3,healthy,256,256,5389,True,False,False,False,,4223947a65418dca8dd489d6956306d9e0adb0c9102bc114208e0204317e7b0f,ffb6c0d04e02287f
dataset/helopeltis/image_0_3883.jpg,4,helopeltis,256,256,6132,True,False,False,False,,86991070536e04ab70dc698a53d1baf119d4eb203b8a9d73a765868f9c07e6b8,aac0953dd8336d6a
dataset/algal_spot/image_0_2321.jpg,0,algal_spot,256,256,5817,True,False,False,False,,83037542f33673e1a55e8cf2514cc38c2439ac61cc21d861ae17f73b52f34f29,ede1c29e9c9832c3
dataset/gray_blight/20220101_113625.jpg,2,gray_blight,256,256,5535,True,False,False,False,,2db5bcdfe4a69124326fa59096953d35792f89301145da20b36674427f695b06,fe2d81926e4fb0e0
dataset/algal_spot/image_0_706.jpg,0,algal_spot,256,256,7577,True,False,False,False,,61ab91b11d0152c73afb4b9f242a79734be6e01e6daeeb11c4dcd277d64b59e3,eb86d15a0a69b7c2
dataset/gray_blight/image_0_4051.jpg,2,gray_blight,256,256,5567,True,False,False,False,,b9762f69ea3f0215856deed9bddaf9c5beff67dbdcdbc74403085315e2a6d5cd,bc9cc3613c9e62b1
dataset/red_spot/image_0_617.jpg,5,red_spot,256,256,5471,True,False,False,False,,03605d9f9b2eedf2282a4e710399001027d4f2e724a1942a03c67c0f5ac00601,fd9ec2619c263398
dataset/algal_spot/20211226_101104.jpg,0,algal_spot,256,256,4510,True,False,False,False,,abff96a7a377376bb221a22022e31be0db65d2224247f9a3fd21c7852fb4e795,fe80c12b2ff0b40f
dataset/gray_blight/image_0_1768.jpg,2,gray_blight,256,256,4822,True,False,False,False,,cf8e74f07c186b9a45733830d37bcab65868c715b5c63dca1a5c429efe1f81b2,ae9690686e97b07a
dataset/healthy/image_0_3120.jpg,3,healthy,256,256,5113,True,False,False,False,,3e3d3aea019172b3232540079e4b2334f6b45ede7e3840b690b400217cc001cb,a996c6693d85c29e
dataset/healthy/20220101_104447.jpg,3,healthy,256,256,5197,True,False,False,False,,07d23f8cb34c5909b979f174f0178ea78c82ca47eafc9453b3c368b8427cea51,eaa5951e5ae86117
dataset/healthy/image_0_3524.jpg,3,healthy,256,256,5944,True,False,False,False,,5d42e1a4fd11f5afd43dc0041e719c339acab3cb2c79a2c8a66b109edad03e9e,bc9ecb6096339c0e
dataset/helopeltis/image_0_143.jpg,4,helopeltis,256,256,4556,True,False,False,False,,9ef86b11d3a85138b6fdf6ca90c31852ce75c281a51512dc3fb138ddc3f3da45,e0c79f3062cf9cb0
dataset/healthy/image_0_1559.jpg,3,healthy,256,256,5515,True,False,False,False,,e9a52e650fb7bce144730ca7179aedcf7e3cb77d93919bb1b0d31bb2085ef3b6,bd9ec2688c673263
dataset/algal_spot/20211227_140335.jpg,0,algal_spot,256,256,6748,True,False,False,False,,5bbe68f7a163e255a96061bf559a381922f880d5ad106c6372ec436f472604d9,ea80952f3ac0e59f
dataset/healthy/20220101_094513.jpg,3,healthy,256,256,4622,True,False,False,False,,186a28efbf5d65b048c3d6a90b8b572de94132a3d0a0ed6f78ca82796f19308b,e7cc9931c9b32661
dataset/helopeltis/image_0_3216.jpg,4,helopeltis,256,256,5091,True,False,False,False,,e0b8c20baa70a166494544129efc57cf86ee0bb01fcc3bfc9336628e4c3ba750,e5929c6ba966b330
dataset/helopeltis/image_0_2031.jpg,4,helopeltis,256,256,3944,True,False,False,False,,ee28d8e59a1c022a8fc661271f500d90c05a2a6bf2b855bfd48b4fd5826a3285,b4c9cb363cc9c316
dataset/algal_spot/image_0_2832.jpg,0,algal_spot,256,256,4772,True,False,False,False,,65ee0e7de0087183d72c5a7dab611d2467e16c7f4deeecf9e99480da71a6e26b,ea2b95857a1a6d61
dataset/gray_blight/20211228_153533.jpg,2,gray_blight,256,256,4858,True,False,False,False,,021ee2524cb3b7ef76abc35103586770d75f0b98ad21017f34b144888bf5ca01,fe85817a3e85e05a
dataset/healthy/20220101_091440.jpg,3,healthy,256,256,5030,True,False,False,False,,d30bd3d0a92fb8ca42238bfa7433a67ce35049b5a0a1f83ff0c164c3c63055b2,b0c3c92ece26ce33
dataset/healthy/20220101_102406.jpg,3,healthy,256,256,5417,True,False,False,False,,ff83332c0806b7042fff570d0d8a89c7894691c57e210a58e1c1a711fab31110,aac0953b7ae0a58f
dataset/healthy/image_0_1566.jpg,3,healthy,256,256,4516,True,False,False,False,,ee3fb78781c5b11c4348aa2511e3111cce6565aa70af44ead117c0321a082e33,b49acf6732183999
dataset/gray_blight/image_0_4224.jpg,2,gray_blight,256,256,5225,True,False,False,False,,9765bcf430b66034fb918a42daad07822b45dc02a20fec413ecb452983d531f5,e8c797386ac3358c
dataset/red_spot/20211227_155509.jpg,5,red_spot,256,256,5383,True,False,False,False,,d7dc4ed176145e853cdce6fc50eb3a568236832bac347bc8089a5391f50cf375,ebc2943d0b707587
dataset/red_spot/20211227_155443.jpg,5,red_spot,256,256,4962,True,False,False,False,,f9b63609f2f7693bb3a74c7f08dc919c7990961db6c4f9f3217b1bec0e7229a8,bed0c02f2f90b0cf
dataset/algal_spot/20211227_132928.jpg,0,algal_spot,256,256,6815,True,False,False,False,,acf96afab67ba1f5971147314475e802bfdaafa15fdeb269a358449ae0e855e7,bb9dd4e04a423d2d
dataset/algal_spot/image_0_834.jpg,0,algal_spot,256,256,5643,True,False,False,False,,cae13977821383dd27d9a03cc386682b4211b07332939661c9160688304130c0,acc2d23d6bc0a49f
dataset/algal_spot/image_0_2031.jpg,0,algal_spot,256,256,5664,True,False,False,False,,7b044c81548177c34e7451c90826b8849c4b6d43b2a256a181875cea6ce731ec,fe95c06a3d95d0c8
dataset/red_spot/image_0_1928.jpg,5,red_spot,256,256,4540,True,False,False,False,,4c94e7eb484c39f7c0f62b838f6ee657e7014664c011d0bdc3c756f3ef70ae53,b465c39a3ee06933
dataset/gray_blight/image_0_759.jpg,2,gray_blight,256,256,6492,True,False,False,False,,2975ecf40ecbce53d677e71111527b7816e8791a6ca3602036f4effcaa2f4b92,ffc2903d4b7234c1
dataset/brown_blight/image_0_2554.jpg,1,brown_blight,256,256,5082,True,False,False,False,,401c1b0940359806230e338fab1d83b01e402cd3dc9f9669768ca81477c226a8,f99cc76138924dc6
dataset/gray_blight/image_0_167.jpg,2,gray_blight,256,256,5686,True,False,False,False,,f7adc6e2e1c30df2c7f0d1e11ff4ecba7f4a98b1589162a0f2a2bc4245add16a,abe8d495095a3ee1
dataset/helopeltis/image_0_441.jpg,4,helopeltis,256,256,5960,True,False,False,False,,63d8bf2783f8878ce2c768bf07dd8f26eea1b535223c9125d58a552f32288688,aac895356af2658d
dataset/red_spot/image_0_2657.jpg,5,red_spot,256,256,5192,True,False,False,False,,46a3ebd05d8fd8432ce71c1775110e075780e2106c86ec148a6e8d4b55de096e,b465cb9e949832e3
dataset/helopeltis/image_0_736.jpg,4,helopeltis,256,256,5989,True,False,False,False,,df214c478cf7fdfa06e7c836cd0500d618b5e7938afaf8877fdb12cf3640f506,bf95c068b53318cd
dataset/gray_blight/image_0_454.jpg,2,gray_blight,256,256,5629,True,False,False,False,,56898d334d39c40c9c04dbbe13dd339be43adcfc681b074de720b7c1789b1b98,ba94c56a2ea5f09a
dataset/helopeltis/20220101_121401.jpg,4,helopeltis,256,256,5330,True,False,False,False,,4cd622617b6c1871dab67fbf698d2e49c42ac727bf1bd0e5c0abe103e0d3dfce,ef94d02b27f402cb
dataset/red_spot/image_0_2740.jpg,5,red_spot,256,256,5358,True,False,False,False,,a204c695a2236890058d702ff2e0428d170a7611f134a1eb9cd35a425e0551c8,fac885376ef82185
dataset/gray_blight/20220101_120417.jpg,2,gray_blight,256,256,5684,True,False,False,False,,466d1fd6c74554a60a07f7c3c5c17cbdc462e2afa50106fc858a3bf4f4c5672f,bf8cd0d12b4cb4b1
dataset/brown_blight/20211225_232815.jpg,1,brown_blight,256,256,4607,True,False,False,False,,5ed58f7b618e611ac9a87af6b081e3c077150572b5c71a0ad5e3109a54930dc1,a99a966d2996c639
dataset/gray_blight/image_0_4285.jpg,2,gray_blight,256,256,5624,True,False,False,False,,5d5bbabfe921835c532a3ce154dc8e668c5953a8355000a692a3e4f491970f7e,be90c16b3e94e14b
dataset/brown_blight/image_0_1676.jpg,1,brown_blight,256,256,5137,True,False,False,False,,7c3686da88fb9a4ec46c08460888780b73a267e2f3b32a440b8643d894f3c2f3,bf9dc0c23f4d9032
dataset/red_spot/20211227_162404.jpg,5,red_spot,256,256,4971,True,False,False,False,,3bef4a576d4f783f48cb79ab625dfb5c5d562f2eddcb9498c60c29d2034e3735,ee2891856f1b786c
dataset/algal_spot/image_0_1719.jpg,0,algal_spot,256,256,5184,True,False,False,False,,5072c68c562370000d4c9b2a5d43a920406462043af2920773234c0619b6134e,b239cfe3cc8688cc
dataset/helopeltis/20220101_100107.jpg,4,helopeltis,256,256,3707,True,False,False,False,,db7b5fccfb2e93ebf1455de88c379ce9bb3f3463d224e44c2093b794c4845b48,e78c9a33658d9a32
dataset/gray_blight/20211227_114609.jpg,2,gray_blight,256,256,5946,True,False,False,False,,31689e966e7a727ef197499770465af6040393907c66997d7a2019dca7c36f69,ff94d02b0eb4c38a
dataset/healthy/image_0_188.jpg,3,healthy,256,256,5101,True,False,False,False,,9907626a0564f0537e2fb4f1e5ae9011e38e36a630e6d1ec0e7d5c2762d0f6d1,bf92c0693f9668c8
dataset/helopeltis/image_0_189.jpg,4,helopeltis,256,256,4655,True,False,False,False,,d51074e6acdd78040bace83cf8c05e3c02ed7fb0d96dd832f5691f4b904abd13,b18cce73383c99c6
dataset/red_spot/image_0_1001.jpg,5,red_spot,256,256,6280,True,False,False,False,,1cee12d1d2135e8105a373bf245dd2bc786965db93da24a2f270f5f72eef1ed5,ff94c06a0f8570da
dataset/gray_blight/image_0_1211.jpg,2,gray_blight,256,256,4611,True,False,False,False,,cd6844e6895f635724471750513831b46045a2ad193c0b8a7b439e028352bc5e,e84b96b431cb666c
dataset/algal_spot/image_0_1708.jpg,0,algal_spot,256,256,5867,True,False,False,False,,928d9c36d044f3f49fd353ec5f81f6257c4f59c5d3126b7221852598e24b2563,f8c79c31674a469c
dataset/healthy/20220101_103555.jpg,3,healthy,256,256,5353,True,False,False,False,,f3160abdf2143721441cc9b66bddb997f5c02679ce80bdc808b515b301377a1a,eac0953d6af0258f
dataset/red_spot/20211228_124128.jpg,5,red_spot,256,256,5222,True,False,False,False,,b22482b0a520abc08000789adc6a2a9d4a7ddda4c22b5a0738c61e0e8258f1ed,ea94857a7ae1a09e
dataset/healthy/image_0_2730.jpg,3,healthy,256,256,5103,True,False,False,False,,7d7d3a4f98ee05e1dba0a082d564680523225a93ec758ff857435698841a54c3,fb3a84c0783fa570
dataset/helopeltis/20220101_093709.jpg,4,helopeltis,256,256,5421,True,False,False,False,,300b866e77f5295bdc6142670e7486bc83248995aba864d5b3f75999f9468127,fac1953f4ae0218f
dataset/red_spot/image_0_807.jpg,5,red_spot,256,256,5430,True,False,False,False,,8140c4f64111ed0e37a2264a794b9fe885d5271ca3acf41b037d3853d949a19d,e9e1949e78c23764
dataset/algal_spot/image_0_1404.jpg,0,algal_spot,256,256,5519,True,False,False,False,,65b3f49a62d16e1cda0487e9bf4627a1bf865a61ba917a0f7cff1b3542d707eb,b418cbe160be3739
dataset/healthy/image_0_1372.jpg,3,healthy,256,256,6030,True,False,False,False,,e25069584e9bbee9b182e1143588a1cfc79d7da80a34edfbeec82e60ebf57d22,eee8d0971b5a7c20
dataset/helopeltis/image_0_3007.jpg,4,helopeltis,256,256,4994,True,False,False,False,,2c780c1825bbc9f19aaf1483003434eb8a74f2370f6381719e502754d730145c,a14f9e30676c6b4c
dataset/helopeltis/20220101_094328.jpg,4,helopeltis,256,256,5023,True,False,False,False,,a150f4151e08de743b83038895bc0687f3a59bfe675fe6721c4368b71a0954a1,bcc7833c6ae1a586
dataset/healthy/image_0_2713.jpg,3,healthy,256,256,5169,True,False,False,False,,2436a2e42aac37c65f2cf8b0e7b5037e3b2c5d339303b82a1cc82abcdec6f27b,fa9181703ea5f0dc
dataset/brown_blight/image_0_6806.jpg,1,brown_blight,256,256,5276,True,False,False,False,,de4856af7c649a836eabd33357fe2b58fa1d620a74757b0b2c59a349b09bf4fa,ea95976a3d974288
dataset/gray_blight/image_0_3158.jpg,2,gray_blight,256,256,5344,True,False,False,False,,32f0db2a46a3d785748319a039b2e46b80653d1d6b6ddfd85e9b595469b38c6e,e894966b3b356592
dataset/algal_spot/image_0_2033.jpg,0,algal_spot,256,256,5393,True,False,False,False,,1ee277308c730fc9ec3e56960518be0cde7e38e40f3df5b672ebe2b129cc9f6b,bf9fc0c06a171578
dataset/healthy/image_0_149.jpg,3,healthy,256,256,5116,True,False,False,False,,6fd1ecc47ee333a722182345c2d28ce74ac647741dbbc811aea0b3b4d8afdeb5,e84b97b4694b1635
dataset/brown_blight/image_0_1870.jpg,1,brown_blight,256,256,6179,True,False,False,False,,0bf009252ca6c71d7bdcbf1ae45d15d2d1adeb1fd2d4687ee4319d931bf18f96,fa95c06a3d8740fc
dataset/gray_blight/image_0_1349.jpg,2,gray_blight,256,256,6230,True,False,False,False,,2b656c3b93a6cd89646a1ec7ff59dd9325d6fc7565ee94d05e38847980685b63,aa60c5973ae0e52f
dataset/algal_spot/image_0_3160.jpg,0,algal_spot,256,256,6850,True,False,False,False,,22241480d3769619ea5dcc9b773d9a82136208cc91269fe9565f8d663a5f021b,aa6ad095859b96cd
dataset/gray_blight/20220101_113016.jpg,2,gray_blight,256,256,6483,True,False,False,False,,a8993d0dd08af5c2fa78cc995dc4d22d4624dd68f34d1f691c2b540d6b75398b,bdc09b9e9431e326
dataset/gray_blight/image_0_2650.jpg,2,gray_blight,256,256,5277,True,False,False,False,,9637712a91096ad1e6dd684a96a1a1e6ace43f4cb9c752056008409d758e3fbb,e5c69a3934c36d1c
dataset/helopeltis/20220101_091504.jpg,4,helopeltis,256,256,5637,True,False,False,False,,7edbb208d3e3dc0aef3b676118cf7f2f58bce382d79b013a680553bdb8b17404,fec0843e6ae0a5da
dataset/brown_blight/image_0_7119.jpg,1,brown_blight,256,256,4452,True,False,False,False,,3eeba8f1dd01f14178de892f0305d45ed2fd794b2ef8d411867b7971ce963bf9,ea94946a359ccba5
dataset/helopeltis/image_0_3146.jpg,4,helopeltis,256,256,5014,True,False,False,False,,91cf54864ea725845b97d7d062ee691039282c9a2c458c15825ce240fc334127,f19ace65308b6596
dataset/red_spot/image_0_1072.jpg,5,red_spot,256,256,5634,True,False,False,False,,5c9ebc3e0dd1233b44437bb88ace8dfa6e62f90243f54b6a5e89f0bbed18944e,f194c6683c97c3d8
dataset/gray_blight/image_0_2101.jpg,2,gray_blight,256,256,6295,True,False,False,False,,ed292a72e4723128ab66b3dd8ec0a0e14c9e814f9877a7cfa1c70b621035eda3,fcc3953c4076ccb8
dataset/gray_blight/image_0_3761.jpg,2,gray_blight,256,256,5291,True,False,False,False,,1b351f7a0fe082144a9e8faf2fa0e0b47326ac1917902e36b7581e40e9aaefa9,a1dc9e616cb432da
dataset/algal_spot/image_0_960.jpg,0,algal_spot,256,256,5230,True,False,False,False,,e82150e54de0b01326b7560487638ef1343597b01dd2b4c923fb0614350ffb9e,f94a85b53a42c52f
dataset/gray_blight/image_0_3693.jpg,2,gray_blight,256,256,4993,True,False,False,False,,6b94a04d66e71e083cc8c99069be1603d6bf08ae568c775a0306aa9d4603d15a,b51a9ee1689c271b
dataset/gray_blight/20220101_114545.jpg,2,gray_blight,256,256,5438,True,False,False,False,,af0982e5573d4d4417db54ded68be0bd67eae5e4c84497ad4cc22113f9c9660e,ff80c03f68b09bca
dataset/algal_spot/20211227_153615.jpg,0,algal_spot,256,256,5368,True,False,False,False,,49d89e4a76c807e926896d71489270f814d53d1b38e143f68946cc84a56d30a6,efa890943f6ae065
dataset/red_spot/image_0_2168.jpg,5,red_spot,256,256,5282,True,False,False,False,,b35fe1d7c74f9d96dc7848898b3920a55c3f0a57ffd790acb0c9ce87726fc872,afe8d0952b5a7065
dataset/helopeltis/image_0_3488.jpg,4,helopeltis,256,256,4982,True,False,False,False,,0dee0a4912e06b44b37ad929c6bf507b4d8f04764c45d49b4531f637db54bb7c,b61bc8e03c1bf278
dataset/red_spot/20211228_125637.jpg,5,red_spot,256,256,6481,True,False,False,False,,eeed496245fd8fde72408cf8bdad3e0f1431d161fe1c5599650a604325b7b0e2,ff92c0604ab53dca
dataset/algal_spot/image_0_2126.jpg,0,algal_spot,256,256,5331,True,False,False,False,,d99bcf31f30c53ba869258954e179def32fd54b3d57898f7296c77f70dfcb124,bbcac0952f6a70a5
dataset/brown_blight/image_0_3896.jpg,1,brown_blight,256,256,7273,True,False,False,False,,7bb3cba646f5b0f769b1facba2eea2d30a0e44fbf0c2922b7cf07b1f374af381,f419c9e6361b31b8
dataset/healthy/image_0_310.jpg,3,healthy,256,256,4510,True,False,False,False,,e7c17b0ff3d8179d893b78b88376c5173adecaf985a8c2cc4e60e58e6ffac40d,e89c976b3c94c34a
dataset/helopeltis/20220101_104640.jpg,4,helopeltis,256,256,4985,True,False,False,False,,fd967af258c4591231f1b47b1a676249f8d849916d5762bfbb2c7936149d9257,ea95956a69855a78
dataset/helopeltis/image_0_878.jpg,4,helopeltis,256,256,5603,True,False,False,False,,923703d26f2d98ad14f403f1a2f39edbb373ec1e6a49878a1d78b28468edbb84,e0cf9ab09d33c632
dataset/healthy/image_0_2455.jpg,3,healthy,256,256,4686,True,False,False,False,,edfc8a663bf7e2365797e5d80fba157427148c5a39489adab93062b52471d4fd,a8df95706a878578
dataset/algal_spot/image_0_1090.jpg,0,algal_spot,256,256,7625,True,False,False,False,,9bf678d98f02637cf1144bd841e54437a80418d1dfeb1f2c778fadc9eec81d15,b83c97c1cac7658c
dataset/brown_blight/image_0_4545.jpg,1,brown_blight,256,256,5606,True,False,False,False,,e01df2f99fa532511d8d8b5427318496893babfc75fcfbf49f8483968525646c,bc38cbc765b03239
dataset/healthy/image_0_1953.jpg,3,healthy,256,256,4780,True,False,False,False,,fc1fc55afa8aed11e68574a8dfb498be83bbe8fd2e406017f5f46322904047a0,ff1f80e07e0f21d0
dataset/gray_blight/20211228_141923.jpg,2,gray_blight,256,256,5101,True,False,False,False,,d3250472453c535d5dd32f0458234e7128b0e30dc69a1ec237e1263a4d6b87fa,aa85953e6ac0b59e
dataset/brown_blight/image_0_113.jpg,1,brown_blight,256,256,5070,True,False,False,False,,44e7c3673abf31fa83b9d54d1ac31ff76d04cde06f4aed917f1b9aa4da7194f7,e0cf9a30656f4c99
dataset/helopeltis/image_0_3017.jpg,4,helopeltis,256,256,6378,True,False,False,False,,7b63778cd56651e62c0146b959f5ee707e3b6c78de0fc2db64213fb93f953e2a,bdedc017963a30e1
dataset/helopeltis/image_0_3659.jpg,4,helopeltis,256,256,5081,True,False,False,False,,ddfcb70d9f0c9df9487be5ba138dc49382dcbe4bbff9ddf686b28058bae6db5f,a592986d336693d9
dataset/gray_blight/image_0_4222.jpg,2,gray_blight,256,256,7227,True,False,False,False,,7ffd00d7e39537ad9e9157b0ca8215c10a6c9a9e6738bbd8ab1a51103981d475,fac1853f9c604367
dataset/brown_blight/image_0_3555.jpg,1,brown_blight,256,256,6876,True,False,False,False,,a238dbb211a9d426839598675d2eea40e56259fbf45694b68d54212ed2861be0,eb9f94621a2f61d0
dataset/red_spot/image_0_128.jpg,5,red_spot,256,256,5279,True,False,False,False,,2ae86699437cdaf3d6cd8aa0b08a8b30ceb46c32095852f68f70f575accaee65,e5b09a4fc16c361b
dataset/helopeltis/image_0_4152.jpg,4,helopeltis,256,256,5318,True,False,False,False,,18852fe9fcc6b0787e66098242db6efc8a0d18eabb26597dd4c55fe2780ef1f3,a1cf9e31c32cc798
dataset/gray_blight/image_0_388.jpg,2,gray_blight,256,256,5438,True,False,False,False,,f5676c5242b133cc506036a359a6c1eb563df20005cd79fe208940ba28119e38,e561ca9e3ed09133
dataset/helopeltis/20220101_104409.jpg,4,helopeltis,256,256,5403,True,False,False,False,,05df7cc71391ea4dab4f92a9abddeb92345ab8e35d396dd46e23aa446814b393,eab495c26a3de560
dataset/healthy/image_0_1382.jpg,3,healthy,256,256,6943,True,False,False,False,,3ce8ce0f3ff45be4204a44b7b450acecd0ab2ac6db4379ab6d4425c3cc73f128,bfc0d09fd8306963
dataset/red_spot/image_0_2444.jpg,5,red_spot,256,256,5014,True,False,False,False,,5634e9e468a73ea859ed4b143792a7429d33ba8a78416bb375b6b6ccd1046632,ed94c2693d86e09d
dataset/red_spot/image_0_2181.jpg,5,red_spot,256,256,5295,True,False,False,False,,0744d838afd9326451d277819c7c7225753e687f3c15a4c88cdceebf4062e2df,bad4c06a1fb4528f
dataset/brown_blight/image_0_6653.jpg,1,brown_blight,256,256,5341,True,False,False,False,,62d6ddd233b69eac9910bcd83885bf2ed6c70cc158d25233ba92992fb98ff8ac,ac96d3693c96c349
dataset/brown_blight/image_0_5353.jpg,1,brown_blight,256,256,5410,True,False,False,False,,8711fcd73a0ad85c58211ddf0db6d2712ee979e0a3f00f11abd30a2c98e7f772,bac0853f7ee0218f
dataset/helopeltis/image_0_4307.jpg,4,helopeltis,256,256,4930,True,False,False,False,,24ae41655fbe67d8c21219b9f525e6c4c64fbaa3165270906536c9f997a3bf3e,bd94c2683db570ca
dataset/helopeltis/20220101_102524.jpg,4,helopeltis,256,256,5614,True,False,False,False,,921676b39e7fb943f576ed77a4d669100762a27bf3c7b06a2c477ea01cf5220d,afb3d04c0b3535d2
dataset/red_spot/20211228_124150.jpg,5,red_spot,256,256,5264,True,False,False,False,,f9f9298558aa11a857ac5f813aca41f487c03591fe1937b61ff24abf28e4cd3b,fe90816a3ea5e0da
dataset/gray_blight/image_0_898.jpg,2,gray_blight,256,256,5436,True,False,False,False,,14410debb95904a91c0755321e96d756ef93a4e5b0f5ab040b82bff27efb2963,af3dc0c27d2d2352
dataset/gray_blight/image_0_1707.jpg,2,gray_blight,256,256,4780,True,False,False,False,,e37f5c177c12dc8a911e7fcf0a314c44939b705286b90f899d3d83ef74a79da4,bc9ac361309f4fb0
dataset/gray_blight/image_0_139.jpg,2,gray_blight,256,256,5502,True,False,False,False,,9eedceafec61e53ae981e74634f5a9730761d26b74d78df0fbd479a1c32309fb,bd9aca65309a3b19
dataset/helopeltis/20211205_160923.jpg,4,helopeltis,256,256,4998,True,False,False,False,,021a505bf60b9d53a9e4f9bd0388c1763b166f36b626f4d95f332302695ef218,fda1c20e3fe0a01f
dataset/algal_spot/20211227_113026.jpg,0,algal_spot,256,256,5343,True,False,False,False,,51f37a9ddc766aecb3e8695d31bc094c5397446b0796b0d5dd4df3a00cab2ba3,fe80c12b0fb4accb
dataset/healthy/image_0_3001.jpg,3,healthy,256,256,4438,True,False,False,False,,196facacfe949c949ba4e109a5306fc80bc446d7efc149b5bf1b9da63995891d,b892c36d3cb271c9
dataset/brown_blight/image_0_5343.jpg,1,brown_blight,256,256,6710,True,False,False,False,,551925301f23cac6167d128327ab07d9c27774ed277958c925dd7f5f80732caa,ed7492c9253b38f0
dataset/red_spot/20211227_162042.jpg,5,red_spot,256,256,5093,True,False,False,False,,0cd3634ff65b02fa69011efd59845dcb25c7bb3bbb9a742d207f30a2b374550e,fb80843f5ae08f96
dataset/brown_blight/image_0_2165.jpg,1,brown_blight,256,256,5499,True,False,False,False,,2c48c9a44259d9b0242090ac2495b665a41b9b53c87afedf6195b2381cfa73e5,e0908f6733996d9c
dataset/healthy/20220101_094906.jpg,3,healthy,256,256,5059,True,False,False,False,,fa6636f2a6946c0af5dcd963e9b6c14dbaeb0058e235c46b1f3db7533ad67a75,ae6ac1953f4af034
dataset/helopeltis/image_0_764.jpg,4,helopeltis,256,256,4975,True,False,False,False,,7470bfbaa8467af9cde030c13533682b7ec1ebbb2bddcbe24f6d1cc1e0755cea,b098cf6731986f49
dataset/helopeltis/image_0_925.jpg,4,helopeltis,256,256,5784,True,False,False,False,,ae4fd3c633c0c41fdb03d6a39ba419ae1b6fbcaf55f352d9654bc9e981a9c0fc,b4c79b3e69334518
dataset/healthy/20220101_103317.jpg,3,healthy,256,256,5498,True,False,False,False,,0587a313e962d6243401f396cbf44a5136d86b489bc408e3917dcc528e156724,ea90956d3a72e199
dataset/healthy/20220101_093628.jpg,3,healthy,256,256,5072,True,False,False,False,,7a40281fb807b656b3edad267359664e792b60aef79489ef65393d31ec4f0dd2,afc0943f6ae0258f
dataset/algal_spot/image_0_1819.jpg,0,algal_spot,256,256,7855,True,False,False,False,,15abf0f94dfc0ce021b16eea6c16b937b49dd26081aaf1f323eee4f3aa9cb757,ad94c268dce76296
dataset/gray_blight/image_0_3922.jpg,2,gray_blight,256,256,4971,True,False,False,False,,4345bf3bcf9f9a6298643aa63c38b4dfd5c538ca791b774e22ed7808038bb865,bf94c0693f92688d
dataset/brown_blight/image_0_3033.jpg,1,brown_blight,256,256,5277,True,False,False,False,,3f63638719f3aeb0ab7c66de232765b94c7306798d503f6fc53e0af8ce213f6e,e9cb9c30e78c38c9
dataset/brown_blight/image_0_4889.jpg,1,brown_blight,256,256,6537,True,False,False,False,,42caddb30c42bfda3d2d5edb3622944ab72d1ec53707f59a26041acaa2427320,e19697697835619a
dataset/healthy/20220101_120622.jpg,3,healthy,256,256,5865,True,False,False,False,,de9df5e2958f96285f95e8d7cc059fcc0738c37ab82c45fa0905a80a29414933,ea95857e1f616885
dataset/helopeltis/image_0_2019.jpg,4,helopeltis,256,256,5333,True,False,False,False,,105db13b1db6c78db18591e3053ab08606157e41573fe4ff99b9b18743521b80,b2d9cb64cc366433
dataset/gray_blight/image_0_1793.jpg,2,gray_blight,256,256,6393,True,False,False,False,,ba5bf0168587bc6e82d712c4cb7ece16d3cc911a0d19f4cac48c3906645f17f2,fac09d35e05a27c9
dataset/helopeltis/image_0_4041.jpg,4,helopeltis,256,256,5970,True,False,False,False,,b8fa6f2c6e4c41e808921994d226bb6f6b85390cbe8fb73edcf6b15953733c82,ee93c0683f84da99
dataset/gray_blight/image_0_4202.jpg,2,gray_blight,256,256,7128,True,False,False,False,,972735297720a3ddfb644977f44c04981b4291329b02714d2f8a3b7865eb6a13,aec0952d4a77e992
dataset/helopeltis/image_0_1980.jpg,4,helopeltis,256,256,5246,True,False,False,False,,37f5cd1b60291e69bacb96e97e6e62f255c3252c35e64a1338a799ec39b8e965,fcc3923469e3368c
dataset/brown_blight/image_0_4813.jpg,1,brown_blight,256,256,6078,True,False,False,False,,23044191a5c36275fd3ddbe45a2ca3f037671438e677dfd265f5a06b6d3ebe10,b863ce98b3626969
dataset/red_spot/image_0_612.jpg,5,red_spot,256,256,5154,True,False,False,False,,329ac676426d7c4e7c37d47104eb5b447712390959d11ea601aa1da6c4e8b7d5,bfbcc0e04b0f25b8
dataset/gray_blight/image_0_3121.jpg,2,gray_blight,256,256,5103,True,False,False,False,,87f749bb0d719cd1b6e0215621e4a5820bc2e950e1d5e0053811859e473ccd2d,e9c89637614b27cc
dataset/healthy/image_0_3396.jpg,3,healthy,256,256,5109,True,False,False,False,,be9d9471362d34de1d90eb3735e97f5ce56bee60327a5ed79592a5f4d4064fa9,f994c2683cb770d8
dataset/algal_spot/20211227_153819.jpg,0,algal_spot,256,256,5043,True,False,False,False,,805aa55368c1f6946203e6d743fee71a4ea90f64e08c56644e0b6aa5667bc4f4,afc0d42f6af405ca
dataset/healthy/image_0_1883.jpg,3,healthy,256,256,4530,True,False,False,False,,f7dae8ac560b3dd7781edcbe4845f5100a80db7b27b5d482b9a9ad7f56abca72,e8c3973c68c325ad
dataset/algal_spot/image_0_2000.jpg,0,algal_spot,256,256,7299,True,False,False,False,,99287cef119b7ad2fbb4bfc631966d5a8f45512119ca4ae2c2e53cc03ebabd7b,ea6ac4951f92706b
dataset/gray_blight/image_0_380.jpg,2,gray_blight,256,256,7209,True,False,False,False,,64840e4996389a85fcfbf1d6f28f87cd9924a9eec5ef5d3c3fcd543ef284794d,bb7e80e05e85295e
dataset/red_spot/image_0_563.jpg,5,red_spot,256,256,4826,True,False,False,False,,6333bbd1185b4d37848d6d795786c47e46c86fd8e713dd25e42346a54476eb9f,bf9ec0603c966b98
dataset/gray_blight/image_0_4185.jpg,2,gray_blight,256,256,5018,True,False,False,False,,c221555bf3d46c26aca3cf598b130fd29658e1a73db6df8f873df406adf9e039,bfc1803e69c33785
dataset/red_spot/image_0_161.jpg,5,red_spot,256,256,5092,True,False,False,False,,4e29e86f562677670323ce9a4df33a00be9fdb9b523ca3adc9f173e1f9302463,be95c06a2f85d0da
dataset/helopeltis/image_0_4043.jpg,4,helopeltis,256,256,5459,True,False,False,False,,6e7f6cc83943edca667aad9d87fade6ae4b5d76f816ed60d8e34eda455c3db41,eab1954e78a16732
dataset/helopeltis/image_0_423.jpg,4,helopeltis,256,256,7499,True,False,False,False,,277beeca667fd65af57cfc72b6a5f4e2c7c2b26c6871547c3bed316aba6c6c28,ed96c2e9cc653033
dataset/helopeltis/20220101_094955.jpg,4,helopeltis,256,256,5033,True,False,False,False,,efcb1ec0c329d7d5c284e941348578afeeb56e640d36fcc086a3be58e6cfb6ae,b2c9cb9ccc363c32
dataset/gray_blight/image_0_3539.jpg,2,gray_blight,256,256,6757,True,False,False,False,,bed5da26be23990eec62e50fe4765afac03bfad85a85c2e3af6df15682ebf6dd,ee6ad4950b5a7461
dataset/red_spot/image_0_336.jpg,5,red_spot,256,256,5817,True,False,False,False,,b8ec4dcc86bbdfba4da5b0d5b920df66faf32b4e3b34571004da98ab96725a09,e992ca69303e3f91
dataset/gray_blight/20211228_132128.jpg,2,gray_blight,256,256,5884,True,False,False,False,,b58e95e39c77cdd6446e7c597899dd2830231c27a314d7915d33642f6049e593,eb3d85c21aad781c
dataset/healthy/image_0_1519.jpg,3,healthy,256,256,5594,True,False,False,False,,70c8d4fe3ad829a7463aa591c9eab62c403ea46887b8e16039571bb1d390c3c6,b099cbc5cc66cc66
dataset/healthy/image_0_784.jpg,3,healthy,256,256,5260,True,False,False,False,,e5d34ce6d70dcbdf6a3d127e1ffdf65d12ee2bfc0e2d2021f2022e519d22db4c,aac0d43d6af2a58d
dataset/gray_blight/image_0_3476.jpg,2,gray_blight,256,256,5568,True,False,False,False,,643e2eb6e703870d92095a61cc4fb8fdd5c0d2c8804dd015dd9193b6dce1d1d5,fa9dc1623b95d04a
dataset/healthy/20220101_121838.jpg,3,healthy,256,256,4702,True,False,False,False,,9d836664edbbb10d9804bb943d5acbab49246b544019cb1eac38210e7f948378,fd82943d6bc0950f
dataset/red_spot/image_0_1752.jpg,5,red_spot,256,256,5579,True,False,False,False,,f9666f2da0fd2253714468b8077914e0990b35b544b8cc3fe42e330850b99bfc,ab9e94691a277398
dataset/gray_blight/image_0_1202.jpg,2,gray_blight,256,256,5288,True,False,False,False,,ea127e92abbda291ffa9985871200a745beb3f4c1b9e4d4d825db0d7636722b9,e19acf679662192c
dataset/algal_spot/image_0_2819.jpg,0,algal_spot,256,256,6379,True,False,False,False,,ae62a5a33ee3f0bacc579293b897d5f0bf8824f3341816e8d7de0600a76f2da4,bf92c06d07323bc9
dataset/gray_blight/image_0_3975.jpg,2,gray_blight,256,256,5163,True,False,False,False,,4737047c6b70cb916dc1d30d1cd650b89d36dd99dd308a07ede3a789c7724101,ae97c361349e0b99
dataset/brown_blight/image_0_9896.jpg,1,brown_blight,256,256,5442,True,False,False,False,,33473d847c16586266661c59b580415971d84adb124621f9fd11faa14267dbe1,e1cf9a3065586cd9
dataset/healthy/image_0_2382.jpg,3,healthy,256,256,4306,True,False,False,False,,5e5e56a3264fd2834e9f742617d14733155f94c0db560edf1c023e1379deed24,ede9c29634e14b0e
dataset/healthy/image_0_1549.jpg,3,healthy,256,256,5139,True,False,False,False,,e1aa79a92b364397747e376514cbe4bbf36212d10ca253798a47974833719e81,b0c6d93ad333662c
dataset/red_spot/image_0_489.jpg,5,red_spot,256,256,5205,True,False,False,False,,35b29bc01b44b4acc18c2bf582ebb674233db3f320a251160734cdfba6093a69,bf9fc0e02d173318
dataset/helopeltis/image_0_2918.jpg,4,helopeltis,256,256,5605,True,False,False,False,,f2219bab9a5f68b616e67dae68736a2db632b1b4bfc91813944a143b2c259e69,edc9923465c23e8d
dataset/healthy/image_0_1530.jpg,3,healthy,256,256,5270,True,False,False,False,,d2bb87695c8c8268e47f754275ee16822934397d6c07771cd24f0fa001a09d75,e8cf9431cb6cc932
dataset/red_spot/image_0_2989.jpg,5,red_spot,256,256,5206,True,False,False,False,,5bb02ea8b3da14e9692bbb4315c42edba8ea01019f2ea1d05195e862173a3aff,a9c992366d6166cd
dataset/brown_blight/image_0_6436.jpg,1,brown_blight,256,256,5394,True,False,False,False,,ff035aad34bad3de08a304533375c2c8c58792529fd5a1d3b0ddb071c9bd1035,bf9fc068349a49a5
dataset/algal_spot/image_0_1542.jpg,0,algal_spot,256,256,4711,True,False,False,False,,bda01421d86a85c883f1cfc2d7eddb4e9c468e73db254f781e16a8b2b85a566e,bd3ed2c160360f33
dataset/algal_spot/image_0_2168.jpg,0,algal_spot,256,256,5298,True,False,False,False,,0302e4fa6c8b5e433461e9d0f647260f04ab95402abbfde5d234cc244933ae0b,b3d98b4ccc6c8c66
dataset/algal_spot/image_0_33.jpg,0,algal_spot,256,256,7887,True,False,False,False,,60edb9a250b7df5c94268370c5c005ad8bea8d71f4f135f3c05a8225e647a89d,ea3597c2c9ccc5c4
dataset/gray_blight/image_0_4184.jpg,2,gray_blight,256,256,4890,True,False,False,False,,09499021a999a943ee7cf17e410ac84bf5a56b51a09d0429d74c8767c88a8317,ee94d06a3f85c09e
dataset/red_spot/image_0_1107.jpg,5,red_spot,256,256,4498,True,False,False,False,,a34cb39a480dd0f376baec0f82aea6e6bb10a61b08b173d55ca8741a48014f75,a3cc9c3366cc398e
dataset/algal_spot/image_0_663.jpg,0,algal_spot,256,256,10481,True,False,False,False,,bbc45b588cac0f6e1463183d1cb991d46f1af91e9cb7d51319157f99ce3e4b50,bd92c06dc6629e63
dataset/algal_spot/20211227_153605.jpg,0,algal_spot,256,256,5896,True,False,False,False,,e5be8124a47586ddc67f3c623fa01ca59651072c3473c6b51435ea364e0d22bd,e1b3964b99ccc98c
dataset/red_spot/20211227_161433.jpg,5,red_spot,256,256,6168,True,False,False,False,,21444a43f8b6ec5e0ff33fab3ceeea1152b12ba6fd04758a3a0194c990ca9f83,aac0913b6ae50fda
dataset/healthy/image_0_1902.jpg,3,healthy,256,256,4892,True,False,False,False,,3fd0b6d6c70c766e738ab78179be29f8abaa1e96fee07485ac9265967d46f4a3,fe3c85c0683d2772
dataset/brown_blight/image_0_7763.jpg,1,brown_blight,256,256,5383,True,False,False,False,,c376d281b01f35e3c72c779ec49902f03720c649b0c2970e0a4f51e702c23d42,bf9fc0603793688c
dataset/algal_spot/image_0_3014.jpg,0,algal_spot,256,256,5238,True,False,False,False,,39b7c843a27abc9ef8761e0cb88cb6ce178631729fd73cd3c03ce3fba06dd1ff,e83c95c74a982d67
dataset/healthy/image_0_3487.jpg,3,healthy,256,256,5195,True,False,False,False,,27112b85b073767712736d0626c8d2cd0b9b97835987be1cad44f63046af1c78,ea3594ca653c1ea3
dataset/gray_blight/image_0_2063.jpg,2,gray_blight,256,256,4767,True,False,False,False,,c0de5ad9158da6464c17dc3f5ea489eb53057bd20b055ba02bb5e7347926048d,bcc1923e696b26cc
dataset/algal_spot/image_0_559.jpg,0,algal_spot,256,256,6045,True,False,False,False,,6f08c0356ff9f1ed65e1842809fe02cffa7851cb82060a911bda8c69aaeee338,af6ac0d0858bda1f
dataset/algal_spot/20211227_132541.jpg,0,algal_spot,256,256,5779,True,False,False,False,,7a7ca8ea00bb39879b2152e144f2eceea6d2a7f8df22c5f8b53796d58d278819,ae80c43d3af0e58f
dataset/healthy/image_0_1023.jpg,3,healthy,256,256,4715,True,False,False,False,,69a430533140cc4f94206600e751406126c48471edbb11935ded4e6986c555d0,bf96c0683f9648cc
dataset/helopeltis/image_0_431.jpg,4,helopeltis,256,256,4747,True,False,False,False,,611c61b66169dc9bd6ccd6c23bae232f8a09f2c997371167ad53bc8d9acd3ba4,b49acb65309acd65
dataset/helopeltis/20220101_102359.jpg,4,helopeltis,256,256,5343,True,False,False,False,,7bd5d973b5ed7c9688a97efc02e7993ad76c7cdfe3ccdc753024f02a4cb47b4a,afe0d01f6ee02587
dataset/gray_blight/image_0_923.jpg,2,gray_blight,256,256,5049,True,False,False,False,,958eea0fe9d518805824e0860eb9399e320c96e6dc8d9ec8ee985a2720bb8091,eba4941b6ae0a58f
dataset/red_spot/image_0_2496.jpg,5,red_spot,256,256,5777,True,False,False,False,,a3f2b3a671fee443b59b10f30bcc6d1cfdbc40fe15d0ca3387f9f3989e98822c,be90c06e1ab4f8d3
dataset/healthy/image_0_3582.jpg,3,healthy,256,256,4710,True,False,False,False,,cfc8700e31467fc5005bee9a94618b43cc08349e86924940b0a3b471d76e4b34,bd1fc2e02d17b078
dataset/brown_blight/image_0_9609.jpg,1,brown_blight,256,256,5272,True,False,False,False,,4421564439d4ebc7e7e77b8e49f475d25d5a3cc619c2316a4a756bdb56faa794,bfd0c02b2fb4c24b
dataset/brown_blight/20211226_003111.jpg,1,brown_blight,256,256,7122,True,False,False,False,,e5fe7f608c7f352a68ec813526ba92ce75d990281b7403a3ad4e0e4f8aa3b104,ab94d0426bbd34d6
dataset/gray_blight/image_0_2826.jpg,2,gray_blight,256,256,5936,True,False,False,False,,e244700a3dc488feb1e4381c44102ad8bde674d9b5637bdbf04218fd6c763628,e9cf9c31c7326449
dataset/helopeltis/20220101_103812.jpg,4,helopeltis,256,256,5047,True,False,False,False,,b172989bbe10dcbbc99258237dab9e0291a3c41efe30dc2dc4f929ac8a223992,b2d98b8dcc668c66
dataset/gray_blight/image_0_3714.jpg,2,gray_blight,256,256,5662,True,False,False,False,,f0cfb1b0e9d28736fd8c1fd3323c1bca9259c4cf21c115e2752add3ec18d9859,ae91d06a3be5c49a
dataset/healthy/image_0_178.jpg,3,healthy,256,256,5088,True,False,False,False,,eb44c79faa4a70a30870492d7afe0444914c44d6e68b3534c8454e292a94223a,bd9ac361361f3198
dataset/helopeltis/image_0_418.jpg,4,helopeltis,256,256,6136,True,False,False,False,,b97cb000f30278ee37f60fb33cdd414320d7198db122d30bc303da00929ee6f0,ea95c06a2df4728b
dataset/red_spot/20211228_123801.jpg,5,red_spot,256,256,5065,True,False,False,False,,678e9eeb79079653bea975e343d41560aa57ade4226e189ad60135d91a2dc26d,ffa0c03f6ec0b00f
dataset/red_spot/20211227_161323.jpg,5,red_spot,256,256,5945,True,False,False,False,,e427e4e97967b0745393f430753ff715ca94e6c118fd66c90222a6771636c491,ea91951e5ae16497
dataset/brown_blight/20211225_233930.jpg,1,brown_blight,256,256,4528,True,False,False,False,,d99bc992a8b9cb8f1bfae76414c5bb7f19f08a2e568e069349cce1b0925e5cde,a5939b6c61d3c638
dataset/algal_spot/20211227_102005.jpg,0,algal_spot,256,256,5345,True,False,False,False,,bf2961032bfa93af186c318eae7a01e81bce08c5970194d99dac9355195ea910,b2dbc34ccd6ccc24
dataset/algal_spot/image_0_2360.jpg,0,algal_spot,256,256,5447,True,False,False,False,,77238a20e91289fe6b72333a47aece3347154f89cd97aec427de2285fc7e16bc,af1fd1ca68b50632
dataset/gray_blight/image_0_3683.jpg,2,gray_blight,256,256,5009,True,False,False,False,,26638d2bb7701e52f000e9010c07597b7d6159b1ba5db299202edecf5bf0eb98,bec1c16e2fb0b04b
dataset/algal_spot/image_0_658.jpg,0,algal_spot,256,256,4558,True,False,False,False,,0e3cf9d2b2a6f3acc413446c7f7af90ebbbb46faa44a0b6f9a0398b34d2e1ef8,b99ec2603f9fc068
dataset/algal_spot/image_0_3783.jpg,0,algal_spot,256,256,7971,True,False,False,False,,79a768f2d525b9f877b3b1941024bf8fbc9f5f5b851b4a66ccef5834b7a12adc,b894d06a8fe5349e
dataset/red_spot/20211227_155858.jpg,5,red_spot,256,256,4959,True,False,False,False,,e23d93b167b694e1f00849f30f318a404a5a098c973067161d4c6beb0ff18e22,aec1913e6ac0b58f
dataset/gray_blight/20211228_125742.jpg,2,gray_blight,256,256,5535,True,False,False,False,,5fe59b521943d437bada2898b5b3cfa0ed6cb6077fb2b5fee0915798455016c3,ff94c0282f95b4ca
dataset/helopeltis/image_0_3105.jpg,4,helopeltis,256,256,4334,True,False,False,False,,ed0ece25c3849cdaabc27fb72baf84334f793b5092231501bf074326998946c9,b318cce7cc323cc6
dataset/gray_blight/image_0_4259.jpg,2,gray_blight,256,256,6165,True,False,False,False,,69eadc502f36926871f8afac368696ad67214a6390da17374b6bc31ada9260c1,bfc0c03d6f5840cf
dataset/helopeltis/20220101_092426.jpg,4,helopeltis,256,256,4133,True,False,False,False,,a4c794e34db347c27ecc13616d23d0ee2e767f4df64d08f61b3d7e61dec3a27f,f38ccc3332ce338c
dataset/gray_blight/image_0_292.jpg,2,gray_blight,256,256,5112,True,False,False,False,,668071e5f0458cf7d6a86847f258f98699431f0732b2807ca597fc8160a8a0f5,bee2c29c3de12266
dataset/red_spot/image_0_1370.jpg,5,red_spot,256,256,6195,True,False,False,False,,9a78d3d1497910d71797864050d00515c9acda3169c4eebfd7993e0d43b5c14e,ee6a91b11ec2686e
dataset/red_spot/image_0_3170.jpg,5,red_spot,256,256,5617,True,False,False,False,,f85dfcf32a28902e6f18063773ea7df2ed48f28f910e2d1f8063bfa693bcbde9,fab587422c2f71b0
dataset/red_spot/image_0_3041.jpg,5,red_spot,256,256,5502,True,False,False,False,,6dbc2d9d723f6075bdd89c0a9cd1e23228e13a781c8158ecb8237705e10996f0,a994c66b353c7a91
dataset/healthy/image_0_1380.jpg,3,healthy,256,256,4157,True,False,False,False,,c485cb266b383c4c10acc69a2b5c9678781e0f78a4d12119ff51519a69ac04e3,bdc1c23d6bc0941f
dataset/algal_spot/image_0_531.jpg,0,algal_spot,256,256,4523,True,False,False,False,,f789cf91e049db33595c62a419dd2429cc13e7aade0ead1d3d9baae03a936469,e1cd9a32256b66cc
dataset/red_spot/image_0_801.jpg,5,red_spot,256,256,5075,True,False,False,False,,38faee21a69426e71fa1fedd60a5b9004c36765d7c488e8045383d3da5a9a67e,af90c06a3fb4d88b
dataset/healthy/image_0_3015.jpg,3,healthy,256,256,4391,True,False,False,False,,a13880862183ad634c01b66f43715612964608dc729d1797d71ea21d1e3fa900,e8cb97346bc22c99
dataset/healthy/20220101_120123.jpg,3,healthy,256,256,4793,True,False,False,False,,bfa817189aa4ba9694dfe9509b5b7ed8aba341b3999c4ba1ed82b6aaa23a9e20,fa8385387ec3e198
dataset/healthy/20220101_090703.jpg,3,healthy,256,256,4872,True,False,False,False,,7622f4e2d03fe3c66df87732f9747500621ffbd6c25a86a52a1da38f6d2850e7,ff82c42d2bd0b40f
dataset/red_spot/image_0_366.jpg,5,red_spot,256,256,5719,True,False,False,False,,17c619d00cfc511ef352e1e22feebcd688305e450543b7ae0e93948931dbeb70,fdc1923c616366cc
dataset/brown_blight/image_0_999.jpg,1,brown_blight,256,256,5152,True,False,False,False,,94f041acafff23d97428fe500fcfc5f3fb0573bebbeb894e52e96e3906524ab0,f492cb6d3492c369
dataset/red_spot/image_0_1471.jpg,5,red_spot,256,256,5116,True,False,False,False,,bced1b27034d031364cd54099f68a68598b22205bb04d445335c6e00a914127f,e9cb9a30e53a6c49
dataset/red_spot/20211225_224157.jpg,5,red_spot,256,256,4104,True,False,False,False,,e0dd46c80416557501fd32e41e49c0ee110f89a5c7e722b924b258108583c4a3,a48edb306ccb933c
dataset/helopeltis/image_0_2911.jpg,4,helopeltis,256,256,5042,True,False,False,False,,446e2a20106c794a23ab7eea38f84d257c7dd62c1269b76cf5ec2939b0ace6ff,ed7292c9383cc6c3
dataset/healthy/image_0_576.jpg,3,healthy,256,256,4504,True,False,False,False,,96c01e016c18b063b039f74f346c662f1ca6cc7fe6729cf29a989f252d3bcf44,aaca95356bc2863d
dataset/healthy/image_0_1291.jpg,3,healthy,256,256,4935,True,False,False,False,,aefb771a628526d3e16560cd65daaac415b34ee8af5e143c052de3567a5544d7,eb94d4681a85ecd6
dataset/red_spot/image_0_2851.jpg,5,red_spot,256,256,4692,True,False,False,False,,e5ec8979270824164b9c11e944a972136143dcaf2c01d33f4167facc0909dc8c,b092cf653496e3c9
dataset/red_spot/20211225_231110.jpg,5,red_spot,256,256,6607,True,False,False,False,,992607809c2ba44955ef4d679677a482a5caaf8fc5f8a2db1b30e9c6ef21407a,be2fc0904f4f343c
dataset/helopeltis/20220101_101002.jpg,4,helopeltis,256,256,5099,True,False,False,False,,5bff25d45d631c980133b73290580c8db6cfa4bab7a0138a95f13ee353ac2437,bae1c55a2ea5b05a
dataset/helopeltis/20220101_115431.jpg,4,helopeltis,256,256,4926,True,False,False,False,,a2fab75dd1c586e17d8fda6d23c043bd08215de03667af97872c5b670926cdb1,fa94c1683d97e2c8
dataset/gray_blight/image_0_2533.jpg,2,gray_blight,256,256,6304,True,False,False,False,,90bdbefd3c7d2337f293fc9390e535db491047bb3525e7dffd03607156c395b9,aad5952f5e7c2a80
dataset/brown_blight/image_0_1770.jpg,1,brown_blight,256,256,6006,True,False,False,False,,30a83da5dec8958c49c41ed91e50301da6b0e7bea828143e5064b1960e79f2b6,ff9ec0e0781e0752
dataset/healthy/image_0_2187.jpg,3,healthy,256,256,5907,True,False,False,False,,6ac05df00e721ac467323c10bd23b1e3bd817c75b3d103c38c5f57b2cca3a69b,bfc2d03d4b706cd0
dataset/algal_spot/20211226_102606.jpg,0,algal_spot,256,256,5892,True,False,False,False,,4b285b178f6c72ca641ab00e426a8b594f02b31f73dad2660729a27bf399c2f8,faa885975ef86025
dataset/algal_spot/image_0_1645.jpg,0,algal_spot,256,256,6088,True,False,False,False,,9af84dd6871b254ce078bb731304e49e2bebeb02d10bf9c7ecb0a925d592e30f,babc97cae8a46232
dataset/gray_blight/image_0_82.jpg,2,gray_blight,256,256,6099,True,False,False,False,,1479b235a2f26aa025ce5c0aa4929055b47c493fdf2778266b945100a348a0ca,badc85e34a26399c
dataset/red_spot/image_0_1324.jpg,5,red_spot,256,256,4221,True,False,False,False,,bc23ede48d295c9def1c99588f0a7311be1d73e8ee45aff041f429a1cc1c4cf2,a5da8e65301e6b99
dataset/brown_blight/image_0_706.jpg,1,brown_blight,256,256,4645,True,False,False,False,,4d663baeeaa0e73b239e821ecc1ac2f3c5848f2da8f47d6c6c39d509aee80139,ea9c95617a94e1ca
dataset/red_spot/image_0_1953.jpg,5,red_spot,256,256,5198,True,False,False,False,,9d31e9adf32861078467f298a513f53d750290c7c7e545e426a0e7d2c1c73431,a0969f6b349643d9
dataset/gray_blight/20220101_114902.jpg,2,gray_blight,256,256,5788,True,False,False,False,,a775fa3a6329b3fa72d42350f1552b1e9fbed6ffdfc7b1fee009e8ba7c9f6b6d,fb84c43a2fe0f087
dataset/helopeltis/image_0_3751.jpg,4,helopeltis,256,256,6284,True,False,False,False,,7e06f3563b0edefa1880e88acb1adc72662dda6a1a4de456c14c0554bd4866ca,afc0d03f6ae0958d
dataset/brown_blight/image_0_1246.jpg,1,brown_blight,256,256,6056,True,False,False,False,,3530850ff4b97137c2b6b5b6289e755985cb54721ad5ac139436806947de8b7d,ad9ecf61301c4b99
dataset/gray_blight/image_0_506.jpg,2,gray_blight,256,256,6955,True,False,False,False,,62e617660dd5c7fb4435aa9b536a5867bb1af8e3077a78c3c8a60c92f349a01e,bf95c068a5763319
dataset/gray_blight/20211226_000725.jpg,2,gray_blight,256,256,7005,True,False,False,False,,2f92d023e44f8548b52662e7aaadd0b55fb7359992fb651f693588d3b13497f9,af7ed4004adf2d22
dataset/red_spot/20211225_224316.jpg,5,red_spot,256,256,5125,True,False,False,False,,4cb69040f2bdfc0a20d631f99a322e39fa3fe4deabd9ab1ccb515507dca9ced1,a087853c7ec3a55e
dataset/red_spot/image_0_544.jpg,5,red_spot,256,256,5167,True,False,False,False,,d3e38c9073b93fc6a7cc53df4a6a7dabae2fec17e4d27128d6d8aa261ed78e70,ad3ed2c3699c2632
dataset/helopeltis/image_0_3002.jpg,4,helopeltis,256,256,5485,True,False,False,False,,b4de419e3fff17410a182fd5ae05c4377720c17986a8d70e9b0ce321aae534b9,bee4c11a6ee9b046
dataset/brown_blight/image_0_5568.jpg,1,brown_blight,256,256,6071,True,False,False,False,,7e78c8f6851210a2631d412bf31b2158f78a2abe51bc68727e82cec4da509a79,af96c06937361a99
dataset/algal_spot/image_0_1464.jpg,0,algal_spot,256,256,4878,True,False,False,False,,e54829d995ec7d82f76fdffcf96aced262d1c14adec6e04f7bf669b6082f0bcd,bee0c29f3c604b96
dataset/brown_blight/image_0_3751.jpg,1,brown_blight,256,256,5774,True,False,False,False,,b795969a5e99a553ce1e103b3066ff5b7e4eae6717d62f141f92fbaa36d0b3f3,ea8d9570782f86d1
dataset/gray_blight/image_0_1297.jpg,2,gray_blight,256,256,6034,True,False,False,False,,30bb0f050f68b694c1a28bee8841512881d66b81daf7ffa971949244eba7b3d9,aed7d0400a877d7c
dataset/gray_blight/image_0_1362.jpg,2,gray_blight,256,256,6016,True,False,False,False,,3f021db7d22e18e8378fba01311497614f6b13d6d1ca184d9e2906065b2fe471,eeb091c27a3de0d2
dataset/healthy/20220101_090520.jpg,3,healthy,256,256,4502,True,False,False,False,,77c9d759e3fb7e0cf6f600c44fd9126809de58a7aeb31b0398ebbfdd599a91e7,fb91856e3e81e01e
dataset/gray_blight/image_0_317.jpg,2,gray_blight,256,256,6994,True,False,False,False,,63787de787b8a7f41545accad1d567f1a2e42e8a1775f59297595eefbb859ca2,ba95d45a8b241fa6
dataset/gray_blight/20211228_135022.jpg,2,gray_blight,256,256,5064,True,False,False,False,,92daa2a8248c210bb5bdf99805e1a5501fb6940e2f7dba42f05b53dd329f33f1,bed880e72b1af498
dataset/helopeltis/image_0_2122.jpg,4,helopeltis,256,256,4959,True,False,False,False,,bd5b125d8e25cb6e70a9c9694cc55207f6fcedf103fccf1f9b8b5db530cc3041,aac5d52a6a950f6a
dataset/brown_blight/image_0_3983.jpg,1,brown_blight,256,256,5426,True,False,False,False,,9ebf0a207c8648f56eb5b20872f2cbbeffba0d92d40d77e341c4dd929d0ac3d5,e86297974ada3525
dataset/red_spot/image_0_955.jpg,5,red_spot,256,256,5194,True,False,False,False,,971ea7c4c8687b4ceb6ec7c7826e3716f0d8b2221098e3c45958a677449b494a,b9d6c2693c9662c9
dataset/healthy/image_0_3182.jpg,3,healthy,256,256,4759,True,False,False,False,,d1d49e973c4c6466a5c93a85ab7e804ab0787749e1840e2f49586d9c19a6a716,b430cbcf61b46633
dataset/red_spot/20211225_223710.jpg,5,red_spot,256,256,5155,True,False,False,False,,8d7fa7a8380b9488f6f9c525fd215f8f7bd1630c4d0ef2d19b4707c21ce18d8a,b8c687797e85914a
dataset/algal_spot/image_0_3276.jpg,0,algal_spot,256,256,6045,True,False,False,False,,a576bf3e7ee346a0672c96410ffbdbebfe266017d5a7af8c534490415c15b698,ffc0803f687866c5
dataset/healthy/image_0_2781.jpg,3,healthy,256,256,4387,True,False,False,False,,b235e2da0e6f8d5bd2cb841d3569513400aac5bced13bae21eec84b054ce85c8,ea94906a3fa45a9e
dataset/brown_blight/image_0_853.jpg,1,brown_blight,256,256,6379,True,False,False,False,,6c8aba6dc0cd73e434286028eeaa74f74344282ed766692c933e445128cbf346,bf1fc048e9a5361a
dataset/healthy/image_0_633.jpg,3,healthy,256,256,4574,True,False,False,False,,2c7f1b61e6ad5ce92649b4f93ca61d83df69286d7eb7e452b897fcb6079e8e2d,e5b29a4da46436b3
dataset/helopeltis/image_0_3687.jpg,4,helopeltis,256,256,5676,True,False,False,False,,741ffd66827454128d701332f03e59fc8f3ce0a94df640ff9bd96f73d346860a,add0c26b3db4ca85
dataset/algal_spot/image_0_539.jpg,0,algal_spot,256,256,5583,True,False,False,False,,0a5106b60aea08eae0f39388ddca3abf8fa531def3f98591fcdc4f90e8862c95,fec0913f4afca8c0
dataset/healthy/image_0_1002.jpg,3,healthy,256,256,4579,True,False,False,False,,6cce06ddd45a0ca9362a238a69a94857520d9ef68c494f54db36395414df16de,ed90c2e42f9fb0e0
dataset/algal_spot/image_0_888.jpg,0,algal_spot,256,256,5079,True,False,False,False,,a2afe1a5de63376b50040837c01f1ceba0d142b8223b33bad10a91fae1559ccf,ebc0843f7af0218f
dataset/healthy/20220101_104108.jpg,3,healthy,256,256,5958,True,False,False,False,,f9d23975f4c66f410c747cc2eae816dbc630b59bf9a7b7998047e846d1e78ecc,b4c3934dcb2ccd34
dataset/gray_blight/20211228_134727.jpg,2,gray_blight,256,256,5162,True,False,False,False,,ddd474c27784b9a35db01cf6441a97c3268d2288aa51c81b31ca8042095286b9,fac1853e6ae125ca
dataset/algal_spot/20211227_130237.jpg,0,algal_spot,256,256,5087,True,False,False,False,,c421f5e2952e666845141d0755e2089810b305430b698c75bc87f080d350af96,fe95c06a3f94480f
dataset/algal_spot/20211227_154659.jpg,0,algal_spot,256,256,4974,True,False,False,False,,9e7a1aca051d1de895fe9744dbdb107d5b1a65de9527b4f14e9532b27e330b89,fa80857a7ea1e196
dataset/red_spot/image_0_1942.jpg,5,red_spot,256,256,5856,True,False,False,False,,c31294b6dfd44a97724e5ccb2c7628219f31f0455c295c5a286df903caa420b8,a89cc36b3e95e0ca
dataset/red_spot/image_0_2792.jpg,5,red_spot,256,256,5886,True,False,False,False,,be97743471cf7d4a38a162e88eff4a6ed9994ed5b319d64fe2d4502d9511996b,ae9dc563313c069b
dataset/healthy/image_0_339.jpg,3,healthy,256,256,5739,True,False,False,False,,e1111a8988ea831ca9715f193a58ebd806a15519e8e13f01f46250a75fa15adf,e576964b9871994c
dataset/healthy/image_0_2602.jpg,3,healthy,256,256,4654,True,False,False,False,,a5640fcaefcd903e0059568305d0639982ae3ef7972f29d27e614229508ce38f,bc9ec361349f49c4
dataset/red_spot/20211228_125351.jpg,5,red_spot,256,256,4881,True,False,False,False,,3b584306ec423ccae0ac6e1e96b1807e6d05bc0eecb2abcce72652a4e4563671,fe92c06d2fb0b04b
dataset/brown_blight/image_0_8053.jpg,1,brown_blight,256,256,4501,True,False,False,False,,34b7907597adbfad7376595e2f9b5aeff66c7e456eedbc5a4cc273841114ebee,e96b86943863c33d
dataset/brown_blight/image_0_5004.jpg,1,brown_blight,256,256,5882,True,False,False,False,,738599018c92f1c51c761c43fdae7fd75fcac2a47bf2ccd5f4cdbeae68bb700a,a1cf9eb0654f189c
dataset/healthy/image_0_2907.jpg,3,healthy,256,256,5506,True,False,False,False,,9f983ce07667b017543c42b0fb5e17f5131b21db3160c499c1d1273a53460c61,eab885c23a2f65f0
dataset/helopeltis/image_0_2528.jpg,4,helopeltis,256,256,4436,True,False,False,False,,d6f31bdc8a20c3e88865faeb113ba089601606b86e19f688d45879475f85e706,b246cd993266c63e
dataset/algal_spot/20211227_113145.jpg,0,algal_spot,256,256,4621,True,False,False,False,,a816e2326b2efe9ebe4491dce94332dbabe7af92171f0d8b7d83b7a29989d462,edb496492934c6cb
dataset/gray_blight/20211228_120907.jpg,2,gray_blight,256,256,4762,True,False,False,False,,bd849d5b07144dfa29947451167e63cd881c8a3dcea77e8cd738b80a784e0a08,eb90946b3bc4e51a
dataset/helopeltis/image_0_3026.jpg,4,helopeltis,256,256,5655,True,False,False,False,,e8c16806515938bdf948c921fb0aa5937e334a200ba898a36c5c33d591556e0e,ec81933f6ac0a55b
dataset/healthy/image_0_209.jpg,3,healthy,256,256,6072,True,False,False,False,,b19f6ed194f3f71e8e80af88a179aca9255498fbaad21f4cb8e0cdb573dd950b,fac885871fd0706b
dataset/helopeltis/image_0_162.jpg,4,helopeltis,256,256,4302,True,False,False,False,,ddafb9a5394ab5546e13cf8e13e8475f7f989318bdab6c91e2c17e4e17d34ffc,b199cc6633996d91
dataset/helopeltis/image_0_1746.jpg,4,helopeltis,256,256,5455,True,False,False,False,,d0ebb4ffa265b65958e5710dca45b3099fbe66d9817c8c93cca2ef6a695518d7,acc3923d2be2648f
dataset/gray_blight/20220101_115007.jpg,2,gray_blight,256,256,5742,True,False,False,False,,f953b1b385eb440a8b06ea4e9c2b4c146799e3b6e7afdab8e166df1190b0ba8a,ffc0d03f4bf024c2
dataset/helopeltis/image_0_1079.jpg,4,helopeltis,256,256,4848,True,False,False,False,,7319dbebe1177ff95006d09cee3de97d5f62a3f12478377dda94c3b2d744bb60,ec11936e966c9999
dataset/brown_blight/image_0_4571.jpg,1,brown_blight,256,256,6550,True,False,False,False,,6d180d4992f1406c9e8eeeacc42f0a8a4cee3e1c203b4704fed580d61b60406a,ea95956a3c2f2691
dataset/algal_spot/image_0_1298.jpg,0,algal_spot,256,256,4511,True,False,False,False,,fca60da7db44dc6594966a82272c21286bf95646f58f56c9399e76716c93b867,bf95c06a3f95c04a
dataset/gray_blight/image_0_4115.jpg,2,gray_blight,256,256,5525,True,False,False,False,,259ad666af13345abd65596e35179875027f767f131a340886424dd767b41abd,ab9ad5603a0fa5d8
dataset/gray_blight/image_0_3285.jpg,2,gray_blight,256,256,6033,True,False,False,False,,820b5cc0db32cd22ec964ffd6c241938e5790dc4d0145c1cab910a78096a4708,bec0c33db43127cc
dataset/helopeltis/image_0_1781.jpg,4,helopeltis,256,256,5846,True,False,False,False,,afe6036709794e3ae407365da5fcbb15f4e2bd3f6787159f757a8a863387aaa0,ed92c36936339869
dataset/gray_blight/image_0_1706.jpg,2,gray_blight,256,256,6146,True,False,False,False,,a46cc55460a69c80816e96b708acd2411f044389fe15b96c2e09caa28d180615,b934c24bcf856c96
dataset/gray_blight/image_0_3271.jpg,2,gray_blight,256,256,7438,True,False,False,False,,25dde11f3023c3de414da2494aecd0ff05b58192872f5084a8ce4949f4c12533,bc96c168cd639663
dataset/brown_blight/image_0_814.jpg,1,brown_blight,256,256,5012,True,False,False,False,,89c89c1d451ce1b8d2179e66ee2ca30e32ea54d18bff49acde459c1cf374b00c,f8a1c79e3460696b
dataset/gray_blight/image_0_4130.jpg,2,gray_blight,256,256,6097,True,False,False,False,,dd8261ce41fb6abe5034b8f7c8f4e3ac9aff86c57651e83792da25192551b052,bfc0813f785a21cd
dataset/healthy/image_0_2753.jpg,3,healthy,256,256,7081,True,False,False,False,,c0153919a2b77a7228cf265b209e33d0cc30e7c74bce722c273114d1c9613f5a,e8c3943c5a61cfb4
dataset/brown_blight/image_0_6279.jpg,1,brown_blight,256,256,6370,True,False,False,False,,5345225d6e5d21e1c8d1c1591d131b893bd0735b7c945957f7ed08c88f5565db,ea95914a3fb9c0c6
dataset/algal_spot/image_0_1018.jpg,0,algal_spot,256,256,6933,True,False,False,False,,d84d551045a5a45016fd435f6e484b4c0a616582ab6677aa80022b4645082916,af95c06a85349ee9
dataset/healthy/image_0_1667.jpg,3,healthy,256,256,5733,True,False,False,False,,1ce1ad9a894bc9f374443b716ef8b04d1f8ff52ddf00ea482f4c47f8f961bd5a,af97c0683d27329a
dataset/red_spot/image_0_2191.jpg,5,red_spot,256,256,5508,True,False,False,False,,6060da342c61a476407229cae685abfcba551f5cea2efe3b2e862685c17160ba,fac287bd6043764c
dataset/red_spot/20211225_223532.jpg,5,red_spot,256,256,4620,True,False,False,False,,819fae466b505d731c89b9c153269f6bebd30aa0d7e39886d1ba5a3bb2f4e464,a187977868c79758
dataset/healthy/20220101_101809.jpg,3,healthy,256,256,5921,True,False,False,False,,16e5d8696498c473ab99ec042f7d3e522bb75c49454c14da6efb4f18b4968f52,b099cbe1cce68cc6
dataset/brown_blight/image_0_9265.jpg,1,brown_blight,256,256,5460,True,False,False,False,,80138ffdd4920bc2b1df1684ec892ea6988a4abefb598a074a7478060b20bd78,eaca953542ca3dc9
dataset/brown_blight/20211227_163938.jpg,1,brown_blight,256,256,4960,True,False,False,False,,009c07c2c7c9dc6276628385895b0f52cd67b3211a0b868f5cd6b7b57649c15d,f8b0878f6a683527
dataset/algal_spot/image_0_3351.jpg,0,algal_spot,256,256,6229,True,False,False,False,,fdee87b1a52554a88700e3c5b87b4c7b59df08dac495e1d0fd69a9ca075bf812,eac8d5952b7a7460
dataset/helopeltis/image_0_662.jpg,4,helopeltis,256,256,5120,True,False,False,False,,c60143db1db56e9e03440f2b834e3b7704dd48a3b32dec49f2d3ba2d6b5687dc,ad96c069369ec9f0
dataset/algal_spot/image_0_412.jpg,0,algal_spot,256,256,5266,True,False,False,False,,ccf3ae33023dbd9d26778743d1803542076dc2f12a561492703bfa689ee79f8d,eeb5d1c82b05347a
dataset/red_spot/20211225_231405.jpg,5,red_spot,256,256,5312,True,False,False,False,,a95482dc1ef8238594748daaa29820a56594d7893121a599b8ed945d8be422cd,ba85853e6ea5b05a
dataset/gray_blight/image_0_3869.jpg,2,gray_blight,256,256,5409,True,False,False,False,,356b466e772ae867bd46ca596ffb8d7db2579eee2d659d0f13d1eae162b94854,ed3e96c17a1e2530
dataset/brown_blight/image_0_2548.jpg,1,brown_blight,256,256,6040,True,False,False,False,,7e995f6420a8bc08040bd468e52f77b87488caf77edb75d3fcd4f9cc4b55b200,bdc7c2902f4b70e4
dataset/brown_blight/image_0_9024.jpg,1,brown_blight,256,256,6659,True,False,False,False,,0f14cf9532d90235856d61cbff7ad8431616734abf07d9a9c45f6417143750ec,bfc0d2376d6a42c4
dataset/helopeltis/image_0_1397.jpg,4,helopeltis,256,256,4833,True,False,False,False,,6f5fbf88f8ec967bde18fabb5211ac1969858b1f08d7b1172b6dfe3f5a56ee0b,f9c7963843368d1a
dataset/gray_blight/image_0_937.jpg,2,gray_blight,256,256,6453,True,False,False,False,,624797bd17feb83d62dc4cfec03717f16395394b007af2a5edadf87ed61c7869,bf3fc0c86d872232
dataset/healthy/20220101_093636.jpg,3,healthy,256,256,6387,True,False,False,False,,f8464f7b3c851955db225bc2a39fcde6f1ef608608125ea66cdeb79aaa3deff2,bfc0c03b4b343dd2
dataset/algal_spot/image_0_1411.jpg,0,algal_spot,256,256,5662,True,False,False,False,,bb2c2b0bfd5245b8a2d038842222c4a19823676c093bf4bea10e9516e2b74fd7,ea95854a7ab5e0d2
dataset/brown_blight/image_0_8895.jpg,1,brown_blight,256,256,5472,True,False,False,False,,74eb71e645d4ff2dfe1a02eaa968d8587f562d6ba65be481ec9bba7d133fa296,faad85523aadc0d2
dataset/healthy/image_0_1468.jpg,3,healthy,256,256,5291,True,False,False,False,,3b18299ab7e99c62129b57b1c65e7da7cce05d8fd86b033dbfafe0cf80b218b6,eac3953c4b726c98
dataset/helopeltis/image_0_3614.jpg,4,helopeltis,256,256,5204,True,False,False,False,,d998986a49412687b0332d43115a78e1e4f4ec862111ffe33327d0e0bc3ed85d,bd9ec1603e9b60d4
dataset/helopeltis/image_0_3204.jpg,4,helopeltis,256,256,6001,True,False,False,False,,e98bbdb8f4970f32853c0743727604d9a05a29a2fccd23a647586fd746b694a3,ba96c4684f93389e
dataset/gray_blight/image_0_828.jpg,2,gray_blight,256,256,5753,True,False,False,False,,b8391fdefc9598272c24888c66a02cae234af92997a132bc63e9e4f0ef14ad95,bac0c53f5ee86095
dataset/algal_spot/image_0_210.jpg,0,algal_spot,256,256,5401,True,False,False,False,,2ef839e790be36d25f7a76732dd6bee357416cb97247d72dc8a74cf141616ed5,ad14c2e874be6b31
dataset/gray_blight/20211228_151328.jpg,2,gray_blight,256,256,4867,True,False,False,False,,5700a6e5997f770e9ec637755c8969a426cf2ad0e7b26645998377642d6318b9,fe84c13a3ee0e09e
dataset/algal_spot/20211227_152614.jpg,0,algal_spot,256,256,6385,True,False,False,False,,827063e9bed5ed6c51b211cf875ad0b9da6cef3600d446321bb2cc7381b42bfb,ea2ad5d51b0b307c
dataset/algal_spot/image_0_4110.jpg,0,algal_spot,256,256,5113,True,False,False,False,,50ff008be75c43bcdd8a5dc9ffaa63eaca0b29b58de99d6f320f30b09422fbe5,bdcac23c2dc2f00f
dataset/brown_blight/image_0_832.jpg,1,brown_blight,256,256,5621,True,False,False,False,,2d82df548440e1bad61e1c6eee31b92936512b49862036a95712fdd2aefa928e,abf4944a3ab5e0d2
dataset/helopeltis/20220101_100035.jpg,4,helopeltis,256,256,4759,True,False,False,False,,d459cdba258753c4fb58934263f29b3f5d20dbd6872d69284caed63d41b1ec9d,ed8a923569c69639
dataset/healthy/image_0_3503.jpg,3,healthy,256,256,5238,True,False,False,False,,d1c28d67f1cec3fe133c8fec1450990e4850386a4afd76bbecc64b808f6235ab,e1309e4f99cd6692
dataset/algal_spot/20211227_140556.jpg,0,algal_spot,256,256,6467,True,False,False,False,,22e37a14176100b4973823d4926792e3170b6f79f9f1ab70b79cf2f016b02bdd,fac0853f6af0a08f
dataset/algal_spot/20211227_130624.jpg,0,algal_spot,256,256,4688,True,False,False,False,,8f7534e03a8388dc033c0a2c9e3cd1120c0ec343dffc22a30326a6b108531c46,eac2953d6ac2b40f
dataset/algal_spot/image_0_3851.jpg,0,algal_spot,256,256,5823,True,False,False,False,,16a6ce5a3b29d25d07077d530a37215436967097371d4aed28a9c83e5afb5223,ea9495683aa5e19e
dataset/healthy/image_0_600.jpg,3,healthy,256,256,5186,True,False,False,False,,8bcddde8386e927e2b337e0d63b502e4147976b160eb7953db3313786e8a4fd1,b099cfe4ce668c23
dataset/gray_blight/image_0_3145.jpg,2,gray_blight,256,256,5973,True,False,False,False,,e74f965e1d43bf6deb3335703922004687ff185db1a4fcac4284e623d8784527,bf95c0689f25109f
dataset/algal_spot/image_0_1121.jpg,0,algal_spot,256,256,6413,True,False,False,False,,b21182256745b71908c26e490d66afbb506ad50762ed3c97d9c12144a37d4e16,e8cb9cb1435a664d
dataset/helopeltis/image_0_471.jpg,4,helopeltis,256,256,5597,True,False,False,False,,11bc2c6da3cb01809555c5a6c860a4c80bc1f7f9cc70bf7c0d0f5f360b94f904,af9fd4602b8524da
dataset/healthy/image_0_715.jpg,3,healthy,256,256,5221,True,False,False,False,,7ab88d1ecf76ccb1432bfea6f2391b28b588ca8c88a7fba3833f9b17f15f68db,afcad035697a60c9
dataset/brown_blight/image_0_8014.jpg,1,brown_blight,256,256,5353,True,False,False,False,,2406da15574f84605913ef270ef16f64421968224edf7508aff54cf00e45fb50,bc3dc3c12d1f9238
dataset/helopeltis/image_0_774.jpg,4,helopeltis,256,256,5902,True,False,False,False,,4398c59d2808e563c43ff7e7049cd22100333d14db57d9126c47657395057216,f8b48f4ba5c66291
dataset/algal_spot/image_0_127.jpg,0,algal_spot,256,256,5558,True,False,False,False,,5077dbde3265eac50ec0a0901859cb0f27d82010f2faa0f1930024c1a1a2e288,eaca95356ac2258f
dataset/healthy/image_0_1626.jpg,3,healthy,256,256,5473,True,False,False,False,,78ac513697dd2b9325e49f0895e27952a7decf7d2cd7d676096f5066e5fe4764,bc9ec7699c243a1c
dataset/red_spot/image_0_1022.jpg,5,red_spot,256,256,4759,True,False,False,False,,4f3b81ba8d22303fa184619b52c854914ca317f7ceb21a06e41d92a3133a0af5,f44acb3a25c19a3e
dataset/healthy/image_0_1491.jpg,3,healthy,256,256,5810,True,False,False,False,,704ce066613b83387ee8456cd6f584cdfa638b695c0d0e10a67b70ea89ce9aad,bf95c06a1e2570d6
dataset/red_spot/image_0_2457.jpg,5,red_spot,256,256,6050,True,False,False,False,,0d431aa32248021553dfd49d1dae8090863a10de488949a3fee268df6bf4f156,fbc0973de0234d1a
dataset/red_spot/20211227_160001.jpg,5,red_spot,256,256,4911,True,False,False,False,,9d54ce55dd08409f3ce5ee331515476c6f675b48663dcb720a25f90a0564ac99,afca90b13b4ae4a5
dataset/helopeltis/image_0_1700.jpg,4,helopeltis,256,256,6033,True,False,False,False,,e748411606fde74698620d4f85cf55f54ac916a93d7aef9424c2ecaf6745d841,e8cb9e349133e64c
dataset/red_spot/image_0_1681.jpg,5,red_spot,256,256,5831,True,False,False,False,,f547439509d213fc8e208ab28f1a9e0ac77298f836cd56547bb1d05a534144ad,ab95c06a1572dbc5
dataset/algal_spot/20211227_154744.jpg,0,algal_spot,256,256,4819,True,False,False,False,,f096db2963187e382f7b9f12a6d42459546e95e87de95aaae0c3bd4c7cd21ba0,eeca91307ec7a198
dataset/brown_blight/20211226_000350.jpg,1,brown_blight,256,256,5046,True,False,False,False,,7cd602606ec33c59d8fd09aacb9e7f734b848d03ed6500bc70e57a2795765bb7,aabd854a3bb5c24a
dataset/healthy/image_0_116.jpg,3,healthy,256,256,4340,True,False,False,False,,e557cb4adb63663f735e8a25d76a13f694a2e770f0b016f558737553b82abe4c,bdc2d23d6bc21c0b
dataset/helopeltis/20220101_122339.jpg,4,helopeltis,256,256,4640,True,False,False,False,,456275231925d89c76f86a907375aa72dd965d75e54469e9d3b4115f9013f383,f399cc2639c863cc
dataset/helopeltis/20220101_092257.jpg,4,helopeltis,256,256,4168,True,False,False,False,,d28aebf5de7e8fb4c30a01c5878098b1661ab6756623e48086b6880f1adb9977,e78c983364cc93b6
dataset/red_spot/image_0_1318.jpg,5,red_spot,256,256,5306,True,False,False,False,,e68f77f7aa7257dc94e2d361a49f495dd1de614d1f9e44fb4397974bb312fbb5,f896c2613c9663f8
dataset/brown_blight/20211205_160054.jpg,1,brown_blight,256,256,4117,True,False,False,False,,3099f8acc88591ab5871d5bcceb7e4b1857603b5b66fef9f1d00128b6aeaaeb9,fd96c3693c92410f
dataset/brown_blight/image_0_9117.jpg,1,brown_blight,256,256,6345,True,False,False,False,,e2f4c1abf1caaf1b04e1ee8e3bf90b3f4be299c047b14cae302609aed900aa36,acb3c2cd3d3462c3
dataset/algal_spot/image_0_275.jpg,0,algal_spot,256,256,4873,True,False,False,False,,4df22e89020fc4a2b8ba1c3734fd885f81dc342c49b84ae933342f6237ad830c,ff40c03f6ec0950f
dataset/algal_spot/20211227_102046.jpg,0,algal_spot,256,256,5345,True,False,False,False,,d95e0318ae3fa756f5fd3ffedd1c403c5994b884ff8d2736dac2bcb282830c11,efaed4814a4a352d
dataset/healthy/20220101_094024.jpg,3,healthy,256,256,6178,True,False,False,False,,6765f26ed5c6075cb40653a8a2c4ce2b29169f9d12e025e3a6aa86ff6b334fd9,bcc0939fd8706563
dataset/brown_blight/image_0_8614.jpg,1,brown_blight,256,256,5300,True,False,False,False,,8c3a4d58607f2bbed58477fb3ffb5de59d13b43a17c3df7abd6de40331d61f1c,fc95c1683f95c06a
dataset/brown_blight/image_0_8963.jpg,1,brown_blight,256,256,5234,True,False,False,False,,aff89ceff92e3d84ac65c148e55667e1e669304d51f73e1d0a2e8e65a03cd81d,bb9fc0603c974b19
dataset/healthy/image_0_2874.jpg,3,healthy,256,256,5559,True,False,False,False,,b6b530516e41d695cf4a4816abd6a62fd39ab6e81b20de34d6d1586f3d1b7528,bc9cc361351e3399
dataset/healthy/image_0_735.jpg,3,healthy,256,256,4173,True,False,False,False,,3a502a6d2da4cb9dee2898a820185407040ca7a315b904734a436c1e2bdb8e61,b063ce9c39c33963
dataset/red_spot/image_0_172.jpg,5,red_spot,256,256,5453,True,False,False,False,,9d3e2c85e9d7dec064ab685c82b8c508f332268ac8aa180d2ceb7f5591b17c41,e9c6963d5a608796
dataset/healthy/20220101_093154.jpg,3,healthy,256,256,4874,True,False,False,False,,d8390a1ececb5c1415c3d6b436dc862e3b2909ceb9dc8d02b42f10bcd19db85a,e89e95a17a5ea1a8
dataset/red_spot/image_0_354.jpg,5,red_spot,256,256,6238,True,False,False,False,,30d39545eb8db055cc15d99c5bbcc23b3dfef87fee23a78831bd9cd97121d54e,ae97dbc4c46293c1
dataset/algal_spot/image_0_3800.jpg,0,algal_spot,256,256,6188,True,False,False,False,,e5d1138c4a0b73159f8c44633e0d7d3179c2db044a6bb61968d312882f8a8dad,fac0853f6a7023cd
dataset/healthy/image_0_2984.jpg,3,healthy,256,256,4842,True,False,False,False,,d7b5561363d6003d0fbd4e1047b85afcdbe5c1bc0c22cd5378e6fdf7b8fa5f52,ffc0903f68c02f9a
dataset/healthy/image_0_3643.jpg,3,healthy,256,256,4730,True,False,False,False,,6094cdbc7f63f4c74c1998eb2fee1f11e7180af9c1a37a2453dbf4ba61585ea7,f49acd6632393398
dataset/gray_blight/image_0_1448.jpg,2,gray_blight,256,256,4730,True,False,False,False,,e68d73d1eea3ae6a235197947536bc91e21e7fd880456445c97c9e28b9f467a8,b09ac36d3c9269cd
dataset/brown_blight/image_0_104.jpg,1,brown_blight,256,256,5455,True,False,False,False,,3ae54f467ff1c63c5b1dafeffbbad8e68e73612596d68373a57ed4843609786e,bce1c39e1cd83127
dataset/algal_spot/20211227_133312.jpg,0,algal_spot,256,256,6107,True,False,False,False,,3bb5514330342255e8386f986bb1fc065f5b58fbb17d41f2d31bd621c26102f6,fbb0c40f0bf9b502
dataset/healthy/image_0_3416.jpg,3,healthy,256,256,5254,True,False,False,False,,25da9f034d73897df26eef6845f2a2191eded2c9818b6803b6581b0643818772,e5cc9e319b32cc26
dataset/algal_spot/20211227_132658.jpg,0,algal_spot,256,256,7219,True,False,False,False,,a698500adbe51e58b77233de9830ca169a5620f55b7d9f5deba5bc6e47f56738,bfcac0b52b5a3485
dataset/algal_spot/image_0_3176.jpg,0,algal_spot,256,256,6979,True,False,False,False,,489dafd5decdaf316eca152791bcefdab7e51047bdb0208069575219c2299965,b896cf6994663319
dataset/algal_spot/20211226_102149.jpg,0,algal_spot,256,256,6921,True,False,False,False,,eff6243eae99b0380aef8a9f8ce1a493444349938c80593d218a98b2e17d336d,eac685385e3968c7
dataset/red_spot/20211227_160644.jpg,5,red_spot,256,256,5182,True,False,False,False,,ca6f9ce6ce169347bb7d2ff4e33afa8f795005d7baafc374343b3172bd26115f,e985963a3ce1619e
dataset/gray_blight/20220101_114958.jpg,2,gray_blight,256,256,5292,True,False,False,False,,32c1b0a8abbd0314e30f7c90c731ce9a3399fb6f7cbfca3e552d5e116e40aef8,fa95846a3d87ca1c
dataset/red_spot/image_0_2178.jpg,5,red_spot,256,256,5052,True,False,False,False,,025d5ec706fe3b9dac14a9883579032c675108b699e222236d8360a2d76d9e70,ff84810b7ff0a00f
dataset/algal_spot/image_0_3763.jpg,0,algal_spot,256,256,5598,True,False,False,False,,beb55093ac307d37c1f823f05a02ee4eb5fc6f08b6133288bb8eaeacefd02115,fac0853f7a60a197
dataset/algal_spot/image_0_2795.jpg,0,algal_spot,256,256,7985,True,False,False,False,,efffa7f46abb6ef6c25a1a576eaa30e90567a550ecf90144a3d671b45b95ce1a,e8cb96359132e72a
dataset/gray_blight/image_0_4215.jpg,2,gray_blight,256,256,5781,True,False,False,False,,fd39dad47bcf6a94adbb37adc76388694b20b4cb3e50136fc68e23239aedf74b,ad96c269b426339d
dataset/gray_blight/20220101_112715.jpg,2,gray_blight,256,256,5970,True,False,False,False,,554a0455b1e76dc158447a81c9b4e9f17c168f40689bd9ac0c7144c95a33b3ff,ead285395ed2618e
dataset/healthy/image_0_1378.jpg,3,healthy,256,256,5570,True,False,False,False,,d5779ffb1439be58bc586ff026a66ebeaf0cc8521848de5cc920436d81b8249c,ef94924a3d357292
dataset/gray_blight/20211228_140914.jpg,2,gray_blight,256,256,5245,True,False,False,False,,a431948daee59408debb9c9436305ff0e9af0ce565d737a1d6a23b1997bde69a,bfe1c01f4f6031c3
dataset/gray_blight/image_0_4139.jpg,2,gray_blight,256,256,6359,True,False,False,False,,fcc69bc4b002e6c2372da6db5eebba1fe5f857a63eb7a6c2dbbd4c66b58000a8,eb95c6e2d84c2738
dataset/gray_blight/image_0_1656.jpg,2,gray_blight,256,256,5961,True,False,False,False,,9f881f0ce62f242e4dcefd405257430e00301685d6b0dc278d54ea3f75a7e703,ba95c06a3d9552da
dataset/healthy/image_0_2239.jpg,3,healthy,256,256,4915,True,False,False,False,,a3cbb209557eb211a1c1174b74a454334ecec059a63743b1bbc7cfed90defd1d,aeda912d3ac0e49b
dataset/algal_spot/image_0_3761.jpg,0,algal_spot,256,256,4724,True,False,False,False,,613dd3a79b4bf7c042a40885f06612e1f6274c0179d4b27df40438cc8d1d23b6,af68c09735e14b66
dataset/algal_spot/image_0_54.jpg,0,algal_spot,256,256,7704,True,False,False,False,,4a3be0e5a51824d213462abadd7ebc6432599c5abb4665b0154117958ea62836,bf3f80d0daca60cc
dataset/red_spot/image_0_2450.jpg,5,red_spot,256,256,5605,True,False,False,False,,ea31537a75059dbf5983c94cd52afcd570a4e90e574778e6da617eea05d6a48b,e54f9a3065c326cd
dataset/gray_blight/image_0_1867.jpg,2,gray_blight,256,256,6473,True,False,False,False,,e13eb29e4775e63f8bd4df52e1227f01cececa8cd22df5b6810762baa89a0023,fa3385c0dacd2d1c
dataset/helopeltis/image_0_2196.jpg,4,helopeltis,256,256,5328,True,False,False,False,,25344f0230882e71636307206eaee65b6d98deae193b4b85630f103ec7b3f4b3,eac894356acae58d
dataset/gray_blight/20211227_165017.jpg,2,gray_blight,256,256,5692,True,False,False,False,,0f804a0bf39fef724345f1a0e74d0e78ffc63fc5a0cc1cb26e329502f3c67b3f,ef85d07a3f85604a
dataset/algal_spot/20211227_153330.jpg,0,algal_spot,256,256,5831,True,False,False,False,,ff026b0137e45698c1370b10d12977059726263f5c1de4a25fec1d21dbbad453,afd4c02f1ee12d86
dataset/brown_blight/image_0_2013.jpg,1,brown_blight,256,256,5593,True,False,False,False,,8396e6b23656f1940169eab15fd33d0e351f66ad011328ada6fb081dbf24a015,a9c3963c69c33d98
dataset/gray_blight/image_0_1180.jpg,2,gray_blight,256,256,7227,True,False,False,False,,0be06eb95c1ea678181bba57fa19c8b8bf739981bab6dbbde14b7a8c3ee70393,ebc88435b8b326e5
dataset/brown_blight/image_0_1523.jpg,1,brown_blight,256,256,6333,True,False,False,False,,f0437ab5c0453ebab556476b843e23648ae2c5b7d89d82fc3e2b4f84d0a1dd8f,aae2959d3a624367
dataset/gray_blight/image_0_2794.jpg,2,gray_blight,256,256,4303,True,False,False,False,,76010e807924898d375c75aad8e114d71f123f3a3b4b104a4c27d3dec3343cdb,ecc0973c68c287bd
dataset/brown_blight/image_0_2468.jpg,1,brown_blight,256,256,4674,True,False,False,False,,8c9fb850d5537a05e3d6a5c11356ec3771515e35bed0e0a94ac2c96c432b525c,afc0d03f6fc89425
dataset/red_spot/20211227_155834.jpg,5,red_spot,256,256,5255,True,False,False,False,,83c0cf16f3a0866d1f330ee8589ff50d25a4616dc85598c599ab953e44d15be7,eac0943f6ae0a58f
dataset/brown_blight/image_0_5338.jpg,1,brown_blight,256,256,5295,True,False,False,False,,274d385a00d77be155afef475ed0d6638cf77514e87245a8ebd108ac3e45a25d,e8949763319c5e99
dataset/helopeltis/image_0_3063.jpg,4,helopeltis,256,256,4532,True,False,False,False,,92d976219d1ed1a00f12718c184803c3cb5dfe140d8b35b3a2c375950d11b84e,f486993967cc38c3
dataset/red_spot/20211227_160437.jpg,5,red_spot,256,256,4721,True,False,False,False,,9f98627c2e3884a40db1bbc1f7ba5452d8aba3849ca9fa8229adb27626a57a0f,fac4853b7ec0a40f
dataset/algal_spot/image_0_4151.jpg,0,algal_spot,256,256,6362,True,False,False,False,,d0682756a64cc91d176c1892f0c9093e0467036ca85d6a9ed910439ec275b501,ad96cb61b42e3319
dataset/healthy/image_0_3539.jpg,3,healthy,256,256,6099,True,False,False,False,,3fd5f7e96d1cb29db401f078a803284e8faf29f99e486e9057f84da8462fde1c,bc9ac9e096679346
dataset/helopeltis/image_0_4010.jpg,4,helopeltis,256,256,5068,True,False,False,False,,51bd1256530823c5c9de2feea366983e1455ec90a406e0f8a89044dd65a60937,f89b85684a35b1da
dataset/algal_spot/image_0_2156.jpg,0,algal_spot,256,256,4849,True,False,False,False,,e7dc76db5a4020c9e999beb03b734922296cb8c484c6d1ed4dd57a80452a3c10,ad96cb61369f41d0
dataset/brown_blight/20211226_002512.jpg,1,brown_blight,256,256,4827,True,False,False,False,,6612dc09cd74a8eedfe091b3ece008cbc5a98a79d38bf364b94837b8acc89711,e99594e26a9d8572
dataset/helopeltis/20220101_102021.jpg,4,helopeltis,256,256,6053,True,False,False,False,,225921cf7b6657cf547feba3da5bf7148d69bce52c29eb9fde419ba36f2a85e0,eac0953d70706fca
dataset/red_spot/20211227_155707.jpg,5,red_spot,256,256,5275,True,False,False,False,,40475ae332483d8d4c53883ccbd786833f17d92e1478233636707c6b32ab6b67,aec0903f6bf0a58b
dataset/healthy/image_0_1070.jpg,3,healthy,256,256,5756,True,False,False,False,,0797f8ef58d4f216122de98c83325e335d2a773f379b197ea942a0e2a1969f9f,bf96c069173238cd
dataset/brown_blight/image_0_1093.jpg,1,brown_blight,256,256,7120,True,False,False,False,,286e5207745b3f22e9bf859eebd84aab8334540912acb52e76b92470af4f2e61,ef68d0943df87062
dataset/brown_blight/image_0_8230.jpg,1,brown_blight,256,256,5439,True,False,False,False,,e490b923a1a1ff14ca01b5bf1740f5f575447bc0ca72264ce8ed94a7dedd69a7,a9c3963461cf1ee4
dataset/healthy/20220101_094457.jpg,3,healthy,256,256,5522,True,False,False,False,,29063f7c1bdaae8f3153b7a00954c9cbe5b37fd4e7da4fcd2c6508c4f37a67c0,ea2f95915b5e2468
dataset/gray_blight/image_0_2301.jpg,2,gray_blight,256,256,5672,True,False,False,False,,8b54fcb417ab933492bca698b8da2014dda344dffd33122af839c3a4b74d5785,bfe1c01f34786346
dataset/red_spot/20211228_123014.jpg,5,red_spot,256,256,5278,True,False,False,False,,6f4c7a6b1696e7719e0df114ab93575463950de37fb8597cecbeb5448546d17f,fb3ec4c14b0f3461
dataset/algal_spot/image_0_462.jpg,0,algal_spot,256,256,5643,True,False,False,False,,840d1d4d4850ae84b538b59a53265282a35a50a0591ee14b8d01606c4f57f075,afc1d40e4bfd25c0
dataset/healthy/20220101_090836.jpg,3,healthy,256,256,4489,True,False,False,False,,e15047635e764f412add4c125b0e4d52cc57fca63231b679664fb5619a4fb8c3,efc1d03a2be1e48a
dataset/brown_blight/image_0_90.jpg,1,brown_blight,256,256,6021,True,False,False,False,,263d2857c62262194c436fee237b5a418c175d8cf79b197200b1eb55d0e8da6a,eac0953c62c39cbd
dataset/red_spot/image_0_3185.jpg,5,red_spot,256,256,4969,True,False,False,False,,77253013b1e9d6577c9935b2619ddde770f096a97de073674238173a43806a80,eac1953e6ae0258f
dataset/brown_blight/image_0_4192.jpg,1,brown_blight,256,256,5394,True,False,False,False,,98a0f7f884ad5a0aff0437f4c25578bb36ddebfb837d9896a89aef5775781430,bac0853f6ac2972d
dataset/algal_spot/image_0_3479.jpg,0,algal_spot,256,256,5136,True,False,False,False,,7e007436187ee4bbbbcb2b05bf7fbc8080d3ff7a8ab0497ba178473ab34089a2,e9bc96c3693c1662
dataset/brown_blight/20211225_234211.jpg,1,brown_blight,256,256,5601,True,False,False,False,,ab9f10559c76d1e22a35d79f0991310d107716f5a7997ed18198d935c055d415,aa9d85627b9dc44a
dataset/healthy/image_0_711.jpg,3,healthy,256,256,4074,True,False,False,False,,1586227625bdab65c28b06bc39328e0299f719764683d59bcb1f59c38d0133ab,bc96c2613c9ec3e1
dataset/brown_blight/image_0_5161.jpg,1,brown_blight,256,256,6569,True,False,False,False,,83b2c7be3c92579f5abd3aef28b9835c2358366f30ca1e33a21a3000bc07c2fd,f7c2803c7ae0a51f
dataset/healthy/20220101_095144.jpg,3,healthy,256,256,4553,True,False,False,False,,73913f7bf947a246ffaf0a177ae3cecfee80c9337cd5dcf8312b6321510166be,a799996c8d269936
dataset/healthy/20220101_113728.jpg,3,healthy,256,256,5898,True,False,False,False,,c5adb4bb3b1c770a29b30c8123a180385f640c214d310d39ce61700ed9c528a5,fa9781683f277098
dataset/brown_blight/image_0_6366.jpg,1,brown_blight,256,256,5606,True,False,False,False,,db8826760302be6b3b0da4bbd99896ccc10a45b512371cf0210665123e8b3101,fd93c03c3fc2e08c
dataset/helopeltis/image_0_4012.jpg,4,helopeltis,256,256,5396,True,False,False,False,,6333779b3bb799a33401e1845767745e9d21d5e52c49c186d5c2507b253d5ba4,aa37d1c8291756f2
dataset/gray_blight/image_0_3563.jpg,2,gray_blight,256,256,6376,True,False,False,False,,763a4a7072b68eaae9782a0ee310adbff0d0af5ad116cd8c1f38dc1622d3ef67,bac0953f6872278d
dataset/red_spot/20211227_160506.jpg,5,red_spot,256,256,5350,True,False,False,False,,083a642e6de1a141001bc53f5c16cf893752a6042bdd5aeff881989681176b99,eec2953d4a668f90
dataset/healthy/20220101_085815.jpg,3,healthy,256,256,4575,True,False,False,False,,d089d085b2d33c69641fc29309b0dbf50d45821a549c770c7e755b3d43cd2d19,fe90c06e3bf04a0f
dataset/gray_blight/image_0_1901.jpg,2,gray_blight,256,256,6624,True,False,False,False,,90a4606104bf7ce47e3bba040053af20cff51db39393b7843f7c4396f4bb4099,f6c1953ac1274af8
dataset/brown_blight/image_0_4678.jpg,1,brown_blight,256,256,5774,True,False,False,False,,bb644829ffa71a2ae085859961989e62a942adf0e247f348ee2de65f0714201a,fe84c16a2a95f4ca
dataset/helopeltis/image_0_737.jpg,4,helopeltis,256,256,5987,True,False,False,False,,671534f6af38fda7b375291ad3dd143a45e16faed6bc318bdbda708fe4646043,ef63809c1c91fc69
dataset/gray_blight/image_0_1750.jpg,2,gray_blight,256,256,5243,True,False,False,False,,23c9de253cbe30326d4d3a8f6644224a0d0efd7bb565542629f427dc3b00f398,fe91916a3f85c05a
dataset/algal_spot/20211226_101615.jpg,0,algal_spot,256,256,4692,True,False,False,False,,accb8231ea3638ccd28a9cd1d92f966b6e8f9fa844ed0761267d95aafc141755,fa81953e6a81a55e
dataset/red_spot/image_0_879.jpg,5,red_spot,256,256,4792,True,False,False,False,,feaaaf53f7d7c6b1a680397088c0bb097bc469d54d58e0f6b2d8ef463b4c26aa,eabc95c06a3fa550
dataset/helopeltis/20220101_091601.jpg,4,helopeltis,256,256,5157,True,False,False,False,,93f77ea2e8e71e598ddbf9205f67e38f01e27da91ac3a5cd97224a4fa7ce56b6,fd8ad02d0bc2f40f
dataset/helopeltis/20211205_160818.jpg,4,helopeltis,256,256,4774,True,False,False,False,,daa52b2dbd5cfa33795c94b63d5aa165364640e0a4a05691d090fe42e1b47cfa,e08f9f7868879478
dataset/algal_spot/20211227_133445.jpg,0,algal_spot,256,256,5029,True,False,False,False,,d5f30ea0255b7c4268b7835611ad83e3e2f8fc73ffa6086f5146d0a7616e2b98,fe80817e6ae0171f
dataset/gray_blight/image_0_1636.jpg,2,gray_blight,256,256,5390,True,False,False,False,,ad369f9716ad9f89652251f90a9104b58a845fd7a0fcda7b0077c09e45e8119c,eac0953a5ae18f96
dataset/gray_blight/image_0_4096.jpg,2,gray_blight,256,256,5841,True,False,False,False,,dde6e412aaff0db9c2ec212754b2f6ed11167dc92322f45be446026a26183b06,be95c06b97729849
dataset/algal_spot/image_0_2777.jpg,0,algal_spot,256,256,5886,True,False,False,False,,fb1a61ab5a64dcf43824e3649a4470ba41e4f2ac877e87c4afc29e293db18991,bd96c3619673194c
dataset/gray_blight/20211228_140512.jpg,2,gray_blight,256,256,4880,True,False,False,False,,c31d17380df9bbfe2c34149d23d21aed52df220bf5f80295eddb84c55c44c170,be82c16e2fb4b04b
dataset/healthy/image_0_628.jpg,3,healthy,256,256,6016,True,False,False,False,,e3381ec8d3b4c0b7952f9d513bb68326ba2a909f8dd7897a6d7d55bd4a2eea11,ff9780605f2b3095
dataset/gray_blight/20211228_131006.jpg,2,gray_blight,256,256,5187,True,False,False,False,,e1335503a623b6f88cc0ec8dec5c73f3b04cacecb0843dcd3b9e1598a6d49082,ff92c0242fd2f08d
dataset/helopeltis/image_0_146.jpg,4,helopeltis,256,256,4373,True,False,False,False,,5909b1da8f49c100a06625940bc361d441dcbe32717eb4b57734ac4189a6df62,f5309acd64309acf
dataset/red_spot/20211228_125339.jpg,5,red_spot,256,256,5099,True,False,False,False,,46a821b99381402a39ea079978b6d04c0ace84af167e0da83d6a305bb24896a1,ea90953a7ae0e19e
dataset/healthy/20220101_095230.jpg,3,healthy,256,256,5100,True,False,False,False,,924f6f50da1b2ade892491f7acf9325b64f5d834b72f6349e984be1fcea8df2a,ab99c0e02b9fa4f8
dataset/healthy/image_0_3449.jpg,3,healthy,256,256,5339,True,False,False,False,,d95e4dd187575409c4dd38619fa1d059e05f75c059dd9587df58b40140f32c3d,fae885977a50a1aa
dataset/helopeltis/image_0_3462.jpg,4,helopeltis,256,256,5274,True,False,False,False,,741efff8fdaaca17a91e004a0f202a0efc16182161b0b22bff5097369452cf35,ba95c0e83f3730d8
dataset/brown_blight/image_0_973.jpg,1,brown_blight,256,256,5427,True,False,False,False,,aa4a1c1bd4c662c966ff46ce66994484beba52120c25086f6b7a5595aff36855,b89cc763b09c6e32
dataset/healthy/image_0_3354.jpg,3,healthy,256,256,5318,True,False,False,False,,1099e94705b255637151cb106a89151156ee287964d061f6d0edf60c48147659,fac0953d605f4c99
dataset/algal_spot/image_0_891.jpg,0,algal_spot,256,256,6018,True,False,False,False,,d1fc6259be87871227189e6fbda56227c74c7ce742920d3482227483b4314b9e,ee9f81603a2f7194
dataset/red_spot/20211227_155617.jpg,5,red_spot,256,256,5227,True,False,False,False,,5f568c0fe488df84be5ef4fa27e7176fb427aa86848255ed9e902c8e7d106ee2,fbe085953e5a7025
dataset/brown_blight/image_0_4337.jpg,1,brown_blight,256,256,4827,True,False,False,False,,2967342b3455b63c8cb7042611c6d21ec2e9b13fd163ab171c259945db447546,f0cf8f30634f58b0
dataset/gray_blight/image_0_183.jpg,2,gray_blight,256,256,5610,True,False,False,False,,0c3b8f9111a7e6df8942ebc8e7f9bc40bb1443f79f65ef82c2e1652b01c65e72,e8c2973ce1933647
dataset/red_spot/image_0_2242.jpg,5,red_spot,256,256,4979,True,False,False,False,,94fc26dfa4572466b392db083ef3c773bcdc350fc12dfbff20fe822377bf0456,ea8e953952476ccc
dataset/red_spot/image_0_602.jpg,5,red_spot,256,256,6070,True,False,False,False,,808ce3c65f1a0a24a578baf86b7002fdcd10d3d73af69144f611042f9266d4de,ab0a94256fda70b9
dataset/healthy/image_0_2934.jpg,3,healthy,256,256,4741,True,False,False,False,,1250cc7372258681d2fb33797bdd47ac1788b2de04ff926407dcec20b8a6dc51,bf19c0e02f97b078
dataset/red_spot/image_0_2516.jpg,5,red_spot,256,256,5924,True,False,False,False,,6eb39a526d294c3e54a902cfcedee9a25e10373e043707d5094ae887c22a4632,eab496cb498d6c32
dataset/gray_blight/20211228_153646.jpg,2,gray_blight,256,256,6042,True,False,False,False,,afee05ad230352f3090a10431f65ebb6b8c3215e7ba6604de82d51e6f33121fd,eec4913b4af42d83
dataset/red_spot/image_0_2847.jpg,5,red_spot,256,256,5947,True,False,False,False,,abcbb5c139a41e29cc8a8b00a431876a74e4619be9bec19c3d6f29b07bd5c133,a83d9663699c263b
dataset/healthy/20220101_092621.jpg,3,healthy,256,256,6973,True,False,False,False,,2c0d7387fe1f0a7dc0d865a67490fcef850c3a0b10d4367d19e49a0fc3c26200,ef90807f38e09787
dataset/gray_blight/20211227_153649.jpg,2,gray_blight,256,256,5051,True,False,False,False,,bcf7cd1dea75c4abfa6a5c580d6621711325e354e54a275c2584833ef02b6d62,bfbcd0c32f0a3434
dataset/red_spot/20211227_155955.jpg,5,red_spot,256,256,4556,True,False,False,False,,be4e4bfcb5861e47a963331700fe5302e2f1cd42ee4bd25615b38911296ba13d,aa87957a6e85945a
dataset/gray_blight/image_0_1541.jpg,2,gray_blight,256,256,4742,True,False,False,False,,ab938c7543d8994c66b68d6b1ae264a0e9a37dba6ddfbf80a1d28f59065a3d56,ba9cc5e26a0fa1d8
dataset/algal_spot/image_0_3863.jpg,0,algal_spot,256,256,6264,True,False,False,False,,9ecb0a814e56b369a84b8cdc73f42b4f1a1bad9505d48985fe5325a02325e766,bf7f80c04a4f2734
dataset/gray_blight/20220101_115020.jpg,2,gray_blight,256,256,5852,True,False,False,False,,18cc69aa7a94b7d6e0a845eb35720db9d131889689b1eed3f5f97dcfb13ff621,bf92c06d17927895
dataset/red_spot/image_0_3166.jpg,5,red_spot,256,256,5432,True,False,False,False,,b5b1ad5c39e42dc815c1e619c2e4855d5ae54213c6e2a998bac22a0edf6a7d3b,bb3f94c06aaf2512
dataset/helopeltis/image_0_510.jpg,4,helopeltis,256,256,4610,True,False,False,False,,7c5c98407080375d8227388628bc0f364fe27bc5e142cd6c5ace82901d03b0cc,e192cf69349ec394
dataset/helopeltis/image_0_3565.jpg,4,helopeltis,256,256,4411,True,False,False,False,,488f9fda612b50a14280841163888451a2c26ffdef1671c1bf7f777bc7107623,e67399cc39996609
dataset/algal_spot/image_0_3855.jpg,0,algal_spot,256,256,4806,True,False,False,False,,981cbf7890430c6675dabc149ff6df2cdf1bff3ec3037e1ded65b9f12f7f9a96,ffe880953f4ae0a1
dataset/red_spot/20211228_114715.jpg,5,red_spot,256,256,4908,True,False,False,False,,d82a4459c0b12ad05eb736c4cbf367d3dc64b41db4ea65ad2bf32bb823f09547,e78e9a39c9672486
dataset/red_spot/image_0_1491.jpg,5,red_spot,256,256,5396,True,False,False,False,,f534f4937a20c0eae6d9bbb1d37c6b14d46a5df74994f42ee8f29e664c03bba3,a096cf6b34964bc9
dataset/helopeltis/20220101_104224.jpg,4,helopeltis,256,256,4077,True,False,False,False,,ef663245b90ae6c565c3662e10e741930d1885c1856352711d000067ed6366a5,ec99926dc964d992
dataset/algal_spot/image_0_1251.jpg,0,algal_spot,256,256,4998,True,False,False,False,,721fffb6100679b28bfed7f282a92550b7a657b87109ee7e07ebe066b9f47862,bac0853f6ae0b50f
dataset/brown_blight/image_0_9885.jpg,1,brown_blight,256,256,5335,True,False,False,False,,03f38bf00e3aa717838b05a4cc6a513279d9f11d272be074c1c99933f78777fb,af6ed0953b4a6464
dataset/gray_blight/image_0_1058.jpg,2,gray_blight,256,256,4856,True,False,False,False,,33a4418e23e361af475d8b39662ab9f4a6ca93c8123af4619b0a0e9fe37aabd3,b8cb963c69c3269c
dataset/gray_blight/image_0_1186.jpg,2,gray_blight,256,256,5241,True,False,False,False,,2d6ed1aadf356c2910d509572b51ef833a762879f9e930feb35240d2ecb7c11b,eb94946b6ab5e08a
dataset/gray_blight/image_0_3676.jpg,2,gray_blight,256,256,5902,True,False,False,False,,7775aca1a3d0134c3ff6049f701339ad622677d87585d9e11ee1feca8bfa2cad,ba3fc4c06b0f3570
dataset/algal_spot/image_0_2157.jpg,0,algal_spot,256,256,5591,True,False,False,False,,6cf39f91a0fe78091131c8b9aefbaabccc798216a87032f6d3c04e117cd33e8b,be97c1486db73218
dataset/gray_blight/20211228_152913.jpg,2,gray_blight,256,256,5271,True,False,False,False,,ca64ca9f896d2d5479d7dba94fee8ab65a02358decc45d6b0e01226f53e35a8d,faa4854b3ae4e187
dataset/healthy/image_0_3716.jpg,3,healthy,256,256,5276,True,False,False,False,,26a0f4a341f12ba1a5a38a4706cfccae285ae458177cfecd823fd97565084037,e6339e169964996c
dataset/red_spot/20211227_160720.jpg,5,red_spot,256,256,4838,True,False,False,False,,6f1ca1541013f9234f31db489992d687946bcfa39861afd46e1a832eca17c674,ee84813b3fe0a09f
dataset/brown_blight/20211226_000858.jpg,1,brown_blight,256,256,5413,True,False,False,False,,bbe3cddfa15a30e077b4f8014e0e674a8c2ec455cd2099b0ae705952502fdb90,aa91c56e3ab1e18e
dataset/red_spot/image_0_1206.jpg,5,red_spot,256,256,6175,True,False,False,False,,d7ec363bccde370b2cbb791ed87e5d825261b1504bd7516bcc16f6be798ac0da,eac5971ad06987b4
dataset/healthy/image_0_2213.jpg,3,healthy,256,256,4785,True,False,False,False,,b429da9be546c3194c4f2ff04560ee0aaf44f7859ef342e6e5c29612ea077e79,e99e96693897c318
dataset/brown_blight/image_0_9792.jpg,1,brown_blight,256,256,4315,True,False,False,False,,41e4b66c7ca275188574b7413b655cbe6987a238e32b36d083c5aacceef5caa5,ea3495cb6a349cca
dataset/algal_spot/image_0_1022.jpg,0,algal_spot,256,256,6193,True,False,False,False,,adba2b00d00bfeba7be41914f1af960bfdad3f51365ea21c58249ae6a649ec3d,e8ca97346943669d
dataset/algal_spot/20211227_132321.jpg,0,algal_spot,256,256,5126,True,False,False,False,,72541daf97a9459b294b63f2b626876de9184cdce36fe611421c8c12f1d37b46,bb84c56b3a34e193
dataset/brown_blight/image_0_4973.jpg,1,brown_blight,256,256,4862,True,False,False,False,,00bf1bffe67001415e3d0a09112d89227111c94ad31a04c2fd040022ffe69663,bc98cf6532992c9c
dataset/red_spot/image_0_1113.jpg,5,red_spot,256,256,5702,True,False,False,False,,c8bc56383a81aab0a51110e17201725d3cd17559fe86e9540823becafe76e740,eec0942f7af0859a
dataset/red_spot/20211227_160818.jpg,5,red_spot,256,256,5218,True,False,False,False,,2a0050d0534ee36528a842bb2b23a90a628059742fa0f2b6972a95c32c5ad064,eac295953a5ae12d
dataset/brown_blight/image_0_8211.jpg,1,brown_blight,256,256,4792,True,False,False,False,,aec672c511e3812e3ec5502b8ddb905249df947b7440615dc85b5a8aeba5c495,e5c79a3061cb36e4
dataset/algal_spot/image_0_1977.jpg,0,algal_spot,256,256,5023,True,False,False,False,,36d959e9ad5e13fde97706471fbeb27d157164f020d9d431dedd60b235654f18,a87897c76a1e2565
dataset/brown_blight/image_0_9679.jpg,1,brown_blight,256,256,6268,True,False,False,False,,d84419f3c4983fcb0f0177565a03923fcbe48058e4dc648c43e67eb3422f7f47,ef9890626ab5a5d8
dataset/helopeltis/image_0_1490.jpg,4,helopeltis,256,256,6727,True,False,False,False,,32ad01263a08e7aa3163897decfdfa4b4ab81239acbb8d77d1b8af98a1c5911f,bf97c0699762104f
dataset/gray_blight/20211228_135125.jpg,2,gray_blight,256,256,5048,True,False,False,False,,0452414f66285215dd8429750713142b08771e9efb0f68dc3ddb915dc7b00b36,ba82c13d7ad0b48f
dataset/helopeltis/image_0_1188.jpg,4,helopeltis,256,256,5972,True,False,False,False,,72f6aec8245ce5acc1ba78458b3f8b17ea414d9ec24cde2f6a0b400d516d3872,afd0942f5bb608d1
dataset/algal_spot/20211227_104216.jpg,0,algal_spot,256,256,6017,True,False,False,False,,bcca67e848f8cd70042baed0e59457c1935efc6cbc6b4d5c7b516bb81566810d,ff80c02f6fb435c0
dataset/helopeltis/image_0_1286.jpg,4,helopeltis,256,256,5786,True,False,False,False,,c20353fd72ff6dda625b64bf8de569a254183e26ddb3c7c1183d6c3065662547,af95d0682f9758c8
dataset/algal_spot/image_0_3611.jpg,0,algal_spot,256,256,5131,True,False,False,False,,45ef512fe2d39e79d213ee7db6837fbcb0fd81e695554dd3a2e7789d98b0272c,bcd2c26d3c92c34d
dataset/healthy/image_0_3228.jpg,3,healthy,256,256,5065,True,False,False,False,,58bd6e8fb41acd38658f07f89de5d9d731d9622c7688650c87ad77c8ba55d651,bf95c0683f97c248
dataset/algal_spot/20211227_152324.jpg,0,algal_spot,256,256,4798,True,False,False,False,,9185727c8c59234cc63ce0dcf6ec744b504630c798cb7e94d92f12a72c1eb789,ffc0c03fe892614d
dataset/red_spot/20211228_122703.jpg,5,red_spot,256,256,4825,True,False,False,False,,b9d8822af6292a11b1c0705dc32d876af5705d586d91a26ef743f4cbed066aab,ffaac0812f0ef0b4
dataset/healthy/image_0_1914.jpg,3,healthy,256,256,4969,True,False,False,False,,6174b34107e431bbb2fb002730b8a6242c3813c35ccb72e7b53ebc9e8f4efc1e,e1309acec7c94cb6
dataset/gray_blight/image_0_520.jpg,2,gray_blight,256,256,6301,True,False,False,False,,01e2668759a11b8be2c77ef71b64051278f82d86d2cf12e466a768c3c9e8011a,bf96c06817b07b85
dataset/algal_spot/image_0_2925.jpg,0,algal_spot,256,256,5671,True,False,False,False,,65dc7f4536f4ec07382cbac6a3af4780a05e45857dcc11deb93fa92bb2b3169d,bde1d0170b7a74c1
dataset/gray_blight/image_0_4248.jpg,2,gray_blight,256,256,5416,True,False,False,False,,d29196f79c2be04912861209c0e9cab25410150076aac5316d18267ae6cc2c82,eb62d4942fda7061
dataset/gray_blight/image_0_3530.jpg,2,gray_blight,256,256,6433,True,False,False,False,,1a2e557629812de3f3833a56b9313f1c3ee599e8c0bde4a724adf66f1e65dc91,bad794ca3a8570d2
dataset/gray_blight/20211228_153016.jpg,2,gray_blight,256,256,3625,True,False,False,False,,2d5a2207bd4772b2b3accf7a4337d02b3f1291a00059d0e921ec8e914875e045,f4b0cbc63438c3c7
dataset/healthy/image_0_746.jpg,3,healthy,256,256,4532,True,False,False,False,,8696ad04578ceed349928bfbbb5242ac0d9cfb490f55c72eaccedd97bef2deab,b099cf26383399ce
dataset/helopeltis/image_0_340.jpg,4,helopeltis,256,256,5652,True,False,False,False,,7c48d09d80882f5ace4561fc0031120ff569fbecea7687dd66d60d94695df097,b4c7c99ecc719891
dataset/gray_blight/image_0_3722.jpg,2,gray_blight,256,256,5301,True,False,False,False,,368e7b810708ab5eaf4b3315e36b74cf7ae173ce3f25f158e513f65775ec3220,af96c0693f1249cd
dataset/brown_blight/image_0_285.jpg,1,brown_blight,256,256,7218,True,False,False,False,,2644412a0cc0d890b40182a057498f4270f08fb51e042dba423c8a841585013f,ea95846a3fad7091
dataset/healthy/image_0_928.jpg,3,healthy,256,256,5006,True,False,False,False,,07c0c48cd5b1d641730dae3fdf6c6783a68aceb2aa094a5a6149029595cf4dd9,aac0953f6ac2a78d
dataset/red_spot/image_0_1439.jpg,5,red_spot,256,256,5121,True,False,False,False,,78397199bb62217f7c3d16e573c72dc74b6fa3cc85c2f8303ef11fdb05c6d49e,aa94d56a0ab5f4d2
dataset/healthy/20220101_090457.jpg,3,healthy,256,256,5046,True,False,False,False,,1702e6862619bac1385f30bc2cec208e9af81353d9ce71e892e206b64f5bf7e7,ffa2d0952b5ab421
dataset/red_spot/image_0_529.jpg,5,red_spot,256,256,4406,True,False,False,False,,d4ac694aef66ddc4aefc0739868248c332c11bf8e969b7cc61cad6e745e7c169,bc83c33c6dc3920f
dataset/red_spot/image_0_1833.jpg,5,red_spot,256,256,5170,True,False,False,False,,216ae74d3871a8c18af0f602c2a82590520633ee123c116dea32c2a37b8a2c8c,fac2953d2a62618f
dataset/helopeltis/20220101_094229.jpg,4,helopeltis,256,256,5288,True,False,False,False,,dae3e3634b41a10eea3109d505b78e6d1230a03d8300f121e20f52798f7262f9,e9b4c2c935b63239
dataset/red_spot/image_0_69.jpg,5,red_spot,256,256,5153,True,False,False,False,,0d105e7778927b186b2f21e63bbeaac7740768c186871fb927b48a3371a66ac3,a1ca9e3469cb963c
dataset/brown_blight/image_0_3113.jpg,1,brown_blight,256,256,6132,True,False,False,False,,2ced4138b451bfc7b9b8f8f82ff89c48c9c8983187650ce92168a5afc71f130e,b21f85687a97a5c8
dataset/helopeltis/image_0_945.jpg,4,helopeltis,256,256,5765,True,False,False,False,,268c767dde5cafa9e23110b5316dd6f4a86030578ba8bd2751794b0d6d3ed4f6,abc1943e6af025cd
dataset/gray_blight/20211228_132511.jpg,2,gray_blight,256,256,4992,True,False,False,False,,8919833fcfb02f99185290c9dda4b2271d3823c278f788278bf4a71c1ac6b92a,edd094283be5e09e
dataset/algal_spot/image_0_1557.jpg,0,algal_spot,256,256,5894,True,False,False,False,,c1a8189c5cfd60082d73a56f3a9ef941e8ef27d21ad8c2f4dbdf602384edc396,af94d06b0fb434ca
dataset/algal_spot/image_0_1102.jpg,0,algal_spot,256,256,5524,True,False,False,False,,4ab1ded373f1af310c0d20bdf6d3b4c95c7d031e88f7e96ea860f8e38a4344c6,af69c09634fd3922
dataset/algal_spot/image_0_942.jpg,0,algal_spot,256,256,5492,True,False,False,False,,c144952ed7fd402d85e077299e8dd55ad7937fb96a7d8fe6ac2702c47d9d7f9e,ab97c0683d175acc
dataset/helopeltis/image_0_1256.jpg,4,helopeltis,256,256,4362,True,False,False,False,,f4fad54bc142337674f93d8fbf6a16a9b2e41aca48f9595f62c18d944cd4e131,e5cc9b336c4d238c
dataset/red_spot/image_0_2767.jpg,5,red_spot,256,256,5686,True,False,False,False,,40a51f93f9505a2e3fef9fdfb7174a047ef562e407c84a3c0bc65d5b7a81551f,a8b097c3c9cd669c
dataset/helopeltis/image_0_4118.jpg,4,helopeltis,256,256,4711,True,False,False,False,,1081c31deb0890ffa083a461bcb3d1f2e7813df1540409ac4bd11c50be5ffde3,e54c98b3963336cc
dataset/algal_spot/20211227_125858.jpg,0,algal_spot,256,256,4206,True,False,False,False,,36eb6ff8056cb5bb0adb8fdfb3499ed3b51189c386092e211dffc5ed3ae80ecf,f98792386fc2903d
dataset/helopeltis/image_0_1147.jpg,4,helopeltis,256,256,5469,True,False,False,False,,e3a3c1ef11f3e7f7081f14fe6f4fa76c8790a70e3f7dbe8778fd44fd49fbbbbd,e8c386bc694376e4
dataset/helopeltis/20220101_091621.jpg,4,helopeltis,256,256,4765,True,False,False,False,,485f949b8dddc6a9bda904cb651fd106e6df4b2fcaf23735d1f3be7b21a2c989,fd90c06d3f92e04d
dataset/helopeltis/image_0_3485.jpg,4,helopeltis,256,256,6163,True,False,False,False,,4a454ba1ea8d6b7e3e6d3c94bdc09ed12d1a655783f2ba788ab97be369e8035e,ad9ec2e9c463903b
dataset/algal_spot/image_0_1013.jpg,0,algal_spot,256,256,5116,True,False,False,False,,a61ddc1b1fa7a90f2b4b891079e4d7e1478cd869682ad5d5ee059c15312ea86f,eac0953f7ac00f8e
dataset/gray_blight/20211228_154041.jpg,2,gray_blight,256,256,5077,True,False,False,False,,306a2a05d4b2f3bcc99b0f75a02590b69355da24952326bfa0e18a75357a4c9e,f489cb3639e0618f
dataset/helopeltis/image_0_1334.jpg,4,helopeltis,256,256,5439,True,False,False,False,,945059ac165efd71d16c234fb75de43866e1f92181d6b6709f95264cfa334df0,aac89734e17366c9
dataset/red_spot/image_0_3102.jpg,5,red_spot,256,256,5024,True,False,False,False,,c14a550fb6faf8414529709be15f9148c4f59960bce89bfcfc1df62fd92407f4,afd0812f5bf42d82
dataset/healthy/20220101_101617.jpg,3,healthy,256,256,4832,True,False,False,False,,45f551a44f325b5475c30216ebdffc26f084737f0b765834d08cc17f0a175151,bfc0803e6be0b48f
dataset/helopeltis/image_0_896.jpg,4,helopeltis,256,256,5415,True,False,False,False,,6c4671272188ee22291f158c511d4f6c627ee0e16a5035a81d78775efea19798,aac0d03f6af0b58b
dataset/gray_blight/image_0_811.jpg,2,gray_blight,256,256,5126,True,False,False,False,,390004427fd95ea58c4a7de6a4c829a27946812c091b1ac310e40f31d59405bd,ea95856a3c65709e
dataset/gray_blight/image_0_2633.jpg,2,gray_blight,256,256,5454,True,False,False,False,,b8fafd0af7d587fa0d47aeb28895f91bccfdc8b8b1766dbb2d2c3fe62ff6c31a,ea4295b53cf0624f
dataset/algal_spot/image_0_1612.jpg,0,algal_spot,256,256,5522,True,False,False,False,,cce32b25318a798cf4990d13f90d0c5617509cad239c1b358b799a59772af7ef,bf95c0683d17528d
dataset/gray_blight/image_0_806.jpg,2,gray_blight,256,256,5613,True,False,False,False,,4d92d42435bcb1cfee6b8b649769a4cfd9d365b6f786b7012775c65f865bac0a,fe80817a1ee0b89f
dataset/healthy/image_0_979.jpg,3,healthy,256,256,5336,True,False,False,False,,32c4d50002ad301122fa02a017991141c87db1769f250ab91e5bec3582022e3d,e992cf61b4663239
dataset/brown_blight/image_0_9287.jpg,1,brown_blight,256,256,4295,True,False,False,False,,90a0aec5a04235a57d73973648273cd6a82c765a8eaa10d1589933e657463129,b49acf653898e5c2
dataset/algal_spot/20211227_104405.jpg,0,algal_spot,256,256,4476,True,False,False,False,,36e03d30c83146388429b06143e33fe5496d581d6ac062e330d203a242e015d7,fb80847e7b80855f
dataset/healthy/image_0_2584.jpg,3,healthy,256,256,4422,True,False,False,False,,8f410ea018932560380bed86dcd08d4a5d7c4237ca9a4f7079d0cc6eac4e2d9e,e8cb95b4694b863c
dataset/red_spot/image_0_3240.jpg,5,red_spot,256,256,5370,True,False,False,False,,d0a2b35e193a7d82867d41971f9f2c33d4ffbd81dafbb7c09630ae74e41b2f90,aab5d54a0a0d75b6
dataset/red_spot/image_0_3188.jpg,5,red_spot,256,256,5154,True,False,False,False,,98bbfc1bb9bda684290e608a58c5a3faf4ae7641ad91b6c53617b845caf65582,a19a9e6d319663c9
dataset/gray_blight/image_0_2112.jpg,2,gray_blight,256,256,4920,True,False,False,False,,d130364e7fa794e1bf69d9382283061cf22f7122db3a34ce410325e3068cd7ae,e0b09f4f353462b3
dataset/gray_blight/image_0_11.jpg,2,gray_blight,256,256,4332,True,False,False,False,,9658d33716d8b8067444cf4f5614b6fb543c6e8976034e41084c222953908374,f897c3683c87681d
dataset/helopeltis/image_0_4186.jpg,4,helopeltis,256,256,6142,True,False,False,False,,0574ffbaf23500094d0938e37e0dcf2b94bdf3b2a8de60fcb3d1b7b2cd4dda4e,fac4853a4ae0ac9f
dataset/healthy/image_0_3576.jpg,3,healthy,256,256,5580,True,False,False,False,,95186fc59dc94682306509726b49e3cf4f57492af8d388d89759f597c1007638,aec0d52e2af4b5c2
dataset/helopeltis/20220101_104140.jpg,4,helopeltis,256,256,5886,True,False,False,False,,97adaa7fe40161afbb0530e57bdad65009573b3256ab79f2bf9d49d4a7607be1,abc0943f0be16b87
dataset/algal_spot/20211226_103718.jpg,0,algal_spot,256,256,5316,True,False,False,False,,b368dc68aa842f58e75feb213bb97c4cd66a212b8649b0af0ec33ec0a7be892e,fa90856a7eb4e18a
dataset/red_spot/image_0_1664.jpg,5,red_spot,256,256,5442,True,False,False,False,,68bc2509730452e492225f449c36006b646488afaf9ee2aaf440fd52ddd41c08,bfe0c0972d7822e5
dataset/healthy/20220101_094344.jpg,3,healthy,256,256,4252,True,False,False,False,,7a4dc2e024f285179ff45162b4dd4cdd6b0d6c8a4f9ba23b034599679db2097c,bac1853e6ac1b51e
dataset/helopeltis/image_0_1482.jpg,4,helopeltis,256,256,4593,True,False,False,False,,1977cbb19f505a14a0b5a4f62061fce37f691cd6497445108879e0f099c6d79f,b4cd9b32e16326cc
dataset/healthy/20220101_095240.jpg,3,healthy,256,256,5266,True,False,False,False,,f28f899aa28bc4b0604bc286c0598f614ef32868a9b61623e7ff62fbbe296d3e,aac0853e7af0a58f
dataset/healthy/20220101_101455.jpg,3,healthy,256,256,4735,True,False,False,False,,9a566acb712b368f305024285a7c6ad005adf1d016b0eade998bfb89eedbb02b,bfe880953f4af025
dataset/algal_spot/20211227_101515.jpg,0,algal_spot,256,256,4478,True,False,False,False,,2d565f6c00bf90ecae618aba33624b45628c7b9467618cebf25c306d87ac6696,e8a1955c78e3a71c
dataset/brown_blight/image_0_4770.jpg,1,brown_blight,256,256,6158,True,False,False,False,,64b4f2014c5c9ac4eea8698af2aca7173f328a7248d5e85c701eb43613ce9c44,bae0c09f7a60859f
dataset/algal_spot/image_0_4117.jpg,0,algal_spot,256,256,6936,True,False,False,False,,9abf93d54d9ffb9a3bcb0c7739bd74176054f5a74001848769c1c9dc7dc0b74b,fec19f34e1236648
dataset/gray_blight/image_0_2254.jpg,2,gray_blight,256,256,5312,True,False,False,False,,ca04aa65e2a32cc3e17cd401ebe8a95742586e83248071ff1347f9aa637fcc66,fdc0c23e69c0968f
dataset/helopeltis/image_0_477.jpg,4,helopeltis,256,256,6123,True,False,False,False,,94bfa9c606700c63f427fab68eb8c271d89d432c052c4343b47bac165eca8a88,ead0952f4af0a58b
dataset/red_spot/20211227_161710.jpg,5,red_spot,256,256,5107,True,False,False,False,,b77c418e1df78d4bc61f4241461d65a7a3bda2cfed1ca453a47e84ee850e1028,ffaad0d02d2b42b4
dataset/red_spot/image_0_3190.jpg,5,red_spot,256,256,4639,True,False,False,False,,03a41b3e6d326b8d3874f0273f25a86277e0fdf1e87d1dc58ac941cbc2027d5b,a93c96c76b693494
dataset/gray_blight/image_0_3892.jpg,2,gray_blight,256,256,5957,True,False,False,False,,ed4c75344fea0a79627e7626291a3c65f4db9729d260ea0ccf0cd94fd3f16241,fec0912f6ab085cb
dataset/helopeltis/image_0_3107.jpg,4,helopeltis,256,256,6478,True,False,False,False,,aab540b0042a959b6999b2fb04b010d104501b076d0574cd2c0e5f0aec148a55,ad92c26d16339c4f
dataset/algal_spot/image_0_3352.jpg,0,algal_spot,256,256,5866,True,False,False,False,,daab3ceeb71f337cf6ea75448924a09d5b704bf848307c4e015002367e848671,e9c1963c38f3274c
dataset/algal_spot/image_0_2533.jpg,0,algal_spot,256,256,5969,True,False,False,False,,41691a0a9fb80cd5f09eeb67b37dfec144f0fad28247dc477dec015b1e21d6e9,e4cd9b3cd133a624
dataset/helopeltis/20220101_105114.jpg,4,helopeltis,256,256,4655,True,False,False,False,,2c8a8eb250736afd862d7e65b5d2c2032e3f1c54f39817661b05bcfcfd6be2ba,f88c97336c8e914b
dataset/brown_blight/image_0_8335.jpg,1,brown_blight,256,256,6315,True,False,False,False,,4d04fd1017c27a1da570a48c0da0d430bb066d8f587a6ea967378e93910ff2b3,e96396b4849a636d
dataset/red_spot/20211228_115614.jpg,5,red_spot,256,256,4802,True,False,False,False,,852d202468ffa939441cfc3f5f07298ed9e504118e917939ecbc69dc0d0c47bf,ef5094c77a38e521
dataset/healthy/image_0_520.jpg,3,healthy,256,256,4184,True,False,False,False,,fe349ccfd7f6cb31c6788a81efe6be7525c42c0802859bb2d4982d7965465bbc,b098cf67321d3d98
dataset/helopeltis/20220101_093605.jpg,4,helopeltis,256,256,5110,True,False,False,False,,8485a5fb039fb44a4835a2c2bc83f7dcc172221215e43751b5552054912b3fe5,e8eb87951a6261ad
dataset/algal_spot/20211227_103945.jpg,0,algal_spot,256,256,4280,True,False,False,False,,e55eb80aff0fc8cfc6f9d95a6460f02d763d00d896444e5acd6f8b2b6f24329a,e1a09fd87863879c
dataset/algal_spot/20211227_104322.jpg,0,algal_spot,256,256,4747,True,False,False,False,,7e2857e88c8c091bf6785be107fe335923b3f85f83586a05596f70119459020a,feb2814c7ea0e057
dataset/red_spot/20211228_125918.jpg,5,red_spot,256,256,4957,True,False,False,False,,bd2b31d60a7f5a14a61ed8aaf7183a0e1827fef5ea7fbd356b7456b986c55df2,fc90c36a2f90f0cb
dataset/algal_spot/image_0_1924.jpg,0,algal_spot,256,256,6316,True,False,False,False,,027970caadf2bd980576161cfa2c37152cf378154ff95566696ad6bb2b5e11ac,ee9581c27aaf61d0
dataset/helopeltis/image_0_886.jpg,4,helopeltis,256,256,5702,True,False,False,False,,f4ffe1f47cf3d062cb165da1f14f961a8861de1a4ebca2f7892f9e86ffc96dd5,e894c76b9c64323e
dataset/red_spot/image_0_3172.jpg,5,red_spot,256,256,5026,True,False,False,False,,a29c5adf0cc1556ee22721df78f47a23d139986be7806e29776a08317bd6047e,fa9f85607a87251a
dataset/red_spot/image_0_2800.jpg,5,red_spot,256,256,6019,True,False,False,False,,1b43b3cae5816a41c8fa388bcb8949ce2eaa0b7dd3035bb29b49bb5d97c1d11f,eac0953e5a614f96
dataset/gray_blight/20220101_121929.jpg,2,gray_blight,256,256,5483,True,False,False,False,,103e1ee0b622049b19c8a1306a8fa326f2fa71af6aea741c9194e2cf46fad9ac,ef90902f5ef10e4a
dataset/helopeltis/image_0_3307.jpg,4,helopeltis,256,256,5039,True,False,False,False,,7968079aeccba4b85edff5c455fdd65ca724422650950ec15ffb333b6451131c,a8b597ca683d25d2
dataset/red_spot/image_0_313.jpg,5,red_spot,256,256,4556,True,False,False,False,,347ce09d2f6cac274627b3af4c3df652544bbdd988e6ca32776db6087dcbb3f6,e1b09ece6934a653
dataset/algal_spot/image_0_1040.jpg,0,algal_spot,256,256,5796,True,False,False,False,,610e62658e1b6a34016409f777720ac4ebb9c6253520e1ce9377188b7800c571,bf95c0683d975298
dataset/gray_blight/image_0_2263.jpg,2,gray_blight,256,256,5605,True,False,False,False,,9e0102326130210aa2201dc3bbdacd90816a6f7180d30864d66420732d968e1a,bc96c16936966995
dataset/gray_blight/20220101_113436.jpg,2,gray_blight,256,256,5600,True,False,False,False,,e66fcb68d4886e4127c73d8b843a3586e6fa096bfaca19bf45ff042fe1e30476,ed84967a1b64618f
dataset/red_spot/image_0_1686.jpg,5,red_spot,256,256,3731,True,False,False,False,,38feee03101004b2a6afb72c66b935732482f5774cccd2bf38ca53b2c5a7d7f2,e18f9e3061cf9694
dataset/helopeltis/20220101_093849.jpg,4,helopeltis,256,256,4731,True,False,False,False,,564429075e9c6c5b0ea4feaba118c3e054b1949f62c8474a395a8fa50215b925,b39bccc6996432c9
dataset/algal_spot/20211227_113957.jpg,0,algal_spot,256,256,6765,True,False,False,False,,f4f134b16e24d7d90f4fcdef50bb6dba6fad509601baee686f292bd0102ae7d1,fe81815e7ea021d7
dataset/algal_spot/image_0_2142.jpg,0,algal_spot,256,256,6071,True,False,False,False,,907df9422f2692a91d8f4220da0c939e98a2d19d685ffb6235962fa84a0a5773,af9dc0e23f156298
dataset/red_spot/20220101_101904.jpg,5,red_spot,256,256,5298,True,False,False,False,,cea66bb59149e80f8b6476fa33169476fee1720acd19b906a2632dda37645985,b2b98bc5cdcc8c86
dataset/red_spot/image_0_1724.jpg,5,red_spot,256,256,5223,True,False,False,False,,d55fe815518933d2e038a3e72a7816e69ed656b0469d61c4726501e75f4d070e,a1ca9eb0674ed833
dataset/algal_spot/image_0_3228.jpg,0,algal_spot,256,256,6491,True,False,False,False,,fcda2d9257b123a29dd0a7513bcc9d320e385062af8f8affa377bdbf12f0764c,eac6953d1af0618b
dataset/healthy/image_0_2210.jpg,3,healthy,256,256,4642,True,False,False,False,,71a48efe4e092b72d10473a0d942dd1b3e6d52a773320c0dcdb4e25f0e09ac08,e1309ecf65b06a33
dataset/algal_spot/image_0_1301.jpg,0,algal_spot,256,256,5431,True,False,False,False,,6cc0b4499dc47104e20d657acddb3f79f925afd9bc85c93811499fbf7cf91c8d,e9cb9e30654f38c4
dataset/gray_blight/image_0_2950.jpg,2,gray_blight,256,256,4915,True,False,False,False,,3a8d8d1b68c8d7ce7a97504c7094cefd6bfca834f89ae8f6283c3b22f91551a7,ad92d26d3c90e19e
dataset/gray_blight/20211228_141032.jpg,2,gray_blight,256,256,5504,True,False,False,False,,c63caf9e96ff667e23bdaa7035637699c9c12e2a34896dbef76dbe5aed63e5e1,ae91906a2fa5f0da
dataset/red_spot/image_0_1885.jpg,5,red_spot,256,256,6443,True,False,False,False,,0b641b2ec8bdaf0a6337c6027f0f1975c665aef9d6a91c12916534caf6e14c4a,ae9781683f97605a
dataset/brown_blight/image_0_9057.jpg,1,brown_blight,256,256,4937,True,False,False,False,,44593128a38dca36753aac65548e7c8299441878d5bf85b57dd7bac02436cd3b,b0c5cb3266cd1979
dataset/gray_blight/image_0_2156.jpg,2,gray_blight,256,256,6746,True,False,False,False,,aaf1d4210d96ded103aaeb2b2b436aab2473b8fe44200f353980b7332506ed27,e1b09e4b996c96cc
dataset/red_spot/image_0_1074.jpg,5,red_spot,256,256,5131,True,False,False,False,,9dbb36f09e8465dc3cab78e5d312f506782c4fd5690873842fde4d7c11644d56,b81ec761309e6b99
dataset/algal_spot/image_0_3306.jpg,0,algal_spot,256,256,5668,True,False,False,False,,d12279e10181e25eb39319df8f19eba1cc49dab5c150651962e5fe65217f3782,a1e7ce968c999299
dataset/algal_spot/image_0_1325.jpg,0,algal_spot,256,256,5219,True,False,False,False,,d8a4577855214acfdfa5e8eb34dfc59cb9a97c1f460e7e19e6d6314561d775db,ea94956a1ea5f096
dataset/brown_blight/image_0_9304.jpg,1,brown_blight,256,256,5390,True,False,False,False,,5eaa7a1f687413791400c350268d2d3419081435e06d37f5903f3e22e05f4697,e760c89e3761ca96
dataset/brown_blight/image_0_5963.jpg,1,brown_blight,256,256,5520,True,False,False,False,,5867900399b1b9c44ff16787b72caf6f84e1efcd1866d90b2f37a85dce058009,e3a4965ac9b3c931
dataset/gray_blight/20211228_135315.jpg,2,gray_blight,256,256,5385,True,False,False,False,,d53add19f03fe2a58ce554a71e16ba3b512c88e52e74b37f9094677de5ca86b5,aa95856a1fe0d897
dataset/red_spot/20211228_115102.jpg,5,red_spot,256,256,4705,True,False,False,False,,28a766e5d16ff4ae88f045356cabcd6a8624a8c52c1db525262f1c212a60c62a,fd54903a3a85e51e
dataset/red_spot/image_0_925.jpg,5,red_spot,256,256,5669,True,False,False,False,,e9496bceed7b3eae3e20aa0aca02140efd14e6de0eda7398324d9d1d2a71a228,bae9c5951e5a7029
dataset/gray_blight/image_0_742.jpg,2,gray_blight,256,256,5909,True,False,False,False,,5a18a009889e6d4b78e8ef02cfb6f46c5585b43a892ea78ff00b816f4823a319,bdc1c22f4fb03493
dataset/algal_spot/20211227_114224.jpg,0,algal_spot,256,256,5659,True,False,False,False,,2ee579f11023c07fd740e63ace856330ece0d2b953e017bc3913052ed597ce78,fa84952b4ab48f9a
dataset/helopeltis/image_0_3110.jpg,4,helopeltis,256,256,4154,True,False,False,False,,2f104dfb66f2c59346d7865a9bb0fe2a05b7e5b49630b0266bda82a375441343,b3d8cc6664333399
dataset/healthy/20220101_095253.jpg,3,healthy,256,256,5000,True,False,False,False,,7e29c3732e1789d712af0071fea2d20e8908f4003ebd11038101b526e1743c98,af96c0691ec3c9e4
dataset/helopeltis/image_0_3662.jpg,4,helopeltis,256,256,4596,True,False,False,False,,651e344c103384d3c36eefa308dd19b73d14f5cd3fd23876c5a586af70a55c51,bde1c21e3de12b06
dataset/helopeltis/image_0_3241.jpg,4,helopeltis,256,256,5681,True,False,False,False,,3420401ddacba07c0af04539377cc441e58600cbbf3ee56d385378e0f4d69c13,aff4d00b3df020c7
dataset/healthy/image_0_2032.jpg,3,healthy,256,256,4574,True,False,False,False,,eabc4767debcb7c34ec58d49e2117604bb738cc3561798e86b961f387dc97c4e,ed6bc2963d496226
dataset/red_spot/20211227_162201.jpg,5,red_spot,256,256,5453,True,False,False,False,,81c1a8ab759ed28d05717b1bbeb898967b094feb1446c62f98feb6d4ebd3902c,ea95856a1ee1f087
dataset/algal_spot/image_0_1660.jpg,0,algal_spot,256,256,5529,True,False,False,False,,04e091e30f2341682864e26136ec4ceae4ae06fb0e33704f4e9c8bcfe3933727,ad1fd0e06f17107a
dataset/helopeltis/image_0_1084.jpg,4,helopeltis,256,256,5784,True,False,False,False,,71cee149f584368d000903af1572842812ed840a0b9237b3a910e0099cd1a638,adc9cb1e30b016de
dataset/healthy/20220101_094105.jpg,3,healthy,256,256,4758,True,False,False,False,,6e17e4a24fc238d60ebb371e306e9295bf74da5a7e283d05b9533a0984348cf6,bcc39a34614b3ed8
dataset/red_spot/20211225_223733.jpg,5,red_spot,256,256,4655,True,False,False,False,,9dc9f18662970ab1b7f5aa8d5d33c1bedb9506b7dc24393bb5c5f68400d1b6a6,b4cacb343cd2d22d
dataset/brown_blight/image_0_9083.jpg,1,brown_blight,256,256,5833,True,False,False,False,,0834ba6184942716106fccfc43dd23bcb7ebaa3b7d17d97095983fa8611ee373,f565ca1a32e52d64
dataset/healthy/image_0_3307.jpg,3,healthy,256,256,5355,True,False,False,False,,df96a0a4268f540022a1056d717d8f6a1e9ef1e8828f553233e5925366667d1d,fec0973ed027c834
dataset/healthy/20220101_090027.jpg,3,healthy,256,256,5423,True,False,False,False,,3a70e68f4308728f5c0aed1b5ddffac11504c19ea9751a13bbf5ee83530b5d29,ff95c06a6fa430c2
dataset/brown_blight/image_0_3041.jpg,1,brown_blight,256,256,5096,True,False,False,False,,d7e9640c3102918cfc59ca9cbfc3f385c1189d89d0fee64d94560428944452b7,fae0c41f78608797
dataset/red_spot/image_0_321.jpg,5,red_spot,256,256,4611,True,False,False,False,,9b44c32117a561333ec8a963bf366d249d2bd6177a000b16c33987e5a1c348ff,a596cb65341e6b91
dataset/gray_blight/image_0_4167.jpg,2,gray_blight,256,256,5449,True,False,False,False,,99c694672bebb0f83532c9102182b1d15f43d38e1f4a74f765ca55310dbb8df6,b8bc87c36cb43319
dataset/helopeltis/image_0_1582.jpg,4,helopeltis,256,256,6134,True,False,False,False,,0fa17512705f4e1a16df00444c1379217e48a79ea7bfecb104f66b1407987e26,fb1a84e55a0aa5f4
dataset/healthy/image_0_2902.jpg,3,healthy,256,256,4934,True,False,False,False,,0798885a49aa6b98365318c8a5ccb25bea30f5624fa6253af751e33854813ae2,e3b7984a336d2692
dataset/helopeltis/image_0_3683.jpg,4,helopeltis,256,256,5634,True,False,False,False,,48361592d8dc48f9375fa08ad4b75efd8339e22b3519a4e0adb86300060ed6c7,bd9ec1619269b4cc
dataset/algal_spot/image_0_736.jpg,0,algal_spot,256,256,5896,True,False,False,False,,201a9d33f21e279fa6a1d3448112d35b20182746afea8ea9b103e432bd1b5a73,fe6ac0858f9e5458
dataset/algal_spot/image_0_2346.jpg,0,algal_spot,256,256,7845,True,False,False,False,,fc3365847fc5ed8fe902cb3d16582f8ebe825cbc0df6e51ac312020d33d7e95d,aa9f856278af3318
dataset/helopeltis/image_0_72.jpg,4,helopeltis,256,256,4861,True,False,False,False,,09f8eb623d60969d4bd118f0b0486db2f37a2b11d36c55b0d7b68ec4a463c2ee,e3cc9c316accb193
dataset/gray_blight/image_0_3089.jpg,2,gray_blight,256,256,4614,True,False,False,False,,e65c278e0e42aaf43c845292933ae0e986993d5effe1f740d948a33ce102cda5,e8c3963469cb1e8d
dataset/helopeltis/20220101_103900.jpg,4,helopeltis,256,256,5024,True,False,False,False,,0bb4541a4e025847c4aa50c774fe61dbdbd85f5cb8ccfc0d97e1aceaf2864c15,f8c783346f1a84cd
dataset/healthy/image_0_1886.jpg,3,healthy,256,256,4797,True,False,False,False,,4de06b1bab9c16630484b5618d7c8611423b3d3695c84f5704bc746ba454d7ac,bac0953f6ac0a58f
dataset/brown_blight/image_0_9118.jpg,1,brown_blight,256,256,4897,True,False,False,False,,0d66e26aa329f80454f430a83da8cf8a950e96a92bb76e869a73a9e3dc1fa5bc,bbbd84c06a3d95d0
dataset/algal_spot/image_0_2940.jpg,0,algal_spot,256,256,6670,True,False,False,False,,0f7b887fb8e2289db8b689d3872e5da9689b1a955a2c3678c76b67797f1bf28e,fcc1963c61634ecc
dataset/gray_blight/image_0_1031.jpg,2,gray_blight,256,256,6219,True,False,False,False,,bc6b0d61050923b261f52782676f0123274191787b308dba3294ba6ff50c55b3,bdc6903f4bb034ca
dataset/healthy/20220101_091028.jpg,3,healthy,256,256,4719,True,False,False,False,,ba5f3bcd51b696850dea1aa977e6719c3fb36c8269345b0a68fd4651ac5516b9,fa87947a6b84a80f
dataset/algal_spot/image_0_2086.jpg,0,algal_spot,256,256,5422,True,False,False,False,,a05da15635e3f831c2faf3cb8291139f621445c73fb98a63ed21244697015834,ebab84953e5a7061
dataset/red_spot/image_0_2765.jpg,5,red_spot,256,256,4964,True,False,False,False,,71a816e0254c4df559a2bbc0380807f8f755763758faa44d2532629e7f7a3989,b8c6c73868c3964f
dataset/brown_blight/image_0_2930.jpg,1,brown_blight,256,256,4895,True,False,False,False,,fbfb1af3a1cfad088bdc8b32693c6f5071e853f5f9806f9ebeb85f0be83119d7,e4cc9b326ccf3234
dataset/healthy/image_0_1670.jpg,3,healthy,256,256,4958,True,False,False,False,,659106da01ed3df8f1026bc3dd4d7b6cc37f0fb4996c6b3d4ae048683f97658f,bce9c31e3ce1230e
dataset/helopeltis/image_0_2100.jpg,4,helopeltis,256,256,5514,True,False,False,False,,673744b8f6775b439998f9b44fb5c74b7976d66cc81403e9ce3adbce78dd1c2f,afbad0007efea103
dataset/helopeltis/20220101_093817.jpg,4,helopeltis,256,256,5054,True,False,False,False,,8197cc254e4f3a6529db35093e6db47f72629e3765133a2d94f60c4e6214e860,e78c9e3199633926
dataset/brown_blight/image_0_439.jpg,1,brown_blight,256,256,5248,True,False,False,False,,3d7cad2587f4ccbc98939f095ebf161b84dd0993c839d9080c8a71f1faf404c3,fac885377a40278f
dataset/algal_spot/20211227_140306.jpg,0,algal_spot,256,256,5585,True,False,False,False,,fa4d2fc2579638c7fb128a15f4bd3ada774c78d7094b42baade02c2f10aac36e,bd82d03c2fb0b4cb
dataset/healthy/20220101_102550.jpg,3,healthy,256,256,4569,True,False,False,False,,73614693b384283ae3e2ef976cebf7c31937b5eed7618ed449f3b7adda4cc83e,bfc0c03f2df0b087
dataset/algal_spot/20211227_113011.jpg,0,algal_spot,256,256,5564,True,False,False,False,,23ff6d39b162211e7a08f01539a770a139d0acb3538eb442ff757c381d216c13,fb8784685eb130d6
dataset/algal_spot/20211227_102325.jpg,0,algal_spot,256,256,5815,True,False,False,False,,105b31e0218bec86a5af930f9d81c8f3a94526909e46fb2e7cc874a31264ef4e,fbbad0816b42343d
dataset/gray_blight/image_0_539.jpg,2,gray_blight,256,256,4635,True,False,False,False,,fe549be8fb122b629f2120c87ff77c0be6424ed0ad864e0d0e4b757072ae7f6b,fac0953862d73da8
dataset/healthy/image_0_596.jpg,3,healthy,256,256,5000,True,False,False,False,,373fcf00ee424ae66cc0e14b737eebe50d06c40710f5abe56d4b94203e805a6a,e8c39734614b66cd
dataset/healthy/image_0_70.jpg,3,healthy,256,256,4492,True,False,False,False,,a06d07cb7995cc0bf0da85b1e5ed5ee416cdc5227049ad6888b4f039f81adbc5,b1c7cd3cce30c619
dataset/algal_spot/image_0_3609.jpg,0,algal_spot,256,256,5445,True,False,False,False,,96df395ad28957127997108db5ad254373bb714ad9ba85ece57f735b374b11f3,ba95c06a35d0fa8d
dataset/brown_blight/image_0_2083.jpg,1,brown_blight,256,256,6092,True,False,False,False,,0740299776261bbd435c830f4f7a8f92b9a6e4b332ca827845d1e4f82f2d0757,faca81b42de1724e
dataset/gray_blight/image_0_2693.jpg,2,gray_blight,256,256,5590,True,False,False,False,,ae6b3978b41d05eecaf6f4657499afab93afbcd55f4bc649154336b0a0fb35fb,a4badbc5c36c261a
dataset/red_spot/image_0_1047.jpg,5,red_spot,256,256,5193,True,False,False,False,,1c90168dd23cdb340b2ba9a163d1183f5d90f5445a6f242fe0e66a685ad24e11,eb95c07a2fa0d487
dataset/gray_blight/20211227_164817.jpg,2,gray_blight,256,256,5198,True,False,False,False,,c86d037336f8ab83c5c59d42c8f9c188286d514294466ba053b8d89b7d4bd755,f8e083976b7834c5
dataset/red_spot/20211225_225609.jpg,5,red_spot,256,256,5314,True,False,False,False,,ec4c831d7aa72502d4aa2b453e44e1d0c72bdf26980f228bd72fb5dfa6f31055,a89685397ad6a19b
dataset/brown_blight/20211225_234017.jpg,1,brown_blight,256,256,5479,True,False,False,False,,870c3f9601291a913e3d328a94bfddf78d47c5bdb8ec772a79cb1be1d7746bd0,a89b95647a9b85cc
dataset/helopeltis/image_0_4159.jpg,4,helopeltis,256,256,4710,True,False,False,False,,8b0869c06c3a37d5d027c2eff380584add3be0c913f4f8032ace864c5c4f8216,bcd2c361369bc9c4
dataset/gray_blight/20220101_112959.jpg,2,gray_blight,256,256,5507,True,False,False,False,,55b07dc03614434eacf4183a5db3016066d517caa3701ed734e004f8d89a0c5b,b2d9cb64cc26cc72
dataset/red_spot/20211228_122715.jpg,5,red_spot,256,256,5651,True,False,False,False,,640bdaee6fcdda3eb8558667eeb70fedbe178655b89e75cd7d74140164b6798a,fb3ad0e14a1e252d
dataset/brown_blight/image_0_4621.jpg,1,brown_blight,256,256,6158,True,False,False,False,,5af509cde3f22a912f5eba789e8dcf5aec51755a1c81dc5c16b2adb89003003e,f0cf9fb02469634c
dataset/gray_blight/image_0_281.jpg,2,gray_blight,256,256,7817,True,False,False,False,,5aae17898316a22403a84aac9a46b690496a9d42e1de702d0da9dd7c0536ce53,af96c2699d66300f
dataset/helopeltis/image_0_4244.jpg,4,helopeltis,256,256,5283,True,False,False,False,,7716b4765773fe2567ca263ef1c267195a6a10166543cc98236b0cd909e095aa,bf9dc0621d9658a5
dataset/red_spot/image_0_454.jpg,5,red_spot,256,256,6017,True,False,False,False,,9ead7fbb0681a51c2eb92c2db994060eccb6d196e340df5e72b92db24ed08a44,fac0853f9a7065c3
dataset/algal_spot/image_0_1352.jpg,0,algal_spot,256,256,5552,True,False,False,False,,e08eb6ccf27e712b4b9184774315d34a9f7433b916ae652a4e6bfb8717d1a644,ea7c95c07a1f2d60
dataset/brown_blight/image_0_6561.jpg,1,brown_blight,256,256,5825,True,False,False,False,,c7cf9779992c53d3b4e152b1f0ef6ad4977546263298cfd526d679f8a49c1382,ea959442789de770
dataset/healthy/image_0_1554.jpg,3,healthy,256,256,4092,True,False,False,False,,4cc1ccf02525a27a4cb61c12f74718eef343130f64fe46af356bfcd800bd5028,f88e973868c79748
dataset/algal_spot/image_0_62.jpg,0,algal_spot,256,256,5590,True,False,False,False,,61279038a0fe9ecbc6c3278dabe57999c7ee23aafbcc1f2375b9a57de46b71c6,aa6ad5952b5a7429
dataset/brown_blight/image_0_5838.jpg,1,brown_blight,256,256,5423,True,False,False,False,,1b943b65fcf1c6bed139b3f2b0c93624f3ceaeb186588246cdedb0d7aa9c42a1,bf9ec0603793689c
dataset/algal_spot/image_0_1269.jpg,0,algal_spot,256,256,5595,True,False,False,False,,d92982ad0588bcc6f12c0b6a5fe871ddf4483f4e61a7c576eacc3fdd52ba5133,ffaa80705aa2e8d5
dataset/healthy/image_0_1057.jpg,3,healthy,256,256,4364,True,False,False,False,,5b02373e652fdf24c8a273922722f417a848bf6ea7acbdda8c898b0d5e101edc,ede9c29634e1234e
dataset/gray_blight/image_0_2547.jpg,2,gray_blight,256,256,6314,True,False,False,False,,7288f13892a2313720f889ed0e95c3c4d33210688784952857d48ac6e95fea85,ea3a95c562a86c37
dataset/red_spot/image_0_3093.jpg,5,red_spot,256,256,5346,True,False,False,False,,672eee449d38d5e8aa141c9182cf5c0be2d82342f45d9ee4280408e20e4e8750,aa9795607a2f27d0
dataset/red_spot/20211228_114943.jpg,5,red_spot,256,256,5647,True,False,False,False,,8d2a918ef5471ca993a20b778da68631a4b1637aa34f99d76af6dddba238aeaa,ff02807d5ee0a197
dataset/gray_blight/image_0_962.jpg,2,gray_blight,256,256,4859,True,False,False,False,,327dab275d742f3bab7d8a61579a41c2235cd97543f3b33e8539e13743a608ac,e8c1973c68c2a79d
dataset/healthy/20220101_094726.jpg,3,healthy,256,256,4913,True,False,False,False,,bd6b36e5eaa8d950c9a063b6f6a5a91ddcab16775aab989d93c4cad7eca7e425,e7b398cd99cc068c
dataset/gray_blight/image_0_1167.jpg,2,gray_blight,256,256,6437,True,False,False,False,,8f85d36d7faa893aa95055308093908b85565b76c7bbd1fa6a0581516635a9d3,a9c997327ac32d4c
dataset/helopeltis/image_0_1890.jpg,4,helopeltis,256,256,6134,True,False,False,False,,072eb616653b9de4c77f90952daaf72cf2860ddb9495dc32eace689d597bc50d,bd96c0683c371acd
dataset/helopeltis/image_0_999.jpg,4,helopeltis,256,256,5610,True,False,False,False,,fb4270e198d81d272609f939236b06cbfb4b223709b72ceec304f78306d007b7,b9e0c61f68e03567
dataset/gray_blight/image_0_3233.jpg,2,gray_blight,256,256,5000,True,False,False,False,,d3476cc54c4f356702e21ee76e8c8428a0c5c1e9fdee48cd57209fac4c1713cc,abc2843d7ac2e50f
dataset/red_spot/image_0_1796.jpg,5,red_spot,256,256,3794,True,False,False,False,,35f47b61fffe761264f6e34bb59a8a8818f94269d3f55e87ebac6417002f3a87,b896c7683c97c16a
dataset/red_spot/20211228_123118.jpg,5,red_spot,256,256,4827,True,False,False,False,,e12fe0f314e988a158561ee3d0e4cec98ab8c6a3dee77f942849f9a183e56a30,fe90c1853e7af025
dataset/healthy/image_0_2186.jpg,3,healthy,256,256,5118,True,False,False,False,,3ef0af8c75a125c50e4d62840f81e37f4aa0ae39d6dd0d723fec110298de73e4,bd3ec3c164961339
dataset/gray_blight/20211228_115637.jpg,2,gray_blight,256,256,5856,True,False,False,False,,e56c0817589d1d4510869fe3df3fcde8632adbbecb0c53300f022296b12e1413,ff43c03c2bd0a4cb
dataset/red_spot/20211227_160731.jpg,5,red_spot,256,256,5396,True,False,False,False,,2e44014cfc816072071c7c66502fb605746e3f008e49b02c9f3501cc28ec7cf4,faab81955e5e6029
dataset/gray_blight/image_0_2118.jpg,2,gray_blight,256,256,5639,True,False,False,False,,353634dca9feebadb55a454a458d6301938eaa6fe8f899df4e1f864e4825f212,ffc0902f4a90adcb
dataset/helopeltis/image_0_3998.jpg,4,helopeltis,256,256,5115,True,False,False,False,,1bac9f305a1fc32aa22ccc54409c26d2f76d48d0e90d9c77e69883c4deece0d4,bd9ec36134363398
dataset/algal_spot/image_0_1002.jpg,0,algal_spot,256,256,7189,True,False,False,False,,2cd3a9c69ab5a8174bed6afa8dab149eae9df74c639f7c7732fa20615883cc1b,ebe0d41f1af061c3
dataset/gray_blight/20211228_132418.jpg,2,gray_blight,256,256,5278,True,False,False,False,,34ae95205e3dd7dd0293fb409c050a0696a38ab2a1155993c2ecc8a2fca2f6b4,ff80c03c2fc2b48f
dataset/brown_blight/image_0_9848.jpg,1,brown_blight,256,256,4597,True,False,False,False,,eae34f1af7b7cb120c6b280ab43e571cc430bfcd7b081b1f5566a27b0ed50ea5,be9cc0613f9ec069
dataset/algal_spot/20211227_133008.jpg,0,algal_spot,256,256,4721,True,False,False,False,,611b435a33da24be854783ae8511abc33d6db06b09ee6ee461be92952dfa7712,ef90906e7ab0a51b
dataset/healthy/20220101_101751.jpg,3,healthy,256,256,5623,True,False,False,False,,3c72e01f3e7b054fc23444f682090d2e81b40b12ff9a0dae1f359fe5ce0b41fe,b099c3e1cc66cce6
dataset/healthy/image_0_867.jpg,3,healthy,256,256,5830,True,False,False,False,,481472fcfc8fd0a4794160531dd65fd086ab0fdd63104565c17de3261ab27c68,e116c7999c199c79
dataset/helopeltis/image_0_3106.jpg,4,helopeltis,256,256,3324,True,False,False,False,,9fb96db2ffc3308c48e60b6784895a76bac993aacc2cce7bbd7a082f62b044eb,e6998c663399cca6
dataset/healthy/image_0_1605.jpg,3,healthy,256,256,5123,True,False,False,False,,f27b6960c9f2086e38a9a82e4c3017297b579f3c09a6dfff8793c2ceb50dd3c7,bd96c361361bc9c4
dataset/red_spot/image_0_1737.jpg,5,red_spot,256,256,5823,True,False,False,False,,48f6e0c17b28dbf1519fabd8e4f2f52db760f5bc6e72848ea00f078c9fc539c6,fa81853f5a60cb87
dataset/red_spot/20211227_162556.jpg,5,red_spot,256,256,4942,True,False,False,False,,530e69a5c7e7deace915337962bcb3459fe78c6bc07ccaab1b50476994ae9d00,bfc0c02d6ef0b4c9
dataset/helopeltis/20220101_095708.jpg,4,helopeltis,256,256,3784,True,False,False,False,,3b8133dc773ef7526e81b55250fe22681a4cf26d1df9d33a17dc6449580b9fba,b2cf893066cc99e3
dataset/red_spot/image_0_3141.jpg,5,red_spot,256,256,5869,True,False,False,False,,70ccac15def775d7ced9b8e77ac3e7985c675e28d27f8b5f75e7d4f398b6f35d,ee95c06a0fa570da
dataset/brown_blight/image_0_2627.jpg,1,brown_blight,256,256,4681,True,False,False,False,,397a199eadc26ff15d81cfcc65f003a6e8007e7542b664c7221c69c4d494a71a,f3cc983364cc9b92
dataset/red_spot/20211227_162153.jpg,5,red_spot,256,256,4937,True,False,False,False,,71a17fbe1f4af1fc4d0fd0bf50588243381d3ef3808d9d97491f787f2de0acee,bfa8c0842f6af435
dataset/algal_spot/20211227_153546.jpg,0,algal_spot,256,256,6065,True,False,False,False,,7a4d7eb31839262163611d20145ca0693350d8fe0cd125c7091b8a605cd9e1d9,babfc5c05a1e2525
dataset/healthy/image_0_2636.jpg,3,healthy,256,256,6103,True,False,False,False,,59a4d3189aad1322c26a38d618f3fc38a49de9252b88a646c908520054774c8f,b4c7928e991cd939
dataset/gray_blight/image_0_1364.jpg,2,gray_blight,256,256,7850,True,False,False,False,,ab0bd95021ecd9c7501f2c0435c3cd9f5f3cdabc04e58073509203b9ad500c5d,eec5914b4f342c95
dataset/healthy/20220101_101105.jpg,3,healthy,256,256,4479,True,False,False,False,,09783cb7811ca5b27ce0c1f6ac5bc228b9de6ff7d06234b8ce0433df47b7880a,eaca95953872c32d
dataset/gray_blight/image_0_4042.jpg,2,gray_blight,256,256,5527,True,False,False,False,,e6d3ee955b8284fb329eddc642ed1f971ef74292b503760b0c3fe41cbb7adb75,ea999743493d3592
dataset/brown_blight/image_0_4600.jpg,1,brown_blight,256,256,5166,True,False,False,False,,454f7281c7655fad86daaa71c8a0d5fa1ad26eb90ae4bb4153b51b9df008ea11,bed0c06d3a96ad4a
dataset/healthy/image_0_3603.jpg,3,healthy,256,256,6180,True,False,False,False,,98b78514ceee768471e57cc80485fa002210b3d0e04be7f5a1e69d078b29331e,ab6bc4159d9810df
dataset/healthy/image_0_1014.jpg,3,healthy,256,256,4795,True,False,False,False,,2698f8b6aa07b68b895e56dd212239fb5bbce463c134f8d49684e24610fc6680,a5cdda326533268d
dataset/red_spot/image_0_1406.jpg,5,red_spot,256,256,6572,True,False,False,False,,8af84ce4d07435b8162e0a84310d97f6dc491fdf909b36e7b4c12cc0b918dffb,ba95c06db512399d
dataset/gray_blight/image_0_3699.jpg,2,gray_blight,256,256,6621,True,False,False,False,,36440b81419a9a0f9ed78afdf68e4b8093aad06a76c11995e4370036c22d807f,af95d06a1f0730dc
dataset/algal_spot/image_0_1430.jpg,0,algal_spot,256,256,5701,True,False,False,False,,ea9f2934d620c9255c1d11a88c7c4cbbe96eae9eff903f82da9b1b8bd63647fb,e5cf9a3069e3268c
dataset/helopeltis/image_0_2835.jpg,4,helopeltis,256,256,5127,True,False,False,False,,8f541bc74ca5d6fc628c045698a79dfa01e3f44ee33b26fc7370a4dbdd1a9289,ae80d07b2ae4f55a
dataset/brown_blight/20211226_002401.jpg,1,brown_blight,256,256,5433,True,False,False,False,,2ae76512f8d72e9a85b2281418c9cdca2539c946819502564c979774e9f011f8,ad9282693cb6e1da
dataset/helopeltis/image_0_2142.jpg,4,helopeltis,256,256,4506,True,False,False,False,,70862c33200b64ee9d3ec4c122eb31688660ff8ccd153df3587a8bbb6d3a3e9d,e895c66a3d95c2e8
dataset/red_spot/image_0_1644.jpg,5,red_spot,256,256,5591,True,False,False,False,,92a0b222785c1c83065e338d6b6103eb2b1b12e0d4cde668d1c1c8a2f60e7702,af95c06a0f357a89
dataset/red_spot/image_0_647.jpg,5,red_spot,256,256,4957,True,False,False,False,,6ca2d78fc107a73afb9275a905ca9b5143e7aefe48a304c76a2c3444a08fa9ff,e83094cf6b313c76
dataset/algal_spot/image_0_4139.jpg,0,algal_spot,256,256,5608,True,False,False,False,,b2b7eb2865a9a980be16324ea6b1ee72d9306b5c5737291c48858118e54327fa,bd96c2693d9662c8
dataset/helopeltis/image_0_3308.jpg,4,helopeltis,256,256,6187,True,False,False,False,,0e3d5237ec9a47785b24d3075a5539e321eba840fe7e0c51a77a3285000ab62f,ab91d44a0ab577d2
dataset/brown_blight/image_0_9708.jpg,1,brown_blight,256,256,6775,True,False,False,False,,4ee201faff7b6f8cf43d1c15af7228b4cb67a6333f941f428ac13542a00c454b,f419c366361be9a4
dataset/brown_blight/20211226_002557.jpg,1,brown_blight,256,256,5208,True,False,False,False,,b2f57dcc6e442b9acb588324e5c411d185231e77469833dc8392a83ddf5abd5b,aa95956e3e91c346
dataset/brown_blight/image_0_7721.jpg,1,brown_blight,256,256,5311,True,False,False,False,,46911d4e7eeaef04ed7eb2a850f168ff7c99092e86acacbdd7d5f6ab0d982ab3,b898c5e77a1a8569
dataset/red_spot/image_0_271.jpg,5,red_spot,256,256,5021,True,False,False,False,,d4f3afa5f0b8e2f6955d7d9df471588db0dc6f90457db35b4215f6a0e93fa9f7,ad96c2692d9770d8
dataset/gray_blight/image_0_3787.jpg,2,gray_blight,256,256,5184,True,False,False,False,,024a70067a1f136859d6a07bdfdb968837002993773acf2990269b9f7113bb4b,ea95974a5a253596
dataset/algal_spot/image_0_2348.jpg,0,algal_spot,256,256,5683,True,False,False,False,,66fadeed1baaed21ed133b2e4bcafb570e2516bd0a9cb2ab368c4054a28eb7b7,bc9ec361b41e2399
dataset/helopeltis/20220101_100027.jpg,4,helopeltis,256,256,4528,True,False,False,False,,34396768c9acf01e1ee8afba42cff3518b93cdcd1bfe5638c7928ccbb1db4eba,f1c79e3865879a48
dataset/helopeltis/20220101_104810.jpg,4,helopeltis,256,256,4519,True,False,False,False,,7902c57e2ee44c7df5780dfb9e398c0ff70cf0c02b76314b99be222f3e6a63c7,eb889c67629c8573
dataset/healthy/20220101_093925.jpg,3,healthy,256,256,4536,True,False,False,False,,80b5487e9929b4775eeb74468708d11af3079d6c7c21806d2f6bbf5654ff5292,e68c9a39d9666526
dataset/healthy/20220101_101516.jpg,3,healthy,256,256,4974,True,False,False,False,,ac1424c2c16baffd43c04b1f8e215b9f3dd8e10e04f1667637af9013913d0193,b6e0cb3be00f664c
dataset/algal_spot/image_0_372.jpg,0,algal_spot,256,256,6744,True,False,False,False,,a531c43f94092248547a9afab85ce29df3edb2aa41324da55b96ade855de06b3,af68c0958d9b3af0
dataset/helopeltis/image_0_3030.jpg,4,helopeltis,256,256,4015,True,False,False,False,,dda8d89704579215fa4e8024a5a92eabf1ed941b431eab3e40b156e307fe1cb6,e8979469c6b46b46
dataset/algal_spot/image_0_103.jpg,0,algal_spot,256,256,5924,True,False,False,False,,87ae4ee5dc1dcae1c61519d144e2f23d8f48685ec9cdd096c597ec420dc1e8ac,b83c95c26899cd67
dataset/algal_spot/image_0_1375.jpg,0,algal_spot,256,256,5132,True,False,False,False,,1efd3674aa4536fd7da582b28109386366c25c170122d74df463f80467f5389b,bd9ac2693e163998
dataset/gray_blight/image_0_3952.jpg,2,gray_blight,256,256,5060,True,False,False,False,,7140f691e5e93bbdfc6cb7318e7e77305db767dfd6c8ac353e819218feaaff4d,e1cf9e30674e18c5
dataset/algal_spot/image_0_1744.jpg,0,algal_spot,256,256,6120,True,False,False,False,,5c3dab271376c142c0b78824a721293fe723cdcfddcc9324eb0bb5204ae88a3a,bde0c21edc196369
dataset/algal_spot/image_0_2100.jpg,0,algal_spot,256,256,6116,True,False,False,False,,99ca2eb9fd6d86e140e8096e04592ab8f398c4f1de797694603d53ae766d1da5,ab94d06a2f9570da
dataset/helopeltis/image_0_3698.jpg,4,helopeltis,256,256,5188,True,False,False,False,,f9a91774f99629a4c6da99f89373b520db9a4dccbe706036ee2ef7df01083d23,e1b29669cce56c86
dataset/helopeltis/image_0_1006.jpg,4,helopeltis,256,256,5187,True,False,False,False,,9a8fb1e66471ff695bdde5e85308ead6047aeb132f4735eb5c0f7fc6d80e8577,bdc1823e616b3ec4
dataset/gray_blight/image_0_2593.jpg,2,gray_blight,256,256,6153,True,False,False,False,,d38cf155679f46502b247e6386a7832b2e0ba8c57347b24f7ae682016b92c6d9,ebc894b76f4822a5
dataset/helopeltis/20220101_095854.jpg,4,helopeltis,256,256,5594,True,False,False,False,,852515e93f057a845f61f010d5383fcfa31d65b50a4a123e050251496db64260,eaca95354ac04d9f
dataset/red_spot/image_0_2587.jpg,5,red_spot,256,256,5392,True,False,False,False,,6bda786896309b769c37b0f43cfdcfa131f80caa180aac2ace73d2fb1ff05627,faeac0952f4af025
dataset/red_spot/20211227_161755.jpg,5,red_spot,256,256,3726,True,False,False,False,,c4e2a3bf949198855d4596fcef815ed46161ec751cba94f4cfaa832cb9d58b06,e88797786887955a
dataset/brown_blight/image_0_7346.jpg,1,brown_blight,256,256,6337,True,False,False,False,,65a7813ad0b459d36d15b79996e819fdcd64d035a25d8b6732de38644ea26826,ffb5c0c86b259072
dataset/brown_blight/image_0_758.jpg,1,brown_blight,256,256,4848,True,False,False,False,,ac7af1f691347cb88d7678c71aefe20c3e5a8d79457ab726579c5129c22a6188,e5929e6d3896c398
dataset/gray_blight/image_0_3481.jpg,2,gray_blight,256,256,4949,True,False,False,False,,abe3037e1f2e11b2abcfbc866ccca01116b0ca9a2e3509f3cf8aadaba09ddd72,ed6dc3923c696170
dataset/healthy/20220101_092648.jpg,3,healthy,256,256,5356,True,False,False,False,,d0f98e68039258ebd993e7314577f95a58378227af4f2a3724d8f968b7877f5d,e1329e4f994ca66c
dataset/brown_blight/image_0_5621.jpg,1,brown_blight,256,256,6143,True,False,False,False,,b704a1734a6187f20ce460c5d4bd0cb78fdcf33edf18e723c909446c44c0e980,eacb953468c3274d
dataset/red_spot/image_0_2115.jpg,5,red_spot,256,256,5980,True,False,False,False,,042f652957899e082b409919e4ba31559b9f28ff28de8e753f5b38369d25ddd7,e84b979431c33e66
dataset/red_spot/20211228_123233.jpg,5,red_spot,256,256,4821,True,False,False,False,,e2f93b60a1c308097cbce1a87e0d05670bc3f54a1e62b93fce5ed10b585c485b,fa91c42e6bf0b00f
dataset/gray_blight/20211228_142130.jpg,2,gray_blight,256,256,4814,True,False,False,False,,043a103de6d44e396ad0c20c118232e0c2c78632891666fbb2452c5992865568,ae82913f6ad0354f
dataset/algal_spot/image_0_3130.jpg,0,algal_spot,256,256,6794,True,False,False,False,,21e2a11a90aaaeaf521e745affa89cbdfb7f62e605aa5fb0082569bc83afb27c,efc0c01fb8b0276d
dataset/helopeltis/image_0_1654.jpg,4,helopeltis,256,256,6168,True,False,False,False,,74496047a9d42803b826b97dab68015ec091fdbc6c0aa323c8064499ca85263d,ef92c0683f85d0da
dataset/helopeltis/20220101_103925.jpg,4,helopeltis,256,256,4717,True,False,False,False,,98c8e86e9761c0acf3e56b7f3219cce6dc8c9ac56ea9204eb139c921975a726c,ecc0963e78e1a61e
dataset/brown_blight/20211226_003311.jpg,1,brown_blight,256,256,5374,True,False,False,False,,9f7d36769c8c46d8afd0a1fcf63b0a134c898e7daf7d5c2d6b9435f4a956b3ac,baccc5322ec9f09c
dataset/algal_spot/image_0_1455.jpg,0,algal_spot,256,256,6292,True,False,False,False,,8a1bbcf3b5710282f29d3ebc4514c24aeb472d7312cb97b187d5a08544c896fe,efa9c0962fc87065
dataset/gray_blight/image_0_1022.jpg,2,gray_blight,256,256,5584,True,False,False,False,,7e409540a33f943e57f8e0bcb6e9035c295a2b80df933c1b768d6288a2cbcc3c,aa95d06a3d97c2d8
dataset/algal_spot/image_0_2669.jpg,0,algal_spot,256,256,5624,True,False,False,False,,cb18b37bcc8b7d16080796483546b3b0e8e00bcb5130dab3260b2e90d1dd7d42,af9dd06a0ba5741a
dataset/helopeltis/20220101_091728.jpg,4,helopeltis,256,256,5225,True,False,False,False,,db77de6e6c13f0f5f503139bf8f6ace6f90bbaead22ffbd672b93b4c52668356,ee80913a6ae5a59e
dataset/gray_blight/20211228_131050.jpg,2,gray_blight,256,256,5419,True,False,False,False,,9b24d04ed67805cd7105f3cfd31ba3ca43b3f42d31954e7c3e9abfa61f9a9c16,fec481337ae8a487
dataset/algal_spot/image_0_3923.jpg,0,algal_spot,256,256,5264,True,False,False,False,,e09e902957b585f543a3c89d49ad82bdc163a34becfa3d717bf6b3acae4042c6,afc5c06a2f85f05a
dataset/algal_spot/20211227_102236.jpg,0,algal_spot,256,256,4481,True,False,False,False,,5ffb8c0c414c235b58958615bc722e869a4b4160c9ab3cabd30f9ab2542e71dc,faaa87c17838a5e1
dataset/algal_spot/image_0_1828.jpg,0,algal_spot,256,256,4774,True,False,False,False,,43fb27938fcfa5bb09b5fa1db4a77e94e4a9a3b136f5f721c4ef750cae9d2e1a,fde0c0973ce06267
dataset/red_spot/image_0_3246.jpg,5,red_spot,256,256,4727,True,False,False,False,,1af262cccb518c628413c39805ea5ec208b9812f8cc78f3cb898eeea45b9d7e6,f0cf9a3465c31e8c
dataset/algal_spot/image_0_524.jpg,0,algal_spot,256,256,4955,True,False,False,False,,48135c5fe4aa0969956ddc3f4e2425f4867aa376425aca0af7ae57d19e76407f,bdbcc2c32d3630d8
dataset/gray_blight/image_0_840.jpg,2,gray_blight,256,256,4721,True,False,False,False,,752e57b5339cb86a5722afa8bb024a6ed5405c35b0d4ddc6de44d0e47a4ca96e,e8c39635cb1e94b1
dataset/algal_spot/image_0_4001.jpg,0,algal_spot,256,256,6979,True,False,False,False,,de4024d072b294c89aa1b939014747018882137f6b0c193c96233ebcccc6babd,fdc9c2162cb122cf
dataset/healthy/image_0_875.jpg,3,healthy,256,256,5328,True,False,False,False,,aed80a2cad27fee166c48ddbf7a793ee668c507e51f60dcb40462a36127055c4,b49acb64163b99cc
dataset/brown_blight/20211205_155720.jpg,1,brown_blight,256,256,3656,True,False,False,False,,029382f09c6780fdf8a8c4280105c3378a098a2b5c8e770034ac14a84d661861,f1c89e61699e9661
dataset/helopeltis/image_0_4140.jpg,4,helopeltis,256,256,4314,True,False,False,False,,c4b8e00258f70f72ece4cc982bd6c575eb3821120890f4349e8972c2d9d18938,e4dc9a3165cec638
dataset/red_spot/image_0_1182.jpg,5,red_spot,256,256,5222,True,False,False,False,,3d3a6d97668aca845ea7cadf879a47daa6dd80f4b1d5c9717435df473d981649,b099cbcdce468e26
dataset/gray_blight/image_0_1027.jpg,2,gray_blight,256,256,5889,True,False,False,False,,f01b1c73864101b97edde3563571ea5d1448ed24be5ba14129058a2caf3d0d72,eab5954a283d56b2
dataset/gray_blight/image_0_4099.jpg,2,gray_blight,256,256,5099,True,False,False,False,,ef1472f2a1762cc6ed5544374712e8b7520bb5878916c325a0a8c294aaf58712,b0cfcf38646126ce
dataset/helopeltis/image_0_3455.jpg,4,helopeltis,256,256,4720,True,False,False,False,,86a9334027a76872b7bcd1a682f04915485dd1cdc9057054d407b0e78c932f89,edcf9234616b2ec0
dataset/helopeltis/image_0_2361.jpg,4,helopeltis,256,256,6575,True,False,False,False,,b238c785eed0220aadedaf3dcec121f6412e37559600b38bf3f230825a524c0b,b7c6c117cd380ef0
dataset/healthy/20220101_090215.jpg,3,healthy,256,256,4590,True,False,False,False,,b1a80bd3084cd94781d62ba4a3ce9eac1db7391ae1bd6424fbcef2c5b97a759f,fa80853f4af00fda
dataset/algal_spot/image_0_221.jpg,0,algal_spot,256,256,7577,True,False,False,False,,4afc6c91fa45b046d2f926c1adbe4ab389295aa2b9ea89ae1995742fe4376137,efd2902d1b506d8b
dataset/healthy/image_0_158.jpg,3,healthy,256,256,4818,True,False,False,False,,eccc18b2b46eb0ee767bccd8f60b64ba9536b9945d49e28cfc2027698663cf5a,f38c9931cd336664
dataset/brown_blight/image_0_4844.jpg,1,brown_blight,256,256,5571,True,False,False,False,,f24ab86bac16b52fcf87a73fc1e99cc90ad15789fa0c25d4bd7f6f662cbb8b6f,f4b09acf67322899
dataset/healthy/image_0_3412.jpg,3,healthy,256,256,4676,True,False,False,False,,d7e59390a34b0cc823594daa3dfe8a745476a83dd1bdecec53cffb8d04468f22,e6cc99338933cc33
dataset/gray_blight/image_0_226.jpg,2,gray_blight,256,256,6000,True,False,False,False,,2ca4b69e9e38d4e25b38197efadbd6134956c53d7938fbc6a082d9f82b2b33e8,bc9ec7611d363099
dataset/helopeltis/image_0_70.jpg,4,helopeltis,256,256,4397,True,False,False,False,,97024f7a927b1e38246db33f57388e7fbf1adb91f6f6a3e5a9fb8cad4ff441b0,b4c7c93863c61cb3
dataset/gray_blight/image_0_1148.jpg,2,gray_blight,256,256,4208,True,False,False,False,,5df93cdb3ff34ec1be87852e5cc83cf7885d74b8daa2edee7538e183ae8d510b,b4bacbc5243a9bc1
dataset/gray_blight/image_0_3846.jpg,2,gray_blight,256,256,5135,True,False,False,False,,cc920c5dfbb6d99e65856f59a77026d971d869ecd369ec0e7b2a58583dc79276,eac2953561c23eec
dataset/algal_spot/image_0_1124.jpg,0,algal_spot,256,256,6985,True,False,False,False,,4ab707de2be030a4a84d95d9595f288494e8f83cd1c19f32cdf3f833befd9a23,bd96c261b4c73319
dataset/healthy/20220101_101820.jpg,3,healthy,256,256,4647,True,False,False,False,,a4bc97764e56c056a18396da768af469458246997bba3a02845a512269260b3e,b3cccb38cc732433
dataset/healthy/20220101_094617.jpg,3,healthy,256,256,4913,True,False,False,False,,614052eedce0ceb8ad52a68d065f65c1eb5c0e3b2fb0d2a9a126a25214b3884f,bf90c0be2fc1b08d
dataset/algal_spot/image_0_1141.jpg,0,algal_spot,256,256,7442,True,False,False,False,,8adb0ba6b9470459e4bacd9ee9dfeffe46eceb98c8493b77aacdc58d0d7d1338,aa95c268b5763b19
dataset/algal_spot/image_0_2874.jpg,0,algal_spot,256,256,6418,True,False,False,False,,871bc324e33f1dbd233c76d4fff431b416e51d96152306a667804c0aa705072b,bf9fc0404b23359e
dataset/algal_spot/image_0_1041.jpg,0,algal_spot,256,256,5957,True,False,False,False,,7315f2b1a84abe06443e27ee9180de102fb8c372239d65571e2da6d97fff3a10,ff6080af1f50706b
dataset/gray_blight/20211228_135846.jpg,2,gray_blight,256,256,4966,True,False,False,False,,a6c31f5cbd0a7b51c1cbb9cf67f83155e0228bd7e12fb12d45ee141d230f782b,aed0812f3af0e18f
dataset/red_spot/image_0_1476.jpg,5,red_spot,256,256,5316,True,False,False,False,,7c4cd9650f47bcf980101e1b3a76db04a3186bea5743e92dad5a0b73285226ea,ab9dd4c06b1f2570
dataset/healthy/image_0_144.jpg,3,healthy,256,256,4723,True,False,False,False,,c9a4d380ac29d8185a12989f02dd0b98ed5f11dd26916a5e58b3428f6392eb9a,e8cb96346b4e1c99
dataset/helopeltis/image_0_237.jpg,4,helopeltis,256,256,4793,True,False,False,False,,011037fc0dd652d92e6f384fcd89e585987031de17abe9ceaa23c79032339f02,e8d595686a85957a
dataset/gray_blight/20220101_095210.jpg,2,gray_blight,256,256,4732,True,False,False,False,,590165cf6e2d55214d55cb40d5582e6da6bdd9a39abf0dddbeedb99fe5bf4677,bf38c0c03f2ff0b0
dataset/red_spot/image_0_3109.jpg,5,red_spot,256,256,4528,True,False,False,False,,75ee970e18a8d1efa9dc0d838a3dd3216626b805a38cbbaf0db30665f6d9cd5d,a49acf65309acdc3
dataset/brown_blight/image_0_364.jpg,1,brown_blight,256,256,4931,True,False,False,False,,2d44b6195811032a2c361aba0596d06215c8fd12b69d4ff634d4cf5f3cfd08eb,e8b197ce78318596
dataset/algal_spot/image_0_4202.jpg,0,algal_spot,256,256,5311,True,False,False,False,,37791466bc9c464a77694c1173647f9604857ae3bc41644be77edbb1867c9608,abd4d42a2bb5d44a
dataset/red_spot/20211227_155315.jpg,5,red_spot,256,256,5003,True,False,False,False,,192fd8a98562d25fcc1dcdb39a24684912e8228ce250c27859dfae8ee8135a8a,bfe1c0c42f4ab435
dataset/gray_blight/20211228_152716.jpg,2,gray_blight,256,256,5209,True,False,False,False,,f5794686cdc9ed8df0319aa3da144f0ce6eb37f86ebc454dde303ac1a96da914,fd89c0666fb1b04a
dataset/algal_spot/image_0_1439.jpg,0,algal_spot,256,256,4563,True,False,False,False,,6a798503543cd11ade55a555d5860eb179553d66cf56b70331cb7662ae1cbd39,bd96c26934966b91
dataset/brown_blight/20211226_000617.jpg,1,brown_blight,256,256,5715,True,False,False,False,,93883f79e5f48ecba3d7d5e5dd9a8362f821b660334deac866ab196ab8b48708,a895926a3da5629f
dataset/gray_blight/20220101_112953.jpg,2,gray_blight,256,256,5824,True,False,False,False,,a5a8765091f1c560d628c53447aa90582b9c24e5291440a61620ef60df46cf33,b493c369cc66cc66
dataset/helopeltis/20220101_105256.jpg,4,helopeltis,256,256,5735,True,False,False,False,,58eee41ed2c45d527a5186fec32c68f7d50e6c4007e640adb1ad82bfb890b602,fb94c17a0ee15c86
dataset/healthy/image_0_1996.jpg,3,healthy,256,256,5308,True,False,False,False,,1f66bfdeb46ab4546bde7a2aaccb3584e2340cf7b3b2a806da36eff5c618a1f7,ab1584683fa5f0d6
dataset/brown_blight/image_0_3294.jpg,1,brown_blight,256,256,5980,True,False,False,False,,c3ebfd60b333ebb36714961b575abc18a6ea7daabfaff7a55b6cf8f9fb929869,fb9f866021965aa9
dataset/brown_blight/image_0_5503.jpg,1,brown_blight,256,256,5695,True,False,False,False,,4cd17d8f967d6949c63cee6482f83d9e4c650ef6fa51d3c56d0ecd261da62fa8,bac885377ac0853f
dataset/healthy/image_0_2664.jpg,3,healthy,256,256,5272,True,False,False,False,,cad76ca4bb80714b6bd2e2da2446f21fbb17e611d0775bcb5f4f9ec269a6e4a6,fa81807e3ba1f41e
dataset/helopeltis/image_0_1421.jpg,4,helopeltis,256,256,5116,True,False,False,False,,2d099f4a0f644a9552c681c5eb89490f36c28f8435ba3c424a604c00acb898d0,bd30c2c06f3734f8
dataset/healthy/20220101_101908.jpg,3,healthy,256,256,4830,True,False,False,False,,cf7b0db1df5351f67a292a3c16377e7a9dfb409459a22fe45aff4fb087559fcb,bcc3833f68c0954f
dataset/gray_blight/20220101_114942.jpg,2,gray_blight,256,256,5799,True,False,False,False,,893fa80aeeb24f688b91f43e43833476dda1427d931046836c246dece13383dd,fa84857a1ea561d6
dataset/helopeltis/image_0_409.jpg,4,helopeltis,256,256,4977,True,False,False,False,,20566c21357be6e24961c4af222be60cedd505464914a542497ec91a8e67c5e6,e19acf6590619ace
dataset/red_spot/image_0_840.jpg,5,red_spot,256,256,5426,True,False,False,False,,4583aa51232beb65b5c221e4da50d4bc8ec8ec3d7445fd5cebc760b932cebc2e,e8cb9e34c13ae44d
dataset/red_spot/image_0_1396.jpg,5,red_spot,256,256,6033,True,False,False,False,,55be4e613ef92dc0af2869ea38aec0a8aa04391e60e1ad9e587478f7e11c3bf0,fac0953fd0600bf6
dataset/red_spot/20220101_093044.jpg,5,red_spot,256,256,5098,True,False,False,False,,aec4d0a225384346b1587c608c8b61af6a793e890ff81c543a42f6a94ccaa100,ea4b953d6ac3258c
dataset/algal_spot/20211227_153126.jpg,0,algal_spot,256,256,6321,True,False,False,False,,b5a090cae0d52de9422105d0f1ec27cdbff648d527c827de5bb69a69afa0d023,ff8880e31f666a98
dataset/helopeltis/image_0_351.jpg,4,helopeltis,256,256,5276,True,False,False,False,,db73ca6b94d94b5333895759ed570fd434a2363f8de4afd489a66d935d454bb4,bd92c069369be9c4
dataset/healthy/image_0_3315.jpg,3,healthy,256,256,5471,True,False,False,False,,83dfd5c3d94eb1f633e5592325276e74f0c509801bb2863ac29c56f73f356671,eac0953a58e12f9e
dataset/gray_blight/20211228_141412.jpg,2,gray_blight,256,256,5691,True,False,False,False,,f3b0e47d6ce612cf3ea3f03f89416a1f2f2357c6d4ab9c4eff42182a64233946,ee94916b5ea1219e
dataset/gray_blight/20220101_120920.jpg,2,gray_blight,256,256,4533,True,False,False,False,,b9e85e1c9a0665986a9f925da0c6b99ca82e89a7f4ecde0c5c58b8597f82afdd,ed82923d61d21fc9
dataset/gray_blight/image_0_894.jpg,2,gray_blight,256,256,5169,True,False,False,False,,2895691252275cdd14eeb0ce62210b8b6e8b3f39128de8834b072b28d7088431,fc9ac761380f87c4
dataset/healthy/image_0_2139.jpg,3,healthy,256,256,5791,True,False,False,False,,8b908c5d1bcd97fbea081c9d5ae8e88f40ac84f00d1531b0d919e39d5d4ba6ec,e9c39634e12b6ec8
dataset/gray_blight/20211227_164317.jpg,2,gray_blight,256,256,4647,True,False,False,False,,642e785005d25576c5685a767bbe40c7c3e43a43819ddbef9ef525efe81c8b8e,ea81953c7ac32d9c
dataset/healthy/image_0_332.jpg,3,healthy,256,256,5314,True,False,False,False,,ef77642d7ceba05de7fb033e2686d647e8bdf279e596dd5d802b082992471c77,bd92c16d1669ccc6
dataset/algal_spot/image_0_4015.jpg,0,algal_spot,256,256,5246,True,False,False,False,,8b7aeaf7676c91c7ebc2845457231bb130f3af712931b3c13523a7a79ef4d3e6,bd9fc060361f299c
dataset/red_spot/20211228_123600.jpg,5,red_spot,256,256,4977,True,False,False,False,,273d859b6633d7ae847b669dc14ba0f9ad54d3e5a7739e8025509013346ee6a4,fa2a95857a1ee161
dataset/gray_blight/image_0_2456.jpg,2,gray_blight,256,256,5334,True,False,False,False,,cb142812febd8e07b889f52096ac9b56f4e24f94538aafa62c74c9eb8580c19f,ee8581f05e0fe0f4
dataset/brown_blight/image_0_2927.jpg,1,brown_blight,256,256,6353,True,False,False,False,,201503e036d913b1c1efb62b37758b32a76ee8b39e58ee89195fe239f274c403,bf61c09e0fcd3960
dataset/gray_blight/image_0_1175.jpg,2,gray_blight,256,256,6101,True,False,False,False,,bd61b47af76355c9a7c5c72a44a4eed0f7b4ba2b86d09e98ba862e589991bd96,fd96c0683c273a9c
dataset/healthy/image_0_3522.jpg,3,healthy,256,256,5682,True,False,False,False,,7d08af7cd34c6579d55238c6632fe660794d8ff7b99194b3dbb5250c392d9350,abd4d42b2af521ca
dataset/algal_spot/image_0_4183.jpg,0,algal_spot,256,256,7147,True,False,False,False,,9046196b75197b65c73492222bc24b3bef6f553eed7291f48045208f13d5cdb9,ae3d95c04a8fc566
dataset/red_spot/20211228_120104.jpg,5,red_spot,256,256,4411,True,False,False,False,,cdd5a436775001e7a7072ede692dd72b69ea6f904f8cf255794bc2e088681f8d,ff39c0c01e3e69e0
dataset/gray_blight/image_0_3211.jpg,2,gray_blight,256,256,4889,True,False,False,False,,2d9303b309a89181bb3482bf83449ddc062a4cf6afe10bf77fd85d52f60ceabd,fba1c4326b85b45a
dataset/red_spot/image_0_2304.jpg,5,red_spot,256,256,4999,True,False,False,False,,5ad105a41391780702163c753943b0c4829d7e4607d1076313630468a32aa337,fe3d80c06a3d2772
dataset/brown_blight/image_0_8589.jpg,1,brown_blight,256,256,4809,True,False,False,False,,605f4531b1e917e87df67d82f7d5a4c3c8c9628d5d9576a9fd28275288ec0d51,e8b496cb21347e93
dataset/gray_blight/image_0_1818.jpg,2,gray_blight,256,256,5893,True,False,False,False,,3b407750acddd501189c294b1fb624a1b780d37372aa7ab539fa63c8937b670a,afe0d09f8b3c6960
dataset/red_spot/20211225_224354.jpg,5,red_spot,256,256,4352,True,False,False,False,,ad33614136b1c6ad3ff3adff699065f5d1da7c21e5b8c234f192fd84f8185c99,a18f8e3069cf966c
dataset/algal_spot/20211227_132105.jpg,0,algal_spot,256,256,5180,True,False,False,False,,7e0c88e6babe297b4f9214f37d3699e674ed09c15fa6897ad6eee213c3790f1c,ba91c56e3a91c14f
dataset/red_spot/image_0_1829.jpg,5,red_spot,256,256,4060,True,False,False,False,,0d1ae211b72810343da6a7479647f335406f56ffad82f20c060f3bc90acdf381,e19e9e693896c398
dataset/helopeltis/image_0_1564.jpg,4,helopeltis,256,256,4353,True,False,False,False,,3fcef09696a53d76ad6c6278abc79b8afbc1c6029ac540c5e9a2ec674d4a0e7d,b49acb65321b6dd0
dataset/red_spot/image_0_1132.jpg,5,red_spot,256,256,5508,True,False,False,False,,85bb108bf89adf2eb4ef559896c2582a174f03911441f839e6b8f1924c1d5e07,bab795c8e0a76432
dataset/healthy/image_0_3642.jpg,3,healthy,256,256,4183,True,False,False,False,,3fdfb47853a02c6828fb91b1d4c01822fcc68d714f9fc583c4022613ec6e969e,e8cf9e3065cb1a91
dataset/helopeltis/image_0_4117.jpg,4,helopeltis,256,256,5747,True,False,False,False,,e5b7d386aad5d4ba2f8bcc054f519796472d084e4c13cd30f31a7453611bac42,afe0d01f6c6823cd
dataset/healthy/20220101_090642.jpg,3,healthy,256,256,5367,True,False,False,False,,3b5a2ae4a6bf5fac390d56b3ac000b15e960cd25b936e04925307f6c005256c9,fec0d02f4ab487c3
dataset/algal_spot/image_0_2699.jpg,0,algal_spot,256,256,5697,True,False,False,False,,034ca7712291d803eaf20dd1d9fe60025b8acbad0c8f3810d5d0a5ab9158b36f,efe9c09634e82366
dataset/gray_blight/image_0_4157.jpg,2,gray_blight,256,256,6025,True,False,False,False,,7bc012dadc61ce8ae463febbdc4653fb30f8055841e2f48df1e2d5e47eb3ccb8,bfc1d03e6fc03485
dataset/brown_blight/image_0_5413.jpg,1,brown_blight,256,256,5668,True,False,False,False,,f2ec3db381682dc6951f2b27375ddda5b617ffea207df6b86ca78824b2a9f29d,e8c2963ce167ce98
dataset/helopeltis/image_0_348.jpg,4,helopeltis,256,256,3902,True,False,False,False,,9d67ec5739cf608903a22188b7f56fc22ff6d10808dfae63514bf0b8ae4081d5,b4cbcb3c34c3923c
dataset/helopeltis/20220101_104250.jpg,4,helopeltis,256,256,4829,True,False,False,False,,6b161bd07f164eafde7d2afadcd3624e5b9a899c0a16ce3b0cd96d9c2a01e425,e3159c6a316cb699
dataset/brown_blight/20211227_163448.jpg,1,brown_blight,256,256,4714,True,False,False,False,,9d7af2019d89d18439a942fd3b090b756a3f8b509e5f8abddb32726205286098,ea85957a7a81871e
dataset/helopeltis/20220101_105446.jpg,4,helopeltis,256,256,4397,True,False,False,False,,7b20558b6f1ee9a395648a3a3765bbe2a90a3135c9d403f0545b665a7d51aa77,e5309acd65309acf
dataset/algal_spot/image_0_1248.jpg,0,algal_spot,256,256,5646,True,False,False,False,,3635c8f76c7773389cc61cdd5fc816b8c045dc99ac037854c7e6418e82eb0377,e8cb9e34616366cc
dataset/brown_blight/image_0_7927.jpg,1,brown_blight,256,256,5146,True,False,False,False,,1d4a2f8fd9648ae549677e258af64375c5989ba39d5882ec35d46bea4508fa4b,ea62819d3f52e02f
dataset/brown_blight/image_0_3882.jpg,1,brown_blight,256,256,5040,True,False,False,False,,32c2ddb2826f2988d0102f63b1b2888fc11f4f58f4b1978f37e4a090f96bab77,fa3a85c07e1fa1e0
dataset/gray_blight/20211228_154521.jpg,2,gray_blight,256,256,4279,True,False,False,False,,029fb4983be1ffe1c1df424ae6172bbd3b9220fc4dafb5d06e21b7757de7b958,e86a9790786ac7b4
dataset/brown_blight/image_0_791.jpg,1,brown_blight,256,256,7342,True,False,False,False,,43dfcdab492f4314c2a383c0cbadc3a2f23bd6c1ce9fcb63cc2082485902b128,bce99632cb93c982
dataset/helopeltis/20220101_104917.jpg,4,helopeltis,256,256,5473,True,False,False,False,,361bed3f960ccf1f52e8e5a38f51b81d386424c36300c17cbc060e653edf2bc0,fe31914a6eb1e056
dataset/healthy/20220101_113239.jpg,3,healthy,256,256,4428,True,False,False,False,,69dce87d7e4b478a6a22c756b1389ae4dbe66bf85ebf68cd9394e76dff7a5b7b,ff81903e6bc0b41b
dataset/healthy/image_0_1137.jpg,3,healthy,256,256,5391,True,False,False,False,,b87b8c33bf3cac4f905a3950c5d48f7c622bc4547653989c58482a26e4fc2a86,eab7c54a2e2570b2
dataset/gray_blight/image_0_4221.jpg,2,gray_blight,256,256,5842,True,False,False,False,,d679300d4b89a150670c90a63e88750921d87c8ea097ad05172fe7d96643145a,eaca973561634ec8
dataset/algal_spot/20211227_154012.jpg,0,algal_spot,256,256,5543,True,False,False,False,,1f779489d21d06c57f1237ebade77c27a0fe900039e22936039f0795e7d1d3f6,bfc1d02f0af43dc0
dataset/helopeltis/image_0_1533.jpg,4,helopeltis,256,256,6080,True,False,False,False,,da99c5137e68c898d66f1ca8c27e2310b8e19e14c9a14146796a396134e61f2c,e5319c6693cc93cc
dataset/algal_spot/image_0_1838.jpg,0,algal_spot,256,256,6341,True,False,False,False,,fb582657dbdfefa9b20cee2400014551917a9cf3cf5e57269c0ec353d85ae791,eb6894975f78202b
dataset/healthy/image_0_3378.jpg,3,healthy,256,256,4551,True,False,False,False,,aa9f78f8daab6359d184c5ed56a89a483474a920be8ef4f1b256497e7ce23c8b,b218cdc6cce6c547
dataset/helopeltis/image_0_2725.jpg,4,helopeltis,256,256,4919,True,False,False,False,,91a8004a0a7c180905576281b2b9ff47f727872cd7e4500a8f326b62eafd48c0,e894cf693498cb65
dataset/gray_blight/image_0_3295.jpg,2,gray_blight,256,256,5943,True,False,False,False,,e0bab37addaf4bb93525bed98299695b28f964b8bb12a892fa28b61b766cd46b,aa80d57b0aa5bdd2
dataset/gray_blight/20211227_165106.jpg,2,gray_blight,256,256,4180,True,False,False,False,,0e3cc25875cd1a221eda8224dfde6b2a24ef2db0fcf3151ddce66ba95fbf9856,bd8ac22f2dd0d20f
dataset/red_spot/image_0_2232.jpg,5,red_spot,256,256,5940,True,False,False,False,,c9d44c0b330fbe9976ef54cab27f25e019581286cbb492cce53ec03d7ed12601,fbc0841f7ff02087
dataset/helopeltis/image_0_2119.jpg,4,helopeltis,256,256,4353,True,False,False,False,,cb791ba2facd88527866e4bc81f511ac10df556196d6c1939bbf80bdeba868af,e4c59a3065cf2ecc
dataset/brown_blight/image_0_7478.jpg,1,brown_blight,256,256,5047,True,False,False,False,,068ceaab084054f195a774d0e625fbf4cecdc4d5f8dd31ac917276c7a889caab,ac3e9bc1e4d06333
dataset/brown_blight/image_0_841.jpg,1,brown_blight,256,256,5569,True,False,False,False,,cfc7e3072f1f9e30461a2a0a019a464e48d7563e27b8df5ebb25569dab9d5aa5,b498cf67321a6d98
dataset/helopeltis/image_0_4042.jpg,4,helopeltis,256,256,4945,True,False,False,False,,fc6a3908c062b2f668554ad31e345d4355b16aaffe3a2c0105a5ddffc79426fa,ad92c26d349be1d8
dataset/gray_blight/image_0_182.jpg,2,gray_blight,256,256,5494,True,False,False,False,,424e2b8d805de708c9728e65267151c50154c0a182a81ba5bed4b084fe75ec6d,fb94c06a2fa478ca
dataset/healthy/20220101_101157.jpg,3,healthy,256,256,5400,True,False,False,False,,f2ca486beafa87f73d4b5f061382c54b92098463251e95286ba5ae8432325567,ba6f95d05e1ba160
dataset/brown_blight/image_0_5583.jpg,1,brown_blight,256,256,5557,True,False,False,False,,71bed5c02ad11a8e02b6d8a2b0825a3e384f19e4004c22db9471280b93212d3b,bdc9c2362d61628f
dataset/helopeltis/image_0_870.jpg,4,helopeltis,256,256,5459,True,False,False,False,,a7f505ddb2d047057ac32437e7d9891f72b3be652ecc6f965bfb8da9137be262,e3489cb6c84a6dcd
dataset/healthy/image_0_1598.jpg,3,healthy,256,256,6181,True,False,False,False,,6b7790e8764f250a7837e366bdcc93e43a54cc2fb06fee390c650b8921a9fccc,abead0952d7a7680
dataset/red_spot/20211227_163301.jpg,5,red_spot,256,256,4832,True,False,False,False,,7376cb374ccd560af180aad63463bb28e37b9227b26f3ca5167014b8e3579fdc,fe86c0e96f1a30a5
dataset/brown_blight/image_0_3281.jpg,1,brown_blight,256,256,6692,True,False,False,False,,f3330ae405915923dc8aaecf040a729e6f6c92c904fda54bed10b9c4f3c2038b,fdf4808b5ed82165
dataset/red_spot/image_0_1288.jpg,5,red_spot,256,256,5174,True,False,False,False,,7687f5443ebac35ace9d9a2326cb22a67ef0779f46cb11cba92527cbf28bb66a,a894c76b78b4329b
dataset/brown_blight/image_0_6389.jpg,1,brown_blight,256,256,5818,True,False,False,False,,02a8f3f640370f3fee626c56db9f44b90eec297bd3dfcfe86397128bccea04f3,f4b09acd67326991
dataset/brown_blight/image_0_5965.jpg,1,brown_blight,256,256,5062,True,False,False,False,,5cced71bc11afe47d501a99d3301cf4baf13465a6b1cf862247096c834290ffe,bc9ac365309e63d1
dataset/red_spot/20211227_155715.jpg,5,red_spot,256,256,5057,True,False,False,False,,0ecee615b7fb668f6a3c01b479cd8455ab3f919aea6dc850b1b58f2f0bb8eea3,afc0803f2ff0b48b
dataset/gray_blight/20220101_114516.jpg,2,gray_blight,256,256,5254,True,False,False,False,,4db29161a4b9a37a9fed89925a4284f8f521bb56cfef06858998e2a48948571a,fe80d02b6bb483cb
dataset/brown_blight/image_0_4613.jpg,1,brown_blight,256,256,5125,True,False,False,False,,03e691d0bf91fb05eb2a7ec42705bf361bdbaeb4d24968ca3b1cee946427faac,e8cb873478cb853c
dataset/red_spot/image_0_3038.jpg,5,red_spot,256,256,5596,True,False,False,False,,d8e6d6d4064d3d469924c506119bd75913c525b57e407ba263c0abb111766118,ad94d2e865b73219
dataset/helopeltis/20220101_100811.jpg,4,helopeltis,256,256,5557,True,False,False,False,,a7521e634829fd37570fcefcafc567ec46b494ab1a4d739fa2777a6048462994,bfc0913f4af02587
dataset/gray_blight/20211227_163659.jpg,2,gray_blight,256,256,4643,True,False,False,False,,875503b0022a3b58bacfd7e7b467f908f9ec20268701807a936a7647410d087b,e9a696993862e5a5
dataset/brown_blight/20211228_153803.jpg,1,brown_blight,256,256,4596,True,False,False,False,,c90af15b895d9a6a20972c15ec565049f6198f49c5ad01d2af2d825d274054e3,e86895857a7ae1a5
dataset/helopeltis/image_0_1305.jpg,4,helopeltis,256,256,4236,True,False,False,False,,76987bbe945e5c1e9f4ecb632a932558c672a40eb1ab64e869aa2c86d4f6fddb,b418cfe736989964
dataset/brown_blight/image_0_5987.jpg,1,brown_blight,256,256,5451,True,False,False,False,,126e169b7c4da305be443ed045d5b020de069df3191e304af54b9cb31ea53470,e3a59e1bc9958c4c
dataset/algal_spot/image_0_418.jpg,0,algal_spot,256,256,7434,True,False,False,False,,c07d2190c10ea9ba826b08ecb412077f2d71df8204cc46612a2cea47c65923c1,eabd95c0688d6731
dataset/healthy/image_0_3498.jpg,3,healthy,256,256,5264,True,False,False,False,,7eb89edaff58305d058c796d0abf5bc78742aed801a26c7065f6b790f83ca4cf,e1ce9c31676a4cc9
dataset/healthy/image_0_1112.jpg,3,healthy,256,256,5374,True,False,False,False,,4984d2492828df839fb49d300eda14bf19442ad44d342fab609ee0d8c5e7342f,ece1c39e30e12b66
dataset/red_spot/20211227_161122.jpg,5,red_spot,256,256,5039,True,False,False,False,,22abfbcf8cee337a639af6d5c153c978e8096d9b9f4080304ef05218373caecd,ea84953a6ae18d9e
dataset/brown_blight/image_0_1054.jpg,1,brown_blight,256,256,4943,True,False,False,False,,1b2066e87f20b47b66c5aff693aeede06234f696f9ad952307b66a6c1fb28039,fad2852d7ad2c12a
dataset/brown_blight/image_0_7669.jpg,1,brown_blight,256,256,5527,True,False,False,False,,25d6a4774ed516ee40fb10887909621461b6d2cb3dc5611b4a2ff020e78057e4,f760c81f71618f92
dataset/gray_blight/image_0_3566.jpg,2,gray_blight,256,256,5592,True,False,False,False,,d12066d33a73646938346b5c78ea47d1d64b0edeed11bc8f0d518d4b7d4b8147,e98e906bc63c9336
dataset/algal_spot/image_0_1554.jpg,0,algal_spot,256,256,4897,True,False,False,False,,ae1cd3b97f10dbe1a98bad2ef72dbdcc7335d9e101db08a028afeea66154fb4e,bac0d43d69c2963d
dataset/algal_spot/image_0_3718.jpg,0,algal_spot,256,256,5828,True,False,False,False,,c67850ee5be9d83465fd2319200e9846c5ef8ab19fbcb1ee11cbe7e35b7aaae7,bf97c0682d1532da
dataset/red_spot/image_0_2561.jpg,5,red_spot,256,256,5426,True,False,False,False,,16433f936b535faa40e72ddaa6f4e7a65d92d5b7c9f358d3cca5c01f10a544b5,efe0c0973cc83366
dataset/gray_blight/20220101_095202.jpg,2,gray_blight,256,256,5558,True,False,False,False,,1a8ec1eb5ee5968d1bc1b9bcdac2cf2e1f20ac03e50692817e31b31019e167e1,aec0913f6ec835a3
dataset/helopeltis/image_0_979.jpg,4,helopeltis,256,256,4789,True,False,False,False,,7cb1a878c9a755d4b810b2284ff07722827689fde17fbbdb25874652399f1f06,ecc1973e68c1871e
dataset/gray_blight/image_0_320.jpg,2,gray_blight,256,256,5798,True,False,False,False,,0bd133407e850ec10ff36b00568adc01317b65dbdf116d0215d6460aa48ba762,fa6a85953b5ae025
dataset/algal_spot/image_0_679.jpg,0,algal_spot,256,256,5547,True,False,False,False,,ea10a4d4a0ab262c45a36802a1c96d8d1c0594ea72a7e74dfc9c1410f7841f46,e8bc97c37a1e2530
dataset/healthy/image_0_2959.jpg,3,healthy,256,256,4992,True,False,False,False,,502945fe676ac0bf93cfeac30f39c2b80270ebb1b61015271b2ffa3a1cecdf8e,b01acf6792663359
dataset/helopeltis/20220101_092017.jpg,4,helopeltis,256,256,5179,True,False,False,False,,2ab46ef6b7add26ea1850db9ab9a512ef1ef7debd44dced06186ebf1aafb9479,f881857a7aa534cb
dataset/helopeltis/20220101_121454.jpg,4,helopeltis,256,256,5489,True,False,False,False,,a65e510359d389f8eef96ef0dde667a1d66cebeaff46c1e2cc527edd97cb3e1e,ff81d07a87a0da70
dataset/helopeltis/image_0_3667.jpg,4,helopeltis,256,256,4682,True,False,False,False,,d25a5ca2f23af8502ddc22a9c5437c44904ea1960dafc0bfe714081cc06c9a1b,f219cd6633398cc9
dataset/healthy/20220101_101839.jpg,3,healthy,256,256,5086,True,False,False,False,,c99a225b7cc462f7a7f553f50086ce9d7c620e7799adf5aee49d8c24ac0765b8,abfa94957a4aa521
dataset/healthy/image_0_3546.jpg,3,healthy,256,256,5155,True,False,False,False,,44e758d3931bb1d970809766a41d35d0c430b8041a6c9c62e325e525cf94cef9,ea6891b56e58f02d
dataset/gray_blight/20220101_114840.jpg,2,gray_blight,256,256,6860,True,False,False,False,,f973bcace60fb41ffcf5441dee947d05d4a53d7d23bb47c5c8104994134ee77e,ea95c46a1bb174c6
dataset/gray_blight/image_0_2829.jpg,2,gray_blight,256,256,5700,True,False,False,False,,b13df77f62decdbe900ffb13fd5e3775a13939a10edd9c9ffb7c9e742a142a8d,af94d06a2f9550da
dataset/healthy/20220101_104031.jpg,3,healthy,256,256,4637,True,False,False,False,,21be61dcdc1e22e7eda550c8c0b1a113b46fe969b74db7b8c5f6e572c214a305,ab6095957a5ae1a5
dataset/algal_spot/image_0_1593.jpg,0,algal_spot,256,256,6030,True,False,False,False,,945828b8317850cca0d510154c1a30be30d5018bbb4e26f1505bd80806307163,fe6a80811f1f7878
dataset/helopeltis/20220101_113931.jpg,4,helopeltis,256,256,5064,True,False,False,False,,77d14cd203adfb9368a25c701cbd42cc15758937aa3fdfc75026b8b0add48d39,ea86953567c838d3
dataset/healthy/image_0_1371.jpg,3,healthy,256,256,4366,True,False,False,False,,93fb1c1563bd7319d6d28e50cb225aa514bbb1fc587a3ba5ec4bb6678dcfef71,e8999797686a8785
dataset/red_spot/20211225_223433.jpg,5,red_spot,256,256,4398,True,False,False,False,,29b7e2cc5f13df6807c49765bc3f459820b07bdb3fb82fb05b0c0541cc4803df,a03887c76c7893b7
dataset/red_spot/image_0_2341.jpg,5,red_spot,256,256,5754,True,False,False,False,,9d8df103aa471df3608a36d101a1184947ee6783c99e4abb6d42d0c8b513c2f4,fe94c1683f85d0d8
dataset/healthy/image_0_344.jpg,3,healthy,256,256,6227,True,False,False,False,,f3a205f0f63cc524918a3c98445c815a4d38b1a7da77adc5a3f2d3e133058f76,bf68c097b49819f2
dataset/algal_spot/image_0_4282.jpg,0,algal_spot,256,256,5003,True,False,False,False,,c53883a80667f2e499ea9ed2bf10d6dff0e6e75919d89e2c2d2008203968cc37,bfe0c0973f68d085
dataset/helopeltis/image_0_4347.jpg,4,helopeltis,256,256,5758,True,False,False,False,,d36b442f64cb9a6e6fc427ebb418c68153fd11c02a1eaa30433d39d92fb216ff,f9c69535621acd98
dataset/brown_blight/image_0_5346.jpg,1,brown_blight,256,256,6197,True,False,False,False,,5b757c7e6e59467d790077c898128e2494f3ab61ffca6fc0cbcd3bbda6e943df,aed091067fffa880
dataset/helopeltis/20220101_103712.jpg,4,helopeltis,256,256,5416,True,False,False,False,,634605987731e725974bbbec2535746a7fd7927a8ed428ce54df4fdd1ad88205,eaab95855a5e6161
dataset/algal_spot/image_0_2408.jpg,0,algal_spot,256,256,5785,True,False,False,False,,92a2d8b95e00f5efd810628f5698987340625a98364512dda4a7f7c6c31e97c4,ad12c2e074b67b39
dataset/helopeltis/image_0_107.jpg,4,helopeltis,256,256,5070,True,False,False,False,,fe0f99d7c5ed3ebe662b3aad5193586328ed0aaca6ed3a7b67042a41e1d5ce3c,a4cd9b92664dc933
dataset/gray_blight/image_0_2904.jpg,2,gray_blight,256,256,5316,True,False,False,False,,658b8e6ef8572dbb4180a84b1b1f107c409c148cb83cea941f03c2471af6edcb,fc94c16b7eb4304a
dataset/helopeltis/image_0_4257.jpg,4,helopeltis,256,256,6008,True,False,False,False,,87406447b0f2322895ffbe9bef9b1251169cd9fb9e357edf5bb0794068a50732,eb95c06a3f2198cb
dataset/helopeltis/20211205_155954.jpg,4,helopeltis,256,256,4076,True,False,False,False,,b1070af30ae060c7e7fc47c4d3c808cd39a08ce663f7f6ee6985b93bcf2c9d02,a4999a6665999a67
dataset/helopeltis/20220101_121719.jpg,4,helopeltis,256,256,5766,True,False,False,False,,a2086e4fa26d9eb5994ff7a80f7f9890b93d1bdd571a32cf424147a081b43498,fa81853e68e18fd2
dataset/brown_blight/image_0_4339.jpg,1,brown_blight,256,256,4528,True,False,False,False,,8e8f6b5548bd6a58a1b229ec5959f00503e3e6bcf263672a500a2a212801db23,bc36c3993d659232
dataset/brown_blight/20211225_234841.jpg,1,brown_blight,256,256,4739,True,False,False,False,,c917887d18a8d8b34b57185858c98573648f1c53ea35d4889febc63fc8eff56c,ad96c06d3f94d04b
dataset/algal_spot/20211227_135743.jpg,0,algal_spot,256,256,6183,True,False,False,False,,e815d36070b62413a19e398bf34355482cb83b53bfd1ce09cfd8ef0ea7fc9889,fac0953d6ac0a58f
dataset/healthy/20220101_094029.jpg,3,healthy,256,256,5728,True,False,False,False,,6423cc8526d9114bbcfcf325340f1f21cc53a9e0822c9fb6ca9567e581a5b7e9,b89492698dc767d2
dataset/brown_blight/image_0_8136.jpg,1,brown_blight,256,256,4805,True,False,False,False,,40d701b74d538741940865c661e7c299846a3233321c188d7d89ce366befbbf3,fc3cc2c16f3eb030
dataset/red_spot/image_0_2067.jpg,5,red_spot,256,256,5308,True,False,False,False,,3ab35bd66cd10117b72cdfda32fd6bd738ebdf11a3ccb8a5fbe3dcf0cd1edd4e,bec0818fde5c2969
dataset/healthy/20220101_092724.jpg,3,healthy,256,256,5376,True,False,False,False,,3a9130fa0fcaa1f6f74f330cd9d2fa78b8b9fd6b3f1c7637be5e956d576eea06,f895c06a3fa5708e
dataset/brown_blight/image_0_3866.jpg,1,brown_blight,256,192,3730,True,False,False,False,,52b883b88ed0eb1ede82be90ed64ec606d0c1cef85a2fcf355234849bc6d52e7,a7c898376dc8b235
dataset/gray_blight/20211228_135137.jpg,2,gray_blight,256,256,4862,True,False,False,False,,09cac668fdf72ae66715de3a00e5ecd8d29ec241fe0d943044e501e912a27ae0,ebd5952a68c5871a
dataset/red_spot/20211225_231808.jpg,5,red_spot,256,256,6064,True,False,False,False,,eebf3e1680310556e0c027169bef37eb31f615a4cf18bc47846d251961ff0bb4,ae9490686fb5b45a
dataset/healthy/image_0_3386.jpg,3,healthy,256,256,5029,True,False,False,False,,e11a85ec4c95a040f17608f483dd964a46a182bbf8d61af6d762d38385b8db24,aa95d46a0b217d97
dataset/healthy/image_0_1208.jpg,3,healthy,256,256,5755,True,False,False,False,,41202bc587684322680011bf976c7ccc1441afd1c02961dfab087fc4ba955d8d,aad5d52a4a3dd2d0
dataset/algal_spot/image_0_923.jpg,0,algal_spot,256,256,4800,True,False,False,False,,7cc8aadc7e225ae509210201fc9f75733e5ba292d686899bae9f6dc37b663d36,e84796386bc3943d
dataset/brown_blight/image_0_9988.jpg,1,brown_blight,256,256,6029,True,False,False,False,,c0bc414506379616270788b8ba13d6b737379b00b6783e4c633a7aa0b17fd8a8,ebb494ca2a3dd8d0
dataset/algal_spot/image_0_1425.jpg,0,algal_spot,256,256,6055,True,False,False,False,,7f517283b793d73bb98a13f750c338a22cf7ca863744b86c7a68d81ae43c731f,afc8d0350b7a75c1
dataset/brown_blight/image_0_603.jpg,1,brown_blight,256,256,5671,True,False,False,False,,cdcd7e220fd2e0a521cc57dc2e0879aefaf42a9f1a1b1b62b9945a7c581a08bf,ed96c2693c366391
dataset/brown_blight/image_0_243.jpg,1,brown_blight,256,256,5077,True,False,False,False,,a20479363f2fbada6b85840b912b0bfd7d6f359b12d248122929cbf453f1a798,e5869e3861e63cd8
dataset/gray_blight/20211228_142125.jpg,2,gray_blight,256,256,5720,True,False,False,False,,9934d00317450d61400be47af3f559d4fa353f22396edc3247fc777357748c16,fe84813a4ee0b89f
dataset/brown_blight/image_0_1904.jpg,1,brown_blight,256,256,6119,True,False,False,False,,474fc14edaa71cfe2fd0320434228f4d22bc40f76d0e133ffe16f81d2eb6737f,bf9ec0e035976238
dataset/healthy/image_0_2855.jpg,3,healthy,256,256,6110,True,False,False,False,,53554a839654c955a4d25a4a96f9651f5e710fc9df3c50e4e69b6efe0947ffbd,ae95d26d953a99c0
dataset/gray_blight/image_0_161.jpg,2,gray_blight,256,256,4944,True,False,False,False,,0e74e45b4cd93d1999eab6c5edf58e75e7fc92934548454af1f6b779952887ae,f48bcb3c30c3671c
dataset/helopeltis/image_0_3291.jpg,4,helopeltis,256,256,6528,True,False,False,False,,e240b7c5ee56f2969b9260eb0f22c8f13d547017bad5bc1fd43d6dbef3836d6a,e83095ce95dc6e23
dataset/red_spot/image_0_142.jpg,5,red_spot,256,256,5554,True,False,False,False,,de1eaf720ba9baeec8c9b846add3677d81a36ab43ed999140210a6023140cfc0,ea3d97c361946632
dataset/red_spot/image_0_3110.jpg,5,red_spot,256,256,5602,True,False,False,False,,9eead427952d3601b7404d671eee1b12ccd5e88792f63127278b597d888e8b67,ff84802b5ef5aa82
dataset/brown_blight/image_0_8706.jpg,1,brown_blight,256,256,5514,True,False,False,False,,20c4f35f1b236997db242e93acc5a6690773c38bd6aad8e558b84e9381804050,bc92c2693c36f3c8
dataset/gray_blight/image_0_3344.jpg,2,gray_blight,256,256,6193,True,False,False,False,,ac6e7f9c3f1a71e0c3002c93a92bc1eed8620f857885498470c7fd84f5a5c19e,e7d9d6250972e087
dataset/red_spot/20211227_165233.jpg,5,red_spot,256,256,4690,True,False,False,False,,1232fc8acd9ee21f71ca12988247a9f90312fe4ad645b4aa37be3b1d4774d331,fa80853e5ae1a59e
dataset/gray_blight/image_0_1987.jpg,2,gray_blight,256,256,5020,True,False,False,False,,d60044515630b731fdb857ba50875dd2bb1ecdfdc72490fd1abeae0ed2f5f349,eac0953d68c28f9d
dataset/algal_spot/image_0_2385.jpg,0,algal_spot,256,256,5492,True,False,False,False,,2e15c575d946ea5b156ec55f768d1c10e79e58276b9a2087cd7a55afbf850dda,e83c95c34a89cd67
dataset/brown_blight/image_0_9563.jpg,1,brown_blight,256,256,5638,True,False,False,False,,119f2577f2fbd3ac636e790586a6a6b09390099e736cef17c42dc65ef01c14da,af93d06a3d94429b
dataset/healthy/20220101_094446.jpg,3,healthy,256,256,5281,True,False,False,False,,9e3e4a8bc8efff46de7bd83dbe21c7d5d86e4b4c6f6e8cfd9b69a7f65f0b768d,baa5d1da4e0db470
dataset/gray_blight/image_0_2686.jpg,2,gray_blight,256,256,5183,True,False,False,False,,07f4d7b64cf894e7856cf19d911798cbee7e5081c1553b772886aa3c1bfb5f4d,ed9e9061693532da
dataset/algal_spot/20211227_153715.jpg,0,algal_spot,256,256,4260,True,False,False,False,,e88e8a02684c61ead4f1f8ed7a6525eb9b211d3512b445aae54c8ccb4cd6038d,f498cb643c9ac3c9
dataset/helopeltis/image_0_1910.jpg,4,helopeltis,256,256,5374,True,False,False,False,,64e6feef237f85c994eb12f1975de10ebb11e4a68a0413b764186bfcfa21fcc7,aee1901e3ee0e587
dataset/gray_blight/image_0_3929.jpg,2,gray_blight,256,256,5934,True,False,False,False,,0037c325ad336df79e6174ed8579542b394783a679a52907d7e8cde81bfc3fb8,ef8d90170b7abc05
dataset/healthy/20220101_085948.jpg,3,healthy,256,256,4972,True,False,False,False,,aa6a2d2970c18137c08637f8b8a0138bf688e5445602751a50efb0b687e4905a,fa84853a6ae1b58e
dataset/brown_blight/image_0_7800.jpg,1,brown_blight,256,256,5385,True,False,False,False,,a5112b24fae94d6e2e9c8f350e646f5653c12c3f61581fb88459a1f876912a36,efb0808f7f70e083
dataset/helopeltis/image_0_3737.jpg,4,helopeltis,256,256,4902,True,False,False,False,,c618fc612f0eeef7dd069a281b2b768724f620be79699477787e5e20a9e5219a,a5ce98736630ce99
dataset/helopeltis/image_0_3966.jpg,4,helopeltis,256,256,5203,True,False,False,False,,fca2adca67ec982e0246872bde67b5ab03fcff9084596cc592ffcf013b12f9c2,acc193bc6b60a58f
dataset/helopeltis/image_0_3186.jpg,4,helopeltis,256,256,5211,True,False,False,False,,c6bbf20a8b81bc948ef626245a0999477d0802b2eb8dfcac638c5ffd4e7a1c80,eabf85c0683fb540
dataset/brown_blight/20211226_000224.jpg,1,brown_blight,256,256,5340,True,False,False,False,,4de1b20ef054fbfaae7774a158bde7ab2e1bed39ce59e4451e1f1c7766109359,aa3a85cd6e3a91e1
dataset/healthy/20220101_094050.jpg,3,healthy,256,256,4692,True,False,False,False,,76ad0548dcfcc78529d7785815b214af202480ff021f86440778a019332975ed,afc0d03f6ac0b58b
dataset/brown_blight/image_0_7029.jpg,1,brown_blight,256,256,5458,True,False,False,False,,783cc58654c073ac0f209a174ee56eb8d6518ae2304ab4779afcd52fdd7c8413,bf3fc0e026173178
dataset/brown_blight/image_0_5154.jpg,1,brown_blight,256,256,5296,True,False,False,False,,f884c65d6e2c630c1a4edfe964cbaf88f2397c824445448816e2a6058e4b1bd1,ba8584782fa7f0d4
dataset/healthy/image_0_792.jpg,3,healthy,256,256,6875,True,False,False,False,,dab282c6f60ccfd4ba996d2f834ffdeb1a9b9aeeb5568fc908ab0b277beab42b,bd96c0691f32388f
dataset/helopeltis/image_0_4286.jpg,4,helopeltis,256,256,4597,True,False,False,False,,d83974c2911e1dc7a2c2718ceb226c080b8969f2eb1d7a815012ff1b9f58ca18,f946d63868c3964e
dataset/algal_spot/20211226_103212.jpg,0,algal_spot,256,256,6323,True,False,False,False,,75d5ccd4e175d5fe3c710d36bf2b7877e301dd2d2ceedec5797a5725c5d7a4ad,eaaa855e5f626885
dataset/healthy/image_0_2490.jpg,3,healthy,256,256,5683,True,False,False,False,,58c7dfb1fe5ac4a6f7b95ec2394539602abe5e2e5e5d62a4416197a3da38b199,af95ca69351a21dc
dataset/gray_blight/image_0_1940.jpg,2,gray_blight,256,256,5337,True,False,False,False,,76a7cb237dad3aa1bc32918c63220b85067b4f741427912d34976b7a9d04c110,ebc0943e73e0a89e
dataset/gray_blight/image_0_2525.jpg,2,gray_blight,256,256,5790,True,False,False,False,,1554678eeac83022c7df0db613e89b9978d8655dddf003458b44720b577d1f45,bf12c0693f1b6998
dataset/gray_blight/image_0_2395.jpg,2,gray_blight,256,256,5922,True,False,False,False,,bd9eb455d5740f55385c7645574dec784b266b516d309f5a4776ae76b13fe8b2,e94b9a36c5396e48
dataset/healthy/image_0_418.jpg,3,healthy,256,256,5515,True,False,False,False,,efdd092247de30aab277019fa9a3f597f92a5e9c6fea656dc7968850b072120e,a9b49ecbe5846233
dataset/algal_spot/20211226_103244.jpg,0,algal_spot,256,256,4693,True,False,False,False,,19cfca986498ba7b8dc9d7a5a93f6be20b19431fe1d74ae05859a090c3033044,fbaa84b06e4ab1ac
dataset/healthy/image_0_2024.jpg,3,healthy,256,256,5853,True,False,False,False,,c468803c9d051320f20f46179bebf0ddd3609d4ce583a3111385737ac603fdf4,ffc0913f6860278d
dataset/gray_blight/image_0_710.jpg,2,gray_blight,256,256,5076,True,False,False,False,,924102585afbb3efd2222d01c592925683aeae41447d61b4020289b9e85319eb,e8ce873838e1659e
dataset/gray_blight/image_0_2907.jpg,2,gray_blight,256,256,5910,True,False,False,False,,243068f0a77775e875acd94a2e0cfe82062dcf7b457513205b7464ca683e1727,ba95c46a0bb5745a
dataset/gray_blight/image_0_1624.jpg,2,gray_blight,256,256,4497,True,False,False,False,,054e8fcda1387bd08579faa5a726341175bc831440ef930e45c6c9bc337a098f,e1cf9e30656a64c9
dataset/gray_blight/20211228_131016.jpg,2,gray_blight,256,256,5567,True,False,False,False,,9a6e3b0099f57d1960c6891d3ad6a4bcd027d2f857eb840ffa3852bbba9e2e84,fb80803f6af0a58f
dataset/red_spot/image_0_2626.jpg,5,red_spot,256,256,5563,True,False,False,False,,70cf089fe72f4495c366a61db06db85bc689b43777ca84c1b9268733ea85e214,fe00853f7ad0258f
dataset/red_spot/image_0_3068.jpg,5,red_spot,256,256,6207,True,False,False,False,,4946bfc04ba55280bb79a712be7572f6f86f94fec0a2a35dda698896501f8483,af97d2683d072398
dataset/healthy/image_0_98.jpg,3,healthy,256,256,5111,True,False,False,False,,4b966f255dbb4805afa857033ba2257d124ea5fc40d2fc3d576d94d61cd38687,aad1d52e5afd2a80
dataset/brown_blight/image_0_5031.jpg,1,brown_blight,256,256,5867,True,False,False,False,,31a7961fa3b9f5a0b2a2673cc2f856e38ee79a29a78f61eedb0cac79f9ea61a3,abc0943f6ac2a5cd
dataset/helopeltis/image_0_2490.jpg,4,helopeltis,256,256,4153,True,False,False,False,,5923ce15ebe51ada1e6aa11faa7d00ccfab0df2a3a9eedfff2aaf162734742cb,e25a9d63629c8d71
dataset/red_spot/20211227_161808.jpg,5,red_spot,256,256,4492,True,False,False,False,,c176e15532e168bb4897298e0eaac64ba22e3f7812c01be09d7719a5d1a7aa64,e881953f7a60278f
dataset/algal_spot/image_0_2159.jpg,0,algal_spot,256,256,4489,True,False,False,False,,ebe91e5a2d815e63f3f115f2726b39596e9f7a107129d4dfc154809f597f0646,ec9cc361309e4fc9
dataset/algal_spot/20211227_154625.jpg,0,algal_spot,256,256,5667,True,False,False,False,,01a1bd94ba3c8a5e9ad90b712db33b47b03aaf2e1d5e3802fc3003d89c35baba,ffaac0900f0b5a7c
dataset/red_spot/image_0_520.jpg,5,red_spot,256,256,6251,True,False,False,False,,cc6a9d8187a02c0f66214944e717206d816d53ab3178d977a79bcf01582710b4,fb40843b7af42b8a
dataset/helopeltis/image_0_1504.jpg,4,helopeltis,256,256,5387,True,False,False,False,,da1bd825ca4fe208e5f74356528e2a029ad820c8817670da84789e4ebda08ac9,e996c3693c9643c9
dataset/algal_spot/image_0_2975.jpg,0,algal_spot,256,256,5519,True,False,False,False,,52474bfccf9d0dc751051adf860d0650f12327f3a4cb68681ccefa7d2393c330,e8cb973d61624c99
dataset/red_spot/image_0_3140.jpg,5,red_spot,256,256,5390,True,False,False,False,,a2b0d3512270614a81b63017c8dd57e33a51d0de7e0bfa1acaf60f45d41bab34,e8c3953ce1626ec9
dataset/helopeltis/image_0_3724.jpg,4,helopeltis,256,256,6404,True,False,False,False,,b6e22b690b7d13260130bdc9561ec38cf03d9b3ebc25faef95614d88a2e03b51,fcc3843c7354a798
dataset/healthy/image_0_3252.jpg,3,healthy,256,256,4885,True,False,False,False,,2947aabf9d23a5208b659a6763b8235cc96d87c36550f0b5f8c2e7658b554847,fe94c0682f9570da
dataset/gray_blight/image_0_2310.jpg,2,gray_blight,256,256,5938,True,False,False,False,,4aa63213d803c088add1b7f3d084df2ef3b0e6e85d5a2c9bd296d5c617feb584,bb97c4682d1752b8
dataset/algal_spot/image_0_4144.jpg,0,algal_spot,256,256,5717,True,False,False,False,,b777335c0711ee12f2fa644cdfd0c3056abee38a2dc6263c089825b87b2a3ded,e869c79c989333c5
dataset/brown_blight/image_0_2628.jpg,1,brown_blight,256,256,5304,True,False,False,False,,bef0e88091e6ed5b48ca9738d46f8534b14a02d21bde42e377c56658f70281d3,a8e1971c68e79e58
dataset/helopeltis/20220101_103423.jpg,4,helopeltis,256,256,4172,True,False,False,False,,74cacf3af73dec2f1c5ff7fba09b836236b7d34d052035ce51621553e9d71f54,e0cb9f3869c3961c
dataset/gray_blight/image_0_3620.jpg,2,gray_blight,256,256,5133,True,False,False,False,,3a2f6c46aee9c9c15b419e7cc826b271c2dc63cf7b585710c0a33d2e226bd691,fbc1943e4ac52d92
dataset/healthy/20220101_093548.jpg,3,healthy,256,256,4875,True,False,False,False,,6bc2e7de16f1a407a3c9978724a372716872f74993ab730d0068c1192ed576bc,ff40c03f2ae0b50f
dataset/brown_blight/image_0_2612.jpg,1,brown_blight,256,192,3098,True,False,False,False,,d8df52e3ef967f3124effa511d1d32d32949d036b9b688f9ca49dc09728b9c3a,e59aca653096e539
dataset/gray_blight/20211228_151439.jpg,2,gray_blight,256,256,5074,True,False,False,False,,2c97f602d1f062b9ad644178c4a4a3c223d4e0fd608fcd85c796eed546958944,fa8285793ae0e09f
dataset/healthy/20220101_102517.jpg,3,healthy,256,256,4877,True,False,False,False,,a3024ec1228d5b7df0e962fcab15368508128d79f46083e45bf5ac86e23b6628,aac0953f6ae0a58f
dataset/brown_blight/image_0_4811.jpg,1,brown_blight,256,256,5097,True,False,False,False,,cb838dbdee6b9b2537bb2a0f0b2d2f2a3fd85f56cdd9c971dd197e2c25bcce34,bfc0903f60ca97b4
dataset/red_spot/image_0_2030.jpg,5,red_spot,256,256,5184,True,False,False,False,,649fb7e841a292de152fc542624e70eb20b8190e759749eb6b825adb5a60611c,f8b3c2cc2f1bb070
dataset/red_spot/20211227_165153.jpg,5,red_spot,256,256,4442,True,False,False,False,,4dab3d6e9f78b13fe1af0c4d2334d6cbe1ebce43946f73743ae7d94be5caf760,ff80c02f2ff0f00b
dataset/brown_blight/image_0_2546.jpg,1,brown_blight,256,256,6021,True,False,False,False,,b136b0c3ef32e2f76893beb947541ab21c8c48978efe2e37fca0977563b8f1b5,f8c7853e606967a4
dataset/helopeltis/image_0_4275.jpg,4,helopeltis,256,256,4352,True,False,False,False,,95f9f7e4ef2b9b791efaca300f059e772372ac4ec9d8cb9467eeba49f90eb910,e193cd4c323c7393
dataset/healthy/image_0_1088.jpg,3,healthy,256,256,4889,True,False,False,False,,19d1e1c0883d4c67afa8ab28578443c475297cb49ec4c2b601f769989ea1dccf,bf90c0682f95f0da
dataset/gray_blight/20220101_112903.jpg,2,gray_blight,256,256,6522,True,False,False,False,,2628176dd0812aac370a0e5a0e940c21a77a95c56d00a1df78f8b2376b41ebd7,eaf2850d5ef86885
dataset/helopeltis/image_0_671.jpg,4,helopeltis,256,256,5274,True,False,False,False,,8766d3adcb5f3a91d9c819eefb0b125dba9c29805ae0d1a243357c10459159b6,ad92d2693fc2609e
dataset/algal_spot/image_0_2080.jpg,0,algal_spot,256,256,6444,True,False,False,False,,3e2b3b6de19bc95c3508a8a9cd484a2bd1fdc41f397a6da4031168608e1da8b9,aac8953f7a60458f
dataset/healthy/image_0_1521.jpg,3,healthy,256,256,4914,True,False,False,False,,5fe01d8041ec960a648c37e34578a724d8b285fd9375f7a2a78b6b010f276487,e1cf9eb061c3664c
dataset/brown_blight/image_0_4045.jpg,1,brown_blight,256,256,5648,True,False,False,False,,695a1097a1696776ac4f7fe76a4d89e7be8489d1a8010b3e0ace422582dc8c80,a9c0961e79e1654f
dataset/algal_spot/image_0_1508.jpg,0,algal_spot,256,256,5624,True,False,False,False,,393998144638cd1d706fb9077d925d34cebedbb7a38904ef0510cbb7b2e57329,bf95d06a2f85301e
dataset/brown_blight/image_0_6413.jpg,1,brown_blight,256,256,5301,True,False,False,False,,423220d1a9b2361663720c26924e4725e6640637051e13de0dff5d01f8af0155,f592ca4d361bc9c4
dataset/helopeltis/20220101_101757.jpg,4,helopeltis,256,256,5514,True,False,False,False,,1c72737e98f3acc697f8e3723e0da5eb9ed344cdcecbb592b2bc8ee32eaae8ec,b199836dcc666c96
dataset/brown_blight/image_0_5660.jpg,1,brown_blight,256,256,5969,True,False,False,False,,e35072d7b561eed78b3b3db5612d3fadcaaa4171f2aadaff995d1324954f8bf5,fe91c0682f9738c9
dataset/brown_blight/image_0_1977.jpg,1,brown_blight,256,256,4914,True,False,False,False,,9e8034843132a4300f1c5c1554f8b92eabbcefc17335826721e0f268378ec68c,b49acb65381e63d1
dataset/healthy/image_0_3382.jpg,3,healthy,256,256,4690,True,False,False,False,,9e87113e34b069c5d7ed045bd76193f495eece0661891cb0d32f1fff9fc7ad0e,a5909e67319c6b99
dataset/gray_blight/image_0_1077.jpg,2,gray_blight,256,256,5383,True,False,False,False,,8f0f702a138a34e9026465a422a4b6f994c16997e7c6983c373757d0457a576e,bf9ec0682592399d
dataset/algal_spot/image_0_1959.jpg,0,algal_spot,256,256,5346,True,False,False,False,,a3eee1864317e995db10538ce6ead47090d0fe5e4d67ca6244e7df3d3012d926,bdc2c22d9ed0c987
dataset/red_spot/image_0_1898.jpg,5,red_spot,256,256,4924,True,False,False,False,,8a7864cf58efef403d9cc7793267b994641c98fe26a6d72bc4acabf9ea1f0d47,f492cb65349a8b69
dataset/algal_spot/image_0_2780.jpg,0,algal_spot,256,256,6983,True,False,False,False,,305fc12d641ed565efbe32bd78a3c5080da451297508620b827b9539c658139c,bc9ec269cc679286
dataset/red_spot/image_0_2621.jpg,5,red_spot,256,256,5660,True,False,False,False,,69cda6582d427be359edda0ac90a483a2ef02367f5a3637e91d3e1f1b6192595,bef2810d7b72a489
dataset/red_spot/image_0_2200.jpg,5,red_spot,256,256,4583,True,False,False,False,,bdf536ac87133ac06f82348e30bdce32b051ca9a4890335915a1ba63e9f3a129,fac2953d60c71ca9
dataset/brown_blight/image_0_8724.jpg,1,brown_blight,256,256,5757,True,False,False,False,,7c58d5defe9af2a6effb8e839d3e654e11bf5c182acb5c174ffdb9cd6624008a,f49acf61301f99c4
dataset/red_spot/image_0_2470.jpg,5,red_spot,256,256,5067,True,False,False,False,,291ee29e46b499233ca83dc6a7e4b7f20b385ba3ecdf3b81246a262a745fb3b1,ead5952a7ac1e01e
dataset/healthy/image_0_2954.jpg,3,healthy,256,256,4539,True,False,False,False,,de24ed84860a51b0a59adc8205fec81354cf009b6995274b383ac4bdf43e5f22,e89797687887c25a
dataset/algal_spot/image_0_3113.jpg,0,algal_spot,256,256,5985,True,False,False,False,,d56074dc6a008ac748ff72eb8fab11b9d19fc2d50b010ac190b23ab78752ac2d,adedc21ef4117704
dataset/helopeltis/image_0_1345.jpg,4,helopeltis,256,256,5918,True,False,False,False,,d2e07ce40725c43c2ebfca6fa1db6048d2b2c6df7f75380001609f7e73204878,fcc3873c604b33c6
dataset/algal_spot/20211227_101227.jpg,0,algal_spot,256,256,4559,True,False,False,False,,1a9cb16e6a7bcb49edbddf83029737164c33e6555428564c317e8359c130f2a6,eb86946a7a85e15a
dataset/algal_spot/image_0_1763.jpg,0,algal_spot,256,256,4135,True,False,False,False,,d6bf7816c552082cd928a4724902824b87d5d41346c159ecbaae910c6a78394a,e8da96696896a578
dataset/algal_spot/image_0_112.jpg,0,algal_spot,256,256,6570,True,False,False,False,,8d6d64866118eff77e096b9dea44be2fcfd06e77e067dea47027f6573a6310fd,aac2853df0d027ed
dataset/brown_blight/image_0_8643.jpg,1,brown_blight,256,256,5692,True,False,False,False,,c1df2d8d394906652ad26adeecccb67e334c591fba61cc18e2bbab3af2d097c6,aac1853e7ac1873e
dataset/algal_spot/image_0_4147.jpg,0,algal_spot,256,256,6928,True,False,False,False,,e5b8dd3ab2f60829c38a7bc8f2de9baf20f3f832cd096b14b2c9723bf94399cc,efc8d0972dc87245
dataset/algal_spot/image_0_1314.jpg,0,algal_spot,256,256,5462,True,False,False,False,,1eca0a5f5566019e4f7af9033f992a6506e5e0660eb796a203269daa33572e75,aa95c06a35966add
dataset/gray_blight/image_0_1026.jpg,2,gray_blight,256,256,5403,True,False,False,False,,96707e2d612cd4387ccc62081ea7aee9c6cdb4d58d73d2bbd1789c5f94e5b625,bfbbc0c04b873538
dataset/healthy/20220101_093034.jpg,3,healthy,256,256,6523,True,False,False,False,,68d763a656aeb08133130d2e21bb5c870fbc4800ec16aebf890fc42fb0805acd,eb68c43d5ad02d8b
dataset/healthy/image_0_14.jpg,3,healthy,256,256,5292,True,False,False,False,,0ed49a3417b82fbfee7a38af3bce06d757a2a6a01629a302a5a783e8033186fd,ae95c06a2f25709f
dataset/algal_spot/20211227_132340.jpg,0,algal_spot,256,256,8454,True,False,False,False,,2e392badb215ae63d8148ee9f9de4fe374a402aed9ff5195abe245c4f352e9e0,bfcad0940b5a3c2d
dataset/gray_blight/image_0_1603.jpg,2,gray_blight,256,256,5190,True,False,False,False,,7da74e74cc76fa311077b3011a4129d19a6017db5eff679beb44ba59808c97b9,fba0c4356ae8b554
dataset/helopeltis/image_0_761.jpg,4,helopeltis,256,256,5685,True,False,False,False,,a5ee097c3cfa9168c59c61e1dd1280107c89addbf5e19565ab3744b7dcca58b6,bf97c0683ea57092
dataset/healthy/20220101_094716.jpg,3,healthy,256,256,4996,True,False,False,False,,c65ff1167036e70adf450e804c8953277b6242fdca5952eaf7291e6f3daf910f,b099cde5cc668366
dataset/brown_blight/image_0_3706.jpg,1,brown_blight,256,256,7309,True,False,False,False,,26a88349594d8196262afa1887db7e66af173d6331a564d344d2ac97cbef2baf,aa7995c4d09e0f5a
dataset/healthy/image_0_1253.jpg,3,healthy,256,256,6257,True,False,False,False,,17141cc97a830d38171d0bc574dff4dc5cb86dc58622a778217e3dfe2d7e8027,bd96cb61b4663318
dataset/healthy/20220101_101732.jpg,3,healthy,256,256,5673,True,False,False,False,,a894a8d819c5d9a84260ee1a9a514453ed1dea521b92fd335717bd9b17c69f9d,b099c36dcc668e66
dataset/algal_spot/20211227_135631.jpg,0,algal_spot,256,256,6351,True,False,False,False,,84553159952636617cb7d1570c905c3879d1775f1ead034b19d689eb2882bcf9,fec380bc6f4324a5
dataset/algal_spot/image_0_1747.jpg,0,algal_spot,256,256,5649,True,False,False,False,,d7cc24793f245a7db0d29f4feeda5fe30dcc17698fae5008ef35b79c94c87c46,e882973c6ac3a59e
dataset/brown_blight/image_0_9336.jpg,1,brown_blight,256,256,6812,True,False,False,False,,d571b64b45b0079f562d6a8c3a1f3c27821e2013c8f1ca973008af3ecd87b51f,ede682015efb7920
dataset/gray_blight/image_0_417.jpg,2,gray_blight,256,256,5584,True,False,False,False,,e6be44a8a4e62518f9c026bcc8ec6bfab0440991d8925ca6af4deb4bb0279877,f2c9873648e0b38f
dataset/algal_spot/20211227_151720.jpg,0,algal_spot,256,256,4758,True,False,False,False,,8d3c536880d1e0179027de3db2b64ef6f51ec0e8fbb6aec4921dae6792f8d707,efaad0952b5a7025
dataset/gray_blight/image_0_3250.jpg,2,gray_blight,256,256,5576,True,False,False,False,,44876f63a8adb1447906ca170cd26581b20b035db65c7b3116a26e45d16ec571,b4e5cb9ac039e32c
dataset/helopeltis/image_0_2818.jpg,4,helopeltis,256,256,4889,True,False,False,False,,69715aa4f83579e7e5a2fd276fea191e9a2140253c266eadfe70f8b094df9acf,e78c98335b266d4c
dataset/red_spot/image_0_1112.jpg,5,red_spot,256,256,5753,True,False,False,False,,b4204da8ef9df9dd0265a533e38dcf0628608c8c18c72f2e6b560ea51852456d,fc61c23e34c19b96
dataset/helopeltis/image_0_3615.jpg,4,helopeltis,256,256,7542,True,False,False,False,,2106808314661525ae6e561a9d98bb88030e5780c6ecf8834e031bccbb360750,af34d0c60b8b9d1d
dataset/brown_blight/image_0_7310.jpg,1,brown_blight,256,256,5710,True,False,False,False,,f6c14849ac9416e537ec26e11f8adc549ff29b3ea77232667ebf1135438a8984,b0e3cf98636f4892
dataset/healthy/image_0_1601.jpg,3,healthy,256,256,5337,True,False,False,False,,a38f1a8dd6b271a4870b5189092bd9b6cdd59ba98323b2cd04b160697bfa3a24,ff96c0683d164a99
dataset/healthy/image_0_1266.jpg,3,healthy,256,256,4512,True,False,False,False,,65f6f13a8294e57682e7fcdefcbaa9491213ba499af5656dad68326ef83195cb,b89ccf61341a3b99
dataset/gray_blight/image_0_548.jpg,2,gray_blight,256,256,5917,True,False,False,False,,70393c695b96e1c4cd34a3d4e8385dda9aeb7faad13419342e30b2177b78cbbb,fa97c5683c273298
dataset/algal_spot/image_0_4307.jpg,0,algal_spot,256,256,6482,True,False,False,False,,7e6206a1eb8618aeb83cdbe84d2e0df260d74c8cf9b29f1eb82d97ad15be83f6,aa95c06a3f8550df
dataset/algal_spot/image_0_3906.jpg,0,algal_spot,256,256,5772,True,False,False,False,,6acd0325abc4b2e5ab5e6055fbfd210014f8b736998dfd879dd412fe9a3053df,ea95c56a3d1d5291
dataset/gray_blight/image_0_2337.jpg,2,gray_blight,256,256,6171,True,False,False,False,,c3ea16dc043b953ab940779194622de77f07a814be29ec246164b6d0a5afa662,e8c3943c5a626dcb
dataset/red_spot/image_0_122.jpg,5,red_spot,256,255,5414,True,False,False,False,,69ea6de759dfe5972128158f21bc7ea0921efd9f88cf3165c201363cfc4f6c2e,bae3c983cd1bc681
dataset/gray_blight/image_0_1343.jpg,2,gray_blight,256,256,5694,True,False,False,False,,80f8f7ba965f6f24bc5f0b9db32134c185fdf7432dd947558927246049093d9b,e8979578c7259a61
dataset/helopeltis/20220101_102859.jpg,4,helopeltis,256,256,5218,True,False,False,False,,2b5b1d13c4bcef0af173a54a155cf39ef81b188fc96a296a3f1412f3a7d03875,eab895e5781e61a1
dataset/gray_blight/image_0_571.jpg,2,gray_blight,256,256,4533,True,False,False,False,,af664a26b2747a5280e57521b2eaa25c7ab55369443773407e1f74469be913cc,bf9ec0603e8f61c4
dataset/healthy/image_0_3721.jpg,3,healthy,256,256,5509,True,False,False,False,,0eb71b8c98a6b834823f36f3db39007004f2f1daf9639328fe68b663e23bbbf8,fd96c2693c26389c
dataset/red_spot/image_0_1212.jpg,5,red_spot,256,256,5305,True,False,False,False,,bf3ee15e753d0bfb850a500a1c079f8a91563143d21728c477e8f5b4662e2378,fac0853f50618f9e
dataset/algal_spot/image_0_3684.jpg,0,algal_spot,256,256,5776,True,False,False,False,,2bfac535aad59a95bdaa42779f4d089bd28915bebca04555aff98d39ec8236b6,ea95c56ab1619e68
dataset/red_spot/image_0_2723.jpg,5,red_spot,256,256,5438,True,False,False,False,,36da018147d02496f7abd0df925fd67d239426b2c8e23d07beb89c4a7ef3a0e5,fac0953d62e0af98
dataset/red_spot/20211227_160235.jpg,5,red_spot,256,256,4799,True,False,False,False,,8b86631fb327395c6cee25f5ff4c300ce500a06b139325c92f17f4fc1011f182,eac2953d7ac2a18e
dataset/red_spot/20211228_114808.jpg,5,red_spot,256,256,5076,True,False,False,False,,8697bc3bfda6a0275a50932edaa476a8b0352075fe26d72cba49d7130dabf19f,fe85906a2fa4f0ca
dataset/helopeltis/image_0_3782.jpg,4,helopeltis,256,256,5561,True,False,False,False,,35e94983dbb5e8547a20c6823703b878ad5b56ff8072968a929f9cfb8b67ddc5,f89c8763789c5b48
dataset/algal_spot/20211227_152816.jpg,0,algal_spot,256,256,5643,True,False,False,False,,7cb7f28b410d6f6c01626e4808d01c2e6f264deac0d6abd08a6b379ce55297a2,bf2fc0d04b4b252d
dataset/healthy/image_0_2554.jpg,3,healthy,256,256,5070,True,False,False,False,,4e9b7a85ca5f75bb0829d406883d9964974a37f363153047782436345552cf75,ea95c06a3dc0da8f
dataset/algal_spot/20211227_110231.jpg,0,algal_spot,256,256,7411,True,False,False,False,,41d954dc9fc18b8411b57612667c4e63f7ac1a939d3f5449751945c62aeaeb2e,eb94956b4b3d24d0
dataset/brown_blight/image_0_9023.jpg,1,brown_blight,256,256,6958,True,False,False,False,,860a5715bbbb09e5350d248cb63940d305fb5f2443fc8e46f51f7f9c175e5378,eec89934e18f6c49
dataset/gray_blight/image_0_247.jpg,2,gray_blight,256,256,6251,True,False,False,False,,cd373711b85e9066184b38f5fcb043c3a5a9713a4f88f90453601ffffb89cb0a,fa6685985f76a822
dataset/helopeltis/20220101_105753.jpg,4,helopeltis,256,256,4451,True,False,False,False,,9d00c18acb14688d12b268f189ff2639968cd3557ead165e656f00973ac66b93,e3159c6a3198cea7
dataset/gray_blight/image_0_2003.jpg,2,gray_blight,256,256,7040,True,False,False,False,,fa809cce44faf5a1f27b77f5c7e51c75c6d57923368075bf2c4edd4206f6a866,ebca9635e13b4419
dataset/brown_blight/image_0_8252.jpg,1,brown_blight,256,256,5088,True,False,False,False,,0a6d7d094a9e7bd287554b247fc02b1801dbbfab9aca5e08d6e6603f0ddca914,a9ca963469cb9e34
dataset/gray_blight/20211228_134605.jpg,2,gray_blight,256,256,4717,True,False,False,False,,63405797db890bcab425db9bb0d5e54a53395dfa5006c6bd701c541dfde22ee1,ffc0d03f2dc0943c
dataset/gray_blight/image_0_2827.jpg,2,gray_blight,256,256,6550,True,False,False,False,,1514a442eb55a1dcc242705c827c9eaaf219fbe4041d705a44d4c28004c2cfa6,fe95c03ea5f08b21
dataset/brown_blight/image_0_8568.jpg,1,brown_blight,256,256,5704,True,False,False,False,,bb068edfcc8171a3f256c4179d01f0f09ab5c932fb318d76ad4f43e31385e69e,eb84947a0ea5d0de
dataset/helopeltis/20220101_102119.jpg,4,helopeltis,256,256,4583,True,False,False,False,,d72b8cec5dac582820ac6a725e95401431672c6dc8ee5f0c8c1e446686166955,b4c78b3a656326cc
dataset/gray_blight/image_0_2482.jpg,2,gray_blight,256,256,5312,True,False,False,False,,94226f683f08e3e03a6d500b6a39225448974b5e1580ef54b19ea1d49e3cc599,b8c39e34e12b66cc
dataset/brown_blight/image_0_1364.jpg,1,brown_blight,256,256,6204,True,False,False,False,,51fd6c69b189b7223324a6b19ef9b67ec477504646b8028412a52c20add3b996,be9fc0603d175398
dataset/healthy/image_0_1912.jpg,3,healthy,256,256,4842,True,False,False,False,,8064bb81dc9b6b09ff9ea14c2fc833e366c1c48b3e4770b8c46f9ac68e8a0622,bac0953f6ac21de8
dataset/healthy/image_0_3704.jpg,3,healthy,256,256,3973,True,False,False,False,,5347e04625fddcaf0b75890589bff079feac3f46cfde23dfca565420172624ad,e89687683c97c378
dataset/gray_blight/image_0_725.jpg,2,gray_blight,256,256,6691,True,False,False,False,,37b1ff7091689bab74e9ab29b145775f9639dfd5172d2f7c1f8b30e4a2ea05a4,ff94d0684fa43c1a
dataset/healthy/20220101_103600.jpg,3,healthy,256,256,5300,True,False,False,False,,273dc48ac42242835f66057ffbac711494e302ff80911d7d548abc465227421e,edc0963d68e2278d
dataset/helopeltis/image_0_3491.jpg,4,helopeltis,256,256,5527,True,False,False,False,,86a1a998e65bbc643b841b2caf09fac3ab7b4797a54b0c1ce88bbb0dea339c21,ff81806c2fb4b0cb
dataset/gray_blight/image_0_536.jpg,2,gray_blight,256,256,6131,True,False,False,False,,b89e2b7141be8bbfe2237b770a5ff2c5e677dd8274256b6435856ed11538b232,af97c0683d975298
dataset/algal_spot/image_0_2178.jpg,0,algal_spot,256,256,5707,True,False,False,False,,c9348f89d58899a9f0f16ebd79a392b11df6548ab9843b5b782f8ffcd7f6d7b1,eea6d0c82b25f472
dataset/red_spot/20211225_230956.jpg,5,red_spot,256,256,5130,True,False,False,False,,6e3e50b5c5c940cd56eb8873780878d8a677283126b8fee3f8c5e626ed964a39,aa9785607a97e568
dataset/gray_blight/image_0_1291.jpg,2,gray_blight,256,256,4964,True,False,False,False,,a477295be07ea89a6363f1fc38fb80b8074f0cefec9a77c036f1bd4bf1d6a672,a8c3953463cebca9
dataset/helopeltis/20220101_105108.jpg,4,helopeltis,256,256,5066,True,False,False,False,,7fd2696d0afe688ae75ca92846ab62fe80c566a1bc12a918c44b7e4139323772,fc91d26e3d94c04b
dataset/gray_blight/20220101_121019.jpg,2,gray_blight,256,256,4471,True,False,False,False,,2e2fa7774b74ebe6bba8da519e1b40bbe6ed5fd57e0606d256087a3dae6520ce,fd82c23d2fc0f00f
dataset/algal_spot/image_0_1791.jpg,0,algal_spot,256,256,6975,True,False,False,False,,0eb2a8162a637e6e84afe69b30158a37a22a37eb145871c355c9eb1e8ee1a809,aa9fd4602bbbb4c0
dataset/helopeltis/image_0_1476.jpg,4,helopeltis,256,256,4596,True,False,False,False,,83c3b19cf94e7d0bd2712be8d16efedc368728e3fc2c3f33c742128f1d5758b1,b596c2793d06f0d8
dataset/brown_blight/20211226_000805.jpg,1,brown_blight,256,256,4953,True,False,False,False,,1e0d82d87b45f6861c785bc6ec25307145b711d4f938f7ae68020efc566f40f3,a83694cf6f3eb081
dataset/brown_blight/image_0_5905.jpg,1,brown_blight,256,256,5128,True,False,False,False,,e4b45b03886bdacc4159f05249668e7f64bad39bb5e933b67549e76c8c59b81d,ed8992366cc93927
dataset/algal_spot/image_0_3001.jpg,0,algal_spot,256,256,7993,True,False,False,False,,c0d15b175e562c08b4ef16b62d9d79d759babdccb9e013ab7f5c092fffc2951f,eac0953d5af0618f
dataset/healthy/image_0_3529.jpg,3,healthy,256,256,4907,True,False,False,False,,22e82b5671fa2ba9138bf03310c711e2bdeba16d902b495a5868ce7dd545d046,b2e6cd18cc39cd19
dataset/healthy/20220101_103803.jpg,3,healthy,256,256,5005,True,False,False,False,,607e4e5d52dfd3ad47f2c910701e923cd45fb57aabad636e3a770962af6e6ed6,e8b49ccbe58546a6
dataset/algal_spot/image_0_2743.jpg,0,algal_spot,256,256,5404,True,False,False,False,,a1ee5125a3e7f400295e0f5e62049fc82f3cca1a439708cf80e6cebf6fdbe698,ed96c865361bc5e0
dataset/gray_blight/20220101_114605.jpg,2,gray_blight,256,256,5107,True,False,False,False,,d4d5bfd2bc7722a90b775125199797994697c980a9fc57e65e801586c3c19ff0,fe9c81c07e35b0d8
dataset/red_spot/20211227_163321.jpg,5,red_spot,256,256,3585,True,False,False,False,,44513c1a5689cb4f2ed6e03887400111a881304f89610fb12a157167918bfc39,e48fdb3025c7d238
dataset/gray_blight/image_0_2333.jpg,2,gray_blight,256,256,4580,True,False,False,False,,7b8e7a03bdd32a64cb704f16a2cc6b469a958285347676ede17206b0a81d8bac,ecc8933778c0a53d
dataset/healthy/image_0_1054.jpg,3,healthy,256,256,4758,True,False,False,False,,0f663f2caf5dbf7a474e30296faa4aa0334283733037c5789d25702552a9b143,fab185407eafe0d0
dataset/red_spot/image_0_73.jpg,5,red_spot,256,256,4474,True,False,False,False,,5ea6bdda73aa55dcf90e95c856cac844b63d3e1a333cb1ca976e16b1ec3e3f1c,a1c79e3061cf9e94
dataset/algal_spot/image_0_2943.jpg,0,algal_spot,256,256,5799,True,False,False,False,,1b6f6c873571709f4c2a0aa045d15162e668ff838650aca4ced8dcc56ecb5e94,afe8c0177de022ce
dataset/algal_spot/image_0_2954.jpg,0,algal_spot,256,256,5357,True,False,False,False,,61d837a078ed7af46792a1a1778a8cc5c7f3a184939ce5df580e0393ced5bdca,e9cb963463c32cc9
dataset/healthy/20220101_120001.jpg,3,healthy,256,256,4788,True,False,False,False,,c86422928965de25941a02e2525d6e0fa9f5327ba12f8840cacf370675223fd8,fe80903f6af087ca
dataset/red_spot/image_0_1437.jpg,5,red_spot,256,256,5175,True,False,False,False,,72f24fb7a30d5ac0dd38406a6b7e160594131cebaa384edbea4b93a5e1e85d9f,af97c0683d1742d9
dataset/brown_blight/image_0_8162.jpg,1,brown_blight,256,256,5074,True,False,False,False,,b81d855fc09e7e6b4b693bf15eec91c4a3a9f5181889f7cc7ed2292e5b1d6f7e,e5d69a799c6130c6
dataset/red_spot/20211227_161924.jpg,5,red_spot,256,256,3593,True,False,False,False,,8535446881d78726d6f3589aadf60dfb1b87328c793f3ca37469a459ffb61fcf,e58c98336d9c9366
dataset/algal_spot/image_0_3571.jpg,0,algal_spot,256,256,5409,True,False,False,False,,dc5153c4eb176fa729957eda8e03146d75da97d20d9b445df9247b57c9f2526c,abc0943f6bd0858f
dataset/healthy/20220101_092920.jpg,3,healthy,256,256,5017,True,False,False,False,,ac04ed2dfde166ca52ddde3cc8d4334dc57cdb2db76a7d59c246aec40c03d226,e84697786aa5a59a
dataset/helopeltis/image_0_2707.jpg,4,helopeltis,256,256,5850,True,False,False,False,,1bfb1586c307453104bba6f29af09e9f85946dcedaf054e95506d4078745f2bc,bd9ac03d9bc86c86
dataset/red_spot/20211227_160057.jpg,5,red_spot,256,256,4908,True,False,False,False,,fbb85d452358038ea91dbf1b0ac64ffc55aea5790ab1c2c39fad4df56b576829,ef90906a3bade492
dataset/gray_blight/20211228_152931.jpg,2,gray_blight,256,256,5145,True,False,False,False,,b4aab9189437e041d1a3218ea1fb1e7bc8ae793690cf54c2c5ca0a644b96893b,ee6a81943e7ae125
dataset/red_spot/image_0_2865.jpg,5,red_spot,256,256,4368,True,False,False,False,,0b695e9ebe948357cffbdf7e4d3795271b8ce6498638d6e2f5eb86def1ae582a,e84b97b4314b5a3c
dataset/gray_blight/image_0_2125.jpg,2,gray_blight,256,256,5224,True,False,False,False,,7d532df8d52961f0f75696108ac0be339960f65a9f4401ff21006d45e242f1db,ed9ed2e13a1e2530
dataset/brown_blight/image_0_7191.jpg,1,brown_blight,256,256,4562,True,False,False,False,,79f6102546e3a746bde9b82f845d633bb7988603afe633f1a75c02aa2bd15222,e1679e983167486e
dataset/helopeltis/image_0_3876.jpg,4,helopeltis,256,256,8111,True,False,False,False,,6bf97edf1a3f1d332df833193d83628d3e3b088e3ad621157fc85d11d1413988,fa7881b5cfc1b0c8
dataset/brown_blight/image_0_5242.jpg,1,brown_blight,256,256,5550,True,False,False,False,,a0181a63620810b1a940e4646640deeffabc21182a451fd4482f5024b3aa1e8d,ea95c06a3d9ec2e8
dataset/algal_spot/image_0_1757.jpg,0,algal_spot,256,256,6126,True,False,False,False,,36a25b02a12604e27bbc2afe0d8b18cf478d9501fd33c23f4c1606693dfe542f,bfc1d03c2fc0b4a5
dataset/algal_spot/image_0_1089.jpg,0,algal_spot,256,256,5427,True,False,False,False,,ee50581af3dc822ff609b4ddeb5ef9bd74414e6072ffa6a9511f31d1adffb876,e890ce4fb56c3299
dataset/algal_spot/image_0_918.jpg,0,algal_spot,256,256,5415,True,False,False,False,,1a49d05737e4b3b1f5695136469eb2055060dcb768098adb4a614dfbc3927d69,fac297bc20c3664e
dataset/gray_blight/image_0_4282.jpg,2,gray_blight,256,256,6016,True,False,False,False,,6850e2e301c0d33bd24f82897e7b9b64530f733954c9840a36b47f173c1baf5e,fd98c2633f90904f
dataset/algal_spot/image_0_3816.jpg,0,algal_spot,256,256,5739,True,False,False,False,,eb38e94f4cf454b5b1ba2e4057d91fc2c3469af47e065677bc4a5e817494916f,bfc0d0376962469d
dataset/gray_blight/image_0_431.jpg,2,gray_blight,256,256,5326,True,False,False,False,,6d0658d9c4a34d5ae3f90d5de9d8e08edb1d75e7906568b92adaa4fef24fb74b,fcc1823e687b66c4
dataset/red_spot/image_0_2756.jpg,5,red_spot,256,256,4539,True,False,False,False,,17623f0a331261314cfb34211885691c466d9960649ac33d8a506ce36f284bff,a5cc9a3265cf9ab0
dataset/helopeltis/image_0_3315.jpg,4,helopeltis,256,256,4967,True,False,False,False,,d70c3bae71e0942b1de3b228d11e2d194efc5daa0794a9e6a95d72e2ea53095b,e5ce9231cf38c992
dataset/brown_blight/image_0_5144.jpg,1,brown_blight,256,256,5486,True,False,False,False,,44ff8e112c1e766109943378b4b154e44562c5d8349cc364585e5537f70a3302,fcc1c23c65c99a96
dataset/healthy/image_0_350.jpg,3,healthy,256,256,6008,True,False,False,False,,3c0a6159837ef05dd01f63f787e791aa9418941dbeb583204f423e9fadd08da6,e835de438d46b34a
dataset/healthy/image_0_3532.jpg,3,healthy,256,256,4957,True,False,False,False,,1e702c29bef0d90ee78832bb7705c54c605f5e7ca27184157d8697dbcd9047e5,ec81c23c6963b69e
dataset/helopeltis/image_0_2373.jpg,4,helopeltis,256,256,5963,True,False,False,False,,3b5bfd117c612fef658bca4e8d398c2789763f3b212b5bbdaf88e144d8bcbb6b,fe60812f5c3063cf
dataset/brown_blight/image_0_7224.jpg,1,brown_blight,256,256,5174,True,False,False,False,,9a6a803659d31b379481e683a5f52dc16fdad32dcca26214105922e6645e8656,fdc3903c6bc29c91
dataset/brown_blight/image_0_468.jpg,1,brown_blight,256,256,6082,True,False,False,False,,673303e253f60cbd473d6c98e123a6fe55c27107b5f206da094f2dff61031511,a9c4c07a3fc5e09e
dataset/helopeltis/image_0_3088.jpg,4,helopeltis,256,256,5042,True,False,False,False,,2ac4e579536ef5acf9761c233a0efc4a6630398f8f7c4b23dfa4261da4e3f679,ed9a922d69c29639
dataset/helopeltis/image_0_1767.jpg,4,helopeltis,256,256,4630,True,False,False,False,,a592653f63cfc97ed1cb8d8f47365d895054a4020f7209062ee9431aed400e71,ebb19c4a63b5984a
dataset/gray_blight/20211228_125415.jpg,2,gray_blight,256,256,4857,True,False,False,False,,deefff208b500c4460abf590d78433687b0094e46db6b8c869e7619d1c5c254e,eab295853a5ae1e2
dataset/brown_blight/20211226_001016.jpg,1,brown_blight,256,256,5751,True,False,False,False,,59bc80466f1b89749b77d14bdd6d157862b0836a3edff70babcb027d4bec22e4,aa6f85907a6ea5a1
dataset/brown_blight/20211228_121012.jpg,1,brown_blight,256,256,5314,True,False,False,False,,cfd3b84d31db685bc2dff14c4029f0c324334fd6c5352dbdc67ee20849c58a0e,fab281c17e5ea4b0
dataset/helopeltis/20220101_103646.jpg,4,helopeltis,256,256,5765,True,False,False,False,,7b852210ee7b15f76797fe6b3cb32cb126d58a4788ff4f31d6ad64712d86720d,fac0953e68a107de
dataset/algal_spot/image_0_3382.jpg,0,algal_spot,256,256,5838,True,False,False,False,,5e59709a6caa2627cd5b0279d9bb0c76f750a47984d7c635909848e8932cc7dc,abe09415fd32624f
dataset/helopeltis/20220101_103616.jpg,4,helopeltis,256,256,4569,True,False,False,False,,3bfb3d246b282e6ecf6c5b1c070beeaf960ef0609b837287cbc49c419cb36452,e8c7973849879cd2
dataset/gray_blight/image_0_3782.jpg,2,gray_blight,256,256,5288,True,False,False,False,,50d9f21a4060a92a65ad5d408788ada6460ea21b5e0479e647f8b3019ab64150,fac3953c42572f88
dataset/healthy/image_0_1335.jpg,3,healthy,256,256,4906,True,False,False,False,,dc14924ad11b0185fc702f0713d56b6aecdf774c9d89d48ca5e21110c37411ef,bd9ac1609e2b99cc
dataset/brown_blight/image_0_8312.jpg,1,brown_blight,256,256,7579,True,False,False,False,,f7c684e807518704149f69c41c655ad62a4fb6534b22f108dc6760840b999b7d,ebc894371ae2690f
dataset/red_spot/20211225_225308.jpg,5,red_spot,256,256,4939,True,False,False,False,,28db13ebf8b7cf9d6d353557eed45947494292d1d2cd15916259b803ce608d40,a097976b7895a54a
dataset/healthy/20220101_100831.jpg,3,healthy,256,256,5578,True,False,False,False,,283e9a4e239f4917483a9c98e4500d82b507ae88771f964bd961940893b96555,bac1853f5ee02587
dataset/healthy/20220101_101854.jpg,3,healthy,256,256,5010,True,False,False,False,,1c6d3feccc24e503fb7cdfa9f74bacb63b59aa4c6056576238c089aefdb8c23d,b238c9e4ccc3ccc7
dataset/gray_blight/20211228_133918.jpg,2,gray_blight,256,256,5192,True,False,False,False,,82b23dff000ced062ba6b5c3fe5c9afce443308adeed06892760c36b0158e1d9,ea91d4620be0fd9a
dataset/red_spot/20211225_225401.jpg,5,red_spot,256,256,5795,True,False,False,False,,237e11fc21cd9886dac8a7a3b29b7041626f60f5a23f033de63acd784f9ee404,a995d07b2ec1e11e
dataset/algal_spot/20211227_132303.jpg,0,algal_spot,256,256,5235,True,False,False,False,,0eb1b4d638bb04f2131afe8562078a179e43eb6fb7a20d5e56af681deb028e41,bf90c02f3ab4b1ca
dataset/gray_blight/image_0_964.jpg,2,gray_blight,256,256,4736,True,False,False,False,,84ef6b0610286407d3fdbe8518724666bc6566d098a461182d5409ce21703528,a2b99dc26a3cb643
dataset/brown_blight/image_0_5874.jpg,1,brown_blight,256,256,7140,True,False,False,False,,05a3d73a1cf759b7f06c2921aa35f449fb4eee89f7c3509b0e63e304c2c46043,ef95d0ea2d153298
dataset/brown_blight/image_0_574.jpg,1,brown_blight,256,256,5956,True,False,False,False,,ff584bfd58c3541d6105d33fdcff43140d6773e73d5aa9221afc7795557f6d50,a8b49b4bb58c6633
dataset/algal_spot/image_0_2593.jpg,0,algal_spot,256,256,4130,True,False,False,False,,c1fdc420a1ccf3cbb0fa78c032c9839d28d67871c62c877721eb57bd8d265005,f4878b3834c39e3c
dataset/red_spot/20211227_162340.jpg,5,red_spot,256,256,5009,True,False,False,False,,05f7283e768df6975175d218b06010319bd3b4cd17349929e5bfc67d0e00b25a,ffc0803f6af0858b
dataset/algal_spot/image_0_2011.jpg,0,algal_spot,256,256,4921,True,False,False,False,,1e2d1547aef53dd80b30382b283ee655c6a057f9153de571217aacd5e475407a,f8c39734606b66cc
dataset/gray_blight/20211228_135852.jpg,2,gray_blight,256,256,4930,True,False,False,False,,665cf1bdd076b26f1870b76dd4ebebbf1cce876a1e4fca55f154495f3f81ab40,abdb94246acae1a5
dataset/red_spot/20211228_123323.jpg,5,red_spot,256,256,4508,True,False,False,False,,cd18896b1d9467bdbc3a817d8f273c76c3f1e42e69fb4ff6c74258490ec2af27,fa83c53d2ee0b00f
dataset/brown_blight/image_0_9331.jpg,1,brown_blight,256,256,4632,True,False,False,False,,29037f9860ae352bbd1581e59f721e6fa5c0d7493da21935fb737ea475b71f39,bddac261349ac9e8
dataset/algal_spot/20211227_151334.jpg,0,algal_spot,256,256,5002,True,False,False,False,,16b85147e8dff7b999192855e99021d971fde9a224e2d0c1c7ddd5936613c1d7,fa91856a3aa1e19e
dataset/healthy/image_0_1473.jpg,3,healthy,256,256,5363,True,False,False,False,,cad9bc9503f259cfbaced35daa6370f1ebcacf7c8f34c35c15e2d0e15898c36b,e8cb9634c97264cb
dataset/healthy/20220101_085922.jpg,3,healthy,256,256,6978,True,False,False,False,,17d1a9b998696ec12f3725d1baee04588138c0b6bf8e30cef05c6cd549cfb1d6,ff94d04a0b353cd2
dataset/gray_blight/20211228_142027.jpg,2,gray_blight,256,256,4858,True,False,False,False,,5eb95ceb8eca4e0d70cec9fcd283e23dedb78f8a3b92deef4810d2caec802493,e8c1963ce337a499
dataset/algal_spot/image_0_3402.jpg,0,algal_spot,256,256,4991,True,False,False,False,,b37f18f599d4f9f235b3f834f1b64d2257d72fb188beed07400e20760900f90d,efc2903d69c21e9c
dataset/helopeltis/image_0_1920.jpg,4,helopeltis,256,256,5701,True,False,False,False,,5e060e73041262b68f4058dd8456fe3cbf963e05bda522721cad6f651d9f9d58,f0ce95384b36ed30
dataset/gray_blight/image_0_3037.jpg,2,gray_blight,256,256,6156,True,False,False,False,,2ddb3c865027b6a6ef2942962ab8dd4d82b0c548284069c45979bcf5f7f76f8e,a89e95691e37619a
dataset/algal_spot/20211227_113359.jpg,0,algal_spot,256,256,5018,True,False,False,False,,0651f54e2897b6ed7bc0dcf442dc0eae16e9c7014fd3b9e020e8932880b0f741,ea9095687ac7e19a
dataset/helopeltis/20220101_093613.jpg,4,helopeltis,256,256,5351,True,False,False,False,,ef903a37f615a94aa63d5e9099563eaec4ce9f9610420e9de605dfc9629d90ac,afc0c43f4af0258f
dataset/algal_spot/image_0_1547.jpg,0,algal_spot,256,256,7742,True,False,False,False,,0b20e79fab59d9aa20324e8e8c411728cda3198aa94fad6cae1b3078ec3ad931,aa62d5b50ad07d4b
dataset/healthy/20220101_091054.jpg,3,healthy,256,256,4613,True,False,False,False,,d0278da45e9740f590cb16787b296fea4e0644638d9f4308782bfa783b8fa84b,e8ca95357ac2a58d
dataset/healthy/image_0_2077.jpg,3,healthy,256,256,4904,True,False,False,False,,34787445cc683e6ff0017b58d13793214e081b5c07a96c0ceb465feb94de88a3,a9c79638cb871c5a
dataset/gray_blight/image_0_408.jpg,2,gray_blight,256,256,6292,True,False,False,False,,7ceadb75b2af3b9af8fc438705ebfa30245676afaa7611d56a0b5354451e286c,fe81904e6df38c85
dataset/helopeltis/image_0_3743.jpg,4,helopeltis,256,256,5692,True,False,False,False,,f00a401b64bfc74be751ab2dca99a3a97d21f1f967043adaa025ccb3543c4ff4,aa91d46e23bd5c43
dataset/red_spot/image_0_2152.jpg,5,red_spot,256,256,5625,True,False,False,False,,4057171a0033169d7bb7c4449e3793678628ce4b0d1709b73a12a9f968d27947,fd4b9a3461c326cc
dataset/red_spot/image_0_466.jpg,5,red_spot,256,256,5363,True,False,False,False,,137e71beb78e754252346adc90de92d7be70e4ce2bf0b4c50af25e0d2bf367eb,ea95907a0fe1f087
dataset/algal_spot/image_0_76.jpg,0,algal_spot,256,256,4906,True,False,False,False,,7918f62ed7dd8969bec09c784b81b34192832a3610a14fdbaf98801bcc44f16e,ff98d0c02a00b5ff
dataset/algal_spot/20211227_152519.jpg,0,algal_spot,256,256,4672,True,False,False,False,,a14106bf9208e73cade1f118fb58d9b6b71faf6f29bbafa5832c26d6d477c31f,f42dc3923c4d7174
dataset/brown_blight/image_0_6126.jpg,1,brown_blight,256,256,7391,True,False,False,False,,0f93914063c5ef1a643903788521cd8dfc0b2683e4d4398d08cd8e157b242d68,ffe0801f7e702187
dataset/algal_spot/20211227_154129.jpg,0,algal_spot,256,256,4511,True,False,False,False,,8ac265dd5830330e60ac46d739c7a4744b8a8019d7ef16ab51003100c2f9579b,eaa895953e6ae0a5
dataset/helopeltis/20220101_121923.jpg,4,helopeltis,256,256,5357,True,False,False,False,,9b9a06cc657db858a6b2a16731fd5fd2028af98e117b3da82c2827b8b09ddebc,f18e8b6cdc229333
dataset/healthy/image_0_3467.jpg,3,healthy,256,256,4860,True,False,False,False,,5edaa299d4094c023ec11c141c5cf13cd79abfe1a24612a4da2b27d527ce3315,fe80813f6ef0b00f
dataset/helopeltis/image_0_609.jpg,4,helopeltis,256,256,5681,True,False,False,False,,e3c3d66264c6ba0b752faa81903fb3c25a3858dde1be117722048b396ce23a2a,bac0953d684bc79c
dataset/gray_blight/20211228_134718.jpg,2,gray_blight,256,256,5380,True,False,False,False,,6902f69a13925211d6f6361abc4df8232ce2cdc7c92ef8dd073968cdea70a930,fcc0833e3ae0658f
dataset/brown_blight/image_0_8071.jpg,1,brown_blight,256,256,6583,True,False,False,False,,87fa1ba3c8807babc4ce6890563f6754cde7ffb416658b96c3141b5144820d5b,ba1785687a97a1d8
dataset/brown_blight/image_0_5354.jpg,1,brown_blight,256,256,5334,True,False,False,False,,d46f58e58e1e9db0a92bfcfb7598e232b68546d8fc4e4bc8b56a4f0bbb5d4359,eeb091c27a3da4d2
dataset/algal_spot/image_0_1073.jpg,0,algal_spot,256,256,6429,True,False,False,False,,5cfa66ddd4d52472a6b04c0de5d6ade6968a52919777989de5856199bb849710,aae8d5950a5a3f68
dataset/red_spot/20211225_224534.jpg,5,red_spot,256,256,4618,True,False,False,False,,4b0500e6f54daa4411a8c7f4ba8b50a41de04e0d9e2e9700d125f982d9fac043,a08f877a7887a55a
dataset/helopeltis/image_0_1212.jpg,4,helopeltis,256,256,4721,True,False,False,False,,96a533b729a7d60e746d793d87e37f2ff84521dfc3f5faad7661a665b050dcb2,e5c79a30654f3694
dataset/helopeltis/image_0_1965.jpg,4,helopeltis,256,256,5783,True,False,False,False,,747897839165f54ff2a038c542b411afe1b08bf6f78311b23d17ef2fc6a98859,ad96c0691f271acb
dataset/red_spot/20211227_155812.jpg,5,red_spot,256,256,6110,True,False,False,False,,5ab1f34b20756c6590e99b0292ebbe138140566c8e78ead6ed87e1dad3248867,eac0853f5ae02797
dataset/brown_blight/image_0_374.jpg,1,brown_blight,256,256,4581,True,False,False,False,,92493661c325c47017b3235e8f280f7a3a259d16ad7a87cbcd007e277c49fc8d,bc9ac3653a9ee1c0
dataset/gray_blight/20220101_115301.jpg,2,gray_blight,256,256,5443,True,False,False,False,,842646369bf142c7998080276524340a727616960cee0e80be2f8090b1945334,eda7d2943d4be024
dataset/brown_blight/image_0_3674.jpg,1,brown_blight,256,256,5637,True,False,False,False,,b8dcf8e408f4bd13186d5ffe2ccf7657fca3c89e96bbde91b003c405d4aed89d,ff95c260349e4ba1
dataset/helopeltis/20220101_100010.jpg,4,helopeltis,256,256,5783,True,False,False,False,,d6fa445631960e7fcbc1c9461bcc39b5ce2527a1b3d54e224de29dc40143e35b,f09acf4d8c669326
dataset/healthy/image_0_3278.jpg,3,healthy,256,256,5976,True,False,False,False,,60edcf7657e91ccfb6d227f00428929fa4698a1f9b70e011fe2de0ceba9148b3,e8b4964b8965b762
dataset/healthy/20220101_092031.jpg,3,healthy,256,256,5503,True,False,False,False,,687db38a5e62c97f73c441f66a69cdfffd51acfd4e10122b67f585505bd99e01,efc0953a6aa107d6
dataset/helopeltis/image_0_365.jpg,4,helopeltis,256,256,5580,True,False,False,False,,12108ef632333f5c78837452ba0f0c5b1c7ff8ad9e6852876a28eb7607a54ec2,e16e8c3133ce38c7
dataset/brown_blight/20211227_154456.jpg,1,brown_blight,256,256,5193,True,False,False,False,,0fac2fec00200d32158c68b84d9ec80df0f236b40e94fc5d9da2902800c6bf2f,e1d69a698c699c66
dataset/gray_blight/image_0_2928.jpg,2,gray_blight,256,256,5846,True,False,False,False,,50af3616338e5a86d35f0c7b301f4a487396b6d892b3cdd4b5c5d42bb7d9b146,fb94806a1fa1b8d5
dataset/helopeltis/image_0_3566.jpg,4,helopeltis,256,256,4098,True,False,False,False,,9a801bcf5c7745cff695114f65c9a012cedf420013c39a1f93b3a72a8a0b68d1,b2c7cd3066cf9930
dataset/red_spot/image_0_950.jpg,5,red_spot,256,256,5041,True,False,False,False,,735e4627fca3913a3914fb1f31f6e47a91519e8156c1a37a758019df33318055,a19d9e6561969669
dataset/algal_spot/image_0_2062.jpg,0,algal_spot,256,256,4933,True,False,False,False,,c531097bce4f44dbd45040fa6801ef7246a72ff12bafaf4a2b5f8b5055ae987a,e9cf9a30674832c7
dataset/helopeltis/image_0_2319.jpg,4,helopeltis,256,256,5252,True,False,False,False,,b4bebaf90948d5a65fce486decd46a82694a8a243c5d61c5b90cd24c61d7d7e1,b4d0c26d3cb2c3cd
dataset/healthy/20220101_090728.jpg,3,healthy,256,256,5226,True,False,False,False,,781fec2873c8dc3994cb364062e10a9eb76ca30e09d3828f50cf1d2c20de209c,ea85846a3fa1529f
dataset/gray_blight/20211228_140812.jpg,2,gray_blight,256,256,5356,True,False,False,False,,1ae644b3404cebaaed8eae43db00df877689a97aff46a7614aa9da4bc238b293,bfdac0256f523489
dataset/healthy/image_0_2789.jpg,3,healthy,256,256,4892,True,False,False,False,,f399c4d1fc13f322d7575e558edba0b3a40b84cf795b57e35517685d5d4d68ab,ea95c06a2eb5f05a
dataset/helopeltis/image_0_981.jpg,4,helopeltis,256,256,3675,True,False,False,False,,acc381beb7a144252588b2485838972c65ec3df7cc452bcad5e01e19118e7f38,e5cc9a3165c79638
dataset/red_spot/20211227_160045.jpg,5,red_spot,256,256,5302,True,False,False,False,,78186fad17d34928639d942f27d1e9ace8f25604fd3514006f1037a2cc0f1c41,bfc0c01f6fe035c4
dataset/algal_spot/image_0_514.jpg,0,algal_spot,256,256,8233,True,False,False,False,,51a60e3da5be010306aeb9998f7eb8cd72eec55040ca01228bdd51eab07938a8,afca929d91b09726
dataset/helopeltis/image_0_1848.jpg,4,helopeltis,256,256,3750,True,False,False,False,,d4c089449513879dd04af5db64caeef7922e04522cfd3cb1a3fa58ce45663249,b3d98c663399cc26
dataset/algal_spot/image_0_2259.jpg,0,algal_spot,256,256,5585,True,False,False,False,,dffc2af3dcd26695e25b10b344c9b2026d09c0d56512e59db7376c6894e48580,ff90c0682fb4f05a
dataset/algal_spot/20211227_135446.jpg,0,algal_spot,256,256,7164,True,False,False,False,,31736aa9df088404004392b8b791b096c99d451b46795d1cd72fa4f4685cb03e,aacad5254a3ae5c9
dataset/brown_blight/20211226_002748.jpg,1,brown_blight,256,256,4952,True,False,False,False,,7e747c0b56e4483964023f0f68a19e2c6eba30ad7d83f8b4a72ed0e38d0629c0,b26285957a7a87c5
dataset/red_spot/20211227_160451.jpg,5,red_spot,256,256,5258,True,False,False,False,,db57189befb4bb809d673284061ca5488a218ded1fa1814039a64793a369c859,fac0813d5ef0618f
dataset/helopeltis/image_0_4349.jpg,4,helopeltis,256,256,4751,True,False,False,False,,0a3e1fcd1264776195b361ae0a9bc1e1da2999ed8ca06a9d53d1f2f35c93bec7,e5129acf63303c9b
dataset/healthy/image_0_1542.jpg,3,healthy,256,256,5327,True,False,False,False,,1bd021b899b1ee247a058c3505b546305a74ad080af09c5ed73175eadf16b9ab,ae91c06a1f945acf
dataset/red_spot/20211227_160207.jpg,5,red_spot,256,256,6397,True,False,False,False,,6de1815f08e341b2522144e21b48020154c8a45b7addcaaec78bc75d62252a60,bbc0c43f1e7069c3
dataset/algal_spot/image_0_1715.jpg,0,algal_spot,256,256,6060,True,False,False,False,,60245b8d9ace58d305f48b024e6226d5c905e77a4280321eb112f359012d105f,e1cf9e30e11366cc
dataset/brown_blight/image_0_8910.jpg,1,brown_blight,256,256,6033,True,False,False,False,,bd7a3620443a9cf1748036f5c9d3083fa692441d56fc843cbea32cca0c2a4013,b8c2973d694b36c4
dataset/healthy/20220101_102933.jpg,3,healthy,256,256,4995,True,False,False,False,,37896c71d36eaf8eb6c8bfa4e29492742693e346beb2a9d7f37d1d9d8e888e5f,e84b973d6ac2258d
dataset/healthy/image_0_2333.jpg,3,healthy,256,256,4683,True,False,False,False,,b0645486ecac1a0537269ca91efa6e53a092fe8e88262957bcba5c7cbd417863,b319cf64cc66cc46
dataset/healthy/20220101_090302.jpg,3,healthy,256,256,4707,True,False,False,False,,06569ce77b95873036a70678c184cc6430c1a41f1e491ee3c090a039e0b5023f,f09bcf659c26b822
dataset/red_spot/image_0_1994.jpg,5,red_spot,256,256,5416,True,False,False,False,,eef1c88d8e1760299cf2f6db76048af8775b6784bd0da40313f8fa34ddebc9dd,b83c96c3c9cc6395
dataset/helopeltis/20211205_161114.jpg,4,helopeltis,256,256,4439,True,False,False,False,,565ce4ddaa71771d725dd17297e185d4032d8f409546099942bfe7b5b09f474f,e1ca9e3469c3963c
dataset/algal_spot/image_0_3699.jpg,0,algal_spot,256,256,4902,True,False,False,False,,5f5991983623566c56eb378632ce664d9e7dd43c640c9876a2c72af74560113e,fd86c2c02d2ff0f0
dataset/gray_blight/20220101_115334.jpg,2,gray_blight,256,256,5412,True,False,False,False,,0813dfa02b7f47b86beef1bf023080501f6241dfbb9111c695e531b750a5b4a9,fe81813e69b08f4b
dataset/brown_blight/image_0_1381.jpg,1,brown_blight,256,192,3661,True,False,False,False,,6f731559d387318e3d1df255b36b946b87944d06ddcdf7ac3e28d6d3b261038f,f2cc9933669913c6
dataset/brown_blight/image_0_4046.jpg,1,brown_blight,256,256,5893,True,False,False,False,,7b8a39bfcba40d25360a01a6d9b8f3ecb0aa99099580f5fc15b423c5d368368a,a5c6c61cd8399b63
dataset/red_spot/image_0_2833.jpg,5,red_spot,256,256,5603,True,False,False,False,,78fd6fe1c730cf78a4e87d344117721eca178fbe99a7925f00e938c84714e4f0,e8cb9635c136e459
dataset/gray_blight/image_0_705.jpg,2,gray_blight,256,256,6426,True,False,False,False,,1131fa9037b70277bc6912a27faad71f57f52ea668c8fb4219d56e25134db7a2,fec19737614246c9
dataset/red_spot/image_0_3176.jpg,5,red_spot,256,256,4928,True,False,False,False,,3c8d5903c8ffe378618b6fe057cd4bedaa2943779dcb6d0ea7721130f0590729,bb3f85c068a5273a
dataset/gray_blight/image_0_2777.jpg,2,gray_blight,256,256,5027,True,False,False,False,,b90fb4ced27ef3d6dc852131e5d2ba425330955744288babe03775b069821505,bc9ac3613617399c
dataset/gray_blight/image_0_2931.jpg,2,gray_blight,256,256,5840,True,False,False,False,,819bf0c1bda79b7474290e569b20525f3ce90164c931324d7d01caf5a9126006,eab585c07abd6530
dataset/healthy/image_0_2897.jpg,3,healthy,256,256,4639,True,False,False,False,,b61c14a47dc09b8c808fa81838f48cc16227163f57a09cb6ef0adb470c923dcb,e33294cf6238a5c7
dataset/brown_blight/image_0_6290.jpg,1,brown_blight,256,256,5142,True,False,False,False,,e50df6e8f397487317ba4bdd417e292ef8dab2f60684b6f7cd957de84776a165,ef8a94354dc83b0e
dataset/healthy/20220101_100946.jpg,3,healthy,256,256,5653,True,False,False,False,,26478c297b4a1293e804791b62817426022e704ce278b752a2b6dfd817ddaaf7,efc0943f0b706587
dataset/gray_blight/image_0_3383.jpg,2,gray_blight,256,256,5154,True,False,False,False,,627defeab605655d8d1a6a17adb2650232c78862891c75fab2314831e256dc74,e466c39e3c69c133
dataset/helopeltis/image_0_3487.jpg,4,helopeltis,256,256,5589,True,False,False,False,,d688d05539f63ab90ed7ade1aa53181e48551721da9c17414b705836652e99f8,b49ac3613c9e63c9
dataset/brown_blight/image_0_8400.jpg,1,brown_blight,256,256,5110,True,False,False,False,,011317d20f47e2857defe593c3dbe71722eca19538aba729a7f355f624a1431a,bc96c361349e6b91
dataset/brown_blight/image_0_5468.jpg,1,brown_blight,256,256,5255,True,False,False,False,,1c69fc5f4461ff140dd99185c3972c1108930578e91069bca1543d821c151020,abc0941f7ab0875e
dataset/helopeltis/image_0_3181.jpg,4,helopeltis,256,256,6144,True,False,False,False,,99ef47e2b3b83058a0f96e052f8a7517c5d8d318f596073a79f377edefad2991,ea96c0683fa5d2ca
dataset/brown_blight/image_0_9901.jpg,1,brown_blight,256,256,5215,True,False,False,False,,a31461243897304a45c7420c9b4b8c00346cec01d584c2e6ac794d89f40955b9,a41adb65319c4fc3
dataset/helopeltis/image_0_4232.jpg,4,helopeltis,256,256,4382,True,False,False,False,,fee4699d848c4fdb505e854643ed758576804dc3847566c2d1dc13046f0cc24c,e8c3973c61cb1ea4
dataset/red_spot/20211228_114659.jpg,5,red_spot,256,256,5004,True,False,False,False,,27f1fb55b821905cc202ddf7f121b81a0fb111d8ffcfae9d72ec1d49f6bc3a4f,fbb685c05b0f2478
dataset/algal_spot/image_0_751.jpg,0,algal_spot,256,256,4314,True,False,False,False,,2d47d0c1a9db1987cba35734016e528da4e53c901e5a868d71e277de4df09067,e994966b3094ce6b
dataset/brown_blight/image_0_3817.jpg,1,brown_blight,256,256,5808,True,False,False,False,,381816447628d51ead937096d2c873e4be5c4c2dba4d7c51630ef191aa56451a,ff84c0592fa4915b
dataset/healthy/image_0_578.jpg,3,healthy,256,256,4249,True,False,False,False,,2984054b75ff41ae24343553b0aeaccd6b7ec9452e0a01e3e75f1baa3f436126,e1309ecb61b47633
dataset/red_spot/image_0_3071.jpg,5,red_spot,256,256,5298,True,False,False,False,,f174d2955b14922c82ab76093eac8a6a9b06d9c4805a5ca7960b137aa89e6f7b,af96c361b46b194c
dataset/helopeltis/20220101_093935.jpg,4,helopeltis,256,256,4795,True,False,False,False,,6de9850dc8b7ced3f6a59db32aca9a0b9578b4d2391b290046678df2226ec7eb,f293ccce996c3330
dataset/healthy/20220101_103934.jpg,3,healthy,256,256,4777,True,False,False,False,,1e06ce6c08235eef4edec95c38529f70a2d87be5b4b84a6930ae13d80164d650,bf2bd0c02d2f0af4
dataset/helopeltis/image_0_4085.jpg,4,helopeltis,256,256,5213,True,False,False,False,,822a70013eea2281c564f3d8551f6540657bff6ed5da1c77f72caddb447b245a,bb95d4c00b27b5d8
dataset/red_spot/20211228_123834.jpg,5,red_spot,256,256,4292,True,False,False,False,,5f2f0ca27890f862c7cc0672bb5714129ab588a947f1cdba626b60132c203b3d,f5b4ca823d3cc2e2
dataset/red_spot/image_0_1526.jpg,5,red_spot,256,256,5057,True,False,False,False,,36560657b05618319b7bdb00d75d88d5460eabc37509991e6b04f9555d3c472b,f49acb653e9a61c0
dataset/helopeltis/image_0_1797.jpg,4,helopeltis,256,256,3687,True,False,False,False,,191c3bba62cfb32606cb5bcf264dee00c456c752e17e9010a74457fcf99103c5,e5ce9a3061cf9638
dataset/red_spot/image_0_1266.jpg,5,red_spot,256,256,5929,True,False,False,False,,5561412a55a870784b3ff4c6f41bcfddd627a64fe6effe76b9cb4dfe84f0e71a,eceac2949dd13247
dataset/algal_spot/image_0_2845.jpg,0,algal_spot,256,256,7775,True,False,False,False,,bd94850a496c51900760988746975f033d9589a3aa34b4998cd317a2bdcfad7a,eee2c0b50fda7460
dataset/helopeltis/image_0_2525.jpg,4,helopeltis,256,256,7003,True,False,False,False,,c0729c28d9095faff162c2b45dc55d33e9a39f12c53af758be5e04ccb08f9c8a,e7c990376972268d
dataset/gray_blight/image_0_3041.jpg,2,gray_blight,256,256,6230,True,False,False,False,,6c4c50d9a0d4ac09f6014509b911905dea6790e37819a618f46b3f52d64a58e0,bf60c097b4f83263
dataset/brown_blight/image_0_323.jpg,1,brown_blight,256,256,7455,True,False,False,False,,bfdc103b516d83ba399620d1c638e11056da2c0a93ff5bfbdf26d881a39cb803,aa95d56a2d85729a
dataset/healthy/image_0_2836.jpg,3,healthy,256,256,4943,True,False,False,False,,8a40d3d841e41c1022ff65d1a7b632da845e5c008e35b1c70d8eeec3ce12dfc4,eb95c0683d9762d8
dataset/helopeltis/image_0_2962.jpg,4,helopeltis,256,256,4986,True,False,False,False,,354c56d6eceb0f6ae86dce5978fdfb92327fb829b84fad4e67b713e82a96a91b,b0cf9a3065cb3e98
dataset/brown_blight/image_0_6934.jpg,1,brown_blight,256,256,6194,True,False,False,False,,70656ba370d169c41b85e4f87adbe56df38051ff69c47b81d95e28c02cefa457,f596c2693c1663d8
dataset/algal_spot/image_0_3695.jpg,0,algal_spot,256,256,5945,True,False,False,False,,80ecc8485d8f8e5282a5697b468be0648e47eb417f955d8a469daf43f6415582,ab97d4e87e172150
dataset/healthy/image_0_2939.jpg,3,healthy,256,256,4952,True,False,False,False,,a0cf674267c4893fecb09bcf47d2619699907c09c5e80894a5863a7bb0ffd435,fec0853f68c01fb8
dataset/algal_spot/image_0_2962.jpg,0,algal_spot,256,256,8074,True,False,False,False,,012e423b5c7113f4fcdc820752be262f80337dc454afddd1a26baf01bca1fb0a,ee4095bdb09227ec
dataset/red_spot/20211227_160158.jpg,5,red_spot,256,256,5538,True,False,False,False,,86a3b01b0c2f7419f8f7ed0d805c7ad3fe292b7bbf7dc90ac228acd7cb350003,bbbf84c04b1f3528
dataset/gray_blight/image_0_1187.jpg,2,gray_blight,256,256,5079,True,False,False,False,,14fff3e228951b0b74819c03c66ca2ec8c8bcd6fa266b65e77c29020f8354143,bf69c09637e06163
dataset/algal_spot/20211227_105418.jpg,0,algal_spot,256,256,4532,True,False,False,False,,a5a7180b33298237394be766464f5ecd731f6f6f362c3134e21556ccd69e53c3,fe81853a6ac1955e
dataset/brown_blight/image_0_9235.jpg,1,brown_blight,256,256,4965,True,False,False,False,,335ae53169e84987ec18581550e66dc136386cb546b310eabef791fd1f165f25,fb94c46a3f85c05a
dataset/gray_blight/image_0_1701.jpg,2,gray_blight,256,256,5066,True,False,False,False,,f6ffb0b4c218d0ad260225b3cd2c61af8c736daaab9779b7e393095d63a73f2e,b099cf668e66932c
dataset/helopeltis/image_0_3296.jpg,4,helopeltis,256,256,5033,True,False,False,False,,bd54b3261b1d26bf3eeab5c13496e0168f1118e4e10cf7b9b3c7cae19b1674a7,a5cb9e34e12c9693
dataset/helopeltis/image_0_1148.jpg,4,helopeltis,256,256,4365,True,False,False,False,,49fc65919982c3f0ee87905cbddbd26f352c3405be701a51df34484bb17f88b3,b098cf673098cce7
dataset/brown_blight/20211225_234829.jpg,1,brown_blight,256,256,5937,True,False,False,False,,a3523e90095ff9ee4d50ded1dabea3944cab73f24667c8e0cfbe76d891fa47a4,aa3095cf7a38e523
dataset/helopeltis/20220101_104004.jpg,4,helopeltis,256,256,3990,True,False,False,False,,1b2a5c0345e98000da3c2b98315a9bc7e9b2ff0522a26d5b65c188127af804a7,e59a9b65309ac761
dataset/healthy/image_0_3665.jpg,3,healthy,256,256,5390,True,False,False,False,,fdc1be9e3d38501ddd88a616503d1ad54ef7b5e949d1ff08aaa6f46245bd1569,ade1d2167cc92366
dataset/gray_blight/image_0_2782.jpg,2,gray_blight,256,256,6060,True,False,False,False,,466f6f2597ad2c57fee2442c6c64302fecde70202436a405433df054329966f0,a993856a3ab53396
dataset/algal_spot/image_0_1641.jpg,0,algal_spot,256,256,6952,True,False,False,False,,5fa19e6486f3171275d06656ac42c99d5167b02e0b3a6d3c433dc1ec3c45592d,e8c39529636e5933
dataset/gray_blight/image_0_3090.jpg,2,gray_blight,256,256,5991,True,False,False,False,,378d0a6ff1f5f6c6a64f34fd420a46eb04971cfb408d69af54890b8bbad9c2d8,aa3f95c4625a0f2d
dataset/brown_blight/image_0_7429.jpg,1,brown_blight,256,256,6568,True,False,False,False,,2877905b675ebe746be10d23a7cf05c31305db6d9c1e371478b1ff10b853341c,eec0953d60634edc
dataset/gray_blight/image_0_2932.jpg,2,gray_blight,256,256,4606,True,False,False,False,,7bb9e8b08a4aadba781b8db7ff43c51850d3c16f67c8d468c76bc6da3b652f64,be9bc1241fc36c86
dataset/brown_blight/image_0_2302.jpg,1,brown_blight,256,256,6935,True,False,False,False,,195eaaea977b8c6c9e6af5368fe947a3acd7fcd5f932f2229bd773cd892ea8e9,e8b49ec2b16c361b
dataset/algal_spot/image_0_2705.jpg,0,algal_spot,256,256,5898,True,False,False,False,,a962cb94deb2fac9303e21e1b0bff73d4831a54ee2c42d1aea04095e00bdff64,bec0912f6ab027da
dataset/algal_spot/image_0_4049.jpg,0,algal_spot,256,256,5604,True,False,False,False,,49ffe73173fe0019520f71e9274dfc2be7e3320d6a702c7ef3df8df75f92d6fe,e894c76b3c96c389
dataset/algal_spot/20211226_103627.jpg,0,algal_spot,256,256,6178,True,False,False,False,,a2bab4c055be99c1cd416eaf01947d78295eb7edf1e921d5f22913121b83d6d1,ef91d06a2bb534c2
dataset/red_spot/image_0_985.jpg,5,red_spot,256,256,5368,True,False,False,False,,782dd7a79e54304c7e3be64e69ba8b9cb31ad5106c8f1a54ee106d77a41387de,ed9cd261299ce4e1
dataset/algal_spot/20211227_140359.jpg,0,algal_spot,256,256,5727,True,False,False,False,,8715aac740584238da8e2b8ddb20184cc808dd53f9f31741323c007bcbc897bc,fb82843e6a91b1ce
dataset/brown_blight/image_0_5026.jpg,1,brown_blight,256,256,5329,True,False,False,False,,b07140d4f733d8bebc705bbaad0613584e5b9c5c93773f2280917a5ddd418bdf,eb6a849d3cc2522f
dataset/algal_spot/image_0_1322.jpg,0,algal_spot,256,256,5366,True,False,False,False,,de65729d38656307d642369e3e966f40d14c7692e8892b233b60100b2a1c94ff,abd1946a3bc1e11e
dataset/algal_spot/20211227_130021.jpg,0,algal_spot,256,256,4677,True,False,False,False,,877fc1c35cb143ec16572d7dcd7d54aa2edc734d610fa090fc87303b4b38bef0,f82b85787a85a15e
dataset/gray_blight/image_0_4263.jpg,2,gray_blight,256,256,6013,True,False,False,False,,a0a1f0edc79f4cdf0923b98d18163f1cceeec8c6eda0274eb6f31200427b7522,ad9ac3699466323e
dataset/red_spot/image_0_2797.jpg,5,red_spot,256,256,5452,True,False,False,False,,3fb70d7f5df0184dab44baf6722315d53c29e088d2ba8f018fad11d10d645f79,bf97c0683c976298
dataset/algal_spot/20211226_102517.jpg,0,algal_spot,256,256,4604,True,False,False,False,,0e2f56e2a643465f9919d34f82f13bf59c4859a2c42c9d14a41999709b66896d,fe80802f6be0b4cf
dataset/red_spot/image_0_1415.jpg,5,red_spot,256,256,5269,True,False,False,False,,592ff8b659bb7d2d481cd8f222f5a2b6c054a8dca8846c4902241f6ed6005fe8,efc8c0973d487227
dataset/gray_blight/image_0_3578.jpg,2,gray_blight,256,256,7561,True,False,False,False,,a0245c96ab8b0348e9bed4b4a006947578efdfe063ed5a7dbea4639502f4a8d7,fec0812f5a7260eb
dataset/brown_blight/image_0_9924.jpg,1,brown_blight,256,256,4083,True,False,False,False,,17bdd48688c209963f3f3e09ad02ebe37cc8d67c64c98f6b251055d335743ceb,b019cf663399cc66
dataset/healthy/20220101_102507.jpg,3,healthy,256,256,5349,True,False,False,False,,b0ac8be72bf0c9267a041558d407c518cee7bb956970f7bbbb3fdcf3c6180a79,a5cc9ab89933c933
dataset/healthy/20220101_101844.jpg,3,healthy,256,256,5222,True,False,False,False,,30f7e3e16f5a0b36d6e38043a81bb880c4f7b871d72ae04e6819073d8f20f19b,abc8943f6ac0a58f
dataset/red_spot/20211225_232111.jpg,5,red_spot,256,256,5823,True,False,False,False,,42b172167a1958ec5b3bc56fff33f0ecda1b7f50c5504def818cb20ab3fed99e,ae85917a1ea5e45a
dataset/healthy/image_0_2868.jpg,3,healthy,256,256,4487,True,False,False,False,,75b21db5bb8d547c6693d19d5e4f78d9cb2d0496ec2d523c03fb582378e02af0,e69b9a49996d9921
dataset/helopeltis/image_0_2030.jpg,4,helopeltis,256,256,6803,True,False,False,False,,6d4c65cd6743450db724758a57e15b8c5de4558cf50424f3f6ec9a29974b926a,af94c06f3de092c9
dataset/red_spot/image_0_1230.jpg,5,red_spot,256,256,5814,True,False,False,False,,39a3437e9fb99bddf07309201183645b563a5591764a79a45626a9ad00d49b66,a8c797386ac3a59c
dataset/healthy/image_0_2743.jpg,3,healthy,256,256,5955,True,False,False,False,,ccc233783cb8172b76bede72e444e4e9eee9331f8abcc5b47a5697cc7eeaaf85,ea31956f5e846817
dataset/algal_spot/image_0_3667.jpg,0,algal_spot,256,256,5159,True,False,False,False,,17dd0f612cd0adca71854dfee84c1587510395bf93fb9299d3efb5f828d3cd51,ba91c56e3e91c04f
dataset/brown_blight/20211228_125609.jpg,1,brown_blight,256,256,5019,True,False,False,False,,117fb97b3bc08ee36bc7aeaf76e09ad78c7225f8d4f8cbced5568ea58e7c6037,fe81c11e3ee1d11a
dataset/red_spot/20211228_115756.jpg,5,red_spot,256,256,4401,True,False,False,False,,ee70e04fc1cbdd3993d908b57d273855b4066e46c3e508bab7266e55813be7ee,fec1913e3ac0a50f
dataset/helopeltis/image_0_2120.jpg,4,helopeltis,256,256,4551,True,False,False,False,,5679b1df678656231c61d323d90e7d383e85a85e69927815db03ec6da679ff4e,b346cc3966cc33c6
dataset/helopeltis/20220101_104206.jpg,4,helopeltis,256,256,5270,True,False,False,False,,de4d23b3977753f496262cd96fdc6a306047a3a36b11a8ece353310777f45515,e6ad98f298239933
dataset/healthy/20220101_120223.jpg,3,healthy,256,256,6000,True,False,False,False,,d7ba1e742cbeee02da29208d5d075521d4f63b22485e942717ea09e695c1fbeb,ee80911f5ae82dc7
dataset/gray_blight/20220101_120747.jpg,2,gray_blight,256,256,5136,True,False,False,False,,5ad09f7a467eecfd20290bf100fd2ea70eadbcf58841547cb2409183e44b848e,ff80c02b0ef4f0cb
dataset/brown_blight/image_0_4245.jpg,1,brown_blight,256,256,4956,True,False,False,False,,5565632861ddb220ce8b6d0e30bf37b67434b655a587d629161f4e9fca94ecb5,f0cf8f3064cf9234
dataset/helopeltis/image_0_3019.jpg,4,helopeltis,256,256,4739,True,False,False,False,,fc43ff615a221e2174a4a64b07cad4e25aab90651bac389d2fb5560d62a0887d,b2c0c91f36e09b9e
dataset/gray_blight/image_0_1358.jpg,2,gray_blight,256,256,5131,True,False,False,False,,0798412340a9cab0ec9d7f6e22713e782bed93459f991f9e2d72639cb88a37e8,b8c2973c68e39798
dataset/algal_spot/image_0_1868.jpg,0,algal_spot,256,256,6750,True,False,False,False,,c765ef79a4577139facaa561c58b88303212480cb1bd433b0fbbbfeab52b0723,eac2953d6ad0658b
dataset/helopeltis/image_0_2649.jpg,4,helopeltis,256,256,5313,True,False,False,False,,3a3270b9bb222ac2f725f00e7299e0f1ea0cb85e74ac6f93d21b111ec9105400,b6c0c91f72646dcc
dataset/brown_blight/20211226_002423.jpg,1,brown_blight,256,256,4426,True,False,False,False,,9ffa847fc9b3b3adac6d1f95a0642ad4e732b60ec207bc49055715e034e3370d,b2a5c14a3eb5c34b
dataset/brown_blight/image_0_2521.jpg,1,brown_blight,256,256,5838,True,False,False,False,,3e4bca6676f2ad1d084a54df8fe7bd7cbd02b70da5c111bd17ddd75c9902ff3e,f9c58a3861c73ec4
dataset/helopeltis/image_0_501.jpg,4,helopeltis,256,256,5250,True,False,False,False,,7cde7c1d17672f50746f3499dceb57b0e4e825f5ac1cf056d8c199f88eab07e3,ade1d21e6de12784
dataset/helopeltis/image_0_1384.jpg,4,helopeltis,256,256,5238,True,False,False,False,,9e1a11cd85b0a327d0e669e17905ef8d372fc5686545f98223ad01ba90780cd8,b39898c7cd31cc66
dataset/gray_blight/20211228_133228.jpg,2,gray_blight,256,256,4879,True,False,False,False,,dd4f298c421282212f4c1e8cb6d2b7de37efffc80dadb5696be4ccba48789556,efc8903b6ac4b51a
dataset/healthy/image_0_1181.jpg,3,healthy,256,256,4224,True,False,False,False,,0fb0164c548e1e1774681e08552ee750c551765cddcd33ac42d4f8fb3ebb9d2e,e1d09e6b3194c74b
dataset/gray_blight/20220101_121035.jpg,2,gray_blight,256,256,5700,True,False,False,False,,9708da2e51cf3051dcc46d12c60c75eb4470615744ff77454fb548776beaa3a0,ef80d03b2fe4a4c3
dataset/red_spot/image_0_1194.jpg,5,red_spot,256,256,6261,True,False,False,False,,84402b4a33ebc0861030ec38ef07eede7d739f130ed464ebc722e36a14b2b8da,fec0953f4870658b
dataset/brown_blight/image_0_9684.jpg,1,brown_blight,256,256,5152,True,False,False,False,,091faa335e0a9032c0c246b7d921f4b202e454116b2ba78bfb4396bdc4c6e4ef,aee0d19d2a62e5a5
dataset/red_spot/image_0_2107.jpg,5,red_spot,256,256,4928,True,False,False,False,,e7b175db6b28cf5e218d5f6c3773a101ec67ce3f98e1512899aae0722841864e,be78c1c72eca3035
dataset/brown_blight/image_0_3448.jpg,1,brown_blight,256,256,4850,True,False,False,False,,661d665639380e5bd739c42a1ed5d916bd590bcfa29761dace7a4637860288b3,a192984f67317a9b
dataset/gray_blight/image_0_3628.jpg,2,gray_blight,256,256,5612,True,False,False,False,,c5d1a296d3d8844eb6b73a349706dc7aa67ca7bb30fe2cc13a70dff513870dbd,ea3d95c2683d2732
dataset/helopeltis/image_0_653.jpg,4,helopeltis,256,256,4193,True,False,False,False,,75117e5da00105f711fd352ad014cff523229bd023d25ce81b6e21a1d1e74458,e7b298cc653398cc
dataset/brown_blight/image_0_1464.jpg,1,brown_blight,256,256,5737,True,False,False,False,,ac8a5728ab554fff2406b03ce1d3c5702c65476ba764f2c9265f58dc243b3450,aec0911f6ee0b50f
dataset/helopeltis/image_0_3536.jpg,4,helopeltis,256,256,5318,True,False,False,False,,6132e5db39f68c2bc2ac846df24139403b8723cf209d469ec790b419262a9e9a,f3998e4c8c663333
dataset/gray_blight/image_0_3916.jpg,2,gray_blight,256,256,4567,True,False,False,False,,9adde10cae50c2a72be0968317a09f052a168c74cd580546ef490b83c7e789bf,adc3973c614b0ecc
dataset/gray_blight/image_0_3302.jpg,2,gray_blight,256,256,5953,True,False,False,False,,2b5769f989c75d6e6f7080be225145803ecf4045e0a364cb1644e3aaa704d2c1,eaca9734e1334e49
dataset/healthy/20220101_090823.jpg,3,healthy,256,256,5052,True,False,False,False,,3cf638e4926a332ab5300dbe3759055b92ec636196bf0b3fc8b9b1333831f06f,eac0953e7ae1258e
dataset/healthy/image_0_720.jpg,3,healthy,256,256,4687,True,False,False,False,,b2bd8575692611f199911ff36cba777f42c8b14a1453af2400cb8f04da441108,eaca953d69c21e8c
dataset/gray_blight/image_0_4041.jpg,2,gray_blight,256,256,5690,True,False,False,False,,ea4bdff6af6f910115d22b3cd0170e549a0507783a3bbd2148be891a7b891eff,fcc9cb36b491264c
dataset/algal_spot/image_0_2520.jpg,0,algal_spot,256,256,5659,True,False,False,False,,4fd098114e255b02503395e307d0c67e02f57bec1557b1b803dab4b64a5e9c77,be95c0682fa5709e
dataset/helopeltis/20220101_121844.jpg,4,helopeltis,256,256,4089,True,False,False,False,,a53b02e4a39938867f63ff1b785d84b30fad924816decd595f39371c499f0572,fd82c23dc2c03de3
dataset/gray_blight/image_0_488.jpg,2,gray_blight,256,256,5586,True,False,False,False,,4f178a3e954cd5395f863d512d2b751059adbcf31d4c5cd8d4c4aeba47ea08be,bd9fc360341f2398
dataset/healthy/image_0_1178.jpg,3,healthy,256,256,5144,True,False,False,False,,4d7068a57f28c0d7eac6b06ef54311e199ff32f4007033257bc772ce6f7c23e7,e7939c4d986ccc46
dataset/healthy/image_0_690.jpg,3,healthy,256,256,5089,True,False,False,False,,c68478dad6c047a0c56fd4a83338ef16db4e487c43d3a2ce1482ef1fed41afb4,efbd90c26835171a
dataset/algal_spot/20211227_132136.jpg,0,algal_spot,256,256,4207,True,False,False,False,,9bec4db3bd00800b3e0b7325f5224014badc052cc7b72dcf99062690903cdec4,bdc2c03d6fd0340f
dataset/healthy/image_0_3115.jpg,3,healthy,256,256,5176,True,False,False,False,,fd1923a2304ec4c28e40f72c548e32e7cbfcac9418029dc969b8e6bab85f70d5,af69c0963de97822
dataset/red_spot/20211205_154858.jpg,5,red_spot,256,256,4723,True,False,False,False,,0a07f4a048abdb2114c212f827c79e359e440602980b96fa8c4a1207c0d2d6c1,e994966a68a5a71e
dataset/helopeltis/image_0_3749.jpg,4,helopeltis,256,256,4829,True,False,False,False,,6ea48a45b8032fe3ba2927ad29c350645533d66ef34a55581410e5577df042d8,b894c36b2db4f24a
dataset/helopeltis/image_0_2179.jpg,4,helopeltis,256,256,5104,True,False,False,False,,8b6ee7ceefc551f7359940adeb0f9e42d409b09034f97ce6115eedaed6272d23,ea359c4a316d3693
dataset/brown_blight/20211227_164336.jpg,1,brown_blight,256,256,4638,True,False,False,False,,6a8940b9181989714fb2e970df96afa6d86607f54ef455dbc35eacf5e17939d7,e5879a3961c61e99
dataset/algal_spot/image_0_244.jpg,0,algal_spot,256,256,6250,True,False,False,False,,111546df9afb4cab931523d6e5fc20328d275617014b30503aa589af7be09615,edcdda3624c1274c
dataset/healthy/20220101_101649.jpg,3,healthy,256,256,5741,True,False,False,False,,1d97eb39ed81013bd8f8a81456f0099fd675c17abc7644a00de3d5591df0961b,b4c78b1e9931c333
dataset/gray_blight/image_0_1216.jpg,2,gray_blight,256,256,5452,True,False,False,False,,e5ecbaca3a8c8fdf05db24d180d609c4f5d3092b96ed782ed953c10d015beeb5,bb9ec060361b2d9e
dataset/helopeltis/image_0_579.jpg,4,helopeltis,256,256,5176,True,False,False,False,,ee6db3073ed6c58c9a1e4d475e43fdfc9610453c3dafadc23609ed3563342299,bfc3c0360799eec0
dataset/helopeltis/20220101_105344.jpg,4,helopeltis,256,256,5433,True,False,False,False,,6cc7b698150473c8db49e88c399b0124db0485119bbd66e855d4131aa5f7ba6f,e532984cb665b273
dataset/gray_blight/image_0_1431.jpg,2,gray_blight,256,256,5394,True,False,False,False,,f9339e384036728a835132059d03c47ba7acd7e9d1dde9c86a46bd7639715acc,efc0903e6fa0a45e
dataset/gray_blight/image_0_2380.jpg,2,gray_blight,256,256,5524,True,False,False,False,,e6ee5e895802d220f2ed06d67721e3dccff5b0bf7574937498153a14ec164d47,fe9cc2603c1e3399
dataset/helopeltis/20220101_095720.jpg,4,helopeltis,256,256,4714,True,False,False,False,,f55f94bf31441f04be708a470d4ef025eba40af09c48f6cf973cba4456d412eb,eac2953d6ac2a59c
dataset/healthy/image_0_524.jpg,3,healthy,256,256,5151,True,False,False,False,,6314a8dd15d6fee6af51a0d8568d7afa8bba9aeb2b29258e5016be55c7c6dd70,af95d04a2f3570d2
dataset/gray_blight/image_0_842.jpg,2,gray_blight,256,256,4553,True,False,False,False,,372cdef16337c4e2b1459d4e750c710a10e163a04865d817cf06e6a3f80b7138,e1c996b078c3c73c
dataset/brown_blight/20211226_003136.jpg,1,brown_blight,256,256,4724,True,False,False,False,,1f71abb9cb393bf3a4db916b5938aebe1d2d83ed845d18e0d3baa2519fe503a7,ace1970e68a19f5a
dataset/helopeltis/image_0_3220.jpg,4,helopeltis,256,256,5674,True,False,False,False,,16f7688063b6e49ca0d6f6d324ac6ee50f4ecaa51635b6b459b9a8c3401e9c8f,b41acf65d8263339
dataset/red_spot/image_0_2438.jpg,5,red_spot,256,256,5110,True,False,False,False,,ff7104f62a10215570d84c6b01fd2193b6dd27b0a03926d8f34096309eca0c31,af95d06a2d35329a
dataset/brown_blight/image_0_1712.jpg,1,brown_blight,256,256,5004,True,False,False,False,,74805bab377ccdc50a7e95acd25222a04dd3bf9af98aa94c44a9f8bf0ec84b1c,a4f2c3693c96e349
dataset/healthy/image_0_2516.jpg,3,healthy,256,256,4267,True,False,False,False,,28402c05d9d38272e86767f93595b3f9e8e4db7ba0b77792606ffbd94c9d77af,bfccc0613f90f04d
dataset/gray_blight/image_0_3940.jpg,2,gray_blight,256,256,4993,True,False,False,False,,54a27bf4ca0a8b2d827fbd2017e17950df2c677160e1e1a6a0a09f35a42a8ecb,e84f96b0614f2eb4
dataset/algal_spot/20211227_153009.jpg,0,algal_spot,256,256,5868,True,False,False,False,,c440e99f3ecd3bf76736be5a33f758f7dee28b0e6115a2aa84953d0488422353,bf2bc0940f4b4a3d
dataset/healthy/image_0_1627.jpg,3,healthy,256,256,5066,True,False,False,False,,8262b24a20437370febda91a896582bcbeb93fda16d18177397e033ea1dc133a,ae95c16a3f85d05a
dataset/algal_spot/image_0_3179.jpg,0,algal_spot,256,256,6605,True,False,False,False,,45851bea72f71eceb7ed4921953d718e87d6c1c83cceba155f0bec5498cbcb5e,aa6ad09525fa7a64
dataset/brown_blight/image_0_6928.jpg,1,brown_blight,256,256,5136,True,False,False,False,,e17ea08fea4d4ec9fb6fb4c16873484ef88b8a8ce6a1ed75093f7bd7be62afaf,fe81c11e3ce1d21e
dataset/helopeltis/image_0_1146.jpg,4,helopeltis,256,256,5349,True,False,False,False,,8b36408e3340a7cd521d1cf3b5ab0db6bd0435a830f9c3c9b1c6fd3606698fda,b465cb98b4d13366
dataset/brown_blight/20211228_125706.jpg,1,brown_blight,256,256,5053,True,False,False,False,,5929d576170ddcda2a166c8373b960376ba194375dd0a17490bd9e6d97cd924d,fa94856b3e94c10f
dataset/red_spot/20211227_161950.jpg,5,red_spot,256,256,4758,True,False,False,False,,43f5992f715014571c81caa83d21e9de0761ca99e4a8c592bf04fcad1e950263,fa80853f7ae0258f
dataset/brown_blight/image_0_8583.jpg,1,brown_blight,256,256,5174,True,False,False,False,,093828b42bb3f40123faa9307dd3fe05b8be19413d520d10ac1408e40ad55618,fdc4c03d6cc0392f
dataset/helopeltis/image_0_1325.jpg,4,helopeltis,256,256,5014,True,False,False,False,,d909062550b3198318861bb63cf8e233087d2e57c8c0e014604bcaf8027b2878,abb3d4482a37f550
dataset/helopeltis/image_0_1843.jpg,4,helopeltis,256,256,5020,True,False,False,False,,1c9bf1b194a9da1b527ef196c65f78f7c5358f757b4d9d0d1d7b0b15b368769b,bcd2cb65361b49c4
dataset/brown_blight/image_0_8027.jpg,1,brown_blight,256,256,5189,True,False,False,False,,a6c0e7279bdb3db185ef6787fa6948db13925b5ecf2787a2ef622f4c50c7bee7,b49ec3613c9643e9
dataset/helopeltis/image_0_631.jpg,4,helopeltis,256,256,5645,True,False,False,False,,ba67f0f65ed976f34d6ff637ea59cdb9d2b68c9775bdbc448c1b04d968d8c580,ab4a94b565ce6469
dataset/gray_blight/image_0_2801.jpg,2,gray_blight,256,256,5581,True,False,False,False,,de1006d4a273179afaeb46f2f981a4f0cc7a0635569e5574f76bca977ecad0ac,fd96c26134363399
dataset/gray_blight/image_0_1421.jpg,2,gray_blight,256,256,5294,True,False,False,False,,bff71ec8093f6081d62160973e87fd86fe9039c07e8802fb770917c590b0d9fe,af96c0693696699c
dataset/algal_spot/image_0_2275.jpg,0,algal_spot,256,256,4988,True,False,False,False,,70af67cbb8a2f378691f244c5f00d3cc6ef7e9a17275d615833d2341be64f044,e99496697894c7c3
dataset/gray_blight/20211227_164018.jpg,2,gray_blight,256,256,5938,True,False,False,False,,de6c01e82a917603e2f183f1772b43f41c2348417cc5d8d9fffd2c0f12276f93,faa2859f5ae03127
